Review #,Review,product,delivery,price,service,,,,
1,maayos po ang product ang tagal nga lang bago maship ung deliver naman mabilis ung pag hand over lang ni seller sa courier ang matagal inabot ng halos 2 weeks,0,1,0,0,The review mentions the product is good but the delivery took a long time because it took the seller almost 2 weeks to hand over the product to the courier.,,,
2,order received mamaya na ang full rate thank you rider,0,0,0,0,The review is just an acknowledgement that the order was received.,,,
3,make up spray lang inorder ko but yung with glitter ang dumating ayaw ko nito mas gusto ko yung walang glitter,1,0,0,0,The product does not match the customer's preferred option,,,
4,510 sira yung sa left ng black the rest ok na lahat sana kase chinicheck bago ipadala thank you,1,0,0,1,The product has defect and the reviewer wants the seller to check the product before shipping,,,
5,good quality its here na i ordered it last august 31 then i received it today sept 2 manipis sya tapos yung zipper di gaano maayos anyways thanks seller,1,1,0,0,"The review mentions good quality, quick delivery, but also points out the product's thinness and the zipper not being that good.",,,
6,item recieved fast friday lang ako nag order ngayong sunday narecieve kna agd which is mejo sira yung box pero okay nman okay nman yung item kaya lang pag nsa level 2 at 3 n sya every minute namamatay sya i ask seller to reture the item pero walang makausap,1,1,0,1,The review discusses the item received quickly but the box is damaged and product is not working properly. Seller is not responding.,,,
7,okay i like how it looks the problem is the size seems smaller than 3839,1,0,0,0,The review states that the product is small to its indicated size.,,,
8,black  grey order received edited maayos yung jogger na grey pero yung black sira pala sa gilid ang laki ng hiwa manipis lang kasi sayang maganda pa naman sana,1,0,0,0,The product grey is good but black has damage at the side.,,,
9,fast delivery but mali yung isang itemdapat apat na squarepants 3 lang dumating yung isa maroon cardigan instead of maroon squarepantsand yung bagsnice naman siya kaso lang hindi maayos ang pagkakatahiyun lang,1,0,0,0,The review mentioned delivery is fast but the items are wrong.,,,
10,ok wala nga lang pinadala na black trash bag but they replaced it with 20pcs 3d mask of the same value yung black belt na inorder ko brown color ang dumating that is why i am giving 3 stars lang,1,0,0,1,The review said there is a wrong item and the seller replaced it with same amount of value and also mentioned wrong color.,,,
11,good 2 if mag oorder super liit ng size,1,0,0,0,The review mentioned that the product has a small size.,,,
12,maganda nmn ung items kaso hindi nag fit maliit sya compare sa totoong size ung cup din nya maliit para sa boobs ko dalwa pa nmn na order ko dati naman nag order ako same size ksya nmn sya may allowance pa nga nngayon nmn super sikip,1,0,0,0,The review mentions that the product doesn't fit and small compare to its indicated size.,,,
13,hello po wala po ba siyang battery or nakalimutan lng ilagay sa package sayang nmn po d ko siya magamit ngayun d kompleto,1,0,0,0,The product doesn't have battery. Not complete.,,,
14,first malayo siya sa beige ive had this one before and ang layo ng color niya kasi para siyang rose pink second ang panget ng pagkakadikit nung sticker niya hindi siya magandang tignan and hindi siya nakadikit ng maayos nagbbubbles pa yung ibang sides niya and parang used siya,1,0,0,0,The review mentioned wrong color and poor quality product.,,,
15,mganda kaso maliit ang size pero ok nman sna sya sayang ang ganda p nman nya pinamigay q n lan s iba,1,0,0,0,The product is good but small in size.,,,
16,the quality is good and item shipped immediately pero hindi sya stretchable so dapat mas malaki sa size nyo ang oorderin nyo,1,1,0,0,The review mentioned that the product is good and shipped immediately but not stretchable.,,,
17,thank you padin po khit mali ang kulayang order ko ay block dumating ay lightblue as you see may picturebut oki narin god bless tou more,0,1,0,0,The review mentions that the product is wrong color.,,,
18,di masyado madikit at ung kulay ng foam bricks ngfafade naluma na yata ang binigay sa akin,1,0,0,0,The review mentioned product has poor quality and old.,,,
19,ok naman sya kaso biglang nadidisconnect tas ang hirap ibalik haha pano pa kaya pag nagstart olc baka biglang madisconnect nang madisconnect habang exams and such eh sira na keyboard ng laptop ko so imbis na macure yung sira ng laptop lalo pang nagcause ng inconvenience,1,0,0,0,"The review stated that product has a problem, it is suddenly disconnected.",,,
20,bakit naman ganun red ang ni order ko pero violet ang dumating di manlang nag chat si seller na ipapadala nya at violet di ko ni expect na ganyan darating sana sa sunod ayusin nyo po pag papadala nang di nakakadismaya salamat po,0,1,0,1,The review mentioned the product is wrong and there is no communication to seller.,,,
21,maganda okay naman yung shoes maganda naman the only problem is parihas kanan yung parang podding na apakan sa loob ng sapatos  hindi tuloy sya comfortable pag sinuot pag tinanggal naman yung podding ang tigas ng apakan mabuti nalang meron shoes anak ko na ganon ang apakan kaya yun,1,0,0,0,The review is about the product has poor quality and has the same foot pod.,,,
22,good 3 star binigay ko kasi di nasunod yung kulay na gusto ko  pero overall good naman  tip lang message muna kung d available yung desire na kulay  thank you,1,0,0,1,The product is okay but the product does not match customer's preference and there is no message or update from the seller,,,
23,okay nmn ung items makes ksoorder ko blue white dumating okay n din daily 1st order ko 1peso long sana mag tagal,1,0,0,0,The product is okay but the product does not match customer's preference,,,
24,dlawa order ko ung isa walang wire para s charger,1,0,0,0,"The product is not complete, missing the wire charger.",,,
25,matagal ang shipping ilang araw po bago dumating effectiveness naman po niya is madaling i apply pero matagal po magdry and nabubura rin po agad kapag nabasa so i wont recommend po panira lang po ng awra haha,1,1,0,0,The product has delivery issues and the product is hard to dry and not water proof.,,,
26,amoy alcohol di katulad ng naorder ko na dati sa ibang store sorry bumawi naman sa packaging,1,0,0,0,The product has a different smell.,,,
27,unlike my purchase from a different shop medyo malambot yung body ng water bottle na ito and wrong color pa yung isa na water bottle instead of blueorange greenpurple ang naship out sana icheck muna ng warehouse before shipping yung correct color variations,1,0,0,0,The product is soft body and has wrong color.,,,
28,hindi maayus ung box kahit naka buble wrap walang nakalagay na fragile plastik pa mandin ung product tapos ung remote chinese need ng extra effort sa pagtuklas ng mga nakalgay dun sana tumagal mag post ulit ako after a week about sa quality ng product sa ngayon 3star muna,1,0,0,0,The box is not good but has bubble wrap and fragile. Remote is chinese.,,,
29,edit ko comment ko ulit kac ok nmn pala siya nag download nlang ako ytkids kac ung utube nya d tlaga nagana,1,0,0,0,The product is not working.,,,
30,i ordered 2 pairs but this black one are no good looked like used because of the gasgas as you can see at the picture it could be much better if you replaced it w another color wont repeat ordering anymore thanks,1,0,0,0,The product has gasgas.,,,
31,order ko is 2 item ok nman kaso sa size bakit magkaiba yung binigay mo sa akin seller xl ung order ko pero yung isa is m,1,0,0,0,The product is good but has different sizes.,,,
32,3 star lng kasi mali ang medjas na pinadala sa akin ibang iba sa picture white bear pero orange na stripe at brown na stripe,1,0,0,0,The product is wrong.,,,
33,okay lang ang pagsulat niya pero nagkalat ang tinta sa loob ng packaging i recommend better packaging kasi hindi rin siya nasa loob ng plastic whatsoever lilinisin ko nalang,1,0,0,0,The ink is not working and there is no packaging.,,,
34,very good 3 star lang binigay ko kasi pag straight buhok ko ilang minutes lang balik ulit sa normal,1,0,0,0,The product is good but hair return to normal after minutes.,,,
35,100 okay sana i bubble wrap niyo next time para di nadadamage yung hawakan,0,0,0,1,The product has damage and needs bubble wrap.,,,
36,it works but when it came to me the packaging was tearing and one of the foot of the tripod was dislocated i had to hammer it to its original place very madamot sa bubble wrap but it can get as tall as me,1,0,0,0,The review mentioned packaging was torn and tripod foot dislocated.,,,
37,3 stars  75 maganda po yung lens at maganda po sya pang picture yung problem lang po yung box ng delivery is may sira at naipit po yung parcel ok lang kasi di naman nasira yung lens good job po sa delivery rider mabait sya na kausap,1,1,0,0,The product is good but the box is not good,,,
38,good quality i like it sakto sakin,1,0,0,0,The product has good quality.,,,
39,good okay siya sulit sa price kaso lang d ko gusto yung pagka balot d siya totally sealed plastic lang tapos box na medyo sira nice sguro pag medyo sealed tsaka parang desinte siya hehe anyways thnakyou so much  godbless,1,0,1,0,The product has packaging issue and the product is desinte.,,,
40,complete orders naman kaya lang yung dalawang slippers maliit kahit ang inorder ay 4041 na size yung isa naman same size nung isang slipper pero yung kulay black maliit pero size 36 din naman nakalagay na size,1,0,0,0,The review stated that the product has different sizes.,,,
41,ok naman syanagustuhan ko namankahit manipis syahindi kona napicturantnx seller at rider,1,0,0,0,The review mentioned product is good but thin.,,,
42,maluwag yung strap nung kanan kaya hindi ko rin mailakad ng maayos akala ko nung una deformed lang pero mas mahaba pala yung strap ng kanan kaysa kaliwa sana naman dinouble check quality ayaw ko na rin iparefund kasi naredeem ko na rin coins so di na mababalik yun,1,0,0,0,The product's strap is loose.,,,
43,20 meters po inorder ko yung isang 5meters po hindi gumagana sayang kay 3 star lang ibibigay ko,1,0,0,0,One product is not working.,,,
44,suitable nareceived ko na ang baby wipes kaya lang bakit basa pati sa loob ng bubble wrap parang napitpit ang wipes sana inaayos din,1,0,0,0,The product has some liquid inside bubble wrap.,,,
45,bilis lng niya malobat dpa yata abutin ng 2hrs pero sa packaging at delivery very good naman xa,1,1,0,0,The product is fast in low battery.,,,
46,all items are in good condition but ganon ang liliit ng sizes i ordered 38 parang dumating sakin mga 36 lang ata,1,0,0,0,The product has small size.,,,
47,maganda po kaso po my nakalagay dun sa parcel n 152 kaya nabayaran ko po ay ganyan n amount  pero po dun sa shopee ko nakalagay lang ay 125 pesos  sana po magawan ng paraan,0,0,1,0,The price is different in shopee and in person.,,,
48,may unti amoy di malaman kung mabango or hindi may unti amoy salamat seller shopee at sa nag deliver god bless to this shop,1,0,0,0,The product has smell.,,,
49,ok nman ang speaker yun lang ang mystery box  pouch walang kwenta nka plastic na mystery ba tawag doon e kita muna pag bukas same pa yung matt,1,0,0,0,The product is not good.,,,
50,order ko is 2l pero dumating 1000ml lang sana pakicheck po ung orderof all orders e2 lang po ung malibuti nlng maganda qualityhindi nga lang 2l na katulad ng asa discription and wala dn stickers,1,0,0,0,The product is good but not match its description.,,,
51,okay naman sya matt na di sya like others na nagbubuo buo then kaso di sya yung color na inorder ko,1,0,0,0,The product has different color from what the customer preferred.,,,
52,parang same lang sila tan at burnt hindi ko makita pagkakaiba parang pareparehas lang hindi ko makita pagkakaiba ng tan sa burnt same sila kulay same sila texture pero mabango naman,1,0,0,0,The product has the same color.,,,
53,please size up sa usual na size niyo maliit sa hubby ko and this is his usual size wala rin kasi measurements si seller kaya di mo alam sayang lang di magagamit,1,0,0,0,The product has small size.,,,
54,okayyyy naman nagana,1,0,0,0,The product is okay and running.,,,
55,not that ok wrong color ang isadpat prang blue green pro orange ang na receive naminpro ok nlng din,0,1,0,0,The product is wrong color.,,,
56,fair inedit ko yung comment ko kasi hindi pala stretchable yung bra ang sikip parang di ka makakahinga okay na sana eh,1,0,0,0,The product is not stretchable and too tight.,,,
57,definitely size up since their sizes run small my foot size is usually 38 so i opt to choose 3839 and its sakto lang for my feet i tried to ask the seller if i can change the size to 4041 but they said no,1,0,0,1,The size is small and cannot change the order.,,,
58,mabilis siya naedeliver pero iba ang sa ads nila iba ang sa actualyung sa ads nila katulad sa sm kaya buminli ako,0,1,0,0,The product is different from ads and has fast delivery.,,,
59,nagamit ko na kaya medyu madumi hehehe ok nman dyam worth it nman yung price nag downsize ako kaya mdyu masikip bumabangga yung paa ko sa unahan pro kng nd ako nag downsize maluwag sakin,1,0,1,0,The product is good but worth the price.,,,
60,dark brown at light brown na eye brow pencil order ko pero black at light brown dumatingdiko din magagamit ung black sayang langso far ok naman ung ibang itemssana nextime pacheck na lang bago iship para uulit pa ung buyer,0,1,0,0,The product has different color.,,,
61,good pag malakas po yung hangin nadadala po yung umbrella okay naman sya since maliit lang talaga so expected manipis wires sa loob good for sunny days only,1,0,0,0,The product has small size.,,,
62,mali yung size nya sana next time paki double check,1,0,0,0,The product is wrong size.,,,
63,kitang namn yung order ko if anong color pero yan ang dumating hahahaha sana hnd na nilagyan ng choices po if mali nmn sna inform din si buyer po para alam,0,1,0,0,The product has different color,,,
64,ok naman po ung purifier kaya lang mag damage po nung nareceive ko,1,0,0,0,The product has damage upon receiving.,,,
65,hindi sya gaanong magandaa peroo okay na ren para sa price nya,1,0,1,0,The product is not good but the price is okay.,,,
66,fit for its price ok naman xa sakto lang s presyo nya maganda ung lalagyan nya kaso hindi din xa original mabilis mag init ung ulo ng charger magnda ung extension wire kaso magaan lng ulo ng charger nya as i expected,1,0,1,0,The product is okay for its price.,,,
67,least favorite sa mga binili ko akala ko mga two inches na pagitan mula puso pero medyo maliit siya size niya pang bra lang pero okay siya,1,0,0,0,The product is small.,,,
68,low low quality plastic ang body niya natatanggal tanggal pa i hope effective ang performance niya interms of cleaning air,1,0,0,0,The product has low quality.,,,
69,diq type kc may damage pano aq mg rate ng magnda e may dmge ng,1,0,0,0,The product has damage,,,
70,may crack ung isa kaya good and bad nalang,1,0,0,0,The product has crack.,,,
71,maganda sya right color naman kaso may gasgas sya matagal bago dumating but ok lang,1,1,0,0,The product has scratch.,,,
72,okay po sya pero pag nag chacharge sya walanc color if charging and fully charged naba un lng po,1,0,0,0,There is no charging indicator.,,,
73,3star kc ndi sya kcng legit nung una kong binili ang dry nya at ndi tumatagal,1,0,0,0,The product is not as long lasting.,,,
74,narecieve ko ndin after ng matagal n paghihinay sana sulitpero salamat,0,1,0,0,Late delivery,,,
75,received item in good condition hopefully it will help talaga sana lang may translation ang remote,1,0,0,0,The product has no translation.,,,
76,maganda nman kaso maliit sa size na nakuha ko pero all goods,1,0,0,0,The product has small size.,,,
77,mabilis dumating ung order ko maayos din ang pagkabalot nya safe naman ang itemdiko pa natatry gamitinmokang matibay namanyun nga lang di nasunod yung gusto kong kulay,1,1,0,0,Has quick delivery but wrong color.,,,
78,too small  nag plus 1 pa ako sa size pero maliit pa din,1,0,0,0,The product has small size.,,,
79,could be better doesnt bend like what other buyers got got a variation where it doesnt bend matigas lang siya then medyo mahina din yung hangin i was expecting what was advertised and i didnt get it overall its an okay product still usable naman,1,0,0,0,The product doesn't work as expected and weak.,,,
80,tama naman lahat ng kulay kaso maling design yung binigay sa color blue at white masakit sa paa yung upper part ng blue at white pero yung black malambot sa paa masarap gamitin,1,0,0,0,The product has wrong design and hard to use.,,,
81,mabilis malobat in the middle of the night,1,0,0,0,The product is easy to lowbatt.,,,
82,medyo defective yung item na dumating sakin sobrang hirap buksan para ma access yung battery akala ko nung una sira na sana dino double check muna lahat ng items bago iship,1,0,0,0,The product has defect. Very hard to open.,,,
83,kala ko rechargeable kc un ang order at binayaran kobuti me freebie khit pano nakabawi sa budol,0,0,1,0,The product is high price.,,,
84,isang beses pa lang nagamit at nasira na yung white na pinili ko in good conditio nanan yung dalawang green na neck fan pero yung white wala na talaga tumutunog nga lang yung isang side dun sa green,1,0,0,0,The product is damage after one use.,,,
85,may sira na pagdating yung beige na naorder q is may crack tas madumi parang di na tatagal sana chineck man lang ng seller,1,0,0,0,The product has damage and dirty.,,,
86,excellent ok nman ung quality kaso blue ung order ko pero white ung pinadala ni seller sana man lang nag inform na walang blue at hindi kung anong color lang on hand nya yun ang pinadala,1,0,0,1,The product is wrong color and no one informed.,,,
87,ok n din s price nya paya yong water bottle compare s nabili ng kapatid kong ganitong water bottle mataba same lang naman ang taas,1,0,1,0,The product has same height to water bottle to his brother but fat and the price is okay.,,,
88,ok sana siya but kulang ang measurement sabi 10 meters long pero 6 meters lang pala almost half din ang kulang,1,0,0,0,The product has less height,,,
89,yeydumating na ung ringlight kokaya lang sobrang tagal dumating plus na dismaya lang ako kasi may crack sa gilidpero over all ok namanung lights niya very good,1,1,0,0,The product has crack and long delivery.,,,
90,sizes are for women so basically you need to add 1 or 2 addtl to the size for guys quality wise is worth naman packaging is ok the seller is not responsive,1,0,0,1,The product has small sizes and seller is not responsive.,,,
91,the i9stws is not working they did not also respond to my chat what a sad experience the mouse is working and i love the gaming mouse pad ba to,1,0,0,1,The product is not working and the seller is not responsive.,,,
92,dalawa inorder ko na matte tempered pero ung isa may gasgas pero ung casing na inorder ko okay naman worth the price dissatisfied lang ako sa isang matte tempered,1,0,1,0,The product has scratch and worth its price.,,,
93,maganda naman ang mga product kaso sira yung isang lace ng mini fan sana po nacheck muna bago ipack,1,0,0,0,The product is good but has damage.,,,
94,i order 2 but the other is wrong color  the other is just light only thanks pa rin for fast delivery,0,1,0,0,The product has wrong color and fast delivery.,,,
95,i bought 3pcs of mini portable neck fan i was dissapointed the packaging of the product wala man lang bubble wrap kusa nalng nilagay sa plastic not presentable sa pagbibigyan ko,0,0,0,0,The product has no bubble wrap.,,,
96,kapag connected na siya sometimes it gets interrupted putol2 ang isang buds matagal malowbat okay narin siya for its price,1,0,1,0,The product has interruption and the price is okay.,,,
97,sobrang nakaka disappoint lima ang order namin apat lang nakadating black mask ang order blue ang dumating pakiayos naman po sana nagbabayad naman kami ng tama,1,0,0,0,The product has different color.,,,
98,okay naman sana dahil affordable siya for a ringlight kaso napakanipis naman ng packaging nabasa siya hanggang loob at yung karton ng mismong ring light ay nalusaw na at punit punit yung sa stand,0,0,1,0,The product has affordable price but the packaging is not good.,,,
99,good quality maayos at walang damage ang wallpaper kaso 6m lang at halos 40cm lang ang lapad kaya kulang na kulang ang wallpaper paki tama naman po ng description nyo sa inyong product overall good naman sya kaya ok na din thank you pa din po,1,0,0,0,The product is good but has different description.,,,
100,sana maayos yun cut nio  yun ibang cut sa order ko panget  walang border or hnd pantay yun cut,1,0,0,0,The product has not good cut.,,,
101,ukie naman cia sana kaso yun lg madali matanggalpero ukie lgthank u seller thank u kuya rider,1,0,0,1,"Product is ok, but easily detaches. Thanks seller and rider. Mentions product and service.",,,
102,kulang yung items but quite good at may crack yung isa,1,0,0,0,"Items are lacking, but good. One item has a crack. Focuses on the product.",,,
103,the red hindi sya maroon which is my order and cream color are small compare to others thin lang yung fabric kapag sinuot kita ang foam nawawala din sa pwesto di kasi nakatahi or secured,1,0,0,0,"The colors are wrong, and the fabric is thin and not secure. Focuses on product.",,,
104,standard packaging is okay and item shipped ontime hindi ko lang nagustohan kasi mali yung size na pinadala ni seller maliit siya sakin,0,1,0,1,"Packaging and shipping are good, but the size is wrong and from the seller. Mentions delivery and service.",,,
105,may leak siya sayang again for me lang di siya kaamoy ng cloud pero mabango siya ang fresh and sweet ng amoy and mejo strong smell din matagal lang dumating parang overseas galing,1,1,0,0,"It has a leak and doesn't smell like the cloud scent.  Fresh and sweet smelling. Long delivery time, seems overseas. Mentions product and delivery.",,,
106,the product itself all goods naman,1,0,0,0,The product itself is good. Mentions product.,,,
107,walang box na deform ung item buti di na damage huhuhuhu sana paki box nmn next time pero ok lng maganda nmn pa din salamat,1,0,0,1,"No box, item deformed. Lucky it wasn't damaged. Hope for boxing next time. Product is good.  Mentions product and service.",,,
108,relaxing to the feet maganda ang ang product at relax sa paa kaya bili na kayo all goods,1,0,0,0,"Relaxing to the feet. The product is good and relaxing. Buy now, all good. Focuses on product.",,,
109,maganda naman sya ok ang texture pero sobrang nipistamaan lang very light ng kung anong bagay damage agad,1,0,0,0,"Good and okay texture, but very thin. A light touch damages it immediately. Mentions product.",,,
110,may gasgas mabilis naman yung shipping at delivery masaya na sana ako eh kaya lang iba kulay nung lanyard color blue kung white yung fan dapat white din yung lanyard malakas naman buga ng hangin,1,1,0,0,"Scratches, fast shipping and delivery, wrong color of lanyard, strong wind output. Mentions product and delivery.",,,
111,for its price okay naman sya pero iba pa rin sa iniisip kong itsura nya i mean akala ko fix yung pinakaibabaw or yung nilulusutan ng paa pero hindi pala pero okay naman hirap lang ako gamitin dahil nasasaktan akong ilakad pero maganda sya hindi ko lang super bet,1,0,1,0,"Okay for the price. Different look from expectation, and hurts to use. Mentions product and price.",,,
112,maganda ung quality kasu may crack ang ringlight at may pipit ung gilid exited pa nmn ako na matangap hays,1,0,0,0,Good quality but has a crack on the ring light and a dent on the side. Was excited to receive. Focuses on product.,,,
113,i ordered black mascara pero dumating eye liner,0,1,0,0,"Ordered black mascara, but received eyeliner. Wrong item.",,,
114,i very very like it order ako sa susunod pag may pera na,0,0,1,0,Very much liked it. Will order again if there is money. Focus on price.,,,
115,napakagaan parang exhaust fan lang sya na nilagyan ng filter im not sure if this is really effective,1,0,0,0,"Very light, like an exhaust fan with a filter. Not sure if it's effective. Focuses on product.",,,
116,di ganun ka bango pag open ko well package nmj sya but pag open ko ang dulaa nya kasi may mga oil sa labas idk f galing sa pabango pero nakasealed nmn  pero sobra as in puno ng oil  and okay nmn yung amoy for its price nya,1,0,1,0,"Not very fragrant upon opening. Well-packaged. Oily outside, okay smell for its price. Focuses on product and price.",,,
117,not good maganda ung item kaso di nag dodouble check ang seller sira sira ang pinapadala,1,0,0,1,"Not good. Item is good but the seller doesn't double-check, sending broken items. Focuses on product and service.",,,
118,this is my 2nd purchase of wall paper quality is good but wrong color yung isang order ko i ordered color light grey but color white was delivered still overall goods naman hope lang na tama na madeliver for my 3rd order cause i badly needed color light grey,1,1,0,0,"Second purchase, good quality, but wrong color. Ordered light grey but received white. Still overall goods. Hopes for correct delivery next time. Focuses on product and delivery",,,
119,ok a bit big that is doesnt serve its purpose anymore mas better kasi kung medyo masikip para naiipit tlga ang dapat ipitin,1,0,0,0,"Okay, but a bit big, doesn't serve its purpose anymore. Better if it's a bit tighter. Focuses on product.",,,
120,ayos ang product nila promise hehehe pero napaka famous ng seller hindi nagrereply sa chat reply reply din obobs wala tuloy akong mouse pad dahil kinansel niyo request ko kahit dadagdag lang ng item tsk,1,0,0,1,"Promises their product is good, but seller is very famous and doesn't reply to chat. Request was canceled despite offering to add an item. Focuses on product and service.",,,
121,sent me the wrong colorok na din kesa ma hassle pa sa pag return next time please check mabuti,0,1,0,0,Sent the wrong color. Ok rather than hassle of returning. Please check carefully next time. Shipping issue,,,
122,okay goods na manage your expectations nice yung black kasi mas makapal yung sole niya kesa sa white overall goods naman,1,0,0,0,"Okay goods, manage expectations. Black is nice because the sole is thicker than the white. Overall goods. Focuses on product.",,,
123,giving wrong item instead of m nagsend ng large without informing the buyer sana magsabi muna if ndi available yung size para mapalitan ng ibang color ndi yung magpapadala ng maling size wag pla desisyon,0,1,0,1,"Giving wrong item instead of M, sends Large without informing. Should say if the size is unavailable to be replaced with another color rather than sending the wrong size. Service and Shipping",,,
124,ok naman yung slipper what you order is what you recieved pero i suggest na mag add ng 1 size sa original mong size cause i ordered size 7 but it was smaller than my feet kaya mag add nalng kau ng size than the original size,1,0,0,0,"Okay slipper, what you order is what you received but i suggest adding 1 size to your original size cause i ordered size 7 but it was smaller than my feet. Focuses on the fit of the product",,,
125,good the product is nice its just that parang mas mahina yung wind sa isang side mabilis rin dumating and in good quality thank u seller,1,1,0,1,"Good, the product is nice, just that the wind is weaker on one side. Arrived quickly and in good quality. Thank you seller. Mentions product, delivery, and service.",,,
126,the size tama nasn deliver pero medyo maliita siya sa size kahit na 4041 size w bitin,1,1,0,0,"The size is correctly delivered, but slightly small for its size even though its a 40-41. mentions delivery.",,,
127,hndi parihas sa nasa photo walang naka lagay na name hndi xa naka box sa mga reviews tama nmn ung deliver bkit ito mali nmn dis appointed,0,1,0,0,Not the same as in the photo. No name on it and not in a box. In the reviews the delivery is correct why is this wrong im dissapointed. Focuses on Shipping.,,,
128,the product is good yun lang ang tagal bago mashiiip kasi nga preorder na re brand lang yung quality same lang sa binebenta sa iba yun lang mag aantay ka ng kulang kulang 1 month sa item mo kbye,1,1,0,0,"The product is good, just takes a long time to ship because it's pre-order and re-branded. Quality is the same as sold elsewhere, you just wait almost a month for your item. Focus on Product and Delivery.",,,
129,misleading content based on description rechargable sya it state that meron syang micro usb port and lithium battery pero wala naman anyways sana gumagana pa edit nang description paki ayos thanks mabilis lang yung delivery,1,1,0,0,Misleading content based on description rechargeable has micro usb port and lithium battery but there is none. Anyways hope it works edit description please. fast delivery,,,
130,nasunod lahat ng kulay na inorderok din ang tela pero may butas yung isang pocket ng blue jogger then sira yung handle ng isang zipper ng gray jogger minessage ko si seller pero di ngreply 2nd time buyer here pa nmn okay nung unang order ko e hayst,1,0,0,1,"Colors ordered were followed. Fabric is okay, but one pocket has a hole and one zipper handle is broken. Messaged the seller but no reply. Was a second-time buyer. Focuses on product and service.",,,
131,hi as u can see po i ordered pink earphone and a pink cutter also a flexible fan but to my disappointment mali na ang kulay hindi pa tugma sa description yung cutter hindi nag ssteady yung fan hindi nabebend yung earphone imbis na pink naging blue,1,0,0,0,"Ordered pink earphone, pink cutter and flexible fan but to my disappointment the colors are wrong cutter does not steady fan is not bendable earphone instead of pink is blue. Focuses on Product.",,,
132,good may mga dimples at gasgas yupi ang carton at manual  all working naman sya hindi lang ako nasatisfy sa packaging,1,1,0,0,Good has dimples and scratches carton and manual are crumpled. All working but not satisfied with packaging. Product and Delivery Focus.,,,
133,maganda po sana ung item kaso nga lng dumating po sakin na basag please po next time pa double wrap po ng ringlight para maiwasan po ung basag tulad po nito sa akin thank you,1,1,0,1,"Item is good but arrived broken please next time double wrap ringlight to avoid broken item thank you, Product Delivery Service",,,
134,i ordered beige and black same sizes pero ang ibinigay ni seller beige 4041 black 4243 nakakadisappoint kaya binenta ko nalang sa pinsan ko sa mas mababang presyo sa picture ay nagamit na ng pinsan ko,0,1,1,1,"I ordered beige and black same sizes but seller gave beige 40-41, black 42-43 dissapointing. Sold to cousin for lower price. Focuses on sizes/service",,,
135,pwede for 3 days before dumating yung order komaganda sana yung item kc mura kso mahina higat sa lahat nag nagloloko bagong bagong pa naman eh,1,1,1,0,"Took 3 days before the order came item is good because cheap unfortunately weak suddenly malfunctioning even though new, product delivery price",,,
136,maganda sya sobrang elegant tignan sa paa the problem is hindi sya mukhang matibay at nong dumating sa akin sobrang visible ng dirts also 1 on size kasi its better if may allowance ka at mas maganda pa siya tignan kapag hindi,1,0,0,0,"Its beautiful elegant to look at on the feet problem is it doesnt seem durable and when it arrived it was very visibly dirty also 1 on size because its better if theres allowance and its more beautiful to look at when its not,Focuses on product",,,
137,good it serves its purpose nice  the delivery guy is okay sana magtagal di masira agad napakamura niya pero maganda siya,1,1,1,1,Good it serves its purpose nice delivery guy is okay hope it lasts doesnt break easily its very cheap but it's good,,,
138,ok sana siya kaso mabilis magoverheat so tendency you need to stop cleaning and wait mo siya until gumana ulit not bad for the price and purpose what you pay is what you get,1,0,1,0,"Ok sana but it overheats quickly so there is a tendency you need to stop cleaning and wait for it until it works again. Not bad for the price and its purpose what you pay is what you get, product price",,,
139,for cement for me cguro pagcut lng dapat pantay sana para d masyado makita na hindi pantay2 but for all okay naman kahit manipis but because cguro dahil 5pesos lng tpus fast delivery tnx nman sa seller tas driver yan lng po ay may kaunti na dumi yunlng,1,1,1,1,For cement it looks as if the cut should be equal so you cant see that its not equal but for all ok even if its thin but the cost is cheap. Fast delivery thanks seller and driver there is just some dirt though,,,
140,so so quality order received earlier than expected good quality naman for its affordable price thank you at tama yung color at size mukhang madaling masira yung strap,1,1,1,0,so so quality. order received earlier than expected. good quality naman for its affordable price. thank you at tama yung color at size. mukhang madaling masira yung strap. Mentions the quality/price/delivery,,,
141,medyo old stock na ata nabgay sa akin pati ung hangin nia mahina,1,0,0,0,"I think old stock was given to me and the air is weak., Product",,,
142,maliit po yung sizes although ok naman for its price pwede na rin,1,0,1,0,"Small sizes, although ok for its price. Product and Price.",,,
143,hindi pulido workmanship the straps are exposed where they should have been firmly glued sorry seller for the rating pero kailangan ipadikit ulit sayang kasi maganda material,1,0,0,1,Not good workmanship the straps are exposed where they should have been firmly glued sorry seller for the rating. it needs to be glued again the material is good but sayang,,,
144,di sya kaamoy ng ag cloud ang daming leak nung dumating but okay naman for its price,1,1,1,0,It doesn't smell like Cloud many leak when it arrived but its okay naman for its price product delivery price,,,
145,i ordered gold silver ung dumating sadnessna excite pnmn kme sa gold n itsura nya overall ok nmn quality to seller sana magsend muna picture ng item before sending the order,1,0,0,1,I ordered gold silver arrived sadness we were excited for the gold look. Overall ok naman quality. To seller sana magsend muna picture of item before sending the order Product Service,,,
146,accurate naman i dont like the packaging kasi parang hindi protected yung product but nonetheless okay naman,1,1,0,0,Accurate I dont like the packaging seems like its not protected yung product but nonetheless okay naman. Accuracy Delivery,,,
147,need mo mag size up para sakto ang fit sa paa ako size eight equivalent sa 41 kaso maliit size ng item dalawa pa naman binili ko,1,0,0,0,Need to size up for the fit in the feet I am size eight equivalent to 41 but small size of item. Size Product,,,
148,nice received ko na order ko kylng medyo ndismaya ung anak ko kasi yung pinaorder niya is color black feather ung design pero yung dumating is gray with polar bearparang ayaw pa nga gmitin kc mukhang pmbabae dw buti naplit ko na gmitin,0,1,0,0,Nice received my order just a little disappointed my son because what he ordered is color black feather yung design but what arrived is gray with polar bear seems like he doesnt want to use it kasi mukhang pmbabae. Delivery.,,,
149,diko alam kong matutuwa ba ako ohh nid kse ang alam ko 2 sya pro 1plastic lang pala sya ang akala ko isang pouch at isang maliit na box un pala 1lang tpos mouse lang ung laman at ung lakers na prang panlatag sa center table,1,0,0,0,"I dont know if I should be happy or what I know is there is 2 but it is 1 plastic lang pala sya what I thought was a pouch and a small box but there's only 1 then a mouse lang yung laman at ung lakers na parang panlatag sa center table,Product",,,
150,amp ano bayan di sya naka seeld nang maayos tapos hindi umaandar anubayan tapos wala free charger haysstt naku ayusinn nyo pag titinda nyo very disappointed  peru kahit papaano okay nmn quality nya ok den peru pagdating di umaandar,1,0,0,1,What's this it's not sealed properly then it doesn't work then there's no free charger fix your sales very disappointed. Although the quality is okay but when it comes it doesnt work Product and Service,,,
151,45 akala ko pastel colored yung payong,1,0,0,0,4-5 I thought the umbrella was pastel colored focus Product,,,
152,sakto lang quality,1,0,0,0,Just right the quality Focus Product,,,
153,hindi ako masiyado na satisfied kase my tas2 2 pa naman order ko parehong may tastaspero ok naman ung tela tsakto lg sa price din ng seller kahit papanu ganda ng fitting nya sakin salamatgodbless po paki check nalang po please bago ei ship out kong tas2 o wala kase,1,0,1,1,Im not too satisfied because there is 2 rip I ordered both have rips but the tela is okay just right with price as well from seller somehow good fitting on me thank you godbless please paki check bago ei ship out kong rip or none kasi Product Price Service,,,
154,not so good its working well malakas naman yung hangin kaya lang ang bilis na nasira nung charging pin umuurong kagad tapos pag nilagay sa neck nag pop bigla yung cover ng charging pin kaya naccharge ko na siya oh well hopefully hindi masira kaagad,1,0,0,0,Not so good it's working well the wind is strong but it breaks easily the charging pin goes back easily then when you put it on the neck it pops suddenly the cover of the charging pin kaya naccharge ko na siya oh well hopefully it doesnt break soon,,,
155,maaga naman dumating yung items and complete items naman pero dun sa sizes especially dun sa jogger pants mali double xl inorder ko pero hindi kasing size ng double xl na expected ko then burara nag packing merong pang mga matigas na kanin na nakadikit sa damit na umamoy na,0,1,0,0,Items arrived early and were complete but with the sizes especially the jogger pants wrong double xl ordered but not the same size as the double xl I expected then sloppy packing there are some kanin left overs nakadikit sa damit,,,
156,this product is still goodang problema lang masyadong mababa ang punjasana itaas taas ng konti yung punjahahahanaloloka tuloy aqipapagawa ko nalang sa mananahi,1,0,0,0,This product is still good the problem is too short the product. Focus product,,,
157,okay naman sya goods matagal bago malowbat kase chargable naman ung case nya and ang ayoko lang is kapag inaayos ko ung earpods sa tenga ko ay napapause ung music or in other words natotouch yung earpods and ayoko nun,1,0,0,0,"okay goods it takes awhile bago malowbat cause the case is charge able and ang ayoko lang is kapag inaayos ko yung earpods sa tenga ko ay napapause ung music or in other words natotouch yung earpods and ayoko nun,Product",,,
158,good sana yung parcel mabilis yung delivery and mystery pouch ko yung pikachu pero na dissapoint ako sa quality itsura nung mouse pad kasi di na sya plat  wavy na yung item di ko sure if dahil luma or dahil natabunan ng ibang item yung parcel ko,1,1,0,0,"good sana yung parcel mabilis yung delivery and mystery pouch ko yung pikachu pero na dissapoint ako sa quality itsura nung mouse pad kasi di na sya plat  wavy na yung item di ko sure if dahil luma or dahil natabunan ng ibang item yung parcel ko, product delivery",,,
159,order complete okay naman yung packaging yun nga lang hindi sya yung iniexpect ko na moisturizing and nasira agad yung pang adjust nya pero okay naman sya given sa price nya,1,1,1,0,"order complete okay naman yung packaging yun nga lang hindi sya yung iniexpect ko na moisturizing and nasira agad yung pang adjust nya pero okay naman sya given sa price nya,Product Delivery Price",,,
160,connected sa dalawang phone ko iphone and android maganda din tunog nya hindi sabog yun nga lang madali malobat,1,0,0,0,Connected sa dalawang phone ko iphone and android maganda din tunog nya hindi sabog yun nga lang madali malobat. Focus on product.,,,
161,overall okay naman sya kaso nga lang bakit mali yung color girly tuloy masyado nakakaloka sana next time paki ayos ang pagbabalot ng order salamat po,0,1,0,1,Overall okay it's just the color is wrong. shipping service,,,
162,maganda ang material kaya lang mali size pinadala saka kahit 38 maliit padin pala,1,1,0,0,Maganda ang material kaya lang mali size pinadala saka kahit 38 maliit padin pala product delivery,,,
163,1010 basag nga lang haha some photos are not related basag yung ringlight nung dumating siguro sa pagdedeliver nabasag hindi din kase ganon kasecure yung balot kaya risk talaga,1,1,0,0,10/10 basag haha some photos are not related basag yung ringlight nung dumating siguro sa pagdedeliver nabasag hindi din kase ganon kasecure yung balot kaya risk talaga product delivery,,,
164,hindi siya nag kukulay pero mabango naman smells like candy,1,0,0,0,Hindi siya nag kukulay pero mabango naman smells like candy product,,,
165,good super like ko sya pati rin mother ko gustong gusto nya yung tumbler wish ko lng magtagal ang gamit ko thanks,1,0,0,0,good super like ko sya pati rin mother ko gustong gusto nya yung tumbler wish ko lng magtagal ang gamit ko thanks product,,,
166,good maganda naman kaso nagkalat sa white color ung red color pero ayos lang nandito naman na thank you seller  kay kuya rider,1,0,0,1,Good maganda naman kaso nagkalat sa white color ung red color pero ayos lang nandito naman na thank you seller kay kuya rider product service,,,
167,yung black inorder mo tapos blue yung dumating  hays shopeee husto na pashneya,0,1,0,0,yung black inorder mo tapos blue yung dumating hays shopeee husto na pashneya delivery,,,
168,ok naman yung gray maganda tela kaso sobrang nakakadisappoint yung white 1 star para dun napakanipis tapos parang sobrang stretched out pa you can refer to the attached pic,1,0,0,0,Ok naman yung gray maganda tela kaso sobrang nakakadisappoint yung white 1 star para dun napakanipis tapos parang sobrang stretched out pa you can refer to the attached pic product,,,
169,ok lang ang item kaso ang order ko is pouch and box kaso pinagsama sa isang pouch sana di nlng kayo ng lagay nang pouch and box sa shop kung pagsasamahin nyo lng dinwala man lng ka mystery mystery ang mystery box nyo e,1,0,0,0,ok lang ang item kaso ang order ko is pouch and box kaso pinagsama sa isang pouch sana di nlng kayo ng lagay nang pouch and box sa shop kung pagsasamahin nyo lng dinwala man lng ka mystery mystery ang mystery box nyo e product,,,
170,maganda design but poor packaging wala man lang bubble wrap and hndi mataas sensitivity ang hirap gamitin,1,1,0,0,maganda design but poor packaging wala man lang bubble wrap and hndi mataas sensitivity ang hirap gamitin product delivery,,,
171,daming gasgas ng tumbler maganda nman siya yun nga lang puro gasgas pambigay ko pa nman to sa kapatid kong bunso sana po next time patingin po muna kung ok na ok yung tumbler thank you,1,0,0,1,Daming gasgas ng tumbler maganda nman siya yun nga lang puro gasgas pambigay ko pa nman to sa kapatid kong bunso sana po next time patingin po muna kung ok na ok yung tumbler thank you Product Service,,,
172,810 ang dumi nung product and ang ingay niya any thank you parin seller,1,0,0,1,8/10 the product is dirty and noisy thank you parin seller Product Service,,,
173,super bilis malobat ordered black blue un pinaship,1,1,0,0,Super bilis malobat ordered black blue un pinaship delivery product,,,
174,complete and correct ok na sna mabilis lang xa dumating kaso manipis at saka d x magkakapareho ang lakiung kulay gray masyado malaki na mukhang maluwag ung pinakagarter sa bandang itaas,1,1,0,0,complete and correct ok na sna mabilis lang xa dumating kaso manipis at saka d x magkakapareho ang laki ung kulay gray masyado malaki na mukhang maluwag ung pinakagarter sa bandang itaas Product and Delivery,,,
175,super good quality at napakaganda pa mukhang mamahalin makapal pa ung sapatos at magaan tuwang tuwa ang baby ko kasi ang pretty raw ng shoes nya pwedeng pwede ang gift sa mga cheketing ninyo,1,0,0,0,Super good quality at napakaganda pa mukhang mamahalin makapal pa ung sapatos at magaan tuwang tuwa ang baby ko kasi ang pretty raw ng shoes nya pwedeng pwede ang gift sa mga cheketing ninyo product,,,
176,good ang order kopo ay plain lang na pink dumating may mga star na designs pero dibale na magagamit padin naman paki check nalang po yung order nextime para tamang item po yung dumadating salamat ok naman yung item makapal narin dipa namen nadidikit and di sya ganyan ka pink,1,0,0,1,good ang order kopo ay plain lang na pink dumating may mga star na designs pero dibale na magagamit padin naman paki check nalang po yung order nextime para tamang item po yung dumadating salamat ok naman yung item makapal narin dipa namen nadidikit and di sya ganyan ka pink Product Service,,,
177,tagal mgshipout ng item seller is not responsible too kahit ichat mo deadma lang,0,1,0,1,tagal mgshipout ng item seller is not responsible too kahit ichat mo deadma lang Service Delivery,,,
178,recieved item but it is incomplete kulang ng 1pack of facemask disappointed but since it is christmas di n ako ngreklamo thank you kay kuya rider mabait,1,1,0,1,recieved item but it is incomplete kulang ng 1pack of facemask disappointed but since it is christmas di n ako ngreklamo thank you kay kuya rider mabait Product Service Delivery,,,
179,1010 super loved the product highly recommended well packed pa yung item however wala akong na receive na free brush,1,1,0,0,10/10 super loved the product highly recommended well packed pa yung item however wala akong na receive na free brush Product Delivery,,,
180,okay naman po kaso baka mabilis po masira un lang po but still thankyou,1,0,0,0,Okay naman po kaso baka mabilis po masira un lang po but still thankyou.Focus Product,,,
181,working naman ang product pero less than one hour lng battery life,1,0,0,0,Working naman ang product pero less than one hour lng battery life.Focus Product,,,
182,decent parang yung mga mumurahin lang na payong hindi pulido yung pagkakatahi medyo matigas din yung pagsasara niya matibay naman yung structure decent naman yung pagblock niya sa araw,1,0,0,0,Decent parang yung mga mumurahin lang na payong hindi pulido yung pagkakatahi medyo matigas din yung pagsasara niya matibay naman yung structure decent naman yung pagblock niya sa araw Product,,,
183,dapat po talaga bawal kayo mag wrong item kasi nga po gagamitin ang design useless ang pg purchased kung mali anyway 2nd time mg order 1st 1 wrong design 2nd may isang wrong design sa 3 socks na strawberry kitty and red bettle red ball ang pinadala anyway thanks dito,0,1,0,0,Dapat po talaga bawal kayo mag wrong item kasi nga po gagamitin ang design useless ang pg purchased kung mali anyway 2nd time mg order 1st 1 wrong design 2nd may isang wrong design sa 3 socks na strawberry kitty and red bettle red ball ang pinadala anyway thanks dito Delivery,,,
184,maganda cia panapat lng sa price nia ang materials pero oks lng nmn basta nagagamit,1,0,1,0,"Maganda cia panapat lng sa price nia ang materials pero oks lng nmn basta nagagamit, product price",,,
185,4th time ko na order to sa shop nyo bakit naman worst yung binigay nyo halos di na nagamit dahil walang tape  hindi pa nagbabasa ng msg si seller hays  sayang pera  di na ko ulit order dito sa shop  nung 1st  2nd ang,1,0,1,1,4th time ko na order to sa shop nyo bakit naman worst yung binigay nyo halos di na nagamit dahil walang tape hindi pa nagbabasa ng msg si seller hays sayang pera di na ko ulit order dito sa shop nung 1st 2nd ang product price service,,,
186,not sure kasi pina order lng yan sakin so hndi po ako ang gumamit ginawa cya gift kaya wla ako maayos na review,0,0,0,0,not sure kasi pina order lng yan sakin so hndi po ako ang gumamit ginawa cya gift kaya wla ako maayos na review,,,
187,ang ganda kaso now ko lang napansin na may yupi pala please check item kasi tinanggal ko yung papel dun yun yupi na part,1,0,0,1,"Ang ganda kaso now ko lang napansin na may yupi pala please check item kasi tinanggal ko yung papel dun yun yupi na part, product service",,,
188,ok naman ganda siya kaso ang zipper niya pangit sira agad local zipper niya nang binuksan ko sira agad na putol hayyysss hindi sulit sa pera ko lugi,1,0,1,0,OK naman Ganda Siya Kaso Ang zipper niya pangit Sira agad local zipper niya Nang binuksan ko Sira agad na putol hayyyyssss Hindi sulit sa Pera ko Lugi,,,
189,not really ok ung lagayan cute pero effective sa lips hindi gaano kita naman picture kinapalan ko na paglagay hnd parn masyado nagku2lay di kagaya ng nabili ibang shop at nata2nggal din agad pero tama lang kung price niya salamat parin po,1,0,1,0,not really ok ung lagayan cute pero effective sa lips hindi gaano kita naman picture kinapalan ko na paglagay hnd parn masyado nagku2lay di kagaya ng nabili ibang shop at nata2nggal din agad pero tama lang kung price niya salamat parin po product and price,,,
190,di ko nagustuhan bukod sa di ok un size xl na un inorder ko pro prang medium lng un size nia di lng magagamit ng mister ko dhil maliit,1,0,0,0,di ko nagustuhan bukod sa di ok un size xl na un inorder ko pro prang medium lng un size nia di lng magagamit ng mister ko dhil maliit product,,,
191,the packaging outside was sealed pero once i opened may punctured ung box itself and dented ung mga sides the vacuum is working though madali syang uminit parang 10minutes lang mainit na sya you need to have it rested then use again still thank you seller,1,1,0,1,The packaging outside was sealed pero once i opened may punctured ung box itself and dented ung mga sides the vacuum is working though madali syang uminit parang 10minutes lang mainit na sya you need to have it rested then use again still thank you seller product delivery service,,,
192,hindi long lasting also hindi kaamoy ng cloud hehe,1,0,0,0,Hindi long lasting also hindi kaamoy ng cloud hehe. PRODUCT,,,
193,ok n sana kaso po maiksi ang strap nya kht s akin dq maisuot kase maiksi ang strapmaganda sana malapad ang strapnext time pakiayos nmn ang strap medjo habaan yung natural n haba ng mga strap ng brasorry po s rate ah yun lng nmn po maiksi ang strap,1,0,0,0,ok n sana kaso po maiksi ang strap nya kht s akin dq maisuot kase maiksi ang strap maganda sana malapad ang strap next time pakiayos nmn ang strap medjo habaan yung natural n haba ng mga strap ng bra sorry po s rate ah yun lng nmn po maiksi ang strap PRODUCT,,,
194,its upper partstrap is hard  sharp it hurts my toes when walking lalo na kapag malamig or basa ang paa,1,0,0,0,Its upper partstrap is hard sharp it hurts my toes when walking lalo na kapag malamig or basa ang paa PRODUCT,,,
195,mas mabango and malapit sa orig yung sweet like candy compare sa cloud diko bet yung amoy parang expired na make up kit yung bungad sakin,1,0,0,0,"Mas mabango and malapit sa orig yung sweet like candy compare sa cloud diko bet yung amoy parang expired na make up kit yung bungad sakin, Product",,,
196,thru to color satisfied ako kasi mukha nmn syang matibay kaya lng yong sinusuotan ng strap hindi kasya  see may picture nabutas nalng sya para masuot langpero order ulit ako pero sana maayos na sa next,1,0,0,0,Thru to color satisfied ako kasi mukha nmn syang matibay kaya lng yong sinusuotan ng strap hindi kasya see may picture nabutas nalng sya para masuot lang pero order ulit ako pero sana maayos na sa next Product,,,
197,cute handy makikita naman sa photo na ung wire na ginagamit for shirt tags lang ung pang connect sa frame pero sana tumagal siya,1,0,0,0,"Cute handy makikita naman sa photo na ung wire na ginagamit for shirt tags lang ung pang connect sa frame pero sana tumagal siya, PRODUCT",,,
198,wtf eto na yung mystery pouch nyo hahahaha amg panget nakakawalang gana mag order sa inyo,1,0,0,0,WTF Eto na yung mystery pouch nyo hahahaha Amg panget nakakawalang gana mag order sa inyo product,,,
199,di ko na nailagay yung right pics pasensya na binura ko kanina sa gallery baka makita ng anak ko gift ko sa christmas party nila yun matagal na nya request yan anyway bawi ako sa isang order ko na paparating na rin para sa bunso ko nman thanks seller,0,0,0,1,Di ko na nailagay yung right pics pasensya na binura ko kanina sa gallery baka makita ng anak ko gift ko sa christmas party nila yun matagal na nya request yan anyway bawi ako sa isang order ko na paparating na rin para sa bunso ko nman thanks seller SERVICE,,,
200,my lick po sya nabawasan na ung perfume madami po ang natapon,1,0,0,0,"May lick po sya nabawasan na ung perfume madami po ang natapon, product",,,
201,okay lng sya for the price,0,0,1,0,The review expresses that the product is acceptable for the price paid.,,,
202,magkaiba ng size yung natanggap ko but its okay kasi di naman halata thank you shopee,1,0,0,0,The review states that the size received was different but acceptable.,,,
203,good kaso di pantay ang size  order aku ulit sana ma satisfied na aku,1,0,0,0,The review mentions the product is good but the size is uneven and hopes for better satisfaction in the next order.,,,
204,ok ok nmn sya maliit lng pero cute hehehe thank you seller pangalawang order kona to ung isa liquid eyeliner thank you din pla kay kua rider na sya lagi naghahatid dto saamin kht ubod nang lau nitong saamin looban pa oorder ako ulit kpag ubos na salamat salamat salamat,1,0,0,1,"The review expresses overall satisfaction, mentioning it's small and cute, thanks the seller and the rider who delivers to their remote location.",,,
205,improve more yung isa di po naikot pag sa powerbank ikinabit pero umiikot po parehas kapag direct sa saksakan ng kuryente with the use of adaptoradapter salamuchall,1,0,0,0,"The review notes that one item doesn't rotate when connected to a power bank but rotates when connected directly with an adapter, suggesting a product defect.",,,
206,i ordered 4 pcs of square pantsdiff color pero so dissappointed kc iisang kulay ang dumating,0,1,0,0,"The review mentions disappointment because the ordered square pants in different colors all came in the same color, indicating delivery error.",,,
207,ok naman sya kaso di ma tighten ang screws at tsaka pag nilagay ko phone ko nabibigatan yung lamp at bumababa lang ng bigla,1,0,0,0,"The review notes that the screws cannot be tightened, and the lamp is unstable when a phone is attached, implying a product flaw.",,,
208,perfect sya sa mga small bag natin kasing laki lng ng phone may casing pa pero ma baho po siguro from factory pa sya kaya ganyan nilabhan ko na lang hopefully mawala yong mabahong amoy,1,0,0,0,"The review states that it's perfect for small bags but smells bad, possibly from the factory, implying a product issue related to manufacturing.",,,
209,okay lang ang bilis dumating 2 days lang which is good but kulang yung dumating sakin naka ka sad,0,1,0,0,"The review states the delivery was fast, which is good, but some items were missing, causing sadness.",,,
210,sad lang po sa color since white yung inorder ko but black yung dumating maayos naman ang shoes kahit yupi yung box but yun nga need ko lang talaga ang white for our party na sad lang ako,0,1,0,0,"The review expresses sadness because the wrong color was received, though the shoes were in good condition, emphasizing the importance of receiving the correct color.",,,
211,i received a wrong product but i think this will do thank you seller mabilis ko po siyang nakuha sulit po siya xoxoxo,0,1,1,1,"The review mentions receiving the wrong product but finds it acceptable, thanking the seller, notes fast delivery, and implies it's worth the price.",,,
212,salmat shoppee dumating na nice po tnx sa seller,0,1,0,1,The review expresses gratitude to Shopee and the seller for the arrival and niceness of the product.,,,
213,sabi sa isqng review na nabasa ko dito maagan daw e apaka bigat tas ang lambot pa parang jelly ace hahaha ok lang since mura salamat po,1,0,1,0,"The review contrasts the expectation based on another review with the actual product, noting it's heavy and soft like jelly ace but acceptable because it's cheap.",,,
214,you get the quality for its pricesana tumagal kahit 1 month lg hahahha size 37 aku and tama nman ang size sa paa ko puede xa pangbahay lg talaga,1,0,1,0,"The review suggests the product quality matches its price, hoping it lasts at least a month, mentions correct sizing, and suggests it's suitable for indoor use only.",,,
215,hnd ko alam ang sensitive ng adjustment touch niya tapos pag ng call ka na didisconnect siya hnd siya friendly user sabagay what do you expect nga naman s price niya,1,0,1,0,"The review notes the sensitive adjustment and disconnect issues during calls, implying the product is not user-friendly, which is expected given the price.",,,
216,nice it was okay naman for its price i guess mukha lang syang maluwag but ayos naman nung sinuot ko na the only problem is manipis siya so yung foam niya sa gilid is medj naumbok pero overall okay lang,1,0,1,0,"The review finds it okay for its price, noting it appears loose but fits fine, mentioning it's thin and the foam is slightly bulging but overall acceptable.",,,
217,manipis po hindi katulad nung pinag bilihan ko nung una na makapal nagkataon lang na may design ung first kong inorderan tulad na jogger kapag un ulit ang ini add to cart ko ito kasi plain lang,1,0,0,0,"The review notes that the product is thin compared to a previous purchase, mentioning the design aspect.",,,
218,thank you po ok naman ang product,0,0,0,0,The review expresses thanks and states the product is okay.,,,
219,electric nkalagay pero pinadala battery so far gumagana naman ewan kon magtagal,1,0,0,0,"The review mentions that an electric item was ordered but a battery-powered one was sent, and it's currently working, but unsure of its durability.",,,
220,may natapon ng onti sa packaging and also sobrang tapang pala pero ok since nagustuhan ni mama yung amoy hahahah,1,1,0,0,"The review notes some spillage in the packaging, strong scent but acceptable because the recipient liked the scent.",,,
221,maliit ang size nia nag add n ako ng 1size sumakto lang sa anak ko walang allowance dapat pala 2sizes ang add up di xa gaya nung inexpect ng anak ko na walang buto sa ilalim gaya ng nabili ni hubby sa iba sana d agad masira,1,0,0,0,"The review notes the small size, suggesting adding two sizes up, and notes a difference from what was expected, hoping it doesn't break easily.",,,
222,same quality sila ng price nya no offense pero d po sya effective yun lng,1,0,1,0,"The review suggests the quality matches the price, stating it's not effective.",,,
223,blue order ko pero black dumating okay naman ang quality,1,1,0,0,The review notes the wrong color was received but the quality is okay.,,,
224,ok for the price tama size mabilis dineliver mas mataas lang sya sa pic pero goods na din cute naman,1,1,1,0,"The review notes it's okay for the price, correct size, fast delivery, mentions it's taller than in the picture, and finds it cute.",,,
225,manipis kaya tama lang sa price nya tagal lang ng delivery pero okay naman lahat second order ko na to salamat seller at kay kuya rider,1,1,1,0,"The review notes it's thin, which is acceptable for the price, delivery was slow but everything is okay, and thanks the seller and rider.",,,
226,i tried it on and may amoy ng cloud and may amoy na nasusunog na hindi ko maintindihan anyways the delivery time is a bit long like last last week ko ata nabili and ngayon lang dumating,1,1,0,0,"The review mentions trying it on, notes a cloud scent and a burning smell that they don't understand, and the delivery time was a bit long.",,,
227,good video and photos are not related okay naman kaso namamatay siya bigla i think pag sobrang nakadikit sa tenga dahil sobrang sensitive yun earbuds tumatagal sa akin ng 2 hours below but still depends kung gaano kalakas yun volume and distance sa device,1,0,0,0,"The review notes the video and photos are unrelated, it's okay but dies suddenly, possibly due to sensitivity when too close to the ear, and the battery lasts around 2 hours depending on volume and distance.",,,
228,maliit di kasya sa baby ko same size sa isa kong nabili na shoes pero malaki size niya,1,0,0,0,"The review notes it's small and doesn't fit their baby, even though it's the same size as other shoes they bought.",,,
229,maganda naman pero yung quality feeling ko mabilis tong masisira pero all in okii pa din naman siguro di lang nameet expectation ko and di din ako fan ng mga seemless bra,1,0,0,0,"The review notes it's nice but the quality seems likely to break quickly, didn't meet their expectations, and they are not a fan of seamless bras.",,,
230,wrong size i order medium size large ang binigay,0,1,0,0,"The review states the wrong size was received, ordering a medium but receiving a large.",,,
231,i thought it was flexible ang pangit pa ng button,1,0,0,0,The review thought it was flexible but notes the button is ugly.,,,
232,looks cheap and low qual ang pangit super low quality madali mayupi bakal manipis yung mismong ginamit sa umbrella parang see through na hnd double layer unlike sa mga uv umbrella di pa natahi mga ibang bakal tinahi ko pa need pa adjust pag ibubukas pangit po low quality not,1,0,0,0,"The review says it looks cheap and low quality, easily dents, thin material, not double-layered like UV umbrellas, some metal is not sewn, and it needs adjustment when opening, stating it's poor quality.",,,
233,kulang yung items na dumating sakin but so far maganda yung products,1,1,0,0,The review states items were missing but the products are nice.,,,
234,wrong color set received whats the use of having choices kung di nyo din naman susundin sana sinabi nyo nalang na ramdom colors i ordered for set of blue shades at ung pinadala nyo ang oapangit ng kulay  iba din ang telasooo disappointed,1,1,0,0,"The review received the wrong color set, criticizing the point of having choices if they are not followed, mentioning they ordered blue shades, the colors received were ugly, and the fabric was different, expressing disappointment.",,,
235,good okay na sana pero ayos yang delivery driver ah 215 lang ung bill ko pero 250 kinaltas sa 500,0,0,0,1,"The review notes the delivery driver is good, but an incorrect amount was deducted from their money.",,,
236,mukang okay naman hindi kupa nattry kase hindi pa naman ako rumarampa,0,0,0,0,The review suggests it looks okay but hasn't tried it yet.,,,
237,good okay sakin ung onesie  bonnet at yung bunner kaso ung mga socks malalaki masyado para sa newborn sayang naman di pa maggmit ng baby ko,1,0,0,0,"The review notes the onesie, bonnet, and bunner are good, but the socks are too large for a newborn, which is a waste.",,,
238,ok naman sya kaso puro mouse pads nakuha ko kahit nung unang bili ko tpos nakabukas na pag dating sakin then duplicate pa yung isa,1,1,0,0,"The review states it's okay but they received only mouse pads even in their first purchase, and it was already opened upon arrival, with one duplicate.",,,
239,nakuwa kuna yung product kaso nga lang walang spatula at mabilis matangal yung tint nya hindi sya long lasting im so very disappointed,1,0,0,0,"The review notes they received the product but it's missing a spatula and the tint comes off quickly, not long-lasting, expressing disappointment.",,,
240,sakto lng para sa price,0,0,1,0,The review states it's just right for the price.,,,
241,tama ung kulay pro sa size mali dineliver size 36 order ku dumating size 39 kaya bnigay ku nalng sa kapatid ku di nmn kasya sakin order nalng ulit akotapos sira pa,1,1,0,0,"The review states the color is correct but the size delivered was wrong, so they gave it to their sibling, and it was also damaged.",,,
242,blackred ok naman yung shoes sakto lang sa price nya hindi kana luge maganda at comfortable sa paa,1,0,1,0,"The review notes the shoes are okay, worth the price, nice and comfortable.",,,
243,poor quality hindi gumagana yong mic ng earphone hys need panaman to sa online class anw expectation vs reality hahahahahahahahahahaahahahah,1,0,0,0,"The review notes poor quality because the earphone's mic doesn't work, needed for online class.",,,
244,thank you shopee and sellepati kay kuya rider na lagi nag deliver saminunang beses ko nag order sa shop nato ok po siya na register ko unli 30 days siyaorder ako ulit pag malapit na ma expiregodbless,0,0,0,1,"The review expresses thanks to Shopee, the seller, and the rider who always delivers, noting it's their first order and it registered for unlimited 30 days.",,,
245,ok lang naman but yung quality niya iba sya sa picture conpare sa personal akala ko kasi watery ung ba may pagka ganon pero ok lang din naman to kaya na thank you po seller,1,0,0,0,"The review states it's okay, but the quality is different from the picture, not as watery as expected, but still acceptable.",,,
246,not good may mga products naman na affordable pero maayos naman po also it takes a week bago ma deliverjt,0,1,1,0,"The review states it's not good, but some products are affordable and fine, delivery takes a week.",,,
247,manipis overall ok mejo manipis lang pag nakaupo kita pa din sagging belly,1,0,0,0,"The review notes it's thin, and it's still noticeable even when sitting, showing a sagging belly.",,,
248,ok ang item kya lng black at dark blue order ko pro parehong black ang dumating nadismaya tuloy ako at ang mr ko n magsusuot,0,1,0,0,"The review states the item is okay, but they ordered black and dark blue, and both came in black, causing disappointment.",,,
249,okay naman siya kaso ngalang ang alam ko sa sarli ko mas mabilis siya mag charge pero hindu pala okay siya pero mabagal mag charge for me at hindi rin siya nag fit ng sakto medyo naka balas yunh cord na sinaksak sa adoptor niya,1,0,0,0,"The review states it's okay, but it charges slower than expected and doesn't fit perfectly, with the cord slightly bulging when plugged into the adapter.",,,
250,ok sana mga items but mali mali ung nabigay sakin my checklist pa nman sila 1st time ko mag bigay ng 3 stars but sorry so disappointed haay,0,1,0,0,"The review says the items would have been okay, but they received the wrong ones, with a checklist available, expressing disappointment.",,,
251,di sya gaya ng dati n malamig s bibig at di din sya long lasting di din sya nakaka tanngal ng dry lips,1,0,0,0,"The review notes it's not as cooling and not long-lasting, and it doesn't remove dry lips.",,,
252,maganda naman quality kaso yung white may amoy amoy ihi ng catrat need hugasan,1,0,0,0,"The review notes the quality is nice, but the white one smells like cat urine and needs to be washed.",,,
253,great its working and great sound also but i dont like the touch pad nasa mismong hawakan and minsan natatamaan sya ng tenga ko kaya minsan kusa syang nag ooff  kala ko lowbat na pero di naman pala,1,0,0,0,"The review states it's working great with great sound, but they don't like the touch pad because it's on the handle and sometimes gets touched by their ear, causing it to turn off accidentally.",,,
254,fast delivery complete ang parts so madali siyang naassemble nalukot lang yung boxes used sa packaging another concern is hindi siya ganoon kaliwanag this means na mababa lang yung watts ng light i was expecting na it will rlly light up my room since ring light nga but sakto lang,1,1,0,0,"The review notes fast delivery and complete parts making it easy to assemble, but the boxes used for packaging were crumpled, and the light isn't as bright as expected.",,,
255,as usual not recommended sa mga sensitive ang ilong nakakasakit sa ulo tallaga nabudol lng ako dahil sa reviews hahaha anyways fast delivery naman si seller,0,1,0,0,"The review states it's not recommended for people with sensitive noses, causes headaches, but notes fast delivery by the seller.",,,
256,cute ang ganda thank you po seller kaso yung sim card hindi gumagana,1,0,0,0,"The review expresses it's cute and nice, thanking the seller, but the SIM card doesn't work.",,,
257,got it yupi ang box pero ok naman ung mismong unit the problem is hindi maintindihan kasi chinese character lahat even ung buttons and remote na try agad namin sya sa room parang walang effect paano ba makabili ng extra filter nito,1,0,0,0,"The review states the box was dented but the unit is okay, but it's hard to understand because everything is in Chinese, and it doesn't seem to have any effect, asking how to buy an extra filter.",,,
258,yung universal earphones manipis siya at yung mic ng earphones is not working,1,0,0,0,"The review states the universal earphones are thin, and the mic is not working.",,,
259,im so disappointed mascara ba talaga to,1,0,0,0,"The review expresses disappointment, questioning if it's really mascara.",,,
260,i used one of them tapos na bacon na agad yung gilid after one wash  see 3rd photo,1,0,0,0,The review notes that one of them got damaged quickly after one wash.,,,
261,sakto lang for its price,0,0,1,0,The review states it's just right for its price.,,,
262,fast low battery maganda kaso lang madaling malobat,1,1,0,0,"The review notes fast charging, low battery, and is nice but runs out of battery quickly.",,,
263,ok lng for its price na dis appoint ako sa squarepants kc dmn chinicheck ng maayos bago e ship yong dulo ng pants dpa ayos yong tabas nyakaloka,1,1,1,0,"The review states it's okay for its price, but they were disappointed with the square pants because they weren't checked properly before shipping, and the hem wasn't cut properly.",,,
264,not bad for its price pwede na pang bahay ma feel mo lang talaga na sobrang lambot at hindi pwedeng pang harabas,1,0,1,0,"The review notes it's not bad for its price, good for indoor use only, feeling very soft, and not suitable for rough use.",,,
265,order received super ganda sa personal fits me well thank you so much seller and to the shoppee rider keep safe and god bless us all,1,0,0,0,"The review states the order was received and is super nice in person, fits well, thanking the seller and rider.",,,
266,thank you kaya lang sira po yung stand eh hindi ko po maitaas kasi loose po yung screw niya kaya ginawan ko nalang ng paraan,1,0,0,0,"The review expresses thanks, but the stand is broken because the screw is loose.",,,
267,kulang ng 1 ang item number 2 spinnerq 9 lang dumating dapat 10,0,1,0,0,The review states one item is missing.,,,
268,okay naman pero di siya necessity you can use ruler or any straight objects para gamitin sya di ko type pagkakabalot ni seller kasi pag bukas ng jrs ganyan na agad buti nalang walang any dents or what,1,0,0,0,"The review states it's okay, but not a necessity, and doesn't like the packaging by the seller because it was already like that when opening JRS but luckily there were no dents.",,,
269,complete orders nmn kya lng nd nsunod un orders gstoq sna refund or return peru hinayaan q nalang kc nga abala dn haysss sna nextym mgupdate cla qng wla un order pra mpalitan kaloka dna ulit oorder sa shop na to nakakainis dq pa type un pinalit nla sa,0,1,0,0,"The review notes complete orders, but they didn't follow the orders, wanted a refund or return but didn't bother, hoping they update if an order is not available, and not liking the replacement sent.",,,
270,akala ko medyo malaki siya pero nung nilagyan ko ng water konti lang ang nailalagay im so disappointed huhuhu but yung tumbler maganda naman siyaaa,1,0,0,0,"The review thought it would be bigger, but it only holds a little water, expressing disappointment, but the tumbler is nice.",,,
271,received today it took me too long to received because of holidays i expected that it has some damage with it  pero hindi naman pla ok cya lalo ung pgkakawrap tlgang secure kasi wlang box ang inorder ko ei d ko lang matry pang itapat sa araw ngyon,0,1,0,0,"The review notes it took too long to receive due to the holidays but expected damage didn't occur, the wrapping was really secure, and they can't try it in the sun yet.",,,
272,ang bilis dumating maganda yung texture nya sticky nmn sya ang problema lng ay manipis sya kaya madaling syang masira o makita yung marka kapag nayupi o natupi  naka ilang ulit din ako yung last pic yung itsura pala ng dinikitan ko,1,1,0,0,"The review notes it arrived quickly, the texture is nice and sticky, but it's thin and easily damaged or marked when crumpled.",,,
273,separated pack pero may leak yung wipes kasi basa nung tinanggal ko ang balot as you can see marumi yung packaging paki check naman yung storage nyo for hygienic purposes,1,1,0,0,"The review states the wipes had a leak because it was wet when they removed the packaging, the packaging was dirty, and asks them to check their storage for hygienic purposes.",,,
274,mahina wala pang bubble wrap kaya durog durog ung box hindi ko tuloy alam kung okay pa ba tong item kasi mahina siya kahit naka full power na,1,1,0,0,"The review states it's weak, there was no bubble wrap so the box was crushed, and they don't know if the item is still okay since it's weak even at full power.",,,
275,2nd tym around na omorder na aq ganda kcsakto lang sa price,1,0,1,0,"The review notes it's their second time ordering, it's nice, and just right for the price.",,,
276,fake pala akala ko orig samsung bilia malowbat khit di ginagamit hindi naabot ng isang araw tapos di malabo din ung mic pag sa call di ka maiintindihan ng kausap mo,1,0,0,0,"The review notes it's fake, runs out of battery quickly even when not in use, and the mic is not clear during calls.",,,
277,just fine sakto sa price ang product do not expect super high quality for the price,1,0,1,0,"The review states it's just fine and worth the price, not expecting super high quality.",,,
278,malutong ung plastic just tried it today then nabasag kaagad dhil din cguro sa low price din,1,0,1,0,"The review states the plastic is brittle, it broke immediately, probably due to the low price.",,,
279,maganda matagal naman ang battery lagi kong ginagamit for outdoor act,1,0,0,0,"The review notes it's nice and the battery lasts long, used regularly for outdoor activities.",,,
280,akala ko ba 10meter yong wallpaper na to bakit 7meter lang parang nakakadismaya lang kasi yong nasukat mo na kung ilan kailan mopaano na yan kulang na to at saka masyadong manipis yong wallpaper na to,1,0,0,0,"The review expected 10 meters of wallpaper, but it was only 7 meters, stating it's too thin.",,,
281,super tagal ng order ko sept4 ko inorder pero sept14 kuna nareceived which is sana na before sept 11 o exactly 11 natanggap kona si rider talaga very irresponsible sa serbisyo niya,0,1,0,1,The review notes the order took too long to arrive and the rider was very irresponsible.,,,
282,kinda good po pero amoy plastic takot akong gumamit,1,0,0,0,"The review states it's kinda good, but it smells like plastic, and they are afraid to use it.",,,
283,maganda siya di hassle gamitin kaso ang ineexpect ko magtatagal siya ng ilang oras gaya nung nasa description niya pero di man lang nagtatagal ng kahit isang oras 3 hours pagcharge pero mabilis malowbat,1,0,0,0,"The review notes it's nice and not a hassle to use, but it doesn't last for hours as described, with 3 hours of charging but a quick battery drain.",,,
284,ok ok naman mali lang un isang color sana man lang nag message c sellwr if hindi available,0,1,0,0,"The review states it's okay, but the wrong color was sent, hoping the seller would have messaged if it was unavailable.",,,
285,ok naman itong isa kong inorder 39 size ko 40 41 inorder ko saktong sakto lang sakin,1,0,0,0,"The review states the other item they ordered is okay, size 39 but they ordered 40-41 and it fits perfectly.",,,
286,bakit ganun nag iba yungs scent lagi ako na order ung same scent ever pero yun an deliver today iba tlga,1,0,0,0,"The review questions why the scent is different, always ordering the same scent but the one delivered today is different.",,,
287,sira nman un pinadla niong ilaw ayaw gumana ng power supply sayang ang binayad k jn,1,0,0,0,"The review states the light they sent is broken, the power supply doesn't work, wasting their money.",,,
288,very cute i received the item wala nga lang box diretso lang sa shopee pouch gumagana naman yung left and right earphones hindi ko lang alam f nag charge ba o hindi kasi hindi umiilaw yung lalagyan sana hindi sira to,1,0,0,0,"The review says it's very cute, they received the item without a box, the earphones work, but they don't know if it charges because the case doesn't light up, hoping it's not broken.",,,
289,nakadalawang bili na ako sa pabango na to pangalawa ngayon yung unang bili ko nagustuhan ko yung amoy hindi gaanong matapang at sobrang bango pero itong pangalawang bili ko tatlo na nga binili parang iba yung amoy at amoy matapang pa paki ayos naman po seller di consistent yung nauna,1,0,0,0,"The review notes they bought this perfume twice, liked the scent the first time as it wasn't too strong and smelled great, but this second time it seems to smell different and stronger, asking the seller to fix the inconsistency.",,,
290,ok yung isa mlakas kaso itong blue para dati ng binuksan kc daming gasgas tapos mahina pa yung hangin nya huhu madali dn malowbatt,1,0,0,0,"The review states one is strong, but the blue one seems to have been opened before with many scratches, weak air, and runs out of battery quickly.",,,
291,nong april 3 ko sya inorder for 60 pesos and maganda talaga ang design kung magandang quality nga lang talaga ang hanap nyo dont expect it from 60pesos nevertheless magaan at maganda sa hindi malapad ang paa kaya kung malalapad ang paa nyo mag 1 kayo sa size yun lang,1,0,1,0,"The review ordered it on April 3rd for 60 pesos, the design is nice, but don't expect good quality for 60 pesos, it's lightweight and nice for narrow feet, so size up if you have wide feet.",,,
292,no indicator para malaman kung tapos na sya sa pag charge kulang ang hangin ng puti sa bandang huling mga linya walang hangin ang pink ay ok buo ang hangin,1,0,0,0,"The review states there's no indicator to know when it's done charging, the white one has weak air flow in the last lines, but the pink one is okay with full air flow.",,,
293,feb 11 order and feb 12 agad dumating kaso sabet lang lahat sa sizes sobrang kalungkot as in yung apat na order ko maliit lahat sakto sa cup lahat inorder ko kaso sa body size di kasya bawi nalang next time btw thankyouuu nalang din,0,1,0,0,"The review states the order arrived quickly on Feb 12 after ordering on Feb 11, but all sizes were wrong, all four orders were small, fitting the cup but not the body size.",,,
294,i clearly chat the seller na sana sa maayos n box ilagay dahil panregalo sana ng anak ko sa classmate nya and the seller agree nman i dont know kung dahil sa delivery nayupi yung box pero naka bubble wrap nman pero yupi pa din as for the quality ok,1,1,0,1,"The review clearly messaged the seller to put it in a good box because it was a gift for their child's classmate and the seller agreed. The box was dented possibly due to delivery, though it was bubble-wrapped, but the quality is ok.",,,
295,di masyado nababanat must order plus 2 size pra mgfit ng maayos,1,0,0,0,"The review states it doesn't stretch much, must order plus 2 sizes to fit well.",,,
296,packaging is good no clear instructions about charging red lang sya almost more than 3 hours hopefully will last 3 stars lang muna,1,0,0,0,"The review notes the packaging is good, but there are no clear charging instructions and it's just red for almost more than 3 hours, hoping it will last.",,,
297,okay sulit na rin sya for the price medyo matunog lang tas parang ang hirap ilakad minsan wag nalang mag expect masyado,1,0,1,0,"The review states it's okay and worth the price, but it's a bit noisy and hard to walk in sometimes, not expecting too much.",,,
298,cute at mukha siyang headphone,1,0,0,0,The review states it's cute and looks like a headphone.,,,
299,it looks good maganda naman pero hindi pantay nakua ko naman yung gusto ko na kukay,1,0,0,0,"The review states it looks good and is nice, but it's not even, but they got the color they wanted.",,,
300,order is black received is red anyare seller naubusan ba anyways type ng mama ko yung tela so bbigay ko nlng sknya pls paki double check nmn item nio,1,1,0,0,"The review ordered black but received red, asking what happened, the seller ran out, their mom likes the fabric, so they will give it to her, asking them to double-check their items.",,,
301,well at least maayos kausap si seller and na refund naman,0,0,0,1,Seller responsive.,,,
302,ang nipis niya kaya pala mura may square pants na talaga ako manipis din yun pero okay lang pag sinuot di kita yung loob pero ito medyo see through siya kaya pala mura pwede na for its price,1,0,1,0,Product is thin and cheap.,,,
303,tama nmn kso d nsunod request ko slamat nlng maganda rin ung slippers sakto lang size nia,1,0,0,0,Product is beautiful.,,,
304,unsatisfied hindi accurate yung size na inorder ko sa nakalagay sa chart at hindi din okay pagkakadikit,1,0,0,0,Size incorrect, not accurately sized.,,
305,parang malambot sya tapos sobrang gaan duda ako kng copy class a or pwd paghinalaan na imitation compare sa original na naabibili s mga samsung stores,1,0,0,0,Product not looking like a real one.,,,
306,ang order brow ang dumating nosetrip lang dalawa ano ba yan,0,1,0,0,wrong order delivered.,,,
307,maliit yung isa yung putitas my stain pasadyang inilalim pa pra d agad makitaok nmn sya kaso lng isinama prin ang my mantsa,1,0,0,0,Product defective, stain.,,
308,got the parcel manipis lng pala siya pero ok lng salamat sa seller at rider na kilala na kami pag mag delivery na siya di na niya kelngan pag tanong tanong pa,1,0,0,0,Product is thin.,,,
309,poor when it comes sa call sound ok call lng medyo diko bet,1,0,0,0,Product not performing well.,,,
310,810 okay naman siya kaso lang mukhang madaling masira yung quality niya mga mumshiiie pero good for small bags naman ang size niya ayun lang thank youuu may yellow umbrella na ko poging oppa nalang na makakatuluyan ang kulang charot kakakdrama ko to hahahahhaa,1,0,0,0,Product likely to break.,,,
311,super ganda po nya salamat din po don sa nag delivery thankyou po,1,1,0,0,Good item and delivery.,,,
312,good 2nd order ko kaso iba ung pinadala nila hnd kagaya ng una medyo makapal sya ngayon kaso nag hihimomol hnd sya kasing ganda nung una kong binili pero salamat pa din sakto pa din ang dating nya at mabait si kuyang rider,1,1,0,0,product is not as good as the first one.,,,
313,ok ok naman sya working fine sa hangin at speed ang problem lang ambilis ma empty batt about 1 hr 30mins wala na stop na mski low speed lang mabili ang charger mga 1 stop na blinking light pero mabilis parin ma discharge at isa pa ung wire na charger,1,0,0,0,product battery bad.,,,
314,i was surprised ksi movable pala sya and ang lakas ng tunog nya pag nagagalaw ito,1,0,0,0,Noise with product.,,,
315,low quality received the item completely and in good condition packaging is good transaction is smooth delivery is good madaling masira ayos na para sa presyo,1,1,0,1,Customer says good delivery but low quality for product.,,,
316,ang luwag haha ang laki pala niya parang kasya pa isang tao di ko sure if ganun talag style pero maganda namab quality un lang medyo super luwag,1,0,0,0,Size is too big.,,,
317,bought this for my car sana kaso meant pala sya sa flat surface kung pang bed and kutson sa room pwede sya kaso di sya super pang all around dahil nga sa shape nya but all in all its a good buy naman,1,0,0,0,Product not used as expected.,,,
318,okay naman yung item kaya lang nadisappoint ako kay seller kac di sya nagrerespond sa message ko regarding sa issue ng item yung right side kac ng fan is di nagana and nagmessage ako kay seller regarding that pero no response the seller only send the automatic reply repeatedly,1,0,0,1,Seller no respond.,,,
319,super tagal walang update tapos biglang ipapadala kakaloka na double tuloy order kinancel ko na pero di nacancel kaloka ok naman yung items kahit papano kakaloka lang yung seller,0,1,0,1,Late updates from seller.,,,
320,maganda yung items hindi kolang na picturan okay lang para sa price nya thank you seller,1,0,1,0,Product beautiful and good price.,,,
321,bakit ganun walang kasama spatula tapos mali pa yun color na pinadeliver sana nxt time pag out stock yun order ko po wag ng deliver kung wala tnx,0,1,0,0,Wrong item delivered.,,,
322,hindi nagrply ung shop tinatanong q ilang oras ang charging nitong neckfan at bkit every 5 min nag off kaagad xa kailangan i open ulit,1,0,0,1,Seller not replying to question.,,,
323,ok haysswala syang kasama na sticker di gaya ng nsa discription nya buti isa lng bnlidpat ng send ng pics seller bgo i ship,1,0,0,1,Missing item.,,,
324,black and white po yung inorder ko pero white and gray yung dumating,0,1,0,0,Wrong color delivered.,,,
325,najuha ko na po completo naman kaso lang hindi nasunod ang mga size na inorder ko nakakawalang gana naman,1,0,0,0,Incorrect size of item.,,,
326,di naman three fold,1,0,0,0,item doesn't match description,,,
327,wrong size po binigay nio hindi nmn po 2liters yan sana cnbi mo na wala 1100ml lng yan haist refund ko po sna ung iba di nmn yn ang price nyan ehok sana kaso ung sukat dmi sinunod,1,0,1,0,Product wrong size.,,,
328,maganda po ang sandals kaso lang may parang tunog kung ilakad mo parang yung may tubig na tunog sayang 2nd order ko na ito yung una hindi naman ganito,1,0,0,0,Noise of the product when using.,,,
329,kailangan ko pa bawasan pra mag fit s may burnerang sikip masyado ng pagsusuksukan,1,0,0,0,Product too tight and need to adjust.,,,
330,third time order actually im on a break my co workmates received my parcel so i didnt even see it ill just edit here soon video and photos not relatedsorry for it but this shop for me is legit since i order here three time na,0,0,0,0,No issues.,,,
331,the quality is just enough for the price hindi nga lang naka package man lang yung items sa loob yung mismong plastic na ng jt ang package nya walang tag yung underwears so pano ko malaman kung bago nga anyway im quite satisfied lang,1,0,1,0,Quality of product is good and right price,,,
332,mahirap makatanggal ng hair masyadong mahina yung action need mo talagang idiin and at the same time maging patient since matagal ngang makatangggal,1,0,0,0,Too hard to do, product does not do well.,,
333,product came in good condition hindi siya masyado nakakakuha ng dumi much better to go on heavy duty vacuum  ayus lang sa mga buhok,1,0,0,0,Vacuum not suctioning well.,,,
334,okay naman sya hindi ko pa natingnan yung baby mosquito net,0,0,0,0,No issues,,,
335,parang mabilis syang matatangal kasi dikit lang ng rugby or baka dahil sa local lang pero malmbot nama kahit papaano yu lang un,1,0,0,0,Too easy to tear/damaged.,,,
336,ok lng yung quality nya sa price wag masyadong mag expect kc ang murat na so ano pa ba iisip ninyo sa akon ok lng di ko ginamit ung mga paa nya kc parang ma sisira kasi ang weak nya pero over all ok naman,1,0,1,0,Good with price but not good quality.,,,
337,arte nyo naman shopee ayaw nyo tanggapen sinsabe ko walangya kayo wala namang inulit at simbolo dito  so yon nga mabilis malowbat at matagal icharge mahin pa fan kahit num 3 tas mkang madali masira peke,1,0,0,0,Fake product with short battery and slow to charge.,,,
338,its okay the charger is only the defect it last just fewday and wala na nag charge gamit ang charg,1,0,0,0,Charger is defected.,,,
339,hindi ko nererecomend ang shop na ito ang order ko 2pcs nag bayad ako kay rider ng ayus pag open ko isa lang laman palpak tapos chinat ko si seller d na nag reply kaya zero rate kay seller,0,0,0,1,Not recommended this shop, wrong item,,
340,absorbent 4x order ko na s shop nato pero ngaun lang ngkaganito mraming my itim sa gitna ng diaper na large at medium kung kelan 2packs order ko 400 ngkaganito pa sayang nman at ska ngtrabaho aq sa diaperan last yer reject na pg my itim at my kkaibang smell,1,0,0,0,Diapers has bad smell and black dots,,,
341,ang luwag ng entrada di pantay ito ata mga di nakapasa sa quality control eh add one size medyo alanganin sizes nila,1,0,0,0,too loose and uneven and hard to use for fit,,,
342,nice fabric arrived on the expected date good packaging cotton mejo may kanipisan lanh pero good for its price thank you,1,1,1,0,The product is good.,,,
343,dirty white was disappointed kasi hindi white ang dumating if you check the picture its off white or dirty white sana iba na lang ang color na binili ko,1,0,0,0,Wrong color,,,
344,maganda ung items pero ung mystery pouch na 68 pesos worth 39 lang ung binigay sana manlang ung equal sa 68 pesos bumawi nalang talaga sa gaming pads,1,0,0,0,Wrong item amount.,,,
345,kinda good medju nag ka aberya sa delivery address and i dont know if its my fault or na miss written lang but any ways the product got delivered early kasi dapat friday pa not to early but still early yung kulay niya ay so good for my taste and,1,1,0,0,color good but product delievered early,,,
346,thanks po na deliver ng wlang siraok nman good n good gamitin,1,1,0,0,Good product and delivered with no issues,,,
347,got my order parang hindi siya 5meters ang iksi lang yung order ko sa iba ang haba pero ito parang di 5meters,1,0,0,0,product not same length.,,,
348,late delivery wala nga lang plastic very accommodating seller will order again next time paki check munq ung item bago iship minsan kc my damage gaya ng square pants n inorder ko ung tali imbes na nasa gitna nasa gilid sya,1,1,0,1,Delivery late and damage in product,,,
349,ok may navvacuum siya pero i still dont fin it useful masmatagal ang charging kesa sa paggamit and maglilinis ka parin dahil kadalasan tinatabi lang niya yung dumi,1,0,0,0,Product not vacuuming properly,,,
350,ang liliit ng bra dito naman ako bumibili before pero bakit pumangit yung quality ng mga bra maliit na manipis di accurate sa sizing kaloka not worth the money guys,1,0,1,0,Bad quality,,,
351,nareceive q na ang order q ang bilis dumatingthank you seller at mamang rider,0,1,0,0,Fast delivery,,,
352,maganda naman sya kaso nga lang yung takong rubber din mahirap maglakad kase parang hindi pantay yung takong tumutunog din siya parang may sumisingaw kapag nag lalakad right size and color ang dumating ilang days lang din dumating agad,1,1,0,0,Difficulty in walking.,,,
353,ang pangitng itemand yung wrapper so far itong item di madagan and kulang ang item,1,0,0,0,Incomplete.,,,
354,yung football n blue ang pinili ko pero ang dumating yung frog n green not satisfied,0,1,0,0,Product wrong color.,,,
355,super ganda niya po kaso yung shade dark po kasi yung order ko pero may pag ka pink na light po sya pero sulit nmntenkyou seller,1,0,0,0,Shade is dark,,,
356,goods naman siya kaso medyo maliit yung sa may bandang tapakan nya tas malambot oks siya pang walking walking lng pero pang basketball hindi pwde,1,0,0,0,Size small.,,,
357,not worth it kulang ang item wala charger pano to lowbat na pano icharge,1,0,1,0,Waste of money with no charger.,,,
358,got a computer mouse hahah di ko na tinry kung gumagana binigay ko nalang sa kapitbahay namin,1,0,0,0,Not working.,,,
359,super nice malakas sya maganda medyo may manipis na wire pero maganda sya ingatan nlng para maging maayos maganda at malakas sya dalawa na binili ko para goods nice sya sa price nya ampanget lang kasi di gumagana yung mic thank you seller and shopee,1,0,1,0,Microphone not working.,,,
360,slightly good manipis lang pati padding niya sana magustuhan ng anak ko thank you seller at sa mag asawang nagdeliver sakin,1,0,0,0,padding is thin.,,,
361,810 sobrang layo sa cloud naunang sakin  wala akong maamoy na sweet or coconut scent,1,0,0,0,Didnt smell good.,,,
362,para sa kapatid ko pa naman yan hays but thankyou pa din seller,0,0,0,0,No issues.,,,
363,manipis sya at small sizes pala sya,1,0,0,0,small size,,,
364,pangalawang beses na nag order dito nakakadismaya lang kasi may damage ung isang item sana next time maayos na ang ibigay,1,0,0,0,damage item.,,,
365,lightweight honest review i already tried the mascara i mean its cheap but if you want to buy mascara thats waterproof dont buy this makalat siya once ilagay mo and mejo di kumakapit ung product once inapply mo siya mejo na irritate yung mata ko natamaan nong triny ko sa,1,0,0,0,light weight but not waterproof,,,
366,expected na nakalagay sa carton disappointed hindi ganyan un packaging sa picture nakapacklang pla ng ganyan sana d nako nagorder,0,0,0,0,No issues.,,,
367,ok naman sya kaso di ko gusto ang material and ung pano ginawa ung design pero woth it naman sa price nya di nga lang ako satisfied,1,0,1,0,Design not good but worth it.,,,
368,i ordered black  white ok yung black but itong white left side lang ang gumagana ok naman ang charging pero sira talaga ung right didnt get refund kahit niraise na sa seller,1,0,0,0,Product is broken.,,,
369,soooooobrang nipis kakailanganin mong mag leggings or shorts sa loob kasi kahit hindi ka sa maliwanag tatayo halatang halata ang loob sa sobrng nipis,1,0,0,0,Too thin,,,
370,bench po yung inorder ko pero hm yung dumating,0,1,0,0,Wrong product delivery.,,,
371,i ordered glossy pink matte pink ang dumating na may patterns seller unresponsive pag may issue yung item wew kayo na yung mali wala pa kayong resolution will not order again,0,1,0,1,Seller wrong item delivered and unresponsive,,,
372,well packed but i dont know saan galing ang mga scatches,1,0,0,0,Scratches product.,,,
373,why ganun seller blurred yung isa prng sira pa,1,0,0,0,Product defective.,,,
374,base sa priceok nman pero sana lagyan nio ng sizes sa variation button para di ma shock ang mga buyer sa mga sizes ng mga tshirt na isesend nio salamat not true to size,1,0,1,0,Product not true to size,,,
375,wellpackaged item shipped immediately expected ko ganyan din pag sinuot katulad sa pic di naman pala square pants lang tlga sya na mahaba but thanks too,1,1,0,0,Well packaged good item,,,
376,ayaw nya gumana ilang hours kona po chinarge kaso ayaw tsaka lang nag oon pag naka charge tas pag tinangal mo yung charger na ooff na ulit huhu seller hndi nmn pwding nakadala ako ng charger everywhere huhuhu sellerang init init po dkopa magamit kasi ayaw mag on pero,1,0,0,0,Not turning on.,,,
377,yes sirrrrrr ok lng pwede na sana maging fav color nyo ung purple,0,0,0,0,no issues,,,
378,eyeliner maskara eyebrow order ko wala pong eyeliner only 2 pcs lang dumating,0,0,0,0,wrong product,,,
379,sorry po pero d po worth it ayw po gumana sa app dpo cya sumusulat,1,0,1,0,Product bad not writting on the app,,,
380,hindi sya yung inaakala ko ang layo sa picture na nakalagay dyan and then i think mabilis sya mabasag basta expect ko talaga kagaya nung nasa pic tapos yung guma di exsakto kaya pag nakatagilid tulo tulo,1,0,0,0,Not what was expectetd not the same in the picture,,,
381,very small and compact which is nice however may maliit na butas na agad unang bukas ko pa lang feels filmsy as well to be fair you get what you pay for i guess,1,0,1,0,small with butas.,,,
382,good ganda ng dress perfect for summer beach outfit,1,0,0,0,nice perfect dress,,,
383,damaged yung una kong nareceive na item everytime sinasaksak ko yung item nangangamoy sunog nakakatakot parang puputok nalang any moment pinalitan naman yung item kaya lang ako mismo nag punta sa warehouse nila binigay sakin address okay naman yung pinalit na item kaso ang hassle lang sa part ko,1,0,0,1,product damage,,,
384,bibigyan kita ng 3 star medyo na dis appointed ako kasi instead brown cateh orange cat ung pinadalatapos ung yellow bees naging whitende nasusunod ung nasa pic mali ung pinapadalang itempero ung iba maganda naman so far,1,0,0,0,wrong item delievered,,,
385,mahina yung hanging ibinubuga maingay stained makapal yung bubble wrap which makes the product more secured the issue is mahina yung ibinubuga niyang hangin i thought nakanumber 1 lang pero mahina pa rin kahit number 3 na mas malakas pa yung paypay ko for aesthetic purposes lang talaga siya lol,1,0,0,0,mahina fan,,,
386,ok sana yung item na ka packed naman ng ayos tapos naka seal lahat kaso nag katas sya basang basa yung bubble wrap halos tuyo na yung wipes mura na sana tapos malaki na din sya sana pakiayos nalang ng packaging next time,1,0,1,0,Product broken.,,,
387,bettle socks yung i norder ko pero star yung dumating bettle socks sana gusto ko kasi terno ng damit niya na bettle din maganda sana at makapal pero nakakadismaya maganda naman ang star kaya lang bettle talaga pili ko kasi terno sa pang 3months old pictorial ng baby ko,0,1,0,0,wrong socks delievered,,,
388,hindi masyado mabango unlike others antagal din dumating  pero okay naman yung packaging niya,1,1,0,0,smell not so good and arrive late,,,
389,they say u get what u paid for maliit xa sa sizes nya ok na din cguro pag tag ulan at wala kang choice ibang suotin thanks anyway,1,0,1,0,size is small,,,
390,ang ganda nyaaaaa ang kaso lang hindi mapindot yung back button ewan koba pero okay na man so for its price nice fast shipping pa really need a back up phone,1,1,0,0,back button defective,,,
391,hello seller mali yung kulay na dumating sken ang kulay na order ko blue orage pero ang dumating color gray,0,1,0,0,Wrong color.,,,
392,bagsak sa packaging wala manlang effort sa pagpack nagtitipid ata si seller tapos kinancel ko una kong order kasi magpapalit sana ako ng color nireject ba naman ni seller request ko although ok naman quality ng item sakto lang sa presyo mabilis ding nadeliver,1,1,0,1,Poor packaging delivery fast with nice seller,,,
393,medyo ma ingay yung fan at di masyadong kalakasan yung fan pero okay naman siya at usable,1,0,0,0,noise with fan,,,
394,maliit kahit xxl na,1,0,0,0,small size,,,
395,good hello gusto ko lang po iraise tong concern ko about sa smart watch maganda siya kaso nga lang hindi ma set yung time sa phone nag dl na ko ng app nya tapos laging nag didisconnect kahit naka open nan ung bluetooth ng phone then kailangan stay lng sa,1,0,0,0,cannot set time,,,
396,medium order ko ang liit small size sya,1,0,0,0,Size small,,,
397,3 star lang kala ko kc malake maliit pala piro super super ok sya,1,0,0,0,size is small,,,
398,good okay sana kaya ung quality and materials mukang matibay kaya lang ung isang umbrella butas na nilagyan lang ng remedyo tapos binenta ulit ang ganda pa naman sana kaya 3 starts muna ngaun pero will order again hopefully hindi naman ganto next time,1,0,0,0,broken umbrella.,,,
399,fast changer naman cia ok naman cia fast changer kaso mabilis uminit ung adoptor,1,0,0,0,hot adptor,,,
400,same sa isa kong order lang tama lang quality sa presyo nung nga brasicles yun lang thank you padin seller mabilis kasi dunating and affordable po,1,1,1,0,affordable, good price,,
401,good quality items pero yung mga box lukot lukot na nung nareceive ko twice akong nagorder before ko natanggap mga items nagfail yung first order and sinabi lang nung pang 8 day na i dont know the exact reason till now di pa nagrereply si seller,0,1,0,1,Delivery issue and seller not replying back.,,,
402,thank you maganda sya happy na yong anak ko gagamitin nya sa school,1,0,0,0,Happy with the product.,,,
403,order received akala ko yung ganon sa inorder ko dati haha hindi pala pero so far mabilis naman ang shipping and maayos ang packaging ang problema lang is yung items ang pangit nung sa baba haha unlike sa inorder ko dati tas medyo manipis yung tela pero okay lang naman,1,1,0,0,Product quality and fast delivery,,,
404,okay naman yung product pero may kaunting sira ireturn and refund ko sana kaso 48 pesos lang irerefund nila sa 73 pesos ko kaya gamitin ko na lang din,1,0,1,0,Defective product and price to refund not good,,,
405,d q pa nagagamit pero parang ordinary lang na salamin eh,1,0,0,0,"Haven't used it yet, appears ordinary.",,,
406,sobrang liit ng sizes size 32 ako pero ero hindi ka makahinga sa sikip suggest ko add size kayo sobrang liit ng sizes size 32 ako pero ero hindi ka makahinga sa sikip suggest ko add size kayo,1,0,0,0,Too small sizes for the product.,,,
407,dismayado ako akala ko pang uniform na kulay dark blue tatlopa seller hindi nyo inisip yng mag susuot ng bra basta makabenta ok lang sana sa susunod kahit sa sarili nyo lang ok ba itong na to sana para eh bless yng negosyo nyo maging totoo kayo sa customer nyo,0,0,0,1,Dissatisfied with the service.,,,
408,not bad goods naman ang item pwede na sa presyo nya sana laang ay tumagal,1,0,1,0,Product goods for the price,,,
409,cant say im really happy i ordered this as a gift to my mom but there isnt any packaging that covers it now my mom already knew what it is,0,0,0,0,No aspect.,,,
410,nag gliglitch yung lights yung case ng earphones ay ayaw mag charge ng ayos kanina pa nakacharge15hrs pero lowbat padin laging 1 blue dot lang,1,0,0,0,lights ayaw mag charge,,,
411,maganda namn po di mainit sa katawan kaya lang block order ko dark blue dumating pero ok nrin po maganda nmn po,1,1,0,0,"Good product, wrong order",,,
412,ordered three received two wrong variants ok na sana sobrang gusto ko yung item kaso mali kulay nung dalawang order will try one last time and sana tama na yung color,0,1,0,0,Issue on receiving 2 instead of 3 wrong variants,,,
413,maganda yung quality matibay at buo sa pagkakagawa at yarekaso maliit ang size nila pang korean size super liit sa standard side mga 2 inches difference,1,0,0,0,Quality of the product and size,,,
414,mali po ng kulay yung isang item dapat po green sobrang pipi pa ng karton,0,1,0,0,Delivery issues of wrong color.,,,
415,same lang sa picture kung size 37 ka at medyo malapad ang paa mo make it sure 38 ang iorder mo pero kung payat naman okay na yung 37 if gusto mo makasigurado just add one size sa size mo talaga,1,0,0,0,Size issue and same with the picture,,,
416,okay naman ang earphone disappointed naman sa smart watch,1,0,0,0,Satisfied with earphone but not the smart watch,,,
417,hindi man lang pinacked ng maayossana next time ayusin ang packaging,0,1,0,0,Poor packaging,,,
418,took like a week to deliver and its damaged i dont have a pic since ireregalo ko lng naman but yeah,0,1,0,0,Delivery took a week and item is damaged,,,
419,black yung order ko iba yung dumating sabe 2l bakit 11 l lang nakakadismaya  pero thank you parin at okay naman,0,1,0,0,Wrong delivery size,,,
420,im using it right now pero i recommend buying the one without clip wala rin namang pagkakaiba and i think masyadong mahal yung nabili kong extra lead pero ayos na rin di nga lang ako satisfied,1,0,1,0,Product review and mahal,,,
421,i dont know mabilis naman naideliver ang product kaya thank u po seller ang d ko lang po nagustuhan ay ung noise nyamejo maingay  pero ok narin po as long as malakas ung hangin nya which is good naman sooo hope it will last thank u again god bless,1,1,0,0,Noise and fast delivery,,,
422,grabi ang ganda ng nya isulat hindi nga sya nabubura d gaya ng ibasulit na sulit ang bayadthank you seller at kua rider,1,0,1,1,"Service, Rider and Product",,,
423,ok na sana pero wala ung tali pangatlong order ko na to eh,0,1,0,0,"Issue on receiving the item, wala ung tali",,,
424,maganda naman handy kasya sa mga handbags ko maganda naman kaso medyo manipis yung tela i dont think ganito yung naka advertise na uv umbrella,1,0,0,0,Umbrella medyo manipis,,,
425,baby nose cleaner pump manipis mukang di makaka suck ng sipon,1,0,0,0,Product is manipis,,,
426,may isang product na damage its because og no bubblewrap tapos tagal dumating yung parcel ko kasi wrong code sana seller ma improve yung packaging lalo na malayong lugar,0,1,0,0,"Delivery, bubblewrap",,,
427,narecieve kuna po ordermaganda po sya sakto po ung size nya sa paa ko,1,0,0,0,Product sakto ung size,,,
428,same price as the payment seems ok gumagana except 1 walang charger yung inpod messaged the cust service no reponse,1,0,1,1,Cust service no response and charge ok,,,
429,ok naman ung tela medyo mahaba lang ng konti and malaki para saken na small size  payat lang kase ako but anyways thank you pa din,1,0,0,0,"Ok naman tela, malaki",,,
430,medyo malagkit nagleaked siya buti konti lang nabawas anyway worth the price naman and happy sa purchase,1,0,1,0,Worth the price nagleak,,,
431,as for the price okay naman but di masyado satisfied add one size daw pero naging maluwag sakin 38 ako and size 39 kinuha ko,1,0,1,0,Okay for the price but size issue,,,
432,good may mali may pang boy na nasama dapat white bear pero pang girl ang pinadala,0,0,0,0,No Aspect,,,
433,sobrang nipis see through na sya and pang inner sana ito kaso ang thin talaga kaya hanap na lang ng idea para hindi ganun makita ang kaluluwa,1,0,0,0,Product sobra nipis,,,
434,its soft and comfy naman but there is a damage ive message the seller but no reply at all charge to experience na lang kasi mura lang naman but next time please check your items before sending kahit pa maraming umorder para babalik balikan kayo ng customers nyo,1,0,1,1,"Product is mura, no reply",,,
435,complete naman yung mga items kaso panget pag pack nung seller dineretso kaagad sa bubble wrap bag kaya nagka dent yung ibang fake nails tapos iba yung ineexpect ko na design nung fake nails,1,1,0,0,Complete but panget pag pack,,,
436,mali nman yong dumating order ko yong pataas ang dumating pabilog tpos iba din po ang kulay pero mabilis ang shipping thanks,0,1,0,0,"Wrong dumating, mabilis",,,
437,ayaw gumana ng tyle c cord na inorder ko un isang chrarger na order ko ok naman sana magtagal,1,0,0,0,Ayaw gumana cord,,,
438,easily masira straps niya sis hindi joint pads pero stretchable,1,0,0,0,Easily masira straps,,,
439,satisfactory both glasses arrived safely and in good condition dun naman sa solo anti rad very nice sya wala akong problema dun sa photochromic glass lang talaga ako nasayangan parang plastic glass lang tlaga sya maganda sana kaso hinde na meet expectations ko,1,1,0,0,"Satisfactory, nice glasses but other plastic.",,,
440,not good as you can see luma dami gasgas mahina kahit full volume na panregalo ko pa naman sana buti pa ang vitug mura na magandang klase pa haisst sorry seller for my honest review,1,0,1,0,Product is not good and mura,,,
441,okay nmn po maganda kaso pagka connect po ng bluetooth bgla nlng na disconnect yung bluetooth nya,1,0,0,0,Okay naman maganda bgla nlng disconnect,,,
442,hindi ganon katibay as expected pero aside from that nag wowork naman yung cooling fan at very worth it sa price,1,0,1,0,Not katibay but worth the price,,,
443,ang hirap lang idikit pero ok naman mabilis din dumating mga 3days after dumating na din 2nd order ko na sa shop na to,1,1,0,0,Hirap idikit but mabilis din dumating,,,
444,sorry po natagalan pag rate okay naman po ang parcel in good condition kaso nga lang po mali ang na receive ko po na item iba po ang color na dumating instead po na yellow ay white po na bee ang dumating pero okay lang nasuot naman po ng baby,0,1,0,0,"Matagalan, Mali dumating color bee",,,
445,bench talaga enorder ko eh hm ang dumating anu bayan huh,1,0,0,0,Product not bench,,,
446,so sad hindi water proof bingay nyu sakin ngaun nakaka disappoint kaya aq dto umorder kasi ganun ung pinadala nu saakin sa unang mga order ko and this time hindi halos lahat kc ng customer hnhnap is waterproof,1,0,0,0,Waterproof,,,
447,mabilis po mapagod ung vacuum nagiging mahina agad after ilang gamit cant last an hour,1,0,0,0,Vacuum mapagod,,,
448,may butas sa gilid over all maganda nmn ung item di nga lang sya tulad ng cotton na inaasahan ko akala ko ung cotton na parang fluffy hawakan pero hinde ung pouch nya is silk madulas na tela na manipis mabilis to mahuhulugan ng barya at mabilis din mapupunit tong,1,0,0,0,"Product maganda, may butas",,,
449,good ok naman po lahat exact color po yung dumating kaso yung facemask nga lang color pink strap po order ko yellow po yung dumating,1,0,0,0,Product exact color,,,
450,ano ba nman yan ali ang deliver2 liters ang order ko hindi 1 liter,0,1,0,0,Order mali,,,
451,the product is well wrapped but theres a leakage already although i doubt its from the items itself could have been because of its moist kaya nagkaganun but over all the product smells nice and amazing might order again keep it up seller and also kudos to those delivery,1,1,0,0,"Product, well wrapped, smell nice",,,
452,ordered green and blue  ang dumating purple and blue,0,1,0,0,Delivery dumating,,,
453,i am so disappointed with the packaging it was not sealed as i expecting,0,1,0,0,Packaging it was not sealed,,,
454,i thought gaya ng dati noon na in order ko na brown ung kulay sa likod nya ngaun plastic po at ndi maxiadong madikit,1,0,0,0,Order brown dumikit,,,
455,nadisappoint ako kasi pagkabukas ko parang walang laman yung lipstick super dry na bago pa naman sya tingnan at ganda nang kulay,1,0,0,0,Walang laman lipstick,,,
456,ok maganda nman yong item kaso nga lng ang liit ng size nya  ang order q is 3839 un din nakalagay sa slipper pro ang dumating eh nsa size 37 lnghindi xa nagamit ng anak q na 39 ang size ng paabuti na lng 37 ung isang anak q,1,0,0,0,Size small item is 3839,,,
457,maganda sana tela pero ang sabi xxl nung sinukat namin kasya lang s 11 yers old na bata ang magsusuot sana 36 yo,1,0,0,0,Order nag xxl,,,
458,naeexcite ako nung dumating na yung parcel ko disappointed lng ako kasi walang protection yung parcel ko nasira tuloy yung eye shadow mabilis nmn sya dumatin at nag ship mali din yung sinend sakin na lip balm hayss,0,1,0,0,Parcel mali nasira,,,
459,it came w bubble wrap kaso dented ung box tas it looked opened the product came w like dirty marks this one mark sa pic ayaw matangal pero the product itself works naman,1,1,0,0,Product works bubble wrap,,,
460,navy blue order ko pero red ang nareceive ko hahaa pero sige okay na rin pero sana next time sana eh magsabi naman si seller kung di available yung color o item na gusto anyways magagamit parin naman kahit papano pang boy parin naman yang red,0,1,0,1,Blue order received the color,,,
461,smooth 6 pcs order ko my bingay na spoon dalwa lng ok nmn nakabalot safe na safe dumating at mga 3 4days bfore received thank you honest feed back lng po ako ewan ko lng po ung iba variant nya yellow kc kinuha ko eqan ko sa mga suki ko,0,1,0,0,Mabilis Safe smooth,,,
462,hindi man magic tape yung na receive ko tape lang sya yung first order ko naman yung may magic tape yung binigay,1,0,0,0,Did not receive magic tape,,,
463,okay naman mha items kaso yung isa may siram madali nang mapigtal at medjo manipis yung rubber pro okay naman for its price 3 stars ka sakin dahil may sira at hindi ka nag rereply sa chat ko,1,0,1,1,The Items is okay but not responding,,,
464,durable not totally the same with the pic okay naman yung size pero hindi tlga sya katulad ng nasa pic baka ipamigay ko lang din,1,0,0,0,Item size is ok,,,
465,sakto lang maliit sya 38 size ko peru nag 39 ako but still maliit pa din sya sa akin peru the item is ok,1,0,0,0,Size is 38 order to 39 and item is ok,,,
466,while unboxing umilaw sya  nung kinabit naung ring light sa stand d na sya umilaw but nka ilaw u g switch so we decided to open the switch and turns out ung hinang na line pra sa light is tanggal agd buti nlng my soldering iron kmi,1,0,0,0,Open ligth hingag linya,,,
467,huhu sayang pink ang need ko po e bat naman orange to,0,0,0,0,Need color is pink and now orange,,,
468,eto lang ata pink rabbit tama sa pinadala sa order ko maliban sa dlwa di naman yan ang order ko,0,0,0,0,Pink rabbit Tama,,,
469,wrong color and designs pero okay na,0,0,0,0,No Aspect,,,
470,yes maganda for its price and i find it super worth it wag kalimutan mag size up kasi kahit nag size up na medyo maliit pa din pero ok na except yung heels kasi walang sinabi na size up sa description tsaka wala din may nagsabi sa comments pero dapat,1,0,1,0,Maganda ok price size,,,
471,recieved items ok naman kaso parang bilis mamatay ng timer nya di sya tumatagal ng matagal yung remote pa eh chinese naka pa hirap gamitin,1,0,0,0,Items ok parang,,,
472,okay naman yung product mga 2hrs din bago ma lobat matagal lang shipping hindi marunong mag update or mag reply sa chat si chat yung seller,1,1,0,1,Maganda 2hrs lng shipping hindi marunong,,,
473,makapal malambot medias not related nung una akala ko okay talaga pero nung sinuot then trinay na nadidislocate yung foam medyo maluwag din,1,0,0,0,Magalbot foam,,,
474,good ok naman sya parang may nasira lang sa loob pero naayos ko naman,1,0,0,0,Parang may nasira,,,
475,thank you po seller kahit di po kayo masyadong responsive sa inquiries ko at nahulaan ko agad yung mystery pouchitem nyo bute nalang maganda po ang items,1,0,0,1,thank You poh,,,
476,i ordered 11 pcs 10pcs lng dumating seller is not responsive so sad,0,0,0,1,Seller is not resposive,,,
477,okay naman yung adhesive bra  chaka yung strap yung di lang okay yung strapless bra chaka yung color maroon na sando bra  deform na ung item pag deliver saken  sana inayos manlang or chineck,1,1,0,0,Item pag deliver ok,,,
478,d kasya tama naman measurement ko manipis fits d price,1,0,1,0,Tama fit price manipis,,,
479,ayos naman sya nailaw sya pero di sya ma kontrol sa remote which is di sya mapatay through remote and di rin na e stay sa isang color lang,1,0,0,0,D ma kontrol,,,
480,okay naman ang pangit ng mystery pouch hahaha sana iniba nalang  lol,1,0,0,0,Pangit nang pouch,,,
481,mtagal nkong bumibili umoorder ng gnito maayos at hndi butastong narcv ko lhat nka impis my mga butas pg open ko my tubigbasa ung bubble wrap at dlivery plasticnkkdisappoint blak ko sna 20 pcs buti nlng 5 lng inrder kopamigy ko nlng to mattuyo kc to enxt time po pakicheck,0,1,0,0,May tubig basatong,,,
482,mali ang pinadala n seller na kulay order ko green at black pinadala n seller purple at blue hindi na sunod at hindi ng send ng pictures before ship piro ok lng matibay nman sayang lng kc puro lalaki anak ko mli yong kulay ok lng yong blue piro isa,0,1,0,0,Pinadala sayang hindi,,,
483,good seller 36acup lng po ako bkit ang laki ng cup superhysst,1,0,0,0,Ang laki ng cup,,,
484,fast shipping and delivery yupi nga lang yong isang box pero wala namang damage sa loob mas maliit din siya sa regular hindi ko lang nagustuhan yong amoy kasi ang tapang masyado pati matagal matuyo sa kuko medyo light din talaga pag inapply na pero tama naman yong mga kulay,1,1,0,0,"Fast Shipping Yupi sa box, amoy",,,
485,thanks seller ang ganda ng product i like it,1,0,0,0,Seller ang ganda,,,
486,akala ko nagcocolor kasi dun sa picture linagay sa kamay nag kukukay pero hindi pala ok lang naman yung smell nya thank you seller,1,0,0,0,Nag coocolor pic,,,
487,3 stars lang muna sa ngayon kase yung remote chinese chinese di maintindihan haha nag search na lang ako sa google ng kaparehas para may ma compareran anyway babaguhin ko yung rate ko kapag tumagal sya ng 1 week,1,0,0,0,Three Stars remote,,,
488,swertihan lang sa mga item na makukuha or idedeliver sayo yung isa kong naunang inorder all goods ang quality pero itong 2nd order ko e may kalawang at gasgas yung item,1,0,0,0,Item nagkalawang gasgas,,,
489,hindi tunatayo yung stand hindi nya kinakaya yung bigat ng cp kaloka pero yung pang selfie bluetooth okay naman nagana naman,1,0,0,0,Hindi tuna tayo,,,
490,im not happy hindi ganun kalakas ang sunction kahit buhok na nakakapit tagal higupin at napakaingay but pwede na din andito na ehat mabigat sya for a gadget na handheldafter lang ako sa uv light para sa bacteria dun lang ako natuwa,1,0,0,0,Hindi masaya Malakas sunction,,,
491,nothing is special feeling ko dali lang masira but got this as free lang kasi kung totousin pwede na rin pwede na din haha,1,0,0,0,Dalilang masira,,,
492,na deliver naman agad kaso hindi ko bet yung print ng square pants sa picture lang maganda,1,1,0,0,Square pants,,,
493,not well package even a little bubble wrap buti hindi na basag pero yupi2 un box ng nail polish,0,1,0,0,Nail package bubble wrap,,,
494,hindi nagana mouth piece niya,1,0,0,0,Hindi nagan mouth,,,
495,i expected too much sa wipes kasi akala ko malaki pero maliit lang pla sya even ung mismong wipes nya naliliitan ako pero oks na rin for the price,1,0,1,0,Wipes is not good for its price,,,
496,madali lang malowbat madali lang sya malowbattinray ko nka 1 lnginabot lang hanggang 1hr and 40mins,1,0,0,0,Madali lang,,,
497,mali ang kulaypink ang dumatingeh lalaki anak kokaya black ang order konext time please yung tama ang ipadala ninyo,0,1,0,0,Next time ipadala tama,,,
498,so so dented tagal pa iship out sayang wala option ng refund sinobrahan yung ibang item siguro alam na dented pinadala,0,1,0,0,Tagala dente ipaship,,,
499,i like the style the items are in good condition but the size is to small parang pang size 32 lang ung size 36,1,0,0,0,Items is good pero size small,,,
500,actually 3 stars lang pagka received ko ng package halos dikona ma muk haan bog bog na bog bog and may tape sa below ng lalagyanan ng item parang nabuksan na wala pang charger na naka lagay gosh pero safe ang items,0,1,0,0,"Delivery, box damage",,,
501,sorry po hindi ku po na pictureran peru ok nman po kasu lang natatanggal po sa labi,1,0,0,0,Mentions the product's quality regarding how it stays on the lips.,,,
502,good quality maganda ung itemsuper nice kasya sa bb ko kaso maliit nalang ung allowance hehe baka next month di na kasya,1,0,0,0,Mentions the product quality and fit.,,,
503,ok naman malaki at mabilis delivery kaso sobrang bilis ma lowbat d rin makapag download ng new versions ng games ang pamangkin ko kaya 3 stars lang pic and vid not related,1,1,0,0,Mentions the size, delivery speed, and battery life.,
504,ok lang nice slippers pro maliit sa akin binigay ko nlng sa anak ko gusto rin nya at kasya nmn thank u parin seller god bless,1,0,0,0,Mentions the product, size issue and that it fits her child.,,
505,well packed the fabric is kind of rough in the skin at mainit ang tela di rin ganun kapulido ng tahi its just right for its price,1,0,1,0,Comments on the fabric quality, stitching, and its worth for the price.,
506,good quality pero kid size kahit medium po yung size talaga large pa rin po inorder ko para may allowance maganda po ung pants malambot and expandable yun nga lang need talaga siguro x2 sa size mo ung oorderin mo suggest ko lang na paki specific naman po ng product,1,0,0,0,Mentions the product quality, size issue, fabric texture, and need for specific size instructions.
507,its just right for its price not the mouse pad is poor the mouse gets slower when you use with the provided mouse pad the mouse itself is a lil bit slow and noisy but its affordable,1,0,1,0,Mentions the value for price and quality issues with the product,,,
508,maayos ang pagdeliver on time  okay yung product kaso may isa na merun damage,1,1,0,0,Delivery was on time but the product has some damage.,,,
509,quality is good but the sizing of the item is too small even if ive already chosen the largest size still it didnt fit me even though i dont have a big boobs pader,1,0,0,0,Mentioning about the quality of the product but the sizing is too small.,,,
510,approve maganda naman siya kaso maliit lang and medyo malayo yung color sa pic sa mismong color in person nakakaloka pero gel naman siya and medyo matapng din amoy pero normal lang naman yun sa gel polish 710,1,0,0,0,About the look and color not matching on picture vs in person, the size and the smell.,,
511,parang styro looks nice from afar pero u get what u pay for not heavy sole feels like a thick styrofoam the leather also feels like that styrofoam from your packed meals pero wearable sya  good for ootds without the need to walk a lot comfy naman sa paa,1,0,1,0,Mentions the product's material, feel, and comfort level and implies its worth based on the price.,
512,maganda siya isa lang issue sakin may yupi yung isang paa ng stand pero di ko din alam kung si seller ba at fault or yung rider pero dun sa box na pic naman makikita na ayos naman yung box pero di ko na ibabalik since magagamit ko naman kahit,1,0,0,0,Comments about the product quality and the item being dented,,,
513,ibang design nman binigay nyo sakin kya nga pumili aq ng design tpus di nman masusunod,0,1,0,0,Received the wrong design.,,,
514,maganda thank u seller sobrang na enjoy ko po ung fake nails na to parang totoo tlg nalungkot lng ako kc ung isang glue tuyo sana nacheck muna bago ideliver,1,1,0,1,The product is nice but the glue is dry, suggesting the seller should have checked before delivering.,,
515,nagaauto stop after 5 to 10 mins of using diko sure if ganon talaga,1,0,0,0,Product quality - Auto stops.,,,
516,fine works fine for its price hindi umiilaw yung isa pag nagchacharge and i thought sira siya pero no charging parin naman pala its very light also theres no spare buds and if larger than original yung buds mo di siya kasya sa case,1,0,1,0,Works fine but the product has some problems with charging,,,
517,low quality maganda nman sana kahit low quality ang prob lang di ni seller cheni check cguro kaya ung isang item di gumagana ung sa right side nya na fan walang action kahit nag pm nako thanks nlng,1,0,0,1,The fan doesnt work on the right side and the seller didnt check before delivering, also the product is low quality.,,
518,not satisfied sad to say ang sakit nya sa paa although goma sya ang bilis din nya magasgasan dumating knina sinuot ko agad tapos na gasgas agad natanggal ung kulay black pa nmn ang liit din ng size kahit 4041 na yung kinuha ko sayang excited pa nmn ako,1,0,0,0,Commenting on the comfort, durability and size of the product.,,
519,not good ung bricks ang nabili ko 50 pcs maganda naman sya kaso not sure sa dikit kung tatagal kasi nakaka 1 day plang natatanggal na ung dikit nung iba at ung pagkakagupit pangit hndi pantay may maliit may malaki,1,0,0,0,Quality issues with the adhesive and cut of the bricks,,,
520,ang nipis pala ng per roll eh meron akong nabili sa ibang store na doble ang kapal kaysa dito pero same price lang disappointed sa nipis ng roll pintuan nalang dinikitan ko pero dalawang roll na naubos but thank you parin maganda naman kulay,1,0,1,0,Disappointed about the thinness of the roll, but like the color. Dissapointed since its same price from other store but has double thickness.,,
521,peach bloss po ung inorder ko pero iba ung dumating,0,1,0,0,Wrong item received,,,
522,3 star lang po kase hindi nasagot sa mga chat ko yung seller at di rin po agad na ship medyo panget lang pag dating sa pakikipag usap yung seller pero maganda po yung tumbler good quality hindi peke at hindi rin copy legit tyso tumbler po sya salamat po,1,0,0,1,Giving the seller 3 stars because they're unresponsive, the shipping isn't fast but the tumbler is good and the quality is great, also not fake or copy.,
523,pang punggos lang pala kala ko pang head band sya well thanks parin seller at kay kuya rider,1,0,0,0,The product cannot be used as a headband as expected,,,
524,items received ok naman sa price nya dont expect too much nga lang pero nice sound hindi masakit sa tenga sobrang bilis nga lang malowbat tinry ko muna kasi before ako mag review akala ko din laruan ung freebies anyways thank you pa din po sa pafreebies nyo,1,0,1,0,Okay for the price, the sound is nice but the battery drains fast.,,
525,lip theraphy magic dw eh pag pinunasan wlang natira kalukuhan yang trending nayan nabudol nanamn ako,1,0,0,0,Doesnt work as advertised,,,
526,its nice and all kaya lang nahirapan tlga ako maglagay ng glue i was so excited pa naman cause i want to try putting on fake nails but the glue is mahirap naa ikabit like yung skin ko lang yung nalalagyan next time i think i should buy the glue,1,0,0,0,Having difficulty on placing the glue, only the skin is being applied with the glue.,,
527,diko napansin if pare parehas ba size pero yung iba sa naorder ko is masikip i ordered xxl but di yata parehas ng sizing,1,0,0,0,The sizing of items are not the same even though it was ordered xxl.,,,
528,di naman sya xxl ang sikip nya parang large lang ang sikip para sa 34 waist dapat medyo maluwag kung xxl eh di match ang size nya,1,0,0,0,The sizing is not match with its actual size, too small.,,
529,di ko na napicturan ang liit pala saken ng size 37 sayang huhuhu mukhang barko paa ko eh hahahaha btw all in all is good,1,0,0,0,The size 37 is too small for her,,,
530,nadismaya ako sa print brand sticker lang palaakla ko nakabordamatanggal lang pala,1,0,0,0,Disappointed with the sticker print,,,
531,good sabi lipbalm which is lipstick siya tas amoy nakakasuka idk basta di maganda yung amoy for me but thank u,1,0,0,0,The lipbalm is more like a lipstick and has a bad scent,,,
532,di cya gano kabilis sa netloading and loading mura lang kaya cguro ganun,1,0,1,0,Slow in netloading, probably because its cheap.,,
533,yung socks 15 pcs order ko pero yung isa napakalaki nang pair nya as in hindi sla pariho dirty white tsaka white yung ibang shoes ok naman pero sobrang nakapanipis nang tela pero ok naman sa prize nya mura lng nmnmalambot sa paa,1,0,1,0,One of the pair is too big and the cloth is too thin but its okay because its cheap.,,,
534,ok size xl pero parang medium lang,1,0,0,0,XL size but it feels like medium.,,,
535,3 stars hindi maganda ang pagka tahi niya as you can see nmn hindi xa pantay hindi lng cguro na check ng maayos pero ok nmn ang quality d ko lng xa nagustohan masyado kasi parang defective,1,0,0,0,The stitch is not good and not pantay, maybe the seller didnt check it properly, it looks like defective.,
536,yes mabilis sya matanggap and wlang bango or lasa super dry sya kaya pag nailagay mo sya s labi tas kumain ka magkakalat sya ksi mabilis lng matanggal then dumikit s kutsara or straw,1,1,0,0,Mabilis matanggap, no scent or taste and super dry.,,
537,ang ganda po sana ng earpuds pero lowbat nung dumating din chinarge ko nung ginamit ko walang kalahating oras namatay din kunting galaw namamataythe earpuds are ugly they are easy to wear out the voice is ok it just wears out easily and it dies immediately even if it is,1,0,0,0,The quality and battery of the earpuds are not good.,,,
538,not good ang pngit ng pndl nyo blgtad lgyan ng tape nkkdisapoint umordr dto,1,0,0,0,The product is not good and it was placed upside down then it was taped, nakakadisappoint,,
539,hindi ko na receiv to nilolook forward ko pa naman kasi ang mura lng dito yun pala hindi na sama ni seller okay lang na refund naman forda coins nalang ang rating na ito,0,0,1,0,The item was not included and refunded,,,
540,ok nmn ang unit kso ung isa unit natangal ang screw or nuts nung fan ng purifier kya pla upon opening maingay ng sobra buti anjan hubby ko to open the unit and fix itseller is not that helpful d mxdu sa nkakaintindi ng tagalog nxt time check nlng po,1,0,0,1,The fan unit has a detached screw and noisy because of that, seller is not helpful.,,
541,im so sorry pero nahihilo ako sa amoy huhu baka iba iba lang talaga tayo ng preference sa scent the smell lasted very long which was good too bad i didnt like the scent lang pero the packaging is great considering that its a fragile item,1,0,0,0,The scent makes her dizzy.,,,
542,nakakakaba kasi parang mabilis siyang masira tipid sa bubble wrap kahit nag request na ko sa seller to secure my order yung sa bandang phone holder yung bandang suotan eh wala nung para sa turnilyo useless yung isang pampaikot ng holder good thing ayun umiilaw naman siya sana magtagal,1,0,0,1,The product seems to be easy to break, seller didn't secured the product even if there's a request.,,
543,i ordered 3 blue pink and green i noticed that the blue one yung sa right side hindi gumagana yung ilang hole na dun lumalabas ang air but still my kids loved it,1,0,0,0,Blue one doesn't work on the right side.,,,
544,pros mura maganda gamitin if mainit malaki can be shared by 2 people kasya 3 cons nit efficient to use when its raining ginamit ko agad yung akin pero lumusot ang rain water,1,0,1,0,Okay to use because its cheap, can be used by 2 people, good for summer but if used when raining it leaks.,
545,good okay naman po ung product over all kaso wala pong sticker na kasama and hindi rin po naka bubble wrap pero buti nlng d po nabasag,1,0,0,0,Overall the product is okay but there are some missing items and didn't bubble wrap.,,,
546,idk hindi sila pantay mas malaki yung black kaua i will give this 3 stars,1,0,0,0,Not pantay and mas malaki yung black.,,,
547,ok nman sana yung bra pero yung panty kamusta nman kaya nga xxl na inorder ko para sure kamustahin mo nman yung sa legs sana po next time tantyahin nyo naman kaya nga xxl expect nyo na malaking tao magssuot,1,0,0,0,The bra is okay but the panty isn't, too small.,,
548,i guess ang purpose ng stickers ay pang takip ng gasgas but over all the quality is good,1,0,0,0,The quality is good but there are some scratches covered by stickers.,,,
549,natagalan bago dumating kc nanibago c kuyang delivery mas nauna pang dumating yung huli kung order tpos nung dumating yung medium kasin laki lng ng small na naunang naorder koending d nagamit ng pamangkin ko kaya binenta nlng nmen sa iba kaya oorder nlng ulit kmi pero sna dis tym,0,1,0,0,Late delivery, the size is just as small as the previous order.,,
550,black super ganda po thank you seller order ako ulit sana ganitu parin ka ganda,1,0,0,0,Super ganda.,,,
551,mabilis yung delivery 3 days ang nadeliver agad ung item yung quality ng item sakto sa price saka yung kulay din nasusunod,1,1,1,0,Fast delivery and the quality is sakto for the price, the color also is the same as ordered.,,
552,good maganda good cya pero kala ko matagal malowbat dipa nag one hour na lowbat na po pero okay po goods yung items,1,0,0,0,Good, maganda, but the battery doesn't last for one hour.,
553,okey narin deley po pag naglalaro ng codm kahit nasa game mode nako deley po talaga mga 05 sec not recommended for gaming pero yung sound solid lakas,1,0,0,0,The game is deley when playing codm, not recommendable for gaming but the sound is good.,,
554,i finally received my order after one week of waiting pero parang iba yung amoy niya sa cloud tapos ang daming leak kahit naka bubble wrap,1,1,0,0,Received the product after one week of waiting but it has a different smell and a lot of leaks even if bubble wrap.,,,
555,malakas naman ang usok pero walang amoy ng essential oil same essential oil gamit sa kwarto but different humidifier,1,0,0,0,Malakas yung usok but doesn't have the smell of the essential oil that is used on the room.,,,
556,masyadong maliit ang medium suggest ko dapat 1 size bigger,1,0,0,0,The medium is too small, suggest to make 1 size bigger.,,
557,ok na sana eh gusto ko lahat ng kulay na dumating kaso nga lang xxxl size na order ko ung dumating xxl first time ko pa naman mag order sa shop na to ok sana kahit ibang style na ung binigay basta tama ung size,1,0,0,0,Wanted all the colors to arrive, but the size xxxl is the size xxl that arrived, other style has been given but the size must be correct.,
558,okay naman yung productitem ang cute,1,0,0,0,The product is okay and its cute.,,,
559,hindi nasunod ung kulay na dark color sa panty  gusto ko kasi dark para di dumihin di mahirap tanggalin mantsa  pero ok na rin andito na east pa ba,0,1,0,0,The color of the panty is not the same with the ordered panty, wanted it dark so that it will not be dirty easily.,,
560,disappointed lang konti kasi bluepink ombre yung order ko pero pink binigay nila pero okay na dn gusto ko lng talaga ng motivational water bottle so far nakakatulog naman sakin linisin nyo lang maigi para walang aftertaste ung tubig nyo babad overnight sa watersoapbaking soda,0,1,0,0,The bluepink ombre is not the color that arrived, the color that arrive is pink.,,
561,kaka tanggap ko lang po ng order 101821at mabilis nmn yung shipping but sadly pagkatapos kung ma unbox at ginamit around 2030mins hindi na po siya gumana whyy,1,1,0,0,Shipping is fast but the item doesnt work after using it for 20-30 mins.,,,
562,ndi yan ang inorder ko order q yung parectangle n water bottle pero yung ibang designed ang nareceived ko hindi ako nainform ni seller na hindi yun ang ipa2dala niya wla din send ng picture bago mag shipped ng items,0,1,0,0,The item is not what she ordered.,,,
563,wrong designcorrect sizefast delivermalambot sa paaworth ang price sa qualitysa design lang ako mdyo nadismaya kasi mali ang narecieve ko,1,1,1,0,Wrong design and fast delivery.,,,
564,the quality of my orders is good may konting amoy yung face masks and manipis sila compared dun sa nabili ko the last time im giving the seller 2 stars due to incomplete yung pinadala nya as you can see on the photo nag chat ako kay seller at hindi,1,0,0,1,Quality is good, but the product is incomplete.,,
565,it feels different than what i bought before sana lang hindi mabilis masira manipis lang yung cloth part,1,0,0,0,The cloth part is too thin.,,,
566,di nasunod yung kulay at design na gusto ko bagaman tama yung dalawa pero di doon sa isa at wala man lang pasabi napapalitan niya sa random na lang sana ako pumili nakamenus pa ako sana naman tanungin niyo yung buyer kung pwedeng palitan yung item na inorder nila hindi,0,1,0,0,The color and design are not followed,,,
567,malambot nakakadismaya lang kasi yung inorder ko old rose pero yung dumating violetsana naman nagsabi kayo na walang available,1,0,0,0,The item is soft, but the old rose didn't arrived and the color is violet.,,
568,good quality pero my napasama na isa color brown parang seda xa mainit xa pero the rest ok nman lahat,1,0,0,0,The product quality is good, but the other color is brown and its hot.,,
569,thanks sellermaganda naman sya at komportable pag sinuotkaya ung packaging kaya medyo tupi yung sapatos,1,0,0,0,The product is good and comfortable to wear.,,,
570,working naman pero may sira yung ibang keys hindi kumakagat sa board yung ibang keys add 100 characters to earn 04 coins,1,0,0,0,Working but some keys are broken.,,,
571,hindi ko alam kung anong amoy nito parang amoy alcohol ge tey ko sa damit amoy alcohol lang,1,0,0,0,Smells like alcohol.,,,
572,ok naman kaso green order ko blue po dumating,0,1,0,0,The product is ok but its color blue and not green.,,,
573,rubber material malambot to the point na parang mabilis mapudpod okay naman kaso sobrang maamoy yung rubber na parang konti na lang hihikain ka na sa amoy maliit ang sizes add 2 sizes up sa original size ng paa mo,1,0,0,0,The material is too soft, not durable and smells like rubber.,,
574,d maxadong maganda ung klse ng bra napaka nipis ng foam but it was good for the prize,1,0,1,0,The bra is not good and too thin but it was good for the prize.,,,
575,mahina ang mic didnt give 5 star mahina ang mic other than that wala ng ibang issue  good job kay kuya rider mabait,1,0,0,1,The mic is mahina, rider is mabait.,,
576,iba po ung itsura nya tas black po ung order ko pero nung dumating blue syaka mabilis na malowbat,1,0,0,0,Not the same with the picture, the color is blue not black and it drains fast.,,
577,ok namn mejo matagal lobat kala ko original di rin palabut its okthank you po,1,0,0,0,The battery last long, not the original one,,
578,ok naman pang lipstick na texture lam nyo na un pagpinunas mo yes matatanggal pero meron din konting magsstay siguradong my babakat na lipstick sa facemask mo para syang ordinary lipstick maganda ung color,1,0,0,0,It is like a lipstick, removes when wipes but has a stain, has babakat when wearing face mask, it has a good color.
579,its okay dumating na may bubble wrap but wala syang box basta lang binalot sa bubble wrap gumagana but madalas biglang magauto disconnect sa bluetooth kahit di pa lowbat 5 hours ko nagagamit bago icharge walang maayos na manual yung airpods so talagang tutuklasin mo on your own mura lang,1,0,1,0,It arrived with a bubble wrap, no box and always auto disconnect even if not lowbat, needs 5 hours to charge.,
580,so far okay naman siya fast charger talaga  hope di topakin paglumipas ng ilang linggo,1,0,0,0,The fast charger is ok and works well, hoping it wont be topakin when time pass by.,,
581,good ok naman sya nagustuhan ni partner kaso wrong color grey yung inorder ko bakit blue ang dumating,0,1,0,0,The item is okay but it has a wrong color, wanted a grey but the color that arrived is blue.,,
582,rcvd item fast delivery packaging 5star may dent ung item pero ok nlng din,1,1,0,0,Fast delivery and has a 5star packaging but the item is dented.,,,
583,di ko bet yung amoy iba siya sa ibang cloud na nabibili ko may halong amoy goma siya but pag tumagal naman na ok naman na yung amoy kaso pag sa unang spray ewan bumabalijtad sikmura ko sa sobrang tapang na ewan pasensya na po but ok naman sya di,1,0,0,0,The smell is not good.,,,
584,malambot ung sole ang dumi ng sintas at ung gilid ng shoes parang ginamit na nakakadissapointed ok na sana even tho masyadong mlambot ung rubber nyasira sira pa ung kahon nya,1,0,0,0,The sole is too soft, the box is sira sira.,,
585,i order black ang purple lining but ang dumating brown and ang tagal nya uminit,1,0,0,0,Wanted a black with purple lining but the item is brown, and it heats long.,,
586,cutie ang mga hairpins ok nmn sana lahat kaya lang kulang ang pinadala nyo cloth tissue 4 ang order at binayaran ko pero 3 lang ang pinadala nyo,1,0,0,0,The product is cute but the 4 cloth is not what has been sent, only 3.,,
587,wrong item 2 liters green order ko pinadala 12 liter blue sayang need ko pa naman yung 2 liters,0,1,0,0,Wrong item received 12 liter blue.,,,
588,may butas ung parcel oks naman ung item yupi yupi lang mga boxes at expected ko na may sarisariling balot,1,1,0,0,There is a hole on the parcel, but the item is okay, boxes are yupi yupi.,
589,para siyang laroan but still phone siya yung una ang hirap niya bukas kasi ilalagay namin yung battery pero okay namann sana lang mag tagal,1,0,0,0,It looks like a toy, hard to open to insert the battery.,,
590,okay naman yung product working naman siya kaso nung pagkabukas ko ng package hindi nakaclose yung box ng product medyo kinabahan ako na baka nadamage yung product so far okay naman may 3 levels yung fan although mabilis malowbatt kahit one level lang yung bilis ng fan not packed well,1,1,0,0,The product is working okay but the box is not closed.,,,
591,thank sa pag deliver po  the quality and condition is good  the color is beautiful i like it but the delivery is super duper matagal talaga i ordered last february 1 2023  dumating yung parcel is kahapon po pero thankful naman ako kasi wala siya damaged,1,1,0,0,Super duper matagal delivery, order February 1 and the parcel arrived is yesterday.,,
592,ok na sama ung shoes kaso my color stain,1,0,0,0,There are color stains.,,,
593,hinde nagana ng maayos po understable nman dhil sa price,1,0,1,0,Doesn't work properly because its cheap.,,,
594,you get what you pay for mahina ang fan kita naman sa video na although gumagana sya hindi man lang gumalaw ung buhok ng may suot mas ok pa ung handheld na portable fan sana check din ni seller quality ng item,1,0,1,0,Mahina yung fan because its cheap, and seller must check the quality of the item.,,
595,thank you po ganda sia po,1,0,0,0,The product is ganda,,,
596,the product i got didnt last longer nagkaissue sya sa loob nasunog yung wiring habang ginagamit ko and i was not able to provide a video dahil sa kaba baka sumabog yung purifier,1,0,0,0,The product didn't last longer and there is an issue inside and burnt.,,,
597,medjo disapointed di naman sya deffect pro di ganito ung iniexpect q na ledlights na pang roomand 4meter lng sya and subrang nipissayang,1,0,0,0,The ledlights is not as expected, it is only 4meter and its too thin, sayang.,
598,okay lang naman um maingay sya and may crack i recommend buying the original kahit mahal,1,0,1,0,Okay but noisy and has crack.,,,
599,sana po next time tamang kulay naman ipadala niyo pink po order ko blue pinadala niyo,0,1,0,0,Wanted a pink but a blue has arrived.,,,
600,hindi xa garantisaso yung unang inorder maganda pero etong pangalawa na ay walang plastic cover yung led lights,1,0,0,0,The second product is not good and it has no plastic cover.,,,
601,wrong variation but its okay andito na,0,0,0,0,No specific aspect mentioned.,,,
602,dalawa inorder ko tas dalawang keyboard and mouse pad ang binigay sana man lang pinag iba lalo naman at bumili na ko nung 4 in 1 na gaming combo dahil binigyan naman ako ng killua pad yung isa si zoro eh di naman ako fan ng one piece three ko,0,0,0,0,Mentioning unrelated aspects that cannot be tagged.,,,
603,nokia cover but parang cherry mobile ang apps pero ok na rin,1,0,0,0,Refers to product appearance/features.,,,
604,madaling malowbat no service kahit set na ang mmc ng smart at globe sayang maganda pa naman ang unit,1,0,0,0,Referring to product life.,,,
605,add 1 size 38 order ko di kasya sakin so dapat 39,1,0,0,0,The product does not fit.,,,
606,hay soc 3 bagal mo sana po maayos ang system dyan maganda ang item sana effective sya and tumagal salamat seller and jt,1,1,0,1,Item quality, delivery time, and seller interaction.,
607,i expected na kagaya siya sa na order ko last time pero hindi pala pero okay lang nman kahit manipis barato naman hehe,1,0,1,0,Quality of product and price,,,
608,bawas yung cloud ko nagleak pero mabango super compare sa meow and selena gomez ko nagleak talaga yung cloud eto pa namsn main purpose ng pagbili kooo,1,0,0,0,Quality of the product.,,,
609,oks ediwaw sa pic nakakadisappoint lang na anlayo ng mga inorder ko sa reality pero sge tinda nyo yan ehhh oks nalang saken kase mura lang din ehh,1,0,1,0,Product appearance vs. reality, justified by low price.,,
610,hindi tama ang binigay na size 25size order qo binigay salon 24 na size masikip sa anak qo,1,0,0,0,The product size is wrong.,,,
611,okay bagay lang sa price pwede na din pang jogging nyo thanks shoppe at sa shop na to,1,0,1,0,Product is good for jogging and the price.,,,
612,okay lang maling kulay binigay sakin kulay pink inirder ko binigay sakin dark green,0,0,0,0,The user is only talking about product color.,,,
613,okay naman ang item  hindi lang sya naka bubble wrap  mali din kulay ng baby care set ang inorder ko ay color blue  pero dumating ay pink anyway okay naman nagagamit naman thankyou parin,0,1,0,0,The user is talking about the delivery of the product.,,,
614,medyo manipis dismayado talaga ako sa colorpurple ung order tapos pink na clear ang dumating,1,0,0,0,Mentioning product features and color.,,,
615,not worth it mahina yung electric fan atsaka hindi na bbend,1,0,1,0,Quality of the product and the price.,,,
616,2 inorder ko white and pink medyo mahina yung pink pero ok nmn yung white,1,0,0,0,The quality of the product is being discussed.,,,
617,as you can see sa picture medyo unsafe lang ang dumating na item skin dahil sa walang bubble wrap yupi din ang boxpagdating sa item nagchacharge naman siya ang problem may umuugong sa loob ng fanang aking suggestion ay hope na sana ay yung pinapadala ay may bubble wrap para,1,1,0,0,The user talks about the product and its delivery condition.,,,
618,hindi niya kaamoy yung original cloud sobrang layo ng amoy so if u want to buy a dupe this isnt for you pero the scent is not that bad,1,0,0,0,The user talks about the quality of the product.,,,
619,sobrang nipis lang niya so dont expect na parang uniqlo or hm ung tela niya and kapal and for its price siguro worth it naman sa hm 990 sa uni 1290 so dito ka na kung pang everyday use and pang rider when it comes to packaging okay naman individually,1,0,1,0,Mentioning product material as well as its price.,,,
620,okay naman fast delivery no damage,0,1,0,0,Delivery speed and condition.,,,
621,rubber and canvas maliit po siya sa 38 mukha lang siyang 36 or 37 pero makapal po siya mukhang mejo magtatagal,1,0,0,0,The user talks about the quality of the product.,,,
622,i ordered whiteok nman nsunod kulay pero mdyo mdumi sa neckline yung fanprang 2nd hand tuloy,1,0,0,0,The product looks second hand.,,,
623,ang cuuuute nasa description naman yung size and kung walang size chart nagbibigay si seller kapag himingi ka will order again,1,0,0,1,Cute item and the seller's responsiveness.,,,
624,maliit i order size 36 cause i thought that its a bigger size for me kasi 34 ako dati after ko manganak lumaki ako kunti sumikip lang kunti yung mga gamit ko pero nung dumating order ko na disappoint ako kasi ang liit pala ng sizes nila,1,0,0,0,The product size is small.,,,
625,good quality item pero delayed lang siya pag ginamit na  matagal dumating pero ok yung pagkabalot,1,1,0,0,Product quality and delayed delivery.,,,
626,two wrong issued items received did not get the particular items na gusto ko which is the red football socks  snoopy bib reason kya ako nag add pa ng ibang items to buy the seller did not at least communicate if its ok to replace the particular items i,0,0,0,1,The user is complaining about the seller's service.,,,
627,ok for the price ok naman ang hangin looks like a toy,1,0,1,0,The product and its price.,,,
628,maganda siya matibay tignan kaso mali yung dumating na order sakin 10ribs ang inorder ko pero 8ribs dumating sakin please double check before packing and shipping out your products,1,0,0,0,The product quality is great.,,,
629,hndi po siya nakabubble wrap tapos sira yung cable ng earphone buds d kopa alam kung gagana or hnnd,1,1,0,0,The delivery and product damage.,,,
630,its sweet na may hint ng mentol may naamoy akong mentol at first pero mas nanaig naman yung sweetness niya nung katagalan okay naman sana matagal yung delivery but its fine with me tapos maganda rin naman yung pagkakabalot kaso lang isa lang yung dumating i ordered ariana grande cloud,1,1,0,0,Flavor and the delivery.,,,
631,natanggap ko na po medyo mabigat ung color black 610 siya para sakin pwede na para sa 79 pesos sa bahay lang naman gagamitin thanks,1,0,1,0,Weight of the item and its price.,,,
632,ang layo ng kulay red sa white red ang order ko naiba kung wala pkimessage na lang ako anyway may cp naman akonakadismaya,0,0,0,1,The user expects a message if the color is unavailable.,,,
633,maayos naman siya well sealed very useful sya para sakin so goods to pero yung shop kasi kulang yung mga items na pinapadala,1,0,0,0,The product has use.,,,
634,good ok naman siya sana matibay ito  thank you seller ang bilis dumating,0,1,0,1,Delivery speed and thanks to the seller.,,,
635,parang gamit na sya nay sira ang box then mga remote d na naka well pack pati ang wire ng saksakan may mga sign of usage may ilang gasgas dn,1,1,0,0,Quality of the item and packaging.,,,
636,not bad yung sa color i ordered blue and purple at ung isa green at purple ung natanggap parehong green at purple nakaka disappoint lang kc wala man lang kau pasabi na nd available ung blue at purple ni nd din nkabox kaplastik lang,0,1,0,0,Delivery and packaging,,,
637,smooth the only problem is the packaging hindi naka pack ng maayos yung pnaka lip brush kung ndi ko pa binalikan ung shopee plastic ndi pa sya makkita muntik ko pang maitapon kaya 3 stars lang but the product is good,1,1,0,0,The smoothness of the item, and the delivery condition.,,
638,disappointed ako s a eyeliner nag fade away tinry ko kaso parang wlang tinta,1,0,0,0,Product feature.,,,
639,ayun po may mga damage yung iba sana lang wag magkarashes c babyslaamat,1,0,0,0,Damage of the product.,,,
640,di ko sure okey naman siya maliban sa batery lead acid alam ko di tatagal si fan ko papalitan ko siya next month di siya 100 perfect nasa 70 lang dahil sa battery so cheap daling masira kaya 3 stars lang sa akin update a week madaling malobat battery 45,1,0,1,0,Product quality including battery, and price influencing quality.,,
641,nkakalungkot lang di tugma ang sizes sa designang hassle magbalik kaya pinagpartner ko nlang base sa sukatsali saliwa na ang design pray ko nlang ndi mapansin ng mga customer yung design ndi tugmasna nxt time pkirecheck ng maayus ang hassle magbalik lalo na province kame,1,0,0,1,Check well before delivering the product and the size is not fit.,,,
642,i dont recommend this wipes for babies dahil sa texture niya maganda into for adults lang for convenience esp kapag may lakad based sa pic akala ko nabasa yung mga orders ko sa ulan pero nag taka ako dahil fully sealed naman yung parcel yun pala ay may sira,1,1,0,0,The user compares the texture of the wipes and its use for babies as well as the parcel is sealed.,,,
643,sana long lasting nga para suki na ako sa shop nyo thank u sa seller at nag deliver,1,0,0,1,Product expectation and thanks to the seller.,,,
644,receive ko na sya yun nga lang sira yung box good thing working naman sya,1,1,0,0,The user receives the product and says that the box is broken but working.,,,
645,2s lang kase expected ko tig iisang color yung na order kowhite green at pink para iwas mag kapalitan kaso naging 2 whites at 1pink chineck ko ulit yung page ngayon naman naging blue yung picture ng vintage green tapos 4items inorder ko sa shop na to kaso 3items lang,0,1,0,0,The delivery of the product.,,,
646,ngloloq ung bluetooth d rin xa nailaw pag nkachargeibblik q sna pero wla aq time kc may baby kokya sna nxtym po test muna before packaging pongbayad ako ng tamang halaga pero nd maayos ung pnadala nio,1,0,0,1,Test the item well before delivering.,,,
647,mesh yung upper part ng shoes mabilis si seller at shipping salamat,1,1,0,1,The product feature, speed delivery and thanks to the seller.,,
648,received items on time no damage naman ang problema ay hindi pare pareho ng sukat yung isa halos 2 inch ang liit sa iba lapad at haba not xxl yung 2 ganon din maikli naman masyado hindi pantay,1,1,0,0,Sizes are not the same and the items are received on time with no damage.,,,
649,size 9 ang paa it doesnt fit to me maliit sya dapat 1 size up ang kinuha ko 4041 mukhang madali lang matanggal dikit pero since mura naman ok na rin sya,1,0,1,0,The product is small and the price.,,,
650,disappointe po aq mali ung isang kulay tapos ang size pla ng size 40 parang 8 lng maliit halos hindi q lng masusuot,1,0,0,0,The product has the wrong color and small size.,,,
651,ok naman mga items disappointed lang sa isang socks yun pa nmn hinihintay ko dahil pang terno nya mali design na binigay instead na yellowred orange socks ang dumating,0,0,0,0,The product has a different design.,,,
652,different from the pic 3 star kc ung gusto kung ano ung nasa pic bat naman iba narcvd ko no choice gamitin p rin kahit na haysss,1,0,0,0,The product is different from the picture.,,,
653,maling kulay ung dumating sa socks  preferably red bettles pink ung dumating,0,0,0,0,The product color is wrong.,,,
654,umm ang dali masira nung ano niya tinanggal ko lang yung purple sa taas tapos nalasog lasog na siya nung nilagay ko yes effective nag pink yung lips ko then triny ko siya alisin tapos maya maya nag bakbak yung lips ko huhu idk basta ayon,1,0,0,0,The quality of the product.,,,
655,ok naman pwede pagtyagaan para sa swak na budget ang tagal lang dumating july 7 ko order now lang dumating july 15 dumating,0,1,1,0,The item and the price.,,,
656,ito lang laman ng akin okay lng naman for the price pero ung iba 2 items me 1lang,0,0,1,0,The user mentions the price.,,,
657,sobrang nipis ng diaper parang 1 ihi lng ni baby tatagos na 2nd order ko p nmn kse sabi ko nga sulit tumagal yung unang order ko,1,0,0,0,The diaper is thin.,,,
658,akala q colord yun pla blak in white sa picture colord yung nka lagay,1,0,0,0,The user expected a colored item.,,,
659,good poor packaging baxta lang nilagay sa shoppee plastic bag,1,1,0,0,The packaging is not good and the quality of the item.,,,
660,tama lng sakto s hlga pohinde gnonn katibay piro cute nmn cyatama bigay kulayvery goodkaso medyo mtatngal n un gilid nyaprng kulng sa dikitpki ayus next tym mdam sir hatnxz,1,0,1,0,The quality and price of the product.,,,
661,okay naman yung tsinelas mabigat makapal nga lang napalaki size ko sa beige pambabae sabi kasi sa review add 2 eh kahit add 1 size lang malaki yung lusutan ng daliri pambahay lang talaga thanks seller yung black sa hubby ko ok nmn,1,0,0,1,The item is bulky, size issues and seller is thankful.,,
662,oks oki naman sya gumagana kaso walang nakaindicate na charging time kung ilang oras para mafullcharge yung item,1,0,0,0,No indicated charging time on the item.,,,
663,almost 15days bago dumating,0,1,0,0,Delivery time.,,,
664,cute among 8 items ordered 1 of it is defective it does not work talaga we charge it na but still its not working sayang ang money but the others are working,1,0,1,0,Product defect and lost money.,,,
665,received na ganito ang packaging nakayupi and opened ang karton i dont know if sa seller pa ba ang fault neto or sa delivery rider  ipapanregalo pa naman for exchange gift ng anak ko tapos ganito,1,1,0,0,Damaged packaging.,,,
666,sakto lang hindi maganda hindi rin pangit malambot ang hirap ilakad pero okay lang mura lang naman salamat shopee at seller,1,0,1,0,Item quality, price, and thanks to Shopee and seller.,
667,not god nag hahang yung tablet ang bilis malobat di ako makanpag search nag hahang pa,1,0,0,0,Quality and speed.,,,
668,ok nman sana na gustohan ko din tapos mura pa kaso damage lang firsttime ko maka received ng damage kaya medyo nadisappoint ako anyways ako nlang mag tatahi still good pa nman sana next time check nyo lang before ideliver,1,0,1,0,Product quality and price.,,,
669,not worth it nkkdismaya kc yupi yupi n yung box tas yung buga ng hangin ang hina hina khit nknumber 3,1,1,1,0,Condition of the delivery.,,,
670,okay naman po yung item i think the only problem is that something is missing yung lalagyan ng phone is parang may kulang po na parts but its okay as long as the product was fine and thats more important thank you for this my friend loved it,1,0,0,1,Missing parts of the product but the friend loved it.,,,
671,good if you are not a fan of stained hands then this is not for you it actually smells good i received a wrong item i ordered tan seller gave me pink  i want to rate it 5 star if only tama yung item na nareceive ko  i,1,0,0,1,Wrong item delivery.,,,
672,rose gold hindi sya nagda dark sa outdoor,1,0,0,0,Quality of the product.,,,
673,ok i ordered back and white shiy ang pad not siya secured in place not rin masyadong ok yung quality ng material parang prone to runninf and in terms of color see thru yung pad sa white ok naman for the price,1,0,1,0,Material quality and the product price.,,,
674,ok maganda sya kaso yung isang kulay d nasunod pero all goods parin,0,0,0,0,The user only says product color.,,,
675,not soo really hndi ko gusto ang knyang quality sorry tlga honest review lng yung sound nya my gosh hnd buo pangit sa pandinig pero ok na rin worth the price,1,0,1,0,Sound quality and its price.,,,
676,good salamat shopee ate seller at sa rider and nag deliver very nice quality microphone kahit sira ang cartoon ok naman yong mic sa loob,1,1,0,1,Thanks to the seller and the rider.,,,
677,ok naman sana ung items mura din kaso napakatagal bago naship inabot ng 4days tapos ung delivery 4days din sa jt 12days lang andito na sakin,0,1,1,0,Slow shipping and delivery.,,,
678,brown cat order ko bkit orage tiger yong dumating piro oj nman maganda nman quality kaka sad lang kasi maling design ang pinadala,1,0,0,0,Design is wrong but quality is good.,,,
679,magkaiba ng color compare dun sa 1st purchase ko,0,0,0,0,The color is different.,,,
680,kumpleto nmn ung mga items meron madali masira at kuulang ng isang ipin ung sa windproff energy saversalamat po pati sa nagdeliber,1,0,0,1,Items are easy to break and thanks to the delivery.,,,
681,mabilis magship kaso hindi maayos ang packaging nabasa tuloy ang nabili kong mask buti may natira pa sana kapag may kasamang wet wipes ay ipalastic nila ang mask,1,1,0,0,The item is being shipped fast but the packaging is not okay.,,,
682,nice ok naman kaso medyo durog na yung box sana next time may pa buble wrap na,0,1,0,0,Delivery issue.,,,
683,inorder ko sya 1111 tas 1122 na dumating matagal pero understandable naman kasi overseas anyway the item is so cute and nice but its not waterproof tsaka antagal matuyo pero okay na rin for its price hehe thank u seller,1,1,1,0,The product is not water proof.,,,
684,pang bata ang size nagkasya lng sa aking apo na 10 yrs old and 410 ang height ibibigay ko sana sa anak kong binata,1,0,0,0,Size of the product is for kids.,,,
685,okay naman siya wellpackaged may concern lang ako may key po kasi na medyo off pag pinipindot i cant say that the key is damaged but more on may defect medyo bothering pag pinipindot i tried to message you pero no reply,1,0,0,1,Defect of the product, and the seller is not replying.,,
686,maganda at mabilis lng yung delivery thanks seller and kuya rider,0,1,0,1,The product delivery.,,,
687,good quality but very wrong items diko sure if ma excite paba yung mga bata na nag order nito,1,0,0,0,Quality of the item but its wrong.,,,
688,akala ko yung nasa picture ng item is same as the actual product maliit sya sa personal and yung strap nya hindi maayos pagkalagay hahaha,1,0,0,0,The item is different from the actual product.,,,
689,sorry late comment maganda cya nkaka straight cya ng hair masarap gamitin thank you po sa shoppee and rider na naghatid,1,0,0,1,Quality of the item.,,,
690,maliit sya need mo mag 1 sa sizes,1,0,0,0,Sizes of the product.,,,
691,ml ung nareceive ko pero order ko 2000ml d ko na binalik kasi kelangan ko na gamitin good condition naman ung bottle kaso malayo talaga dun sa order ko haaay,1,0,0,0,The size of the product and its condition.,,,
692,35 yung amoy niya oag nag spray ka parang alcohol then after 1 minutes siguro medyo sweet na yung amoy niya pero hindi siya same sa og kasi meron akong og dito tapos cinompare ko pero okay naman na siya para sa price,1,0,1,0,Smell of the product and the price.,,,
693,i ordered m but l lahat ng sizes na binigay,0,0,0,0,The user ordered but the sizes are mixed.,,,
694,creamy i am looking for a tint this is no tint natatanggal at dumidikit pag dinadampi ano ba yan,1,0,0,0,The product feature.,,,
695,okay naman po yung items magaganda lahat ng quality except dun sa puti na tube parang nag transfer po yung kulay ng maroon di kasi nakahiwalay pagpack or atleast man lang sana yung puti inilagay sa separate na supot,1,1,0,0,Transfer of color and the product delivery.,,,
696,sobrang stretchable niya na hindi siya masyadong effective as a girdle parang highwaist panty lang ang nangyari anyways thanks pa din,1,0,0,0,The user says the product is not effective.,,,
697,nkalagay sa order ko black ang dumating blue colorblinded yata si seller yun lang nmn mali the rest worth it nmn,0,0,0,0,The item is wrong color,,,
698,3 star lang po kasi na disappointed po ako kasi 5m ang inorder ko tapos nang sinukat ko ehhh 4m lang ang binigay nakakinis talaga,1,0,0,0,The product size is wrong.,,,
699,okay naman sya  gumagana lahat  akala ko lang colored sya hindi pala  pero thank you pa rin,1,0,0,0,The item function is great,,,
700,ayaw nman mag charge yan item send ninyo,1,0,0,0,The product cant charge,,,
701,hindi masyado magandaaa pero okayy naa mura lang naman,1,0,1,0,"Product aspect because it describes the quality as ""hindi masyado magandaaa"". Price aspect because it mentions ""mura lang naman"".",,,
702,1star s shop natosana namn po bago nio e ship paki try namn po kung gumganaexcited p namn sana pamangkin ko n gamitin pero patay sindi lng xanag chacharge gagana tos d nanaman gaganasayang lang pera,1,0,1,1,"Product aspect: ""patay sindi lng xa"". Service aspect: ""sana namn po bago nio e ship paki try namn po kung gumgana"". Price aspect: ""sayang lang pera"".",,,
703,the black one hindi stretchable saysng nmanmaganda pa nman,1,0,0,0,"Product aspect: Mentions ""hindi stretchable"" and ""maganda pa nman"".",,,
704,keme lang toh kakaorder ko lang last night pero naka order received n agad khit d pa nashiship out kaloka bbigyan ka nila ng voucher code with no min spend tapos ang ending papaasahin k lang hahahha gnun katigas mga mukha nila hahahaha,0,0,0,1,Service aspect: Negative experience related to the seller's promises and lack of follow-through.,,,
705,ok yung strap pero yung sa gilid medyo manipis wala din sizes yung iba na na double check nman dw ng seller ewan nd ko alam kng ano ngyari bakit wlang sizes ang iba hula hula nlang iba dn pinadala poor packaging kse pgbukas mu ng plastik yung item aga,1,0,0,1,"Product: ""ok yung strap pero yung sa gilid medyo manipis"" , Service: ""na double check nman dw ng seller ewan nd ko alam kng ano ngyari bakit wlang sizes ang iba iba dn pinadala poor packaging"".",,,
706,this is all good and working but the first thing is the remote control this is not for 215 imean for 10meters thats why i choose 10mters because of the remote control but when i open the parcel i really disappointed maliit ung dumating na remote,1,1,0,0,"Product aspect: ""all good and working but the first thing is the remote control this is not for 215 imean for 10meters"" Delivery aspect: ""but when i open the parcel i really disappointed maliit ung dumating na remote"".",,,
707,i received complete item corrrct color but ung isa ay wrong size ok lng po sana kung nainform before shipout hindi ung paladesisyon kayo kung wla ung size sna inform nyo po ung customer or pakitanggal n po s listing nyo kung wla nmn pala stock or sna medyo malapit,0,1,0,1,"Delivery aspect: ""i received complete item corrrct color but ung isa ay wrong size"" Service aspect: ""ok lng po sana kung nainform before shipout hindi ung paladesisyon kayo kung wla ung size sna inform nyo po ung customer"".",,,
708,ung 2nd time order ko yung isang perfume iba yung amoy compare sa isa,1,0,0,0,"Product aspect: ""ung isang perfume iba yung amoy compare sa isa"" (different scent).",,,
709,receive the item pero bkit maingay para kang nakasakay sa eroplano kpag iopen yun fan,1,0,0,0,"Product aspect: ""bkit maingay para kang nakasakay sa eroplano"" (noisy fan).",,,
710,same same mali nanga kulay di pa effective sayang order ko kala ko yung tulad ng sa iba na magsstay ng matagal hayst,1,0,1,0,"Product aspect: ""di pa effective"" Price aspect: ""sayang order ko"".",,,
711,order received okay naman ang item kala ko medjo makapal siya sobrang nipis pala pero ok naman well order again po ty seller,1,0,0,0,"Product aspect: ""ok naman ang item kala ko medjo makapal siya sobrang nipis pala"".",,,
712,di pa nagagamit maganda yung product nagustuhan ng panganay ko para sa kapatid siya daw muna gagamit kasya pala 2 year old ko sa higaan malaki pala siya than expected matagal nga lang ang deliver nadelay 2 days sa estimated arrival niya mahirap din siya tupiin diko naintindihan instructions sa,1,1,0,0,"Product: ""maganda yung product nagustuhan ng panganay ko kasya pala 2 year old ko sa higaan malaki pala siya than expected mahirap din siya tupiin"" Delivery: ""matagal nga lang ang deliver nadelay 2 days sa estimated arrival niya"".",,,
713,black maliit ang binigay sa akin na dalawang black  useless lang din  same sa isang seamless na black na binigay sa akin,1,0,0,0,"Product aspect: Mentions ""maliit ang binigay"", indicating a size issue.",,,
714,kala ko gray talaga sya d sya tulad ng nasa pic pero okay naman ung quality sa color lang na disappoint thanks,1,0,0,0,"Product aspect: ""d sya tulad ng nasa pic pero okay naman ung quality sa color lang na disappoint"" (different color, ok quality)",,,
715,sana sinabi nya sa description na mag aadd nang isang size para alam nang costumers nya na hindi sya standard sizejusko hindi ko na tuloy magamit,1,0,0,0,"Product aspect: The review suggests that the seller should have mentioned that the size is not standard, indicating a sizing issue with the product.",,,
716,manipis manipis cya need ng pang inner wear ok lng sa price niya at mahaba nga pala para sa 51 na tulad ko,1,0,1,0,"Product aspect: ""manipis manipis cya need ng pang inner wear"" Price aspect: ""ok lng sa price niya"".",,,
717,the item itself di achieve yung pag ipit ng tummy parang walang nangyari nasayangan lang ako sa pinambili ko,1,0,1,0,"Product aspect: ""di achieve yung pag ipit ng tummy parang walang nangyari"" Price aspect: ""nasayangan lang ako sa pinambili ko"".",,,
718,75 idk rlly know how to feel cause para sakin yung amoy nya matapang parang amoy alcohol lang tas nung pagbukas ko kanina nagleleak sya,1,1,0,0,"Product: ""para sakin yung amoy nya matapang parang amoy alcohol lang tas nung pagbukas ko kanina nagleleak sya"" Delivery: ""nung pagbukas ko kanina nagleleak sya"" (condition upon arrival)",,,
719,daming scratch na pagdating ng parcel all in all okay naman,1,1,0,0,"Product aspect: ""daming scratch"" Delivery Aspect: ""pagdating ng parcel"".",,,
720,smells good at first but eventually smells too manly kalaunan honestly makes me dizzy make today extra special with 15 off designer blooms valentines day collection no points required spread the love and redeem this exclusive offer via glbecoglbone per dti fair trade permit no fteb161007 series of 2023 points,1,0,0,0,"Product aspect:""smells good at first but eventually smells too manly kalaunan honestly makes me dizzy"" (scent).",,,
721,received na po pero wala pong kasamang remote even manual wala rin paano po kaya yun,1,0,0,0,"Product aspect:""wala pong kasamang remote even manual wala rin"" (missing items).",,,
722,wrong color rcv i orderd for blue white po dumating,0,1,0,0,"Delivery aspect: ""wrong color rcv i orderd for blue white po dumating"".",,,
723,maganda at sulit naman ang price pero inexpect ko na baka mas malakix ng kunti sa pesonal kasi medyo malakix sa picture nice,1,0,1,0,"Product aspect: ""inexpect ko na baka mas malakix ng kunti sa pesonal kasi medyo malakix sa picture nice"" Price aspect: ""sulit naman ang price"".",,,
724,okay puro medium order ko may nasingit na large,1,0,0,0,"Product aspect:""okay puro medium order ko may nasingit na large"" (size issue).",,,
725,nakakasugat yung matigal na sa high waist,1,0,0,0,"Product aspect:""nakakasugat yung matigal na sa high waist"" (uncomfortable material).",,,
726,ang dumi ng cover ng blue tpos pgbukas ko may isang rib or bakal na tabingi,1,1,0,0,"Product: ""ang dumi ng cover ng blue tpos pgbukas ko may isang rib or bakal na tabingi"" Delivery: ""pgbukas ko"" (condition upon arrival)",,,
727,water syemps hindi ko gusto yunv amoya baho siya for me parang ewan pero di ko den alam if effective todo spray lang ako 3h,1,0,0,0,"Product aspect:""hindi ko gusto yunv amoya baho siya"" (bad smell/odor).",,,
728,maganda and akala ko hindi goma pero pwede na thankyou seller,1,0,0,1,"Product: ""maganda"" Service: ""thankyou seller"".",,,
729,maganda po sya sulit sa price kaso sira lang po ung blue light nya pero ok sya nakakaganda ng room,1,0,1,0,"Product aspect: ""maganda po sya nakakaganda ng room kaso sira lang po ung blue light nya"" Price aspect: ""sulit sa price"".",,,
730,hi ayos naman po yung packaging maganda din naman yung stand gumagana naman po ang concern ko lang is parang mahina yung ilaw nya hahaha unlike nung sa dati kong binili ganun din naman price and size pero malakas matagal din mapundi yun lang thank you,1,1,0,0,"Product: ""maganda din naman yung stand gumagana naman po ang concern ko lang is parang mahina yung ilaw nya"" Delivery: ""ayos naman po yung packaging"".",,,
731,enough the make up spray is not that quite effective in terms of somewhat called long lasting and di sya gaano nag tatouch sa mukha affordable naman kahit papano,1,0,1,0,"Product aspect: ""not that quite effective in terms of somewhat called long lasting and di sya gaano nag tatouch sa mukha"" Price aspect: ""affordable naman kahit papano"".",,,
732,its not wind proofpg mhina n kalan at nhnginan nmmtay din,1,0,0,0,"Product aspect: ""its not wind proof"".",,,
733,oks lang magandanamanforprice thanks,1,0,1,0,"Product aspect: ""magandanaman"" Price aspect: ""forprice"".",,,
734,33 ko to inorder 37 dumating na sya nagtataka lang ako kung bakit nakalabas yung sa may bra di manlang tinahi but thanks pa rin,1,1,0,0,"Product aspect: ""nakalabas yung sa may bra di manlang tinahi"" Delivery: ""33 ko to inorder 37 dumating na sya"".",,,
735,natry q sia saglit kse lowbat sia ewan q lang kpg ncharge na kung mlkas ung hangin nia sana nmn ok sia,1,0,0,0,"Product aspect: Mentions ""lowbat"" and hoping for strong wind after charging.",,,
736,next time po make sure na check muna yung item before iship may damage yung item ok sana yung item kaso may damage siya may butas siya,1,0,0,1,"Product: ""may damage yung item may butas siya"" Service: ""make sure na check muna yung item before iship"".",,,
737,hard rubber masakit sa paa i ordered 2white 1black 1 pink but instead you sent 3white 1 pink  sana kng hindi available ang color wag ipilit sa customer para hindi nadidissapoint sa service ng seller,1,0,0,1,"Product aspect: ""hard rubber masakit sa paa"" Service aspect: ""sana kng hindi available ang color wag ipilit sa customer para hindi nadidissapoint sa service ng seller"".",,,
738,blue ang natanggap q ei black ang order qwrong color,0,1,0,0,"Delivery aspect: ""wrong color"".",,,
739,dapat pala 1 size bigger ang inorder kosayang hindi ko magamitsaddddddd,1,0,1,0,"Product aspect: Mentions ordering a size too small ""dapat pala 1 size bigger"" Price aspect: ""sayang"".",,,
740,bumili ako ng xxl xl at large yung large at xl same lang yung lake parang small lang kaya kung matangkad at mahaba legs nyo di to para sainyo di din pwede sa malalaki hita masikip sya sa bandang legs anyways thank u pa din sa seller kasi kumpleto ang,1,0,0,0,"Product aspect: ""yung large at xl same lang yung lake parang small lang kaya kung matangkad at mahaba legs nyo di to para sainyo"".",,,
741,complete lahat ng orders ko but yung isa mali yung kulay instead of silver ang andito is parang orange color ata to,0,1,0,0,"Delivery aspect: ""yung isa mali yung kulay instead of silver ang andito is parang orange color ata to"".",,,
742,tagal matuyo already tried the product its good if your just new to make up and just trying new things but its definitely not suitable to wear outside while its hot or raining cats and dogs cause it not even close to waterproof nor sweatproof as the seller says,1,0,0,0,"Product aspect: ""tagal matuyo"", ""not suitable to wear outside while its hot or raining cats and dogs cause it not even close to waterproof nor sweatproof"".",,,
743,masaya sana kung parehas gumagana ung green lng po ang gumagana pero ung pink d po cia gumagana,1,0,0,0,"Product aspect: ""ung green lng po ang gumagana pero ung pink d po cia gumagana"".",,,
744,good nag order po ako ng tatlo tapos po sira yung green walang lumalabas na hangin tapos maingay pa yung pink sira yung on nya yung white ganun din po naka order din po ako dati sira naman po yung chargeran,1,0,0,0,"Product: All items are defective. ""sira yung green walang lumalabas na hangin tapos maingay pa yung pink sira yung on nya yung white ganun din"".",,,
745,sa sobrang tagal nakastock ng payong kahirap buksan hindi siya worth it sa price,1,0,1,0,"Product aspect: ""sa sobrang tagal nakastock ng payong kahirap buksan"" Price aspect: ""hindi siya worth it sa price"".",,,
746,equal to amount ung pants po may stain na white sa gilid like parang nagkamali ng logo tas ibang logo nlng nilagay isang laba pa lang malapit na matanggal ung logo sana wala nlng ganon ayaw ko sana mag review ng di maganda kaso alam nyo un nagbayad naman ng,1,0,0,0,"Product aspect: ""may stain na white sa gilid like parang nagkamali ng logo tas ibang logo nlng nilagay isang laba pa lang malapit na matanggal ung logo"".",,,
747,okay nmn gumagagan my mga yupi lng i dont know if s courier unkc wala man lng nkalagay s bubble wrap kung saan ang taas at baba ng item bka binalibaliktad kya ganunhaisst,1,1,0,0,"Product: ""my mga yupi"" Delivery: ""wala man lng nkalagay s bubble wrap"".",,,
748,white po ang inorder pero pink ang dumating,0,1,0,0,"Delivery aspect: ""wrong color"".",,,
749,kulang po yung pinadala nyong wallpaper flattetter 3 yung order ko 1 lang dumating,0,1,0,0,"Delivery aspect: ""kulang po yung pinadala"".",,,
750,hindi po effective ang wrap nagleak siya lagyan ng mas effective na packaging na di sya magleak,1,1,0,0,"Product: ""hindi po effective ang wrap"" Delivery: ""nagleak siya lagyan ng mas effective na packaging na di sya magleak"".",,,
751,ang ganda ng pakabalot niyo nuhdi ko alam kung nagtitipid kayo sa scatch tape naka bubble wrap nga di naman naka scatch tape buti nalang di sira,0,1,0,0,"Delivery aspect: ""di ko alam kung nagtitipid kayo sa scatch tape naka bubble wrap nga di naman naka scatch tape buti nalang di sira"".",,,
752,kakasad nmn bkit ibang kulay ung pinadala nyo light grey po ung order qsna kung dna un available dpat po ngsbi po kyo pra nkpili po aq ng kulay n ibadmi n kcing itim ng asawa q ibang kulay nmn snanext tym po update nyo po muna ung costumer,0,1,0,1,"Delivery aspect: ""bkit ibang kulay ung pinadala nyo"" Service aspect: ""sna kung dna un available dpat po ngsbi po kyo"".",,,
753,may mga murang product pero sulit ang bayad at may qualidad i can not recommend this shop to others quality over quantity on the other hand fast dlivery by jnt thanks,1,1,1,0,"Product: ""may qualidad i can not recommend this shop"" Price: ""may mga murang product pero sulit ang bayad"" Delivery: ""fast dlivery"".",,,
754,good goods ang item nakalimutan ko mag order ng oil,1,0,0,0,"Product aspect: ""good goods ang item nakalimutan ko mag order ng oil"".",,,
755,mahal ng set nila medyo hindi lang po ako satisfied kasi manipis lang po siya including yung bed at unan yung tahi ng net natatastas rin sorry po 3 star lang medyo natagalan lang rin sa pagship,1,1,1,0,"Product: ""medyo hindi lang po ako satisfied kasi manipis lang po siya including yung bed at unan yung tahi ng net natatastas rin"" Delivery: ""medyo natagalan lang rin sa pagship"" Price: ""mahal ng set nila"".",,,
756,3 sets ang binili ko each set ay may sirang clip tanggal yung design sa pinakaclip,1,0,0,0,"Product aspect: ""each set ay may sirang clip tanggal yung design sa pinakaclip"".",,,
757,good thank you seller and ridermaganda po yung item malilng ako ng size kala ko 34 kasya sa akinmaliitbenta ko nlng sa mga teen taposorder uliako,1,0,0,1,"Product: ""maganda po yung item malilng ako ng size"" Service: ""thank you seller and rider"".",,,
758,not good pangit ng quality and di yon yng order kooo,1,0,0,0,"Product aspect: ""pangit ng quality and di yon yng order kooo"".",,,
759,nakakadisappoint kasi sobrang nipis ng tela pero eka nga ano bang inexpect mo sa mura na presyo anyways thank you pa din seller and shopee,1,0,1,0,"Product aspect: ""sobrang nipis ng tela"" Price aspect: ""mura na presyo"".",,,
760,this 85ml ariana cloud is not good i thought super bango niya hindi siya amoy soft powder candy super disappointed ako dito kasi nagexpect ako na mabango siya and also hindu rin siya nagtatagal parang hindi oil based 35,1,0,0,0,"Product aspect: Describes the scent as ""hindi good"", ""hindi amoy soft powder candy"", and not long-lasting.",,,
761,hindi ko alam kung hanggang ganon lang yung lakas ng hangin since di ko pa siya na chcharge pagkadating,1,0,0,0,"Product aspect: Uncertain about wind power, indicates the need to charge it first ""since di ko pa siya na chcharge"".",,,
762,disappointed wrong color po okay lang sana kung hindi same color pero parehong red naku posana naman iniba nyonag message pa ako pagka order ko sana naman be responsiblehindi naman random colors ang nakalagay nakiclick ko pa nga ang gray at black ehpaano naging red,0,1,0,1,"Delivery aspect: ""wrong color po"" Service aspect: ""sana naman be responsible"".",,,
763,dito ako umorder since shopee mall yung product mukhang hindi legit yung smoke removal naging smoke ermoval,1,0,0,0,"Product aspect: Questions the authenticity of the product ""mukhang hindi legit"".",,,
764,okay naman po mga dumating na bra kaso sa gym training shorts ang dumating instead of above knee,0,1,0,0,"Delivery aspect: ""sa gym training shorts ang dumating instead of above knee"".",,,
765,510 ayun you get what you pay for lol okay naman siya hindi ko pa na try suotin for long period of time not sure if comfy but ok thank you,1,0,0,0,"Product aspect: ""okay naman siya hindi ko pa na try suotin for long period of time not sure if comfy but ok"".",,,
766,ang ikli nung strap to na nga ang pinaka small size mas lalo pang lumiit dahil sa strap,1,0,0,0,"Product aspect: Describes the strap as short ""ang ikli nung strap"" and the size as smaller than expected.",,,
767,sa caption nakalagay samsung pero sa actual di po kapag samsung kasi may label yan sa gadget mismo legit ang storage nya yung pen ay di mataas tulad ng sa first picture nya na mataas pero nagagamit parin naman kompleto din walang kulang kapag naka charge di sya pwedeng gamitin,1,0,0,0,"Product aspect: ""sa caption nakalagay samsung pero sa actual di po yung pen ay di mataas tulad ng sa first picture nya"".",,,
768,ayaw mag change ng light color parang my defect ung switch,1,0,0,0,"Product aspect: ""ayaw mag change ng light color parang my defect ung switch"".",,,
769,not bad manipis masyado pero goods naden sa presyo,1,0,1,0,"Product aspect: ""manipis masyado"" Price aspect: ""goods naden sa presyo"".",,,
770,maganda yun eyeliner for its price pero yung mascara hindi,1,0,1,0,"Product: ""maganda yun eyeliner"" ,""yung mascara hindi"" Price: ""for its price"".",,,
771,good matagal lang dumating pero okay na delay yung sound pag nag lalaro chinese yung nasalita pag pumili sa game mode or music mode overall okay naman at nagagamit sana tumagal,1,1,0,0,"Product: ""delay yung sound pag nag lalaro chinese yung nasalita pag pumili sa game mode or music mode overall okay naman at nagagamit sana tumagal"" Delivery: ""matagal lang dumating pero okay"".",,,
772,sobrang na excite ako dito sa parcel na to to the point na nung dumating hindi ko na navideohan inopen ko na agadbut i was disappointed hindi gumagana yung isa tapos ang ingay pangayon lang ako nagka experience ng ganto sa shoppee,1,1,0,0,"Product aspect: ""hindi gumagana yung isa tapos ang ingay"" Delivery aspect: ""nung dumating hindi ko na navideohan"".",,,
773,ok na sana eh kaso diskompyado aq dto sa isang pair magkaiba ng design hays,1,0,0,0,"Product aspect:""magkaiba ng design hays"" (design inconsistency).",,,
774,ok ok na sana 2nd order ko na to pro sablay na mali lng pinadala na size 3xl order ko 2xl ang dumating sobra pa tagal di ko tuloy magamit haaayst sayan lng,0,1,1,0,"Delivery aspect: ""mali lng pinadala na size 3xl order ko 2xl ang dumating"" Price aspect: ""sayan lng"".",,,
775,mabilis uminit few seconds umiinit na agad yung unit on off nalang does the job kaya 3 stars sana magamit ng matagal,1,0,0,0,"Product aspect:""mabilis uminit few seconds umiinit na agad yung unit"".",,,
776,ok naman kaso may typo mali yung spelling ng smoke removalnakakaduda tuloy kung original ba yung item kahit sa shopee mall bumili,1,0,0,0,"Product aspect: Questions originality ""mali yung spelling ng smoke removalnakakaduda tuloy kung original ba yung item"".",,,
777,yong square pants ang ganda ng tila nya malambot malamig za balatwhite shirt manipis pala xa pero mgnda na tila nmantama lang dn ung jogging pantssana mgtagal za pe ng anak qsakto lang ung tila nila za price hehethank u po sellermganda isuot kz malamig sa balat,1,0,1,1,"Product:""ganda ng tila nya malambot malamig za balatwhite shirt manipis"" Price: ""tama lang dn ung jogging pantssana mgtagal za pe ng anak qsakto lang ung tila nila za price"" Service: ""thank u po seller"".",,,
778,none di masyadong nagmamark so thin talagaseller unresponsive they sent me a product na walang laman thank u manong rider,1,0,0,1,"Product aspect: ""di masyadong nagmamark so thin talaga"" Service aspect: ""seller unresponsive they sent me a product na walang laman"".",,,
779,thin hindi sya yung order ko violet black dumating,0,1,0,0,"Delivery aspect:""hindi sya yung order ko violet black dumating"" (wrong item)",,,
780,not so good dahil sa battery life oka namn sya maganada kaso madaling magbawas ng battery life madaling malowbat kaka charge ko palang po wla pang 1hr lowbat nah partida hindi ako naka data or wifi sine set up ko palang,1,0,0,0,"Product aspect:""madaling magbawas ng battery life madaling malowbat kaka charge ko palang"".",,,
781,good it was different from what i ordered im waiting for it pa naman but its fine everything is good about it,0,1,0,0,"Delivery aspect: ""it was different from what i ordered"".",,,
782,good received product today kaso may crack nga lang yung gilid i dont know kung delivery to galing hindi ko naman siya binagsak ipapangregalo ko pa naman sana to sa tatay ko,1,1,0,0,"Product aspect: ""may crack nga lang yung gilid"" Delivery aspect: ""received product today"".",,,
783,nag overheat po sya kapag uminit na titigil bigla mag function need pa ipahinga before ule magamit mabilis din uminit pero strong yung sunction nya,1,0,0,0,"Product aspect:""nag overheat po sya kapag uminit na titigil bigla mag function need pa ipahinga before ule magamit mabilis din uminit"".",,,
784,good ok naman siya kasu parang ang sensitive nya pag na sa ears na siya pag bigla mong nahawakan or na touch man lang bigla nalng nag tu turn off yung music meron syang sense of touch hahaha,1,0,0,0,"Product aspect: Mentions the sensitivity of the product ""sensitive nya pag na sa ears na siya pag bigla mong nahawakan or na touch man lang bigla nalng nag tu turn off"".",,,
785,ang nakalagay ay 10m pero 5 meters lang pala ang dumating nalaman lang namin nung ikinabit na kasi maikli lang ang napaglagyan ubos na isang roll 5meters lang pala sa susunod be honest sa details ng products nyo maraming salamat,1,0,0,0,"Product aspect: ""ang nakalagay ay 10m pero 5 meters lang pala ang dumating"" (mismatch in advertised length).",,,
786,3 functional long yung stand but it has dents and lala nung dent nung isang paa niya so ill give this a score of 35 because it is functional naman may dent lang talaga,1,0,0,0,"Product aspect: ""but it has dents and lala nung dent nung isang paa niya"".",,,
787,3 stars only may kahinaan ang sounds ng earphone mejo not satisfied pero ok na din,1,0,0,0,"Product aspect: ""may kahinaan ang sounds ng earphone"".",,,
788,the packing was ok na sana pero may gas2 yung item at may yupi yung extra filter baka sa courier sana mag tagal,1,1,0,0,"Product aspect: ""may gas2 yung item at may yupi yung extra filter"" Delivery aspect: ""packing was ok na sana"".",,,
789,good first time ko omorder dtonagustuhan ko agad,0,0,0,1,"Service aspect: ""first time ko omorder dtonagustuhan ko agad"".",,,
790,wrong color yung binigay pink order ko black ang pinadala,0,1,0,0,"Delivery aspect: ""wrong color"".",,,
791,good goodz naman siyaa kaso yung sound quality medyo hindi okay pero goods siya sa price niya na ganoon,1,0,1,0,"Product aspect: ""yung sound quality medyo hindi okay"" Price aspect: ""goods siya sa price niya na ganoon"".",,,
792,with issue disappointed ako sa isang tumbler kasi hindi nag open ung flip cover nya unlike nung isa na pag pinisil ung lock mag bubukas na si seller hindi na rin nagreply nung may problem na dapat ung refund policy dto sa shopee ay ibalik kc pag may deffect ang,1,0,0,1,"Product aspect: ""hindi nag open ung flip cover nya"" Service aspect: ""si seller hindi na rin nagreply nung may problem"".",,,
793,walang essential oil na kasama nawawala yung string sa dulo,1,0,0,0,"Product aspect: Mentions ""walang essential oil na kasama nawawala yung string sa dulo"" (missing parts).",,,
794,sir ask ko lang panu po makkita yung mga dust sa sweaping robotthanks,1,0,0,0,Product aspect: Question about how to see dust in the robot.,,,
795,goods sana kaso wla yung nilalagay sa ilalim ng straw yung excited mu nang gamitin haysss dissapointed to the max dito aq nag order kasi ang ganda ng mga review ehh how come na sakin lang 2 nangyari haiiii,1,0,0,0,"Product aspect:""wla yung nilalagay sa ilalim ng straw"".",,,
796,thick fabric di talaga masyado nakahide ng bilbil kasi pagfit ko ganun padin walang pinagkaiba yung sa pagkapack din hindi siya neat tingnan dahil sa isang item na walang sariling lalagyan,1,0,0,0,"Product aspect: ""thick fabric di talaga masyado nakahide ng bilbil kasi pagfit ko"".",,,
797,ok nmn po cia pero d po cia masyadong natuwid ang buhok pero nrin tnx seller at kay kua rider tnx po,1,0,0,1,"Product aspect: ""d po cia masyadong natuwid ang buhok"" Service aspect: ""tnx seller at kay kua rider tnx po"".",,,
798,im so sadkc tatlo binili pare pareho ng kulay dapt assorted color lang sana,0,1,0,0,"Delivery aspect:""tatlo binili pare pareho ng kulay dapt assorted color lang sana"" (wrong color)",,,
799,its okay okay yung waistline niya but the leg holes are tight hindi masyado stretchable yung material kaya medyo masikip sa legs yung logo rin poorly made siya kasi kakarating lang literal ngayon pero natatanggal na siya,1,0,0,0,"Product aspect:""leg holes are tight hindi masyado stretchable"".",,,
800,my not okay purchase so far at first gumana naman sya pero like mga ilang hours nawawala pero okay na ulit thank you parin,1,0,0,0,"Product aspect: ""gumana naman sya pero like mga ilang hours nawawala"".",,,
801,item received in 3 days kulang sa balot nag leak ang ulan sa packaging basag din yung ring light buti na lang nag function pa nakupi din yung tripod medyo konting effort po sa wrapping,1,1,0,1,Product: ring light is broken; Delivery: Lack of packaging, took 3 days to arrive; Service: Request for effort in wrapping,,
802,1010 thank you sender mag order sa susunod,0,0,0,1,Service: Customer expressing gratitude.,,,
803,ok lng naman pero may crack yung ilaw kasi packaging was not good sana ayusin ni seller ang mga next na parcel nya para walang na cra crack,1,0,0,1,Product: Cracked light bulb; Service: Suggestion to seller to improve packaging to avoid item damage.,,,
804,sakto lang ok nman sana pero ayusin nlng po sna ang cutting nxtime hndi po kc pantay,1,0,0,0,Product: Suggestion on improving the cutting to be more uniform.,,,
805,thank you seller at mabilis dumating pero ung inorder ko na kulay d yn ang dumating pero tama nman ung sizeung kulay lng ang mali,0,1,0,1,Delivery: Fast arrival; Service: Inconsistent Color received and the seller gets a thank you;,,,
806,sakto lang yung quality reasonable price you get what you pay for bili ka na lang ng mas mahal kung hanap mo mahandang quality honest review,1,0,1,0,Product: Quality is sufficient; Price: It has a reasonable price.,,,
807,nareceive ko ung item  yupi ung plastik  then ung saksakan d nagana kya ung sa tv plus na adaptor gnamit ko  ayun okey nmn bukod sa sira ung adaptor,1,0,0,0,Product: Damaged item and dysfunctional adapter,,,
808,para lang siyang water medyo matagal siya dumating pero sulit nadin siya para sa presyo niya ayun nga lang medyo nadisappoint lang talaga ako kasi sobrang iba yung amoy niya pero thank you parin po,1,1,1,0,Product: quality and smell; Delivery: Slow; Price: Worth it;,,,
809,okay a bit fit for me akala ko kasi yung xxl size is for men for women siguro pala parang medium kase na pants na nabibili ko sa labas pero goods naman,1,0,0,0,Product: The size is a bit fit.,,,
810,yay okay naman yong tablet mahina lang sounds at madaling malowbat hindi gumagana yong charger na binigay i am trying to contact yong seller kaso di na ko nireplyan,1,0,0,1,Product: Tablet with weak sounds, charger is not working; Service: Trying to contact the seller but didn't get any reply.,,
811,magingat one star lang to dapat nga zero minsan lang din ako magcomment xd damage ung box damage ung mouse  parang lego ako magbubuo xd ganun pala yung surprise me  sobrang mystery pouch xd sana 1 ruler na haba bubble wrap nlng  you made me smile in,1,0,0,0,Product: Damaged box and mouse.,,,
812,good mali po ung color na nabili ko gray ung order pink blue dumating kulang p ng straw ung isa di na siguro ako uulit sa shop nyo sorry di na ata ako kukuha p sainyo,0,0,0,0,Product: Not the right color,,,
813,manipis mabilis dumating ang product manipis siya maybe sakto lang para sa price niya xmpre kapag cheap lang ang bili we cant expect it to be a good qualitybut all in all ok lang im not disappointed naman i expected it to be that kind of quality,1,1,1,0,Product: thin, delivery: fast, price: worth it,
814,matagal 35 good quality nman cya but nd cya gaano ka lakas,1,1,0,0,Product: Good Quality. Delivery: It was slow,,,
815,maganda sana sya kaso maliit sakin sana pala bigger size inorder ko,1,0,0,0,Product: It is good but small for me.,,,
816,ang order ko 6bench at 6 hm puro bench ang dumating at ang size mejo maliit hindi tulad sa boxer briefs na ok ung size,1,0,0,0,Product: It is a boxer and wrong size,,,
817,okay naman poyong packaging hindi masyado na pack pagdating medyo nasira na yong box hihi btw thank you po naka 2 order na ako,0,1,0,0,Delivery: Not well packed,,,
818,dumating na pala ang parcel ngayon lng ako naka pagrate medyo bz langiba yung nilagay sa picture at ang item na na receive ko black and whitedapat seller papalitan nyo ang pictureipakita mo yung tutuo,1,1,0,1,Product:Different from what's in the picture; Service: Suggesting to seller to change the picture to show the actual item.,,,
819,yung cloud hindi totallying amoy talaga ng cloud ng orig but okay n diko naman masisi coz tig 69 pesos lang sya,1,0,1,0,Product: The scent is not totally the original one; Price: Only 69 pesos so it is okay.,,,
820,iba ang connection nilnag dalaw di sila work sabay huehue,1,0,0,0,Product: The connection doesn't work for both,,,
821,ganda niya good quality,1,0,0,0,Product: It is good and has good quality.,,,
822,may prob sa pindutan may d natatype ok n sana pero d naman nagtatype ung ibang letra,1,0,0,0,Product: problem on buttons,,,
823,complete wipes naman ang dumating sa sobrang siksik sa pagkalagay sa parcel nagtubig siya see videos mura lng din pagkaorder ko,0,1,1,0,Product: wipesDelivery: parcel packed to tight it cause it to leak Price: Cheap so it worth it,,,
824,i just received it today the items are good however yung black is maliit sakin kahit na size 9 na sya malapad din kasi paa ko thats why yung white maganda and kasya ko sya since maluwang yung strap nya,1,0,0,0,Product: Items are good but the size is small.,,,
825,kita yung wires doon sa dulong part tho nag charge naman siya,1,0,0,0,Product:Wires are visible.,,,
826,good delivery service it arrives naman agad its just that i got an item na damage or should say missing blade on one of the eyebrow trimmer,1,1,0,0,Product: Missing itemDelivery: Arrives agad,,,
827,tagali thought aabot sa pag alis ng kapatid kosa kanya dapat ito pabalikng new zealand,0,1,0,0,Delivery: tagali,,,
828,na disappoint lang ako dahil excited pa naman sana ako kaso pagkabukas ko basag and then walang bubble wrap sana binagyan kahit konti lang medyo mahina yung sounds,1,0,0,0,product:item came broken delivery:no bubble wrap so basag,,,
829,plastic the lenses are just plastic photochromic nga sya but the plastic are bending and its so malabo yea it worth the price but if youre looking for maganda na quality is go to another shop im sorry but just an honest revieww thanks its all good naman,1,0,1,0,Product:plastic lenses, malabo; Price:Its worth for its price.,,
830,haha di ko inexpect na sobrang nipis pala nya compared sa dati kong nabili e parang class c na lang ito correct item naman so still thank you,1,0,0,0,Product: sobrang nipis nya,,,
831,hindi sya kaamoy sa nabibili ko na ariana grande cloud haha pero pwde na sana tumagal ang kapit ng amoy,1,0,0,0,product: not original,,,
832,ariana inorder ko katy perry dumating huhuhuhu,0,0,0,0,mistake product,,,
833,desapointed ako sa size ang liliit pala 38 size ko pero 40 ang nagkasya sa paa ko hassle lang pag binalik at pinapalitan sayang lang charge sa jt dami ko pa naman order 7pcs,1,0,0,0,product:disappointed small size,,,
834,okay naman kaso maliit ang sizes or klase kahit nag adjust na ako,1,0,0,0,Product: sizes small,,,
835,light sana magtagal pero nice sya hindi sya nag leak see the pic iba ung nasa picture hehe akala ko 2 liters pero ok na din thanks,1,0,0,0,Product: It is good and nice.,,,
836,worth it medyo matagal lang dumating,0,1,1,0,Delivery: medyo matagal Price: worth it,,,
837,manipis lang ung bra di bagay sa mga flat chested kagaya ko ahahaha,1,0,0,0,Product: manipis ung bra,,,
838,hindi responsive ang seller nakailang chat na ako pero ni isang reply wala more than two weeks bago dumating ito pinakapangit na experience ko sa shopee,0,1,0,1,Delivery: more than two weeks Service: hindi responsive,,,
839,good akala ko same sa picture green yungf cap then purple sa bottom but its all good,1,0,0,0,product:color not the same,,,
840,910 maganda sya no damage nakaka dismaya lng si seller di man lng dinoble check bago ipa ship at nag iwan ako ng note na paki double check bago ipa shipp kung tama ung size at color kaso ending maling size pinadala nila size 28 order ko 26 dumating hassel,1,0,0,1,product:maganda sya no damage Delivery:maling size pinadala nila,,,
841,sa bubble wrapping pa lang napansin ko agad na too thin for fragile items may basag ang ringlight although umiilaw naman then yung stand hindi naeextend yung isang paa so pinaayos ko pa i dont think dahil sa delivery yung defect sa stand ha pero yung basag sa ringlight pwede,1,0,0,0,Product: The bubble wrap is too thin then has basag ringlight.,,,
842,bra is quite big yung straps naman masakit pag i connect sa na sa bra hindi eksakto yung placement ng locks sa bra,1,0,0,0,Product: The bra is quite big and the straps are masakit.,,,
843,mejo mabilis lng sya matangal pero okey nmn sya maganda at hindi nakakadry ng lips,1,0,0,0,Product: Mejo mabilis lng sya matangal pero okey nmn sya maganda at hindi nakakadry ng lips.,,,
844,okay nmn working sila may amoy nga lang syamabuti wala damage wala kasi sua bubble wrapok din dumating agadthank you,1,1,0,0,Delivery: working, ok dumating agad,Product: working may amoy and no damage,
845,last time na nag order ako nitong jogging pants sukat naman sakin lahat pero ito maliit ang 2xl na black at khaki yong light gray lang nag kasya sakin buti nalang pinsan ko gagamit nito kasya sa kanya lahat,1,0,0,0,Product: Different sizes received from the actual ordered.,,,
846,mali ung pink na binigay sakin hindi sya 10 ribs ung 8 ribs lang im so disappointed,1,0,0,0,Product: Incorrect item received.,,,
847,ok lang din uhm expected ko naman na hindi siya ganon ka ganda dahil nga mura siya and nagagamit naman siya ng maayos,1,0,1,0,Product: okay lang din Price:  dahi mura siya nagagamit ng maayos,,,
848,basag ang salamin paano magagamit so disappointing sayang pera,1,0,1,0,Product:basag ang salamin Price: Sayang pera,,,
849,products were delivered right away however they are a bit dirty though okay naman yung quality since super affordable,1,1,1,0,Delivery: delivered right away Product: super affordable,,,
850,good okay naman yung item well packed and good condition ang issue ko sa items na narecieve ko ay magkaparehas na design magkaparehas na items yung narecieve ko 2 mouse pad na naruto and sasuke ang design,1,0,0,0,product:Okay good well packed ang good condition,,,
851,okay naman sya though tagal nya matuyo under uv light compare to other brands buti nalang ibang brand ung top coat ko kaya mabilis nag okay,1,0,0,0,Product: okay,,,
852,mahina po ang speaker anyhow magagamit pa rin kaya salamat po,1,0,0,0,Product: mahina speaker,,,
853,the jogger was thin sakto lng sa price pero stretchable sya mabilis mature pglabhan yung jacket nice quality mkapal ang tela,1,0,1,0,Product: thin pero stretchable and worth the price,,,
854,parang may pagka oily sya pag inispray sa katawan di ko magets bakit amoy plastic sya siguro sa packaging nya di din sya ganun kabango well what to expect din nman kasi mura lang nman din sya pero sana wag nman amoy plastic just saying,1,0,1,0,product:may pagka oily Price:mura,,,
855,item was shipped and delivered fast gumagana din kaso may sira as you can see in the picture next time pakicheck po ng maayos bago ipadala salamat,1,1,0,1,product:item gumagana sira Service:Next time pakicheck po ng maayos bago ipadala,,,
856,order recieve na po ok naman sia pwd na kaso manipis lng sia pero pwd na din po slamat pinagdagdag ko lng sa kulang slamat,1,0,0,0,product:order recieve sia ok pwd manipis,,,
857,okey sana ang items niyo maganda ang quality kaya lang 2 times na ako nagpadeliver maling kulay at maling design pinapadala niyo sana nman kung anong design at kulay inorder sainyo ganun din ang ipadala niyo,1,0,0,1,Product: maganda quality Service:maling kulay at maling design,,,
858,mali ung isang item na binigay ni seller although goods naman ung ibinigay nia bagong bago naman kaso dq na magagamit ung pacifier madami na kse ngipin c bebe  pero okey lang thank u parin sa seller,0,0,0,1,wrong item but still thankful,,,
859,grabe ganda mura pa bili ulit ako thanks seller,1,0,1,1,Product:grabe ganda Price:mura Service:thanks seller,,,
860,sobrang tagal ma ship out tapos hindi dumating sa binigay na date na dapat ma deliver,0,1,0,0,Delivery:sobrang tagal ship,,,
861,mali yung dumating 900ml1100mlkala ko ba 2l tsaka bkt purple and pinkang order ko naman purple at blue tapos iba yung dineliver kesa don sa picture,1,0,0,0,Product:mali dumating kala ko ba 2l,,,
862,mini portable fan order ko bat mini light goods neck fan kaso mali isa binigay,1,0,0,0,Product:mali isa binigay,,,
863,okay lang ang tunog akala ko 2000mah pwede icharge ang phone pero pero sa manual 300mah nakalagay sana tumagal hindi ko pa naicharge yung  nagamit ko sya kagabi ng 1 hr nagchcharge nman sa dock,1,0,0,0,product:tunog ok,,,
864,wrong size and colorang order ko ay 2l pindla1l di nmn ngrerply c seller,1,0,0,1,wrong size color ngreply c seller,,,
865,order received to be honest i dont like it kasi super lambot nya and naistretch pag sinuot which is hindi comfortable to wear kase lumuluwag,1,0,0,0,Product:Super lambot nya naisstretch hndi comfortable,,,
866,yung dalwang cloud may leakage pero all goods naman mabango,1,0,0,0,may leakage pero mabango,,,
867,10 correct items out of 14 4 items ung di insakto sa order at description nung items upon check out sana nag inform din si seller before shipping the items pra naman may hustisya sa mga buyers nya pero anyway ang gaganda naman nung mga items,1,0,0,1,Not accurate order on 4 items. Seller needs to update Buyers first before shipping,,,
868,blue football order ko sky blue elepant dumating,1,0,0,0,Blue football but sky blue elepant delivered,,,
869,idk i love it so much ang ganda ng pagkakabalot sure na secure and hindi mababasa ng ulan however i like the light that swiitches from red and blue everytime ill use it or charge it kaso nga lang theres something im kinda bothered nothings wrong with the product pero,1,1,0,0,Delivery:ang ganda ng pagkakabalot secures product:theres something bothered the light swiitches from red and blue,,,
870,cheap u get what u pay for for me medyo mahaba yung right wire sa left so mas malakas yung left earphone pero at least may earphone ok na,1,0,1,0,cheap product: wire on left is short,,,
871,ang ganda ng quality ng slippersjust make sure you add 1 size kasi ako 37 38 inorder ko kasi sakto langthanks seller and kay kuya rider,1,0,0,1,add one to size quality is good thank you seller and delivery man,,,
872,gray and maroon order ko kaso black and light gray un dumating wla b available na maroon,1,0,0,0,product: gray and maroon order,,,
873,hmmm hindi siya umeffect sa lash ko hehehe brown at black nabili ko,1,0,0,0,product:hmmm hindi siya umeffect,,,
874,i ordered 3 delivered naman lahat kaso butas ung isa then ung isa di maayos ung pagkakatahi,1,0,0,0,product:i ordered 3 delivered lahat may butas ung isa di maayos ang pagkakatahi,,,
875,sira yung isang airpod na violet  di nyo po tinry kung gumana,1,0,0,0,product:sira yung isang airpod,,,
876,55 ang tagal lang nyang dumating as u can see nov 15 ko naorder nov 25 dumating okay naman goods yung item pero bakit nakaopen na sya and di maayos yung karton hehe anyways goods naman yung item 710 thanks,1,1,0,0,Delivery: ang tagal lang nyang dumating Product: goods,,,
877,wrong item received magkaiba order ko pero binigay nya parehong hm,1,0,0,0,Wrong item received,,,
878,good ang ganda niya as in kaso yung box sira sira nung dumating kala ko nga nasira na yung laman sa loob also yung isa walang charger plus yung white mahina siya compare sa pink na order ko pero overall goods naman,1,1,0,0,Delivery: sira na box product:charger is missing and mahina siya,,,
879,okay sana yung items kahit na hindi mo alam kung beige ba or white marereceived mo kaso yung pang lalake iba yung design kesa sa picture small sizes din,1,0,0,0,okay item sizes small,,,
880,parang luma and old stock un item nag expect pa naman ako kasi ganda mga reviews yupi yupi din un box di ganun kalakas and mejo maingay din,1,0,0,0,Product:Looks old stock hindi kalakas,,,
881,malambot ang tela thanks sa seller maski late na kayo nag rply nag add to cart parin akohindi kona lang hinintay ang rply mo coz i trust sa mga nag comments sa inyong shoppero sa 3rd photo ko may dumi mabaho pa masama ang amoy bakit ganon sana naman echeck,1,0,0,1,Product: May dumi and masama ang amoy. Delivery: The seller replies late;,,,
882,di ganon katibay at malambot lang kaya hindi siya recommended for running  ok na din sa presyo mura lang naman din kasi to,1,0,1,0,Product: Di ganun katibay at malambot. Price: Mura lang,,,
883,good bakit ganun all medium order ko pero may large na dumating sana maayos yung ganto sayang maganda sana yung product eh,1,0,0,0,Product: All medium order pero may large na dumating,,,
884,matigas pindutin pero it looks nice and compact naman,1,0,0,0,Product: matigas pindutin looks nice,,,
885,good maganda siya medyo malaki ng konti pero di nmn halatanasuot q n bago ko mapicturan hahathank you seller,1,0,0,0,Product: Medyo malaki pero maganda siya.,,,
886,antagal ng shipping oks nmn po item maganda manipis nga lng,1,1,0,0,Product: maganda manipis lng delivery: oks antagal shipping,,,
887,good akala ko sakto lang sakin kasi ito talaga size ng bra ko yung pala too small so disappointed apat pa naman agad ang inorder ko at ang gaganda nya sa pic,1,0,0,0,Product: Too small even though its her usual size.,,,
888,wala yung parang stick for tripod pero yet oks naman nag improvise na lang kami,1,0,0,0,Product: Missing the stick for the tripod.,,,
889,maganda yung product but not matibay less than a month of using it nagkaron agad ng crack and halos maputol na huhu,1,0,0,0,Product: It is not that matibay nagcrack after a month of use,,,
890,ok naman yung rechargeable fan it last 23 hours kung naka number 1 lang yung lakas ng electricfan pero ok na din for its price,1,0,1,0,Product: It last 23 hours. Price: Worth the price.,,,
891,natanggal yung color black maganda sana maganda yung quality ng sounds,1,0,0,0,Product: the color black faded fast sounds are good,,,
892,3stars for me di naman masiado nakaka kuha ng dumi pati mga buhok ng aso hnd nya kaya sa video ung dating deerma na vacuum ko mas better ba as seen on the video di siya okay for me thums down,1,0,0,0,Product:Vacuum sucks but the old one is better,,,
893,matagal maiship at gumagana lang siya sa mga piling gadgets its working for its price,1,1,1,0,It takes time Product: works as advertised,,,
894,sira yung sa first nya na highlighter kaya nakaka disappoint but the rest ok naman,1,0,0,0,Sira ung product,,,
895,ok parang old stock nung dumating sakin tho manageable naman thanks seller,1,0,0,0,Ok nman manageable,,,
896,parcel has been damage ang alarmbre nasira  kakatanggap ko lang ang ganda nya pedi paba palitan to,1,1,0,0,It has damage ganda pa naman to be replaced,,,
897,would say ok for the price you get what you pay for sabog ung sounds i tried using it going to work may tumawag pero di ako marinig then nawawala wala din ung sounds medyo sabog din sounds though oks na sya for its price,1,0,1,0,Product: Sabog yung sounds Price: Oks for its price,,,
898,mganda sana yun black kaso luma and manipis same pati yung white sobrang nipis and maliit for extra large sayang lang,1,0,0,0,Product: Ganda kaso luma and manipis,,,
899,ang inorder ko mag kaiba ng kulay ang dumating mag kamukha saka yung naiano sakin yung malaking size tsk at ang tagal bago makuha,1,1,0,0,Product: magkamukha delivery: long,,,
900,ok worth it sa price but it isnt the same sa picture but overall its nice naman its the same size as i ordered,1,0,1,0,Product:worthit for the price but its not the same on the picture,,,
901,its nice pero parang gamit na yung shoes yet still pretty kuddos to fast delivery,1,1,0,0,,,,
902,my third order sa seller na to but now im disappointednagmessage akoi said i prefer dark colorsblackdark gray or dark blue but she sent light colorsdalawa lang ang black,0,0,0,1,,,,
903,pg icharge m nksindi ayaw mturb off gnun dn pg tinanggal m n s charge low bat ulit,1,0,0,0,,,,
904,thank posana okay po ito kasi pangalawa kona itong orderyong una hindi nag tagal,0,0,0,0,,,,
905,halata syang fake nailsi mean di tulad ng ibang fake nails na nabili koat madali pang macrack o masira although goods kasi maraming magagandang choicesat nabudol ako sa pagift ko noh pero sa tatlong order ko na may gift kahit isa wala tapos sa next order na lang daw ibigay,1,0,0,1,,,,
906,eh ok sana 2 inorder ko kaso puro mouse mats kala ko iba iba ang laman kapag 2 or more na 3 stars lang muna,1,0,0,0,,,,
907,order q is black n grey pinadla nyo parehas grey nkaka dismaya kau n seller para aq nito hindi nag papalit ng suot sana nextime pki doble check ang order bago nyo ipadala salamat,0,1,0,1,,,,
908,honest review po tayo its good nmn pero mas manipis unti kesa sa binili ko sa ibang shop den medyo may katigasan unti yong materyal unlike sa binili sa iba na makapal at maganda ang tela pero mas mahal kasi yon kaya mas maganda texture tsaka ang sikip sakin masakit,1,0,1,0,,,,
909,masikip talaga pag kulay gray at black pinqmigay ko lang masikip sa hita dpat sana nxt time parerehas ang sizes,1,0,0,0,,,,
910,ok namannnn yung product  wala lang syang jelly jelly something katulad ng unang order ko at di umiilaw yung kalahati kung di pa pipisilin hahahahahhahaa,1,0,0,0,,,,
911,thank you so much sa serbisyo shopee  the product not meet my expectation pero okay naman pagdating sa presyo  godbless everyone,0,0,1,1,,,,
912,ok po yung 2l motivational bottle yung problem po is yung dalawang order po namin na 450ml na bottle may sira po at yung kulay mali po sana po sa susunod na may mag order ayusin na po ni seller info toh sa mga susunod na bibili sana po maging,1,0,0,1,,,,
913,kulang ng 1 wala ung color beige,0,0,0,0,,,,
914,mura sana yong mga item kaso ang seller hindi marunong tumupad sa order konag chat pa ako sa kanya tapos nag agree pa ngunit ng dumating yong parsel mali instead ang size ng click ay double xl at xl tapos same design langiba ibang design ang dumating at puro xl,0,0,1,1,,,,
915,ang inconsistent ng sizes despite it being all medium out of the 6 boxers 4 ang masikip and 2 lang ang nagfit sakin nakakasad lang kase ang ganda pa naman ng quality nya tas yung isang boxer pa malapit na matanggalan ng brand label,1,0,0,0,,,,
916,okay ang quality kaso mali ang color at design ng 2 slippers na dumating yung isa lang ang tama,1,0,0,0,,,,
917,not good y yun isa tumbler na yupi kya 3 star lng,1,0,0,0,,,,
918,incomplete size dumating tapos ayaw pa e deliver ng rider sa mismong bahay kaya nga cod dba bkit ako pa mg pick up cod naman,0,1,0,1,,,,
919,nagustuhan ko yung texture at hindi magirap ipeal kapag nagkamali ng application yun nga lang mabilis magasgas kahit kukuko kaya masugtaan yung surface hopefully it sticks on my wall for a long time at hindi kusa magpeal off dahil cinut ko into smaller patterns,1,0,0,0,,,,
920,not good hindi tugma sa inorder ko ang dumating pink rose ang order ko pero light pink ang binigay hindi tuloy mag ka pareho yung una kung inorder,0,1,0,0,,,,
921,ordered april 25 may 14 na dumating mas nauna pa dumating mga orders ko from overseas,0,1,0,0,,,,
922,ok naman pokaso kulang pinadala isang pares lng instead of 2 pairspaki double check nalng sa susunod b4 e shipwaste of tym to refund,0,1,0,1,,,,
923,ok nmn ung itemgood quality makapalkea lng mali ung kulay ng isang tumbler order q purpleblue  grayblack kea lng ang dumating prehas purpleblue,1,0,0,0,,,,
924,good i got mine and it works well naman late dumating yung parcel but understandable naman since may bagyo,0,1,0,0,,,,
925,ok din di nga lang nahihigop agad ung mga kung anek anek sa kama ksi maliit ung butas nyathank you,1,0,0,0,,,,
926,made in china salamat po sellereven though i only bought oneit was still delivered keep safe and god bless,0,1,0,0,,,,
927,meron syang damage at upi ang box at mainit sa pagdating parang ginamit sya,1,0,0,0,,,,
928,working naman po yung lahat ng air purofier kaso yung isa walang beep sound and ang bilis din dumating ng mga items secured din yung packaging at walang damage,1,1,0,0,,,,
929,hindi sya same quality nung una kong order kaya nga ako umorder kase ulit kasi maganda quality maliit pa yung sizes na binigay di katulad nung una,1,0,0,0,,,,
930,yung fun chinarge ko 8 hours di parin umiilaw at di naman gumagana yung ikot2 niya sa itaas iyan pa naman sana sadya ko kasi if ever na aalis kami yan gagamitin ko na fun sa baby ko  kaso di pala magamit sira eh,1,0,0,0,,,,
931,somethings lacking battery dapat my libre kahit isa lng overall good,1,0,0,0,,,,
932,arrived on time sticks well looks good on our wall but the wallpaper is too thincan get be easily ripped offanyway tnx,1,1,0,0,,,,
933,medyo 3 stars dko expected kasi muka lang siyang tsinelas anyways goods na din,1,0,0,0,,,,
934,poor sa picture lang magandasa actual very disapointing,1,0,0,0,,,,
935,madali malobatwl din indicator if nagcharge xabut since 1day q plng ngamit ill still see kng mgtatagal b xa tlgacute p nmnand i really love it tama nmn ung colorpro sna lng magtgal,1,0,0,0,,,,
936,good okay naman ung isa pero ung isa hindi dalawa po kasi inorder ko and nadisappoint lang ako kasi i was expecting na pareho silang okay pero hindi po  pero okay lang thankyou parin  may god bless you,1,0,0,0,,,,
937,order received kaya lang mali yung color nung isa binili ko green and white ang dumating green and pink di man lang nag pm si seller na wala ng white lalaki pa namn gagamit,0,0,0,1,,,,
938,not the expected quantity quality maganda mga over runs,1,0,0,0,,,,
939,pang womens fit ang size maliit and short sya para sa lalaki na size was planning to give it as a gift sa guy but maybe di magkasya,1,0,0,0,,,,
940,nakaka lito brand new pero gasgas na ang screen pero nka screen protector,1,0,0,0,,,,
941,nice maganda sana yung tsinelas kaso maliit pla sizing nila nag add na ko 1 sizeintead 3940 size order ko pero maliit pa dinsayang nmn gamitin ko pa din pangbahay,1,0,0,0,,,,
942,almost 3 weeks ko ng ginagamit ang masasabi ko lang ay malapit ka na sa pupuntahan mo di parin napapair kapag naconnect siya mawawala din agad ng kusa everytime na bubuksan mo kusang namamatay goods naman yung audio pasensya lang talaga kailangan,1,0,0,0,,,,
943,ang bilis dumating ng orders ko and well packed walang mga damage salamat seller kumpleto ang natanggap kong package dapat 2 size up kasi masikip padin tsaka yung yellow hindi maganda sa personal rubber type pala lahat sole to strap,1,1,0,0,,,,
944,maganda pag kakaseal kaya lg hindi cia long lasting at walang kasamang spatula mabilis ding naideliver maganda pag kakapack nya hoping na matagal masira tnx seller,1,1,0,0,,,,
945,good mali ang sukat 10 mts x 45 mts naka lagay pero halos 6 mts lang total length,1,0,0,0,,,,
946,may damage at sobrang nipis,1,0,0,0,,,,
947,okay namn po kaso mali ing binigay sakin kulay mga light gray po ang order ko white ang binigay kaya nag order na po ako ng white sana wag nman magkamali ng kulay ulit,0,1,0,0,,,,
948,ok base sa discription rechargeable pero hindi pala walang charging port battery lang talaga umay,1,0,0,0,,,,
949,ok naman ang quality for its price,1,0,1,0,,,,
950,madali gamitin mahina ung hangin nia pero ok ndin pra sa anak ko gamit nia s school kc mainit s room nila,1,0,0,0,,,,
951,wrong color  3 stars lang dahil mali yung kulay na niship it was supposed to be grayblack as shown in the vid and pic if only the seller informed me earlier id still give it a 5 because they complied regarding this prob  but nah would recommend this,0,0,0,1,,,,
952,kulang po walang false eyelashes na dumating,0,0,0,0,,,,
953,not good sira yung side nung sa color black tanggal,1,0,0,0,,,,
954,salamat shopee maganda sana mabilis nga lang malowbat sana next time mas maayos at malakas na ang labas ng hangin,1,1,0,0,,,,
955,not good okay naman siya kaso na dissaponted lang ako kasi 38size yung inorder ko yung dumating size39 at medyo may gasgas siya sa gilid nag add pa nmn ako ng 17 para sure na protektado yung inorder ko tapos ganon lang din pala,1,0,0,0,,,,
956,nice ok nmn sya malakas yung hangin kaso nadi sya tumatagal  pero ayos lang sana magtagal sya thank you din kay kuya rider,1,0,0,0,,,,
957,hnd xa masyado nkkpresko although 3level maingay na kc malapit sa tenga pro pwd naman na,1,0,0,0,,,,
958,good nice nice maganda sya subra,1,0,0,0,,,,
959,not serve its purpose ok naman yung item kaya lang di sya nakakaliit ng bilbil nakakasad naman thank you pa rin seller,1,0,0,0,,,,
960,mejo mabagal magrespond c mouse need mo hintayin,1,0,0,0,,,,
961,umorder ako ng 1pink 1 blue pa sa 2kids kogirl  boy nagleave dn ako ng comment upon orderingnagleave dn ako ng message sa seller mabilis nga dumating pero nkakadisaappoint lng kc parehong pink ang bingay,0,1,0,0,,,,
962,kind of disappointed cuz i got the same product kinda unfair but its a mystery box so what did i expect diba atleast maganda quality ng mousepad 33,1,0,0,0,,,,
963,kaka full lang nilagay sa pocket then check the time lowbat na agad,1,0,0,0,,,,
964,not fine maganda ang mga itsura pero ung pang coffee na iniregalo ko s husband ko hindi nya nagustuhan kc tagos ang init dpat hindi natagos ang init kc insulated vacuum nga ang description nyo kya mabilis dn mawala ang init sabi nyo 68 hrs pero hindi totoo napahiya pa,1,0,0,0,,,,
965,good quality of slippers malambot and comfy gamitin hindi nga lang nakaabot sa araw na gagamitin sana si seller hindi responsive and never nagreply sa messages it took 9 days bago madeliver and 1 week bago nya iship ang item,1,1,0,1,,,,
966,no manual included dont expect high quality for the price usable came in with charger good for use especially since grabe yung init hope it lasts long,1,0,1,0,,,,
967,received the items last week unfortunately hindi xa angkop sa kalan ng omorder sakin hindi xa kagaya nung nauna kong inorder na tulad ng nasa 2nd pics po akala ko isang klase lang may iba pala pasensya na po 3 star lang rate ko sayo po,1,0,0,0,,,,
968,akala ko madami dami yung contents huhu pero ok nmn safely delivered and complete items,0,1,0,0,,,,
969,okay sana kaso ayaw gumana ng remote why naman haysss,1,0,0,0,,,,
970,mas maganda pa rn ang tunog ng lenovo lp5,1,0,0,0,,,,
971,good quality sya subrang tagal dumating,1,1,0,0,,,,
972,potang ina mo sa seller kasi wala magawa and wala ilagay sa bubble plastic and kanino po nakaopen,0,0,0,1,,,,
973,alam ko na mystery pouch but i didnt expect na sayang un pera dito buti kung different design dapat pala bumili nalang ako ng ibang items niyo sa shop parang namahalan pa ako sa binigay niyo sakin,1,0,1,0,,,,
974,mej malakas lang yung tunog niya yung box yupi yupi but that didnt damage the package naman,1,0,0,0,,,,
975,received item already not so good dahil baligtad ang tatak sa likod nakalagay hindi rin pwede baligtarin pagsuot dahil yung bulsa naman ang mapupunta sa likod,1,0,0,0,,,,
976,i dont recommend this if iphone user ka kasi sobrang hina nya and ang pangit ng speaker hindi ka maririnig ng kausap mo sa call kapag gamit mo to kaya medj nakaka disappoint,1,0,0,0,,,,
977,mahina yung fan nya and not so sturdy yung legs ng table,1,0,0,0,,,,
978,guys this is a honest review the product is safe and good and it has 3level of fan but yung hangin nya is mahina hindi manlang umaabot hanggang forehead and hindi nililipad yung hair ko sa sobrang hina it took 4 days before i receive the neckfan may pagkamaingay din,1,1,0,0,,,,
979,good medyo malayo lang yung actual shade kesa sa nasa pic akala ko brownish yung kulay nya since yung burnt ang order ko but parabg orange yung shade nya pag inapply na,1,0,0,0,,,,
980,requested to have it bubblewrap pero nasa plastic lang buti hindi nasira,0,0,0,0,,,,
981,second time ko bumili ng diaper sa shop na to na dissappoint ako sa size ng pinadala nyo medium size ung order ko pero yung nakapack na diaper is naka mix size sya merong l xl xxl anu ba naman yan sana check nyu muna bago nyo naman ipadala,1,0,0,0,,,,
982,mabango 1110 solid nmn yung bubble wrap pero pag open ko may lik sya idk kung sira sya pero yaan nyo na seller mabango nmn e hahahaahha,1,0,0,0,,,,
983,tumbler came with broken lid there was a missing piece wala yung metal na nakalagay sa butas i fixed it na lang myself instead of returning it ganda naman ng tumbler really kept my water cold for hours,1,0,0,0,,,,
984,well dont expect to much guys meron siyang amoy na something,1,0,0,0,,,,
985,its alright the products are good naman medyo kinabahan lang nung hindi gumana yung isa when i charged it though gumagana naman pala i was disappointed when i saw the boxes damaged sila ipangreregalo ko pa naman sana anyway its fair,1,0,0,0,,,,
986,makapal pero di durable sa standards ko sakto yung size nya sayo almost no allowance may feeling ako na mapupunit ko yung gitnang seam pag bumukaka ako,1,0,0,0,,,,
987,goods bilis shipping kaso mali yung size ng panty small order ko pero large dumating sakin pakicheck sana ng mabuti ang order,0,1,0,0,,,,
988,maganda sya pero maliit anyway goods naman for its price sulit ang bayad much better sana kung medyo malaki  hoping na di sya nag lea2k,1,0,1,0,,,,
989,ordered 106 shipped 107 received 1010 rated as above coz i asked seller if they could pack it well coz itll be given as gifts could improve packaging 67 boxes were dented product insides ok no damages will check if itll really hold coldhot beverages for a long time,1,1,0,0,,,,
990,ang bilis niya dumating pero di gumagana yung color blue dahil naka bend ng sobra yung pinaka dulo na wire pero gumagana naman siya,1,1,0,0,,,,
991,nice ma ayos yung item wrong color lang order ko pink hindi green seller nakaka disappoint ng real quick kasi iba sa expected kong color ang dumating,0,0,0,1,,,,
992,ang liit po ng size large na to pero sakto lang sakin hahaha para sa asawa ko po sana to e yun lang po lakihan na lang size next time salamat po,1,0,0,0,,,,
993,in my own perspective more on alcohol na may halong rubber sya which is hindi ko nagustuhan pero nandon pa rin yung cloud scent saka nag leaked sya sa bubble wrap and hindi kanaisnais yung amoy naging amoy goma sya then yung lalagyanan is reusable so for all 35 sana,1,0,0,0,,,,
994,not good nataanggal din ung sa side nia ganda pa naman sanahayyyyyyy,1,0,0,0,,,,
995,red beetles order ko bakit iba dumating btw quality is ok for its price,1,0,1,0,,,,
996,expect the unexpected syempre sa presyu d orig pero gumagana hope tatagal saka black order blue pinadala no choice na ty,1,0,1,0,,,,
997,cheap its weird coz the lenses were convex it should be concave and medyo tagilid din ang frame huhu,1,0,1,0,,,,
998,not so good maganda ang sound niya pero napaka daling malowbat yung lenovo nalang bilhin niyo 360 lang matagal malowbat tpos maganda din quality ng sound,1,0,0,0,,,,
999,complete orders may damage lang na maliit humidifierthough naka box naman at bubbles wrapped not tested yet if gumagawa sya no manual din sya will edit nalang if okay product thank you,1,0,0,0,,,,
1000,kumpleto po kaya lang naapipi po ung lalagyan ng makeup brushes,1,0,0,0,,,,
