Review #,Review,product,delivery,price,service,explanation,,,,,,
1,good my pamangkin is happy thank you seller and more buyers to come hehe ganda ng bag original tlaga siyavideo not related hehe,1,0,0,1,,,,,,,
2,grabe ang ganda ng mga products ang ganda ng tela at stretchable pa okay rin yung foam di gaanong manipis di rin gaanong makapal sulit na sulit ang pera niyo,1,0,1,0,,,,,,,
3,good okay naman thanks seller nagustuhan ng asawa ko kaya lang sa 6pcs 4pcs puro black sana nirandom color naman,0,0,0,1,,,,,,,
4,1010 ang gandaaaa im so happy na nagrestock and may white 750ml na ulit sulit magwait kasi ang ganda 3hrs na may yelo pa rin pero di q pa natry yung 12hrs challenge keme hahahha pero oks na to lagyan ko coke always sa ftf ty seller may freebie pa,1,0,1,1,,,,,,,
5,medyo hindi masyado matibay ang pagkakapack nito pero buti na lang walang damage working po ang dalawang items pero hindi pa namin na try kung gaano katagal siya magagamit,1,0,0,0,,,,,,,
6,good okay naman kaso ang tagal dumating 1 linggo mahigit din naamoy ko sa boyfriend ko yung cucumber so i asked him anong pabango yun pero hindi nya kaamoy tong naorder ko hopefully tumagal yung amoy ng mga to,1,1,0,0,,,,,,,
7,thankyou so much 5 star to sakin hndi nkakasisi sobramg gandaaaa walang stain pag nag facemask hihi will surely buy again po,1,0,0,0,,,,,,,
8,ok po yung mga jogger po tama po yung color at design sa damit lang po mali ang binigay sa puma na tshirt dapat grey pero navyblue pinadala pero ok namn po slamat seller,0,0,0,1,,,,,,,
9,ang ganda ng quality ng slipper kahit mura siya comfortable nman siya suotin actually this is my second time purchasing this product kasi nagustuhan din siya ng parents ko ang lambot lambot niya kasi sa paa loving it will order this again definitely,1,0,1,0,,,,,,,
10,just got the order nagleak lang ng konti pero okay naman mabango din will definitely order again thank you so much,1,0,0,0,,,,,,,
11,di ko alamve kapatid ko nag recieved sakniya kasi yun thank you seller buti nlng humabol bago mag new year excited kasi yung kapatid ko,0,0,0,1,,,,,,,
12,10 handle with care ng jt walang sira loving this big thumblerwala ng tayuan sa wfh dahil sulit ang laki ng thumbler n tosobrang mura pa compared sa mall at high quality thanks seller kudos to your shop,1,1,1,1,,,,,,,
13,2nd order k na to lahat free shipping gaganda pa ng sandals,1,1,0,0,,,,,,,
14,ok i will order again thnk u seler  sa mabait n rider good quality,0,0,0,1,,,,,,,
15,ang cuteee ty seller,1,0,0,1,,,,,,,
16,complete orders no damaged and super ganda what you see is what you get tlaga thank you so much seller sa uulitin highly recommended shop,1,0,0,1,,,,,,,
17,thank you seller well package and cute niya kaya lang hindi na namin nagamit kasi nanganak na ang aso namin pag nanganak ulit siya magamit ito,1,0,0,1,,,,,,,
18,ok naman ang quality ng product sa size lng my problem maliit pla ang sizes nila over all ok na namn,1,0,0,0,,,,,,,
19,sira yung binigay pangit pa ng packaging 100 not recommended sabi ng seller may pipick up daw sa item para plitan sana pero until now wala hindi din nagrereply ang seller kung d mo pa kukulitin very disappointing,1,0,0,1,,,,,,,
20,received ng monday until now hindi ko pa chinacharge matagal ang battery life,1,0,0,0,,,,,,,
21,powdery ung scent ang bangoooo ganto ung hinahanap ko as in will surely order again and magtry dn ako ng iba pang scent salamat seller more sales sainyo ganda rn ng lagayan,1,0,0,1,,,,,,,
22,malambot 2nd order kona to maganda yung tsinelas,1,0,0,0,,,,,,,
23,okay namn sya mejo matagallang deliver pero wala anmn syang sira or kahit ano salamat pa din seller at salamat rider sa uultin,0,1,0,1,,,,,,,
24,thank you po ang bilis din po dumating oorder po ako ulit ang ganda wla ding damage kuhaan ko din si jowa at pamangkins ko po,0,1,0,0,,,,,,,
25,gumagana sya hindi lang malalaman kung full charge na ba sya kasi walang red light ganurn sana magtagal,1,0,0,0,,,,,,,
26,manipis lang yung swelas nya but very comfy sya suotin super affordable pa 75 pesos only will order again super bet,1,0,1,0,,,,,,,
27,maganda sya ang cute and very affordable thanks seller,1,0,1,1,,,,,,,
28,this is probably the only one out of the 3 products that i ordered from this shop na masasabi ko talagang nagustuhan ko natakot pa ako nung una kasi baka sumabog pero hindi naman may 3 types of lights siya tapos naaadjust ang intensity i honestly really like it,1,0,0,0,,,,,,,
29,received the item 3 days after placing order excellent quality for its price no box pero cheap lang naman kaya okay naaa tama nareceived ayon sa gusto ng buyer thank youuuu,1,1,1,0,,,,,,,
30,mabilis lng sia dumating pero mejo nalungkot ako kc pink order pero ung kulay nia is pa light purple na handle lng ang pink pero ok nrin po kc mukang sianh matibay,1,1,0,0,,,,,,,
31,got it complete items thanks ng marami po sa uulitin sobrang happy ako,0,0,0,0,,,,,,,
32,maganda second order ko na po ito from this store so far ang ganda ng item nagustahan ko legit na nakakatulong para maitago ang chubby tummy dahil sa may anak kaya bili na po kay thank you,1,0,0,0,,,,,,,
33,very good pocket size lang talaga size and kasyang kasya sa mga small bags love the quality for its price sana ay tumagal lalo na pag mahangin hindi hassle dalhin dahil halos magkasize lang yung umbrella and phone sobrang handy as in good for face to face talaga kaya bumili,1,0,1,0,,,,,,,
34,white yung inorder ko dumating is brown pero maganda parin naman sayang iba lng color na gusto ko pero nagustuhan parin ng neregaluhan ko kaya good job,1,0,0,0,,,,,,,
35,amazing it delivered in a good condition and all i can say is wow amazing its really a waterproof mascara hehe,1,1,0,0,,,,,,,
36,910 maganda naman sha kaso maliit sha di ko expect pero all in all maganda naman matagal yung delivery pero kind of worth it sha para sa price,1,1,1,0,,,,,,,
37,may basag siya sa loob sa bandang filter nung natanggap ko pero aside from that okay naman very light lang din and hindi maingay kapag naka on highly recommended also effective siya against my allergic rhinitis hindi man lang ako nag sneeze or kumati ang ilong kapag ginagamit ko siya,1,0,0,0,,,,,,,
38,thank you seller for good quality and condition of the itemthank then kay kuya na nagdelever,0,0,0,1,,,,,,,
39,maganda basta dika maarte add 1 size kayo dito pero pag di ma lapad paa nyo wag na mag add comfy sya suotin highly recommended di ka mag sisi kung dika ma maarte,1,0,0,0,,,,,,,
40,okay naman hirap lang sa paa niya medyo dislocated pero mura lang so aarte pa ba thanks seller kulang sa bubble wrap pero di naman nadamage,1,0,1,1,,,,,,,
41,1010 wala ako masabe dito sa shop nato dahil super tipid sya gamitin kahit manipis sya good quality naman sya lalo na kahit magdamag mo sya gamitin di sya mapupuno kaya thankyousomuch seller and sa rider,1,0,0,1,,,,,,,
42,super ganda ng order ko worth the priceeeeeeeee,1,0,1,0,,,,,,,
43,nice quality perfect gift for my kiddos they like it at perfect sizes as well saktong sakto sa kanila super ganda ng color assorted cya    thank you seller,1,0,0,1,,,,,,,
44,very good thank you seller thank you shopee ganda ng quality worth the price will order again thank you sobra di pa nga ako nakapag bigay ng rating may order na ulit akoagad agad,1,0,1,1,,,,,,,
45,memory storage maganda yung product maraming memory yung camera lang medyo malabo pero ok naman,1,0,0,0,,,,,,,
46,nice tama ang kulay na nareceived ko maganda naman ang quality nya kahit manipis ang tela very simple and i like it thank you,1,0,0,0,,,,,,,
47,kita q lang sa tiktok hehehehehehheeh ang qt perfect for errands plus affordable kaya bumili na kau mga mare,1,0,1,0,,,,,,,
48,gravee ang ganda nya true color sobra n gustuhan ng anak qoh thank you so much seller,1,0,0,1,,,,,,,
49,ang ganda po  at ang bilis ng deliver ng jt grabe  super salamat po sa seller at sa nagdeliver thank you po at god bless,0,1,0,1,,,,,,,
50,good kya lng kpg my tumtwg s messenger d ako mrinig pero s phone ko ok nman sya,1,0,0,0,,,,,,,
51,thank you ang ganda po,1,0,0,0,,,,,,,
52,not really happy sa na receive ko faded yung brand name like ko sana ibalik kya lang natapon ko na un pinaka label pero ok nman un sound quality nya,1,0,0,0,,,,,,,
53,okay na okay yung product tinest ko agad and ayun nga yung mga mukham malinis na bed or sofa pagkagamit mo nung vacuum ee may mapipiga pang dumi worth it,1,0,0,0,,,,,,,
54,magaganda lahat ng items comfy suotin yung bralettes nipple pads and magic push up bra maganda rin yung transparent bra strap and oks yung facemask thank you,1,0,0,0,,,,,,,
55,well packed naman po ang itemsana magtagal syamagaan lang dya pero maganda naman at malakas ang hangin sa likodsana effective talaga sya,1,0,0,0,,,,,,,
56,salamat po seller ang bilis dumating ng order ko bili na po kayo magandang pang regalo ngayong pasko,0,1,0,0,,,,,,,
57,pangatlong order na po namin dito maganda po talaga hindi sayang ang pera ang bait ni seller maraming salamat po seller thank you din po shopee,0,0,1,1,,,,,,,
58,nice di ko pa natry with makeup pero mabango at shiny siya nag iiwan ng parang glitters talaga sa face will order uli kung effective,1,0,0,0,,,,,,,
59,thank you so muchwell packed and completegandamaliwanag din ang lightgod bless you more seller and ofcourse shopee,1,0,0,1,,,,,,,
60,good for its price ayos naman po for its price yung isa hindi naman gumagana yung right side pero ayos naman naka sealed naman when delivered,1,0,1,0,,,,,,,
61,maganda ang tela and very soft sovrang mura para sa magandang quality please choose this store kung gusto nyo din ng quality square pants i will surely buy more highly recommended,1,0,1,0,,,,,,,
62,thanks sa freebies for functionality its not the best but its ok im using it only fpr highlighting words as you can see sa video may delay yung pagsulat and di masyadong achieve ang pagiging pen niya maybe di sha ganon ka compatible sa tablet ko pero pag sa phone,1,0,0,0,,,,,,,
63,hindi nasunod ang color na gusto ko thank you seller for accommodating fast also for fast delivery thank you rider,0,1,0,1,,,,,,,
64,salamat sa new mouse seller i ordered again so satisfied,1,0,0,0,,,,,,,
65,sari akala ko not working mali lang ang pagopen ko hehe thanks for the discount and wait ko ulit magsale lol,1,0,1,0,,,,,,,
66,supeeeeeeeeeeer gandaaaaa po promise thank you seller ang bilis din ng process nila at shipping next ko naman ibang color naman bilin ko god blessssss po,1,1,0,1,,,,,,,
67,mukhang matibay at kasya dalawang taogreat job,1,0,0,0,,,,,,,
68,mabilis na deliver yung item kahit sunday i hope good working condition considering its price havent nakabit yung item,0,1,0,0,,,,,,,
69,good thank you shopee ang bilis dumating ng order ko hnd ko expect ok naman lahat salamat den seller send muna sya photo bago pina deliver at salamat den sa naghatid,0,1,0,1,,,,,,,
70,okay naman ang product well pack naman pagdating sa akin thank you so much seller and rider maganda naman ang items walang sira kaya its a good buy talaga super magagamit ito pag may sipon si baby at nahihirapang huminga thank you so much,1,0,0,1,,,,,,,
71,highly recommend this shop fast delivery and no damage dito na ako oorder hanggang sa matapos ang pag gamit ni baby ng diaper sulit dito napaka ganda ng diaper malambot thank you so much seller,1,1,1,1,,,,,,,
72,the profuct is good worth the wait and maliit nga siya perfect para sa mga maliliit n bag lang bitbit and di siya masyadong mabigat,1,0,1,0,,,,,,,
73,long lasting super love this scent legit head turner madami nagtatanong kung ano daw ba pabango ko nagustuhan din ni boyfriend kaya ayan napaorder ng 5 well packaged wala naman nabasag nagsesend ng picture si seller upon shipment thanks much,1,0,0,1,,,,,,,
74,maganda super sulit niya po saka mahaba siya and mas mura compared sa iba will older again next time thank you po seller,1,0,1,0,,,,,,,
75,ganda at madikit xa kahit nd finish ung wall nmin,1,0,0,0,,,,,,,
76,nice quality at may salamin pa sya,1,0,0,0,,,,,,,
77,great texture magaan cya medyo mahal pero sulit cya kasi napaka portable,1,0,1,0,,,,,,,
78,ang ganda po ng damit ganda din ng tela tsaka sakto lang yung fit sa katawan ko thank you seller sa uulitin thank you shopee,1,0,0,0,,,,,,,
79,good quality mas maganda pa sa pagtrato niya sakin haha sakit makaranas ng bare minimum,1,0,0,0,,,,,,,
80,got my order madali lng dumating maganda sya di ko pa nttry kc wala pa s hubby sya mag sesetup but sana lahat gumana thanku,1,1,0,0,,,,,,,
81,glowing effect got my order today forst it was packed well naka bubble wrapped and tried it on my arms at super ganda nya may gloeing effect at amoy aloe pa same sa aloe gel na ginagamit ko but its not strong will be using this for a concert,1,0,0,0,,,,,,,
82,nagustuhan ng mama ko thank you po,0,0,0,0,,,,,,,
83,order received maganda sila lalo na ung white pinaka nagustuhan ko maganda din sna ung black kasi my damage nga lang biak at di din ganun ka pulido,1,0,0,0,,,,,,,
84,good sa sobrang bango parang gugustuhin mong singutin yung nagpabangocant wait maka order ulit pag naubos 3,1,0,0,0,,,,,,,
85,solid build quality okay na okay siya talagang matibay good buy,1,0,0,0,,,,,,,
86,nice thank you sa mabait na delivery riderthank you sa seller sa magandang na order ko pasinsiya na diko na napicturan at di na nag upload nang picture nang item kasi nagkataon nmahina ang signap dito at thanks to shopee sa mabilis na serbisyogod bless,0,0,0,1,,,,,,,
87,exact quantity ang dumating medyo manipis lang sya compared sa mga nauna kong napurchase but its okay nice nice na ng room naminvery maaliwalas,1,0,0,0,,,,,,,
88,nice and cute makapal naman and doble yong tela so uv protected nga manual lang siya pero so far okay naman pde sa maliit na bag may workmates love this too,1,0,0,0,,,,,,,
89,this is my 2nd order nagpaorder din kapatid ko dahil super legit talaga siya thank you,0,0,0,0,,,,,,,
90,good seller sends out photo before shipping mabilis din nadeliver sakin makapal un cloth ng panty ska may boning sya sa taas na part thank you seller,1,1,0,1,,,,,,,
91,ang ganda complete dumating ng maayos at thanks ma ingat si raider hindi sayang binayad gumagana lahat god bless and more sales,0,1,0,0,,,,,,,
92,excellent grabe napaka ganda talaga ng mga producto niyo kaya di na ako magdadalawang isip na bumili pa ako ng mas marami thank you and god bless,1,0,0,0,,,,,,,
93,good thanks seller super na tuwa ang anak k sa new bottle nya sa uulitin po salamat din sa rider,1,0,0,0,,,,,,,
94,10 sobrang bango huhu need to buy again cuz i just dropped it,1,0,0,0,,,,,,,
95,super ganda at hiyang na hiyang sa akin gustong gusto ko ang texture at mabango hindi harsh sa skin ang smooth nya grabe hindi matapang katulad ng kojic,1,0,0,0,,,,,,,
96,hindi siya katulad nung una kong order mejo fitted siyabut still i like the item thanks seller thanks din kuya corrier merry christmas and happy new year,1,0,0,1,,,,,,,
97,maganda sya nagustuhan ng mother in law ko want rin ng asawa ko goods tela nya malambot more sales to come to this shop,1,0,0,0,,,,,,,
98,ang bilis ng shipping 2 days lang complete yung order at tama lang yung sukat yung downside lang e yung kulay sa tatlo kong inorder yung green lang yung hindi similar sa posted pictures hindi ko bet yung pagkaka green nya pero maganda naman,1,1,0,0,,,,,,,
99,fast deliver and quality of items will order again po next time maraming salamat po god bless and stay safe po thank you again,1,1,0,0,,,,,,,
100,wow good naman yun item thank seller and manong driver,1,0,0,1,,,,,,,
101,good quality ok nmn sya nakakatago nmn ng taba kaht konti thank you,1,0,0,0,Review focuses on product quality and effectiveness.,,,,,,
102,ganda sulit na sulit value for money and quality ganda pang regalo try and tested,1,0,1,0,Mentions product quality, value for money, and its suitability as a gift.,,,,
103,items are complete and was shipped immediately medyo manipis lang tela worry ko baka masira agad and mukang maliit ang size but stretchable nman sya it fits me kahit large frame ako,1,1,0,0,Comments on the completeness of the order, shipping speed, and the product's material and sizing.,,,,
104,thank u seller ordered recieved in a good condition  accuratemore sales to comea satisfied buyer heresana tumagalill buy again soon,0,1,0,1,Expresses gratitude to the seller, notes the good condition of the received order, and expresses satisfaction with the purchase.,,,,
105,910 yippies just got this product this morning and im very amazed because its very secured also the color is so beautiful i forgot na bilhan yung kapatid ko kaya ill order againn antagal din bago malowbat so worth it,1,0,0,0,Focuses on the product's secure packaging, color, long battery life, and overall value.,,,
106,matibay maganda po ang nareceive kong item matibay po ito and what you see what you get,1,0,0,0,Highlights the durability and accurate representation of the product.,,,,,,
107,good i used it already kaganda ng kinalabasan sa pinag gamitan ko the parcel was packed properly,1,0,0,0,Mentions the positive outcome of using the product and proper packaging.,,,,,,
108,ang cute nya i love the color wla akong pic pero masasabi kong ang gnda ng quility ng paying makapal at matibay sana tumagal,1,0,0,0,Describes the cuteness, color, and quality of the product, expressing hope for its durability.,,,
109,pink and nude its good maganda ang quality,1,0,0,0,States that the product is good and has good quality.,,,,,,
110,ang cucuuuute ng mga item complete order ko will definely buy again npaka responsive p ng seller nagchachat sa mga tanong ko thankyou happy si baby,0,0,0,1,Focuses on the cuteness of the items, completeness of the order, and the seller's responsiveness.,,,,
111,order receivedsecured talaga ang packaging niyafirst time ko umorder sa shop na ito wala kasi dun sa datihindi ko pa na try kung legit sila kasi hini p expired ang sim kosalamat seller,0,1,0,1,Highlights the secure packaging and expresses gratitude to the seller.,,,,,,
112,package received complete at good condition maganda ang tela at malaki pa ang net thankyou seller,1,1,0,0,Notes that the package was received complete and in good condition, and comments on the fabric quality and size of the product.,,,,,
113,thank you po seller tama po lahat ng orders ko ang bilis din po dumating,0,1,0,1,Thanks the seller for the accurate order and fast delivery.,,,,,,
114,comfy yung tela nde cya mainit sakto lang yung kapal maganda yung fit well surely order again thanks seller and shopee,1,0,0,0,Focuses on the comfort, thickness, and fit of the fabric.,,,,
115,fast charger sya legit natagalan lang pero sulit nmansalamat seller,1,1,0,1,Identifies the product as a fast charger, notes the delay in delivery, and expresses gratitude to the seller.,,,,
116,really love the quality will surely order again thanks duh ooo charot charot lang,1,0,0,0,Expresses a strong liking for the product's quality.,,,,,,
117,thank u shopee and sellersa uulitin,0,0,0,0,Simple expression of gratitude to the platform and sellers.,,,,,,
118,seller is very responsive with queries only concern ko lang sa product was yung cord pero lahat ata based sa reviews medyo nakabend yung cord dahil sa box nevertheless effective naman siya medyo maingay nga lang will order the regular vaccuum next time,1,0,0,1,Mentions the seller's responsiveness, a concern about the product's cord, and the product's effectiveness and noise level.,,,,
119,ang ganda ng tela niya worth it naman siya sa price niya napaka cute i will buy again kasi nagustohan ko tlaga siya thank you,1,0,1,0,Focuses on the fabric's quality, the product's value for money, and its cuteness.,,,,
120,picture not related pero ang prettyy,0,0,0,0,A brief comment on the product's aesthetic appeal.,,,,,,
121,responsive si sellermaganda po quality niya mabilis din naiship paki double check ung order po next time hehe happy new year po god bless you and your family thank you sainyo at sa rider,1,1,0,1,Highlights the seller's responsiveness, the product's good quality, and the fast shipping, while also requesting order verification in the future.,,,
122,pmedyo matagal lang po na ship ang item pero ok naman,0,1,0,0,Notes the slightly long shipping time but indicates overall satisfaction.,,,,,,
123,thank you seller nkapack po ng maayos yung items,0,1,0,1,Thanks the seller for the proper packaging of the items.,,,,,,
124,mabango second time to order at ang bango nya long lasting talaga sya thanks seller see you in our next transaction god bless you,1,0,0,1,Highlights the pleasant and long-lasting scent of the product and expresses gratitude to the seller.,,,,,,
125,910 sobra mura pero pero maganda item what you see is what you get thank you seller order aq ulit,1,0,1,1,Mentions the item's affordability, attractiveness, and accurate representation, expressing gratitude to the seller.,,,
126,actually di ko pa po nabubuksan kasi ipangreregalo ko po sana magustuhan po nang mother ng pagreregaluhan ko,0,0,0,0,States that the product hasn't been opened as it's intended as a gift.,,,,,,
127,1010 hehehehhe seller thankyou napa ganda sobrang nagustuhan ko salamat talaga dimo ako binigo ang ganda nh texture nya at pag nilagay na sa lips sobrang ganda hindi mabigat ah parang may pag ka dulas pag ginamit na sa lips sobrang love it thankyou again seller,1,0,0,1,Expresses strong satisfaction with the product's aesthetic appeal, texture, and feel, thanking the seller.,,,
128,salamattttttttttttttt po sellerrrrrrrrrrrrrrrr salamatttttttttttttt shoppeeeeeeeeeee3 godblessssss po merry christmas,0,0,0,1,Simple expression of gratitude to the seller and platform.,,,,,,
129,ang ganda at ang lambot sa paanagustuhan ng pinsan qwill order again pothanks sellerthank youthank youthank youthank youthank youthank you,1,0,0,0,Highlights the beauty and softness of the product and expresses gratitude to the seller.,,,,,,
130,maganda naman po yung item thank u seller sa uulitin,1,0,0,1,States that the item is good and thanks the seller.,,,,,,
131,sobrang ganda ng items na gustuhan din ng tita at pinsan ko thank you kaso yung isa hehehe hindi magkapareho,1,0,0,0,Mentions the beauty of the items and that they were liked by others, but notes a discrepancy with one item.,,,,,
132,nice onethanks po order recievedmakakapagdecorate na din aq ng sala nminsalamat din po sa free coins that i recieved,0,1,0,0,Expresses thanks for the order received and the ability to decorate as a result.,,,,,,
133,matibay ang ganda po ng product matibay po sana po tatagal maganda pagka pack ni seller thank you po seller until next purchase po,1,1,0,1,Highlights the product's durability and aesthetic appeal, the proper packaging, and expresses gratitude to the seller.,,,,
134,okay naman siya maganda yung tela and makapal saktong sakto lang siya saken excellent quality kaagad din siyang dumating will order again,1,1,0,0,Comments on the fabric's quality and thickness, the product's fit, and its excellent quality and fast delivery.,,,,
135,bilis ng delivery 2 days lang sakto lang sakin xl though di ko bet yung super haba ng sleeve so papaputol ko na lang but over all thank you will order again ordered 3,0,1,0,0,Notes the fast delivery and the fit of the product, but mentions a dislike for the sleeve length.,,,,,
136,ang ganda ng quality yet affortable pafast shipping dinseller send pictures bago ishipi will buy againpara mas madaming treats ang mga fur babies saka vitamins nilathank you more sales sa shop nato,1,1,1,0,Highlights the product's good quality, affordability, and fast shipping, and mentions the seller sending pictures before shipping.,,,
137,everyrhing is good na sana kaso may defect yung isa,1,0,0,0,Indicates that everything was good except for a defect in one item.,,,,,,
138,maganda po item ni seller and i do recommend it pero malaki lng size na nakuha ko dpat pla 24 lng bawi nlng ako next time,1,0,0,1,States that the item is good and recommends it, but notes an issue with the size.,,,,,
139,9 buti nlng nag basa ako ng comment nag add ako ng 1 size pa sakto lng sya sa paa ko thank you seller,0,0,0,1,Notes the helpfulness of comments and the accurate fit of the product, thanking the seller.,,,,,
140,sakto sa mga ayaw magdala ng mabigat at malaking bagay super thank you seller ang ganda ng payong saktong sakto sa bag my love it so much,1,0,0,1,Highlights the product's suitability for those who dislike carrying heavy items and expresses strong appreciation for the seller and the product's aesthetic appeal.,,,,,,
141,ang gaganda ng bras nila as in  di ka magsisisi  quality is superb  mapapaulit ako nito hehe thank you seller tama lahat ng sizes na pinadala,1,0,0,1,Expresses strong satisfaction with the product's aesthetic appeal and quality, thanking the seller for the accurate sizes.,,,,,
142,oks naman siya saktong sakto sa lutuan namin nagustohan din ni mami di na mahihirapan if yung pan namin is maliit and medjo magaan order ulit kapag naluma yon hehe,1,0,0,0,Notes that the product is okay and fits well in the kitchen, and that it's lightweight and liked by the buyer's mother.,,,,,
143,ang gondooo nice din ng quality ok na sya for the price just wish nagsesend ng pic before shipping yun lang,1,0,1,0,Highlights the product's aesthetic appeal and good quality for the price, but expresses a desire for the seller to send pictures before shipping.,,,,,
144,right color maliit lang talaga sya tignan if oorder ako ng isa pa mag 4344 ako na size para may allowance ng konti,1,0,0,0,Notes the correct color but comments on the small size of the product.,,,,,,
145,100 i am 100 satisfied with this purchase ive already used it thank you seller and rider for taking good care of my order,0,0,0,0,Expresses complete satisfaction with the purchase and thanks the seller and rider.,,,,,,
146,cute usual size ko is 41 ngbakasakali lang ako kase ang ganda ng design ending ansaya ni nanay ko sa bago nyang slippers,1,0,0,0,Describes the product as cute and notes that the buyer took a chance with the sizing, resulting in happiness for their mother.,,,,,
147,thank you seller again for the fast transactions i recommend this shop marami na kong na order dito lage very accommodating seller incomplete na received ko pero ngawan agad ng paraan salamat po,0,1,0,1,Thanks the seller for the fast transactions and recommends the shop for its accommodating seller, noting that an incomplete order was resolved quickly.,,,,,
148,910 okay naman maganda quality and sana tumagal siya di tulad niya nang iwan hahahaha emz,1,0,0,0,Notes the good quality and hopes for the product's durability.,,,,,,
149,only bought one to try and i really love it seamless and not too heavy very comfy suotin will get more colors for reference i am 5feet and 43kg,1,0,0,0,Expresses a strong liking for the product's seamless design, lightweight feel, and comfortable wear.,,,,
150,ang gandaaa huhubels thankyou sellervoavjjfjajdaj thankyouuuthankyouuuthankyouuuthankyouuuthankyouuuu,0,0,0,1,Expresses strong appreciation for the product and thanks the seller.,,,,,,
151,maganda na sya for its priceeee medyo manipis pero pwede naaaa recommend ko itetch pasensya sa pics at vid hindi na na videohan kasi kinuha na agad sakin eh,1,0,1,0,Notes that the product is good for its price, although slightly thin, and recommends it.,,,,
152,thank u po ilang ulit qna pong order ito d nyo parin po ako binibigo posalamat po order pa po ako ulit,0,0,0,1,Thanks the seller for consistently meeting expectations.,,,,,,
153,super cuteey it comes with a box received in a good package thank you,1,1,0,0,Highlights the product's cuteness, its packaging in a box, and the good condition of the package.,,,,
154,i love the color at first i was hesitate to order kasi baka mamaya fake then i reiview all the reviews and it says okay naman yung quality so ive tried and hindi naman ako nag sisi dahil maganda nga sya in personthank you seller,1,0,0,1,Expresses a liking for the color and notes satisfaction with the product's quality after reviewing other reviews, thanking the seller.,,,,,
155,items received in good condition the plastic is considerably thick enough mukhang matibay naman di madaling mabali when used havent tried yet but will update this review kung sakaling mali ako sa judgment ko on sturdiness,1,1,0,0,Notes that the items were received in good condition and that the plastic appears thick and durable.,,,,,,
156,ok lang nmanthank you thank you thsnk you thsnk youok lang nmanthank you thank you thsnk you thsnk youok lang nmanthank you thank you thsnk you thsnk youok lang nmanthank you thank you thsnk you thsnk you,0,0,0,0,Simple expression of thanks with an affirmation that everything is okay.,,,,,,
157,lambot sa feet 2 size larger ang kinuha ko  yung sa daughter ko size 38 siya  ok sa kanya ang size 40 sakto lang ako naman 39 dapat 41 na size kinuha ko,1,0,0,0,Comments on the softness of the product and the sizing, noting that a larger size was chosen.,,,,,
158,very good ni recommend lang saken tong shop nato nang kumare kofirst time buyer here and syempre satisfiedmagandadiko pa nga lang sya na try but accordinh sa kumare ko maganda tlga siyang gamitineffective thank u po,1,0,0,0,Notes that the shop was recommended by a friend and expresses satisfaction as a first-time buyer, commenting on the product's beauty and potential effectiveness.,,,,,
159,ang cutie mag size up kayooo mga mare delviery took 5 days i think pero overall maganda yung qualityyy super sulit planning to buy other colors too,1,1,0,0,Highlights the product's cuteness, recommends sizing up, and comments on the delivery time, the product's good quality, and its value for money.,,
160,100100 thank you seller order received medyo matagal nga lang dumating salamat sa suki ko na rider very kind,0,1,0,1,Thanks the seller for the order received and the rider for their kindness, noting the slightly long delivery time.,,,,,
161,very good super ganda ng quality its a steal honestly and tama lang siya sa paa ko,1,0,0,0,Highlights the product's excellent quality and good value, and notes that it fits well.,,,,,
162,good this is my 2nd time ordering this tumblr this time para sa kapatid ko naman i am very satisfied sa tumblr nato super kahit ilang days pa yung ice ko sa tumblr di natutunaw,1,0,0,0,Notes satisfaction with the product, mentioning that ice remains unmelted for days.,,,,,
163,maganda sya at makapal will order again thank you seller,1,0,0,1,States that the product is good and thick, and thanks the seller.,,,,,
164,di naman sya ganun ka quality huwag gamitin sa mga baby at bata baka maallergy,1,0,0,0,Comments that the product is not of high quality and advises against using it for babies and children due to potential allergies.,,,,,,
165,10010 sulit yung 99 pesos mo ganda ng quality at ang gaan lng sa paa thank you seller,1,0,1,1,Mentions the product's good quality, lightweight feel, and value for money, thanking the seller.,,,
166,napaka ganda second time ordering in this shop and never akong binigo thankyou seller,1,0,0,1,Expresses strong satisfaction with the product's aesthetic appeal and thanks the seller for consistently meeting expectations.,,,,,,
167,i suggest this with long black socks and a mini skirt with a white kindaseethrough polo with tie what u see is what u get talaga i got compliments at school when i first wore this,1,0,0,0,Notes that the product is accurately represented and that it received compliments when worn.,,,,,,
168,delivered promptly sobrang balot na balot and mej naulanan but nashield naman ang product working naman lahat ng buttons,1,1,0,0,Highlights the prompt delivery, secure packaging, and functionality of the product.,,,,
169,sira po yong na deliver nyo kaya sana po ma ibalik po yong pira namin  dapat kayong mga seller chick nyo muna bago nyo deliver sa manin,1,1,0,1,Reports that the delivered product is broken and requests a refund, emphasizing the need for sellers to check products before delivery.,,,,,
170,thanks seller nagustohan ko ang kuya raider sa maayos nga pag deliver,0,1,0,1,Thanks the seller and expresses appreciation for the rider's proper delivery.,,,,,,
171,grabe worth it sya d na bugnot baby ko,1,0,1,0,Highlights the product's value and effectiveness in soothing the baby.,,,,,,
172,love all the lippies and glosses i ordered here the packaging and the products are super nice can fit on small bags coz its also tiny haha ang cute po quality is good super cheap than if you purchase products on malls,1,0,1,0,Expresses love for the products, noting their nice packaging, portability, good quality, and cheap price compared to mall purchases.,,
173,maayosss ang ganda niyaaa superbbbb ganda poo will buy againnngandaaa super ganda po niyaa for rainy and sunny dayyy wohoo,1,0,0,0,Highlights the product's aesthetic appeal and versatility for both rainy and sunny days.,,,,,,
174,mejo natagalan delivery idk about its quality kc binili ko sya pangraffle hehebuti umabot sa christmas party thank u seller,0,1,0,1,Notes the delayed delivery but expresses gratitude that it arrived in time for the Christmas party, thanking the seller.,,,,,
175,good quality magabda din pagkakabalot nila safe yung parcel mabilis din nadeliver thank you seller,1,1,0,1,Highlights the good quality, proper packaging, secure parcel, and fast delivery, thanking the seller.,,
176,excellent thankyou seller 2n1 stylus and pen,1,0,0,1,States that the product is excellent and thanks the seller.,,,,,,
177,nice ang cute ng item super nagustuhan ko pati ung color and all super sulit nung binayad ko magagamit ko sya pang matagalan super recommended ko sya sa mga naghahanap dyan na mura pero quality tlga order na kau dito worth it pera nyo bait pa ng rider and sellerlapit,1,0,1,1,Highlights the product's aesthetic appeal, cuteness, color, value for money, durability, recommendation, and the kindness of the rider and seller.
178,super bils dumtng i love it tama ang kulay,1,1,0,0,Notes the very fast delivery and correct color.,,,,,,
179,sobrang happy ko sa order hihi mura pero sobrang ganda ng quality omg gumagana sya thank you so much seller huhu sana lahat ng seller kagaya nyo maayos ang binibigay hehe more sales to come pp god bless,1,0,1,1,Expresses great happiness with the order, noting its cheap price, good quality, and functionality, thanking the seller and wishing them more sales.,,
180,maganda cya  at sobrang dikit din cya  ang bilis din cya dumating  thank you seller,1,1,0,1,Highlights the product's aesthetic appeal, strong adhesion, and fast delivery, thanking the seller.,,,
181,2nd time ordering to this shop and pramis hindi nakakabigo mabilis pa yung pagship at ang ganda ng quality thank u shopee,1,1,0,0,Notes the consistent satisfaction with the shop, fast shipping, and good quality.,,,,
182,soft soft an tela pero manipis yung tela pero perfect siya for top or under tshirt thank you seller,1,0,0,1,Comments on the fabric's softness and thinness, and thanks the seller.,,,,,
183,item received in good condition salamat shopee salamat kay seller at syempre salamat manong rider sa uulitin po,0,1,0,0,Notes that the item was received in good condition and thanks the platform, seller, and rider.,,,,
184,sobrang ok ng quality pangalawang order ko na matibay 200lbs ang timbang ko kayang kaya laking plus din nung side pockets,1,0,0,0,Highlights the excellent quality and durability, noting that it can support a weight of 200lbs.,,,,,
185,ang fancy nya tignan di mukhang 53 pesos 2 days bago dumating nakaabot pa ako sa free shipping bili ulit ako dito next time thank you seller more sales to come,1,1,1,1,Notes the product's fancy appearance, affordable price, and delivery time, thanking the seller.,,,
186,worth the price po very affordable nakabili na din po ako dati kaya yung binili ko naman po ngayon yung may 2 inch heels,1,0,1,0,Highlights the product's value for money and affordability.,,,,,,
187,thank you seller tama ang size but ang color mali but ok lang basta walang damage,0,0,0,1,Thanks the seller for the correct size but notes an incorrect color.,,,,,,
188,i liked it po worth the price and maganda po siya sakto lang sakin thank you po kahit medyo matagal thank you po ulit,1,1,1,1,Expresses a liking for the product, noting its value for money, aesthetic appeal, and good fit, and thanks the seller.,,
189,okay naman okay naman siya i think sulit na rin for its price maganda naman quality yun lang thank u seller and sa courier na nag deliver,1,1,1,1,States that the product is okay and worth its price, noting its good quality, and thanks the seller and courier.,,,,
190,thanx po ang ganda nya mkha matibay nmn po xa sna tumagal xaorder po ulit nextym,1,0,0,0,Thanks the seller and notes the product's aesthetic appeal, apparent durability, and hope for its longevity.,,,,
191,ang bilis dumating ng parcel and ang ganda ng fake nails sobrang kapit din ng glue halos ayaw nang kumawala sa kuko ko sa sobrang excited ko nalagay ko fake nails ko nang hindi ko pa naalis yung nail polish kaya nadumihan yung iba pero overall sulit talaga til next,1,1,1,0,Notes the fast delivery, aesthetic appeal of the product, and strong adhesion of the glue, emphasizing its value for money.,,,
192,salamat seller okay naman po send ninyo productssalamat din rider,0,0,0,1,Thanks the seller for sending the product and thanks the rider.,,,,,,
193,thankyou seller bilis lang dumating really satisfied buyer here sa uulitin po thankyou thankyou kudos,0,1,0,1,Thanks the seller for the fast delivery and expresses satisfaction as a buyer.,,,,,,
194,good quality comfortable to wear cheap price my orders arrived complete and not damaged and im glad because the seller is responsive i love the quality and its really comfortable to wear thank you seller and kay kuyang nagdeliver imma buy again next time,1,1,1,1,Highlights the product's good quality, comfortable wear, cheap price, completeness, lack of damage, and the seller's responsiveness, thanking the seller and delivery person.
195,try pa lng kung fast charger nga sya mabilis din ang deliver sana fast charger sya,1,1,0,0,Notes the fast delivery and hopes that the product is indeed a fast charger.,,,,,,
196,durable super ganda po nang items at sobrang worth it nito mura lg nang mabili ko noong 1010 bilis din ng shipping salamat po,1,1,1,0,Highlights the product's durability, aesthetic appeal, value for money, cheap price, and fast shipping.,,
197,legit legit nice sounds matagal malobat i order many may gift sa friend,1,0,0,0,Confirms the product's legitimacy, good sound quality, and long battery life.,,,,
198,super ganda ng 1st picture and tama ang size also for the second 1 my orig size was 3940 pero ang supreme size 40 lng order ko size 41 dumating super laki ahay tapos rubber sya and ok naman at magaan sa paa un lang mali size na napadala dto,1,0,0,0,Notes the aesthetic appeal and correct size for one item, but comments on the incorrect size and material of another item.,,,,,
199,ang cute tsaka ang laki what you see is what you get talaga highly recommended item for your babies mga mamiii,1,0,0,0,Highlights the product's cuteness and size, affirming its accurate representation and recommending it for babies.,,,,,
200,hala ang ganda nya sa personal kasu medjo maliit pero good items naman thank you sa legit na tumbler kay i give you 5 star,1,0,0,0,Expresses appreciation for the product's aesthetic appeal, although slightly small, and confirms its legitimacy.,,,,
201,good maganda sya para sa price nya happy si baby thankz seller 5 star ka talaga sakin,1,0,1,1,,,,,,,
202,super good maganda sya ang linaw ng soundsuulit at uulit aq bumili pwd pang giftthank u seller,1,0,0,1,,,,,,,
203,super cute kaso super haba nung isa medj oa na for me pero ok naman putulan ko na lang ambilis rin maideliver which is good rate ko 5 star dahil don,1,1,0,0,,,,,,,
204,soft maganda yung product soft yung tela at parang wala ka lang suot kaya hindi nakakairita sa balat baka bumili ulit ako salamat seller,1,0,0,1,,,,,,,
205,nice fast and smooth delivery considering its from overseas no damage and correct sana hindi masira agad thank you,1,1,0,0,,,,,,,
206,sobrang bilis ng transpo kahit bagyuhan ko inorder accomodating ung seller she even sens me the actual image of the item,0,1,0,1,,,,,,,
207,ang ganda sana kaso malaki pala sakin size 38 pero oks na din para may allowance bet na bet ko yung kulay at taas niya thank youuu,1,0,0,0,,,,,,,
208,oil order received matagal na ship out at di sya ganun kaamoy ng cloud but understandable naman for its price kaya nagulat ako bat ang mura tumatagal naman yung amoy sa damit thank you seller at kay rider,1,1,1,0,,,,,,,
209,havent tried it yet but i imediately noticed that kulang ng isang order yugn anastasia eyebrow brush wala,1,0,0,0,,,,,,,
210,nice maganda very affordable comfy sa paa sakto ang kulay nag send pa ng picture bago ipadala thank you seller  visayas jt rider god bless,1,0,1,1,,,,,,,
211,maganda naman for its price kaso magkadikit yun cup kaya di ko maadjust kung pano ko gugustuhing takpan and isa pang off is yung strap maikli yung strap and masyadong magkadikit yung dalawang strap over all maganda parin pero tinanggal ko nalang yung strap para mas maganda tignan,1,0,1,0,,,,,,,
212,not bad at all may konting damage at yung tela ng sweater medyo manipis pero all good naman,1,0,0,0,,,,,,,
213,lakas nang hangin worth the price,1,0,1,0,,,,,,,
214,i lov it thanku lord okay nmn sya manipis pero oks lng dahil sobrang mura nmn good for its price,1,0,1,0,,,,,,,
215,okay na sya sa 300 overall natuwa naman ako pero kinakaban lang ako sa kasi baka mag crease na agad pag gamit ko baka yun yung unang masira pero well see ang bilis rin ng shipping 2 days lang andito na,1,1,1,0,,,,,,,
216,nice one complete cya sunod ulit,1,0,0,0,,,,,,,
217,good ok nan sya malakas hangin kaso yung saksakan ng charger mahirap masikippero salamat seller at mabilis ang dating nya at kay ridergod bless,1,1,0,1,,,,,,,
218,maganda yung quality hindi manipis maganda rin yung kulay at texture medyo matagal lang dumating but overall okay naman,1,1,0,0,,,,,,,
219,810 yung plum ang inorder ko pero parang orange yung laman based sa mga nakita ko is blackviolet yung loob nya hindi ko alam bakit ganito laman nung sakin effective naman sya kapag nilalagay sa cheeks pero sa lips hindi masyado kase pagbura ko konti nalang natira,1,0,0,0,,,,,,,
220,1010 mabilis agad nakarating thankyou try kona to hehe,0,1,0,0,,,,,,,
221,super love it ang bango niya,1,0,0,0,,,,,,,
222,maganda naman yung payong parang di siya masyado durable yung frame niya pero maliit talaga siya and magaan thanks seller,1,0,0,0,,,,,,,
223,though incomplete na receive q vs my order ill still give 5 kc very responsive s concern c seller khit mdyo delayed minsan mag reply pro ok lng kc may nka specify nmn n time limit at s dami nrin cguro ng pa order kya nagkakalituhan nrin lastly after requesting,0,1,0,1,,,,,,,
224,super well pack safe na safe pangatlong order ko nato sana maka wholesale ako,0,0,0,0,,,,,,,
225,received item in good condition maganda ang quality well packaged complete items thank you so much happy with the purchase,1,0,0,0,,,,,,,
226,1010 thank you seller ang bilis maship hahahahahah ang cute ng payong and mukha namang matibay hehe thankyouuuuu 333 nagustuhan ng mom ko baka mag order rin sya,1,1,0,1,,,,,,,
227,2nd order ko na toh ang gandaaaaaaaaaaaaaaaaaaaaaaaaaaaaaaaaaaaaaaaaaaaa di ako binigo ni seller nag send pa sya ng pic bgo ideliver thank you seller thank you din ky kua rider,1,0,0,1,,,,,,,
228,anganda nya argkk sakto lang ung nipis ng tela sa amount of prize definitely order ulit ako kong magkamonwy hwhehehehwhehe,1,0,1,0,,,,,,,
229,may pagkaoil mabait si seller bago nya ipaship sesendan muna kayo ng photo worth it ang product maraming salamat po,1,0,0,1,,,,,,,
230,thankyou po ang ganda ang sarap sa paa malambot sa uulitin po khdndnskskxkcjvj jd d ksksjdjr t f sjksjs d rbskskd rjforoend,1,0,0,0,,,,,,,
231,gandaaaaa sakto sa junakis ko may konting allowance para pag may medyas the best ganda salamat,1,0,0,0,,,,,,,
232,ang ganda ng shoes kasya lng sa baby ko  size 23 14cm super cute,1,0,0,0,,,,,,,
233,thank you seller order received buti nagadd po ako ng size normal size ko is 43 sinunod ko ang reviews dito sakto lang siya ok naman for its price soft sole,1,1,1,1,,,,,,,
234,hindi siya yung matigas na plastic yung material niya is like malambot yung parang sa mga tsinelas for its price okay naman na siya,1,0,1,0,,,,,,,
235,ang cute tapos napakamura pa nya solid 10 hehe ang bilis pa maship out at madeliver maraming salamat po,1,1,1,0,,,,,,,
236,ang bilis dumating ang ganda ng mga slippers makapal din yung sole ganda ng color sana matibay pero mukhang matibay naman thank you po,1,1,0,0,,,,,,,
237,super ganda ng order ko na to at super satisfied din ako sa quality at sa paghandle ni seller at ng courier arrived super early nice di ko inexpect salamat wellpacked sya kaya oks hindi nasira yung item kasi maayos sya nakabalot no damage sa packaging din good quality complete,1,1,0,1,,,,,,,
238,na try ko na kasi ito kaya nauna pa tong order ko na to kesa sa kabilang shop ang ganda thank you actually naiwan ko kasi sa taxi nun nag baguio ako un una ko ganito kaya ito order ulit mas mura kesa sa aqua flask,1,0,1,0,,,,,,,
239,ang bilis dumating and very secured yung product excited na ako gamitin since ang ganda ng kulay hindi dull will order again soon hahahahah,1,1,0,0,,,,,,,
240,4th or 5th time ko na umorder and still ang gaganda ng quality thankyouuu seller sauulitinn,1,0,0,1,,,,,,,
241,good ganda nya sa lips hindi dry smooth at parang natural lips lng kulay lakas maka fresh bet na bet ng junakis kong ngdadalaga,1,0,0,0,,,,,,,
242,nice maganda naman sya  not responsive lang yung seller kahit online ignore lang yong message ko anyways thankyou,1,0,0,1,,,,,,,
243,i like it got my order already but the perfect super bango i love it  thank you seller at ni kuya rider,1,0,0,1,,,,,,,
244,ok nmn mabilis malowbat white inorder ko pero green ung dumating,1,1,0,0,,,,,,,
245,pang 5th time ko ng order sa shop na tomaliit ang sizes ng bra kaya laging maglagay ng allowancemaganda ang itemstenk u,1,0,0,0,,,,,,,
246,quality is ok pero yung structure nya parang hindi magtatagal para kasi syang purong foam not tela na tela talaga haha but ang ganda nya in terms of magtatagal ba ahmmm well see,1,0,0,0,,,,,,,
247,complete order maganda ang tela para saken  sakto lang sa asawa ko po kase strech sya yung isa nasuot na ng asawa ko  thank you seller and kuya rider,1,0,0,1,,,,,,,
248,ang tagal dumating umabot ng 2 weeks pero na ship nman agad ni seller ang tagal lang naidelever almost 2 weeks hndi na galaw sa warehouse ni shopee kainis tagal na lagi mag deliver ni shopee,0,1,0,0,,,,,,,
249,maganda sia masarap isuot at affordable thank u seller at kay kuya rider for sure will order again,1,0,1,1,,,,,,,
250,amazing ang ganda neto pangalawang order ko na kaso napansin ko is hindi same yung size nila mas mataas yung isa pero mataba yung isa but overall maganda mura pa,1,0,1,0,,,,,,,
251,bilis ko nakuha ordered 99 received 911 dto sa norte the free nya ung nail file will edit review pag nalagay ko na,0,1,0,0,,,,,,,
252,very good 3rd time ko na mag order ng ganito at satisfied talaga ako sa quality maganda walang damage tama ang size at bilis ng shipping ng seller at delivery ng jtsalamat sa seller at sa shopee,1,1,0,1,,,,,,,
253,pang ilan order kona dito maganda talaga gamitin nagustuhan din ng mga classmate ko thank you seller order ulit ako,1,0,0,1,,,,,,,
254,1010 okey po cxa good condition at walang damage thanks to seller at sa nag deliver god bless pomaganda po cxa,1,0,0,1,,,,,,,
255,thank you seller wala naman pong damage yung item,1,0,0,1,,,,,,,
256,pangalawa ko na ng order sa shop na to same sandals din i will surely order again,0,0,0,0,,,,,,,
257,tama po lahat ng pinadala nila trusted na talaga ko sa shop na to ang ganda ng tela ng dress malambot siya nagustuhan ni buyer thank you will order again po,1,0,0,0,,,,,,,
258,thankyou seller thanjs din sa rider love it,0,0,0,1,,,,,,,
259,thanyou seller okay lnag naman yung jogging pants kasyang kasya sa bibigyanorder kami ulitmaganda yun fit niya mura pa ditotahnkyouthankyou,1,0,1,0,,,,,,,
260,i immediately sent them the video but they are not responsive at first they didnt gave me a refund sayang pera,0,0,1,1,,,,,,,
261,matibay maganda ang pagkakagawa seamless talaga walang run bumili na rin kayo guys sobrang sulit as in will order more for gifts,1,0,1,0,,,,,,,
262,sakto sakin maraming salamat malambot sya and good quality for the price sana tumagal sakin to and bibili ulit ako dito sa shop ng pants na to,1,0,1,0,,,,,,,
263,nagandahan ako at will order again mabilis k lng na tanggap din hibde nako naka pag video,1,1,0,0,,,,,,,
264,1010 ang cute ng product nagustohan ko thank you seller,1,0,0,1,,,,,,,
265,i just want to say thank you shoppee for bringing a good quality order maganda po siyaorder uli aq maganda po ung productmabuksan ko tuloy ung mga dting messege koall working din pti charger magndang pang back up phone ito,1,0,0,0,,,,,,,
266,thank youuuu super happy since good condition naman lahat and most especially nagana lahat and walang deffective hopefully mas makapal lang sana bubble wrap next time thank you,1,0,0,0,,,,,,,
267,mystery pouch recieved sobrang lapad kaso d ako fan ng anim pero still worth d try baka mpagpaperahan pa still happy customer thank you,1,0,0,0,,,,,,,
268,the big size good nmn lahat medyo madali lang ito malobat wala rin itong nkalagay na fragile kaya nglala aq n bka madamage pero okay nmn,1,0,0,0,,,,,,,
269,8 sobrang mgkaiba yung color compare sa picture yung blue ang nka post is light blue pero dumating dark blue and mejo malaki pala sya which is okay lng quality hnd naman manipis kya goods sakin yun ang ayoko lang is yung pinaka handle kung mkikita nyo prang pinampalo,1,0,0,0,,,,,,,
270,tatlong mystery pouch pare parehas ng nakuha pinapaubos lang yunh stocks na di mabenta,1,0,0,0,,,,,,,
271,kasyang kasya and ganda ng fit mukhang okay naman lahat ng items i bought bulk para tipid sa sf thanks seller sa complete and fast delivery,1,1,0,1,,,,,,,
272,okay thank you okay naman ang quality sakto sa price salamat po seller patu po sa jt auper fast delivery talaga,1,1,1,1,,,,,,,
273,rubber thank you lala korean shoes and sandals size 38 po yan nag add ako 1 size s brown excellent quality well packaged item shipped immediately very accommodating seller will order again god bless,1,1,0,1,,,,,,,
274,maganda sya legit na legit ang hirap lang talaga iopen ung front cover pero nakaya naman buksan ng hindi nasisira ung cover ahehehe,1,0,0,0,,,,,,,
275,maganda sya kaso medyo dipa ako sanay gamitinthe item is in good condition den thankyou seller im satisfied with your item,1,0,0,1,,,,,,,
276,satisfied with the product wala syang damage at naideliver ng maayos legit na phone size at magaan pang single lang talaga sya,1,1,0,0,,,,,,,
277,ang bilis dumating inorder ko nung 99 nakalagag dun preorder at delivered on oct diko inexpect na ganun kabilis functioning well i hope magtagal at effective ito,1,1,0,0,,,,,,,
278,1010 medyo malaki ung naorder ko peru okay lang mablis naman lumaki paa nya super ganda wala akong masabi thankyou seller nag messege din sya bago iship order ko godbless seller and sa rider,1,1,0,1,,,,,,,
279,mali yung nalagyan ko ng rate hahahaha this is working and very cute product buta ne hahahaha thank you seller and shoppee and to the delivery man,1,0,0,1,,,,,,,
280,sulllliiiitttt pooo ung pinambayad  ganda po ng item sakto din po sa ordered na color at size thanks much po,1,0,1,0,,,,,,,
281,ok ok yung item kaso mali yung naideliver na kulay saken ok naman pero sana next time kung ano yung order masunod thank you parin sa seller mabilis din dumating delivery,1,1,0,1,,,,,,,
282,good quality fast delivery okay naman siya and mura pa thank you cute ng square pants and even yung pajama hindi nga lang magkakapareho ng size yung pajama,1,1,1,0,,,,,,,
283,maganda ang item mabait din si seller although hindi naipadala yong kulang na sando before laban lang responsive din,1,0,0,1,,,,,,,
284,1010 thanks po seller ang ganda po ng item sulit po ang bayadorder po ako ulit dito sa store ninyokuya rider thank you din,1,0,1,1,,,,,,,
285,my 3rd time to order at laging okay at walang damages ang mga tumblers,1,0,0,0,,,,,,,
286,bilis dumating murang mura pa po dami ng nude color na pagpipilian mabait din kausap yung seller,0,1,1,1,,,,,,,
287,aywan ko may bukas yung parcel kaya mabaho matagal bago nalayas ang amoy pero yon maganda matibay,1,1,0,0,,,,,,,
288,medyo mahina signalobserve ko pa,1,0,0,0,,,,,,,
289,worth it budgetable tinamad lang ako mag review pero super ganda po nang product gusto nang nanay ko hehe,1,0,1,0,,,,,,,
290,1010 napakaganda malambot sa paa ng bata sobrang magustuhan ng baby ko at lalo na ako ganitong klase hinahanap kong sapatos bili ulit ako sa sunod mas mlki nman size 27 sa 2 years old ko sakto lng gnda nkakatuwa mura na sulit kapa thank u s shop na ito,1,0,1,0,,,,,,,
291,very nice thank you po seller very nice at wlang sira may free stickers pa,1,0,0,1,,,,,,,
292,thank you seller and rider sana tumagal at malinaw ang sounds,1,0,0,1,,,,,,,
293,umbrella r not mineits for my kapit bahay she just ask me a favor to buy her the sme umbrella i havethank u seller and to the delivery man,0,0,0,1,,,,,,,
294,ang ganda po walang damagethankyou seller,1,0,0,1,,,,,,,
295,good satisfied costumer here kahit medyo matagal dumating,0,1,0,0,,,,,,,
296,very comfy suotin nung jogger malambot siya and yung brief naman is sakto lang kompleto din yung brief na twelve pieces,1,0,0,0,,,,,,,
297,cute and functional naman pero ilan days lang yun battery better bili ng heavy duty thank you,1,0,0,0,,,,,,,
298,maayos naman ang item perfect ang size para hindi agaw eksena sa loob ng bag makapal ang tela yung stick lang niya medyo mapayat na sa dulo pang solo lang din ang size satisfied naman kami,1,0,0,0,,,,,,,
299,ang ganda this is my first time na umorder dito sa shoppe ng bra kasi natatakot ako baka malaki dumating lalo nat diko alam size ko kasi flat chested ako so tinry ko umorder neto  tamang tama lang sya bagay sya sa mga flat chestedteenager nkaka dissapnt lang kasi,1,0,0,0,,,,,,,
300,lahat nang kamuha neto na item ma pa mura or ma pah mall pa yan same quality hindi makapal pero di naman ganyan ka nipis na kita na ung sinag nang araw buy at your own risk kasi hindi naka bubble wrap buti na lang hindi basag at yan sa,1,0,1,0,,,,,,,
301,this the second time i order this item to this shop maganda ung quality ng item nagustuhan ko xa effective din xa and very comfy,1,0,0,0,,,,,,,
302,this is the first time maka order ako nitong gantong style maganda din siya and di din ako nabigo sa quality niya gustong gusto ko din to,1,0,0,0,,,,,,,
303,ang ganda rin nito rubber siya pero for me mukhang okay naman yung quality will order again ibang variation naman hehe sa sizing naman na to nagstick lang ako sa size ko tho it depends pa rin siguro sa paa niyo mahaba at payat yung paa so i decided not,1,0,0,0,,,,,,,
304,thank you shopee 1111 nakabili aq ng mura at magandang mosquito net for my babyang ganda niya kahit medyo malambot siya sana magtagal to na magamit,1,0,1,0,,,,,,,
305,good maganda sya nagustuhan ko at ng anak ko sa susunod ulit salamat shopee  seller more benta to come,1,0,0,1,,,,,,,
306,thank you so much po ang gaganda po nagustuhan ko po sulit na sulit po for shipping at fast delivery din po i will order again,1,1,1,0,,,,,,,
307,ok ang quality mura at mabilis dumating ang mga items im so happy with my purchase will surely order again,1,1,1,0,,,,,,,
308,1010 dumating yung boots ng nakabox good job seller ang di ko matangap yung tagal ng shipping eh kapag kasi nasa qc hub na yung parcel ko within the day or next day na dadating yung parcel ko ngayon nasa qc hub na umabot pa din ng 5 days bago,0,1,0,1,,,,,,,
309,buti sakto sakin haha yung black muntik na mabitin ewan ko lang sa grey di ko pa nasusuot ok na to panggamit sa araw araw na byahe thank you seller at sa rider,1,0,0,1,,,,,,,
310,item received in good condition and complete very affordable mga item sa shop na ito at magaganda yung mga item hinding hindi kayo magsisisi sa pagorder hindi masasayang ang pera ninyo excited na akong magamit ni baby mga inorder ko thank you seller and shopee sa good service godbless,1,0,1,1,,,,,,,
311,receive ko na po ang ganda ng mga kulay kahit hindi nasunod yung kulay na gusto ko expected ko naman yun kasi nagsabi agad si seller thank you seller sa uulitin po thank you din sa shopee at sa jnt na nagdeliver godbless po,1,0,0,1,,,,,,,
312,super sulet mura na maganda pa salamat seller at sa shoppee,1,0,1,1,,,,,,,
313,good thankyou seller try ko kahapun walang oily and sticky salamat seller and kuya rider na always suki na namin,1,0,0,1,,,,,,,
314,good quality matibay din kaya nagustuhan ng mama ko will order again para naman sa hipag ko ibang kulay naman para magkaiba kami thank you,1,0,0,0,,,,,,,
315,mahaba at mbigat maayos nrin kc un bigat dagdag sa bigat nd mahangin agad german kasi sia gusto ng anak ko thankyou seller at rider,1,0,0,1,,,,,,,
316,malambot sya sa paa mejo malapad lang tignan for my size which is my fault happy pa rin nman ako with what i purchased thank you seller,1,0,0,0,,,,,,,
317,trusted shop when it comes to bras ordered many times here maliit lng sizing nila kaya need mag adjust overall maganda quality ng bras thank you sis till next,1,0,0,0,,,,,,,
318,thank you so much seller pinaka the best na nabili ko because very much pretty and comfortable and ang ganda nung strap not itchy sa balat,1,0,0,0,,,,,,,
319,all good bilis 1 day lang na recieve ko na agad order order nadin kayo,0,1,0,0,,,,,,,
320,gandaaa basta post ni idol  ko yan sana lagi kang active ah para my  likekana my comment kapa,0,0,0,0,,,,,,,
321,complete naman yung order ko correct colors din pero di ko pa nasukat kung exact ba talaga dun sa size sa description overall okay naman siya wala din namang gusot thank you po sa seller,1,0,0,1,,,,,,,
322,mganda ung shoes mlambot mbilis din dumtingsakto din ang sizethnk u,1,1,0,0,,,,,,,
323,maganda sya worth the price thank you seller,1,0,1,1,,,,,,,
324,nicegreat sellergood jobok po ung nabili kothank youlegit to,1,0,0,1,,,,,,,
325,1010 youll never thought that its price is below a 10000 when you personally have the item already kasi its so comfortable on my feet and the material uses a great quality and durable for sure i am size 37 but since malapad yung pa ko i added 1 size,1,0,1,0,,,,,,,
326,the pants were good sakto lang sa price ang item mabilis rin mag ship si seller and complete and order ko and for that i recommend this shop thank you for the service god bless,1,1,1,1,,,,,,,
327,kahit paano tumatagal naman po ang amoy kahit maghugas ako nang kamay andon paring yung amoy niya my order just arrive and im so grateful to the seller kasi kung ano ang order ko yon ang dumating tska naka double bubble wrap pa para safe talaga ang product thank you,1,1,0,1,,,,,,,
328,goods for its price oky nmn kso mali size nao4der ko sobrang sikip wla allowance,1,0,1,0,,,,,,,
329,thank you po seller will order again hehe akala ko d aabot sa xmas my santa freebie pa salamat shopee,0,0,0,1,,,,,,,
330,hanggang pang 1year old na ata to eh ang laki thanks nagustohan ko kaso wala na kami mahigaan ng asawa ko kasi sakop niya na kalahati ng kama namin,1,0,0,0,,,,,,,
331,malinaw maganda quality and sounds very clear easy to use and to connect from my phone convenient and nice cute and very light well recommended,1,0,0,0,,,,,,,
332,maganda po talaga ang telamasarap talaga isuot daw sabi ng mga anak kopara sa kanila talaga yunmabuti at may choices sa size nyasalamat sellerwill order again po if kailangan ulitsalamat,1,0,0,1,,,,,,,
333,all items that i ordered are in very good condition thank you seller  shopee and courier keep it up stay safe and god bless,0,0,0,1,,,,,,,
334,gumagana naman daw sabi ng husband ko sana magtagal good buy ilalagay namin sa room ng eldest ko para naman gamitin nya room nya,1,0,0,0,,,,,,,
335,durable the tumbler ay maganda and malaki super worth it yung pera mo and mukhang tatagal naman siya at mabilis naship,1,1,1,0,,,,,,,
336,safe po ang pag ka package nag sesend si seller ng pic bago ship mabango sya,1,1,0,1,,,,,,,
337,great lightweight fast delivery kasya sa mga anak ko suppper nice and magaan lang may allowance ang size na pinili ko para kasya talaga superb and very affordable thank you  recommended store,1,1,1,1,,,,,,,
338,what is this this is not the design i ordered this ks light pink and it has star prints idk where to put this now plus theres dents on it u didnt give me e the right design tapos may dents pa,1,0,0,0,,,,,,,
339,maganda lahatcomplete order 5 star ka sa akin will order again,1,0,0,0,,,,,,,
340,very good items received ang cute napakacolorful at ang gaganda ng design thanks seller,1,0,0,1,,,,,,,
341,simple i love the material exactly the reason why i ordered this plus the color is very pretty too sayang nga lang kasi dapat large pala binili not medium its kinda small to me but oki nadin kasi its stretchable thank you for the great product will order again,1,0,0,0,,,,,,,
342,good maganda yung sapatos hindi naman mahirap maglakad pag suot ayos din yung size tama naman siya sakin thanks po,1,0,0,0,,,,,,,
343,good functioning naman sya ng maayos at mabilis din simple slick at i think mag tatagal sya for its price worth it na sya mabilis din delivery and well packed thankful and definitely will order again maraming salamat sa uulitin,1,1,1,0,,,,,,,
344,very satisfied thankyou seller sa safe na pag pack ng aking order,0,0,0,1,,,,,,,
345,the sound is louder in the right inear speaker compared to the left inear it is unbalanced but of course considering the price of 195 i could say this is still way better than that of lenovo na 400 pesos mahigit pero sira agad,1,0,1,0,,,,,,,
346,thank you seller order received maganda ang quality secured din ng dumatong bagay talaga sa bahay will order again will oder again,1,1,0,1,,,,,,,
347,thank you sellersa susunod order po uli akomukang matibay maganda ang kulay at mukang mamahalin,1,0,0,0,,,,,,,
348,nalalakasan hangin tapos di pa maingay almost 3 weeks bago dumating yung product pero ayos lang ang ganda naman ng fan tuwa pamangkin ko sobra may fan na siya pangschool ty seller,1,1,0,1,,,,,,,
349,very good tama lahat ng inorder koahm medyo matagal ngalang pero worth it heheh and btw teng kyu kay kua rider ang kyut niu po,0,1,0,0,,,,,,,
350,it takes 3 weeks to be delivered but worth the wait legit item and ang ganda bought it for my gf hope she likes it,1,1,0,0,,,,,,,
351,goods good na good bilis pa dumating thank you mukang matibay naman sana tumagal,1,1,0,0,,,,,,,
352,pang second time ko n umorder ng wifes nato maganda siya gmit slmat seller slamt rider matulin siyang dumting,1,1,0,1,,,,,,,
353,gandaa and nacucurl na ung lashes kahit hindi pa ginagamitan ng curler,1,0,0,0,,,,,,,
354,i really like it  sobra its really comfortable in me naupset lang ako since i found the other design is missing but its not a big issue for me i wanna try some of the variati ons soon thanks,1,0,0,0,,,,,,,
355,hindi kuna napicture pero ok naman po 5 start kayo sa akin salamat po,0,0,0,0,,,,,,,
356,thank you po seller ang ganda sobra sa uulitin po ulit mbait c seller at c rider,1,0,0,1,,,,,,,
357,thank you seller safe na safe yung items kaso nag lick lang yung isa huhu,0,0,0,1,,,,,,,
358,i love these jogging pantsthe quality is goodthe price is so affordablethank you supplier and shopeei will surely order again next time mabuhay,1,0,1,0,,,,,,,
359,ok thanks shoppeang bilis dumating,0,1,0,0,,,,,,,
360,blackwhiteblack ok isuot nakakarelax ng paa malambot ang guma overall ok siya thank you seller,1,0,0,0,,,,,,,
361,bhmili ako sa mall last week 89 pesos to tapos dito mura lang napabili ako sa mall kasi nakalimutan kong nakaorder na pala ako dito since dipa sya dumating nung nag mall ako haha sayang ba,0,0,1,0,,,,,,,
362,ok naman mabilis shipping product is niceeverything you s made of plastic and i dont know yet if its is effective for the meantime 4stars muna and ill get back if product is effective overall very nice product,1,1,0,0,,,,,,,
363,10 thank you ang bilis dumating nito haha pero iba amoy for me siguro try ko rin ibang scents para maiba thanks po,1,1,0,0,,,,,,,
364,watery pero u can see the oil mabubudol ako from time to time,1,0,0,0,,,,,,,
365,okay first of all thank you kase medyo mabilis siya dumating and kakilala ko si kuya na nagdeliver maganda naman sila all in all maganda siya and di twisted ang strap but yung pad niya sa loob manipisthanks paden seller,1,1,0,1,,,,,,,
366,1010 para syang lip shiner di makapal di rin manipis napakabango nang peachbloss at 01 medyo parang paracetamol ang amoy nang 01 hahahhhaah pero maganda rin naman pina amoy ko sa mga kaklase ko tapos sabi nila ang bango daw sabi din nang ate ko para syang lipstick nang baby,1,0,0,0,,,,,,,
367,box pa lang halatang legit na siya maganda at quality siya my konting konti lng nmn na deperencya medyo mahina ng konti yung sa right nyaso hindi lng pantay yung tunog pero hnd nmn isyu saakin kasi dinig na dinig ko pa din lalo na kapag tinodo ang volume malakas,1,0,0,0,,,,,,,
368,good smooth and matte tlga cya ok ang lipstick dilang bagay sakin pero diyun kasalanan ng lipstick,1,0,0,0,,,,,,,
369,kumpleto lahat ng orders quality sya kahit mura lang oorder ako nito ulit kasi gamiting gamitin ng baby ko thank you seller,1,0,0,1,,,,,,,
370,ang ganda its legit orig naka seal at may tag yung packaging is may butas yun lang naman pero di naman napano yung bag satisfied ako excellent,1,0,0,0,,,,,,,
371,ayos din naman kumpleto mabilis dumating sana tumagal at mapakinabangan talaga salamat seller godbless,1,1,0,1,,,,,,,
372,excellent ganda ng product at very comfortable pag sinuot love it  ganda din ng colors and basta i love the product thanks to the seller,1,0,0,1,,,,,,,
373,thankyou seller nasunod yung lahat ng order ko  worth it ang paghihintay,0,0,1,0,,,,,,,
374,sobrang ganda po ng items oorder ako ulit sa shop na ito nagustohan ng mga buyers ko mura lang po shipping kahit madami god bless po sa shop na ito more sales to come,1,0,1,0,,,,,,,
375,medjo matagal lang dumating inabot ng 23 days i understand naman kasi dahil sq bagyong odette pero overall satisfied padin,0,1,0,0,,,,,,,
376,nagustuhan namin thank you,0,0,0,0,,,,,,,
377,di ko pa na try pero sabi sa ibang ratings good naman kaya umorder ako saka ang gand nya may parang glitters na maliliitsalamat shopeeang bilis din ma deliver at mashipout agad,1,1,0,0,,,,,,,
378,super sulit dahil good for 1 month na sya andami namin gumagamit thank you seller3rd time order kona sayofast deliveryat thank you din ke kuya rider,0,1,1,1,,,,,,,
379,sobrang ganda niyaaa  matagal malowbat at napakatibay mm thankyou seller  oorder ako ulit satisfied costumer here,1,0,0,0,,,,,,,
380,first time ordering in this shop and i really like it safe na safe ang packaging and most important is its working thanks also to kuya jnt driver na mabait,1,1,0,1,,,,,,,
381,haahhahahaha buti nalang maganda ung produ koct ung kapatid ko hindi,1,0,0,0,,,,,,,
382,stretchablesoft material ganda sakto lang sakin ang comfortable pa suotin legit na seamless reusable pa ung lalagyan nya kasi may ziplock thanks seller tama lahat ng size at kulay na pinadala wala din damage what you see is what you get order ulit ako soon,1,0,0,1,,,,,,,
383,love enless love naman mas sweet pa kaysa love spell i love it talaga super suki na ako dito bongga,1,0,0,0,,,,,,,
384,maganda yung phone like me,1,0,0,0,,,,,,,
385,good bought this for my 9 year old son fits perfectly super mura pa compare if bibili ka sa small or sa market,1,0,1,0,,,,,,,
386,ok naman sya may pads nga lang sya d ko napansin sa pag order pero masarap naman isuot,1,0,0,0,,,,,,,
387,nice to be honest di ko alam kung dry ba to or ganito lang talaga hahah this is my first time buying a mascara and effective naman sya,1,0,0,0,,,,,,,
388,thanks seller maganda tung tela i like it talaga i will order next time god bless po,1,0,0,1,,,,,,,
389,great 2nd time buying here oks nmn saya very good til next time okay okay okaaaaay,0,0,0,0,,,,,,,
390,ok naman po lahat ng order ko complete naman po sya at napapakinabangan naman usefull naman po at buti walang sira thanks seller thanks shopee,1,0,0,1,,,,,,,
391,wag niyo na gamitin yung glue sa loob parang mighty bond lang better kung sticker na lang,1,0,0,0,,,,,,,
392,over all ang ganda nya must recommended,1,0,0,0,,,,,,,
393,sobrang gnda po anlakas din ng fan kaso lang hindi nalalaman kung full charge na hindi siya umiilaw pero ok lang sobrang gndaaaaaa,1,0,0,0,,,,,,,
394,8510 hindi sya blue na blue more on pastel blue sya pero kapag walang light para syang gray color kapag malakas hangin parang bibigay sya good sya gamitin kapag maaraw and walang hangin na ulan aesthetic vibe,1,0,0,0,,,,,,,
395,sobrang sira na nung box pero okay naman ung light sana next time ung maayos lang po okay din naman ung date ng pagdating and ok din ung price,1,1,0,0,,,,,,,
396,eto ung bra n gusto q ung walang wiresakto lng sakinorder ulit aqsoonthank younag chat din c seller,1,0,0,1,,,,,,,
397,nylon cotton inside ang ganda ng product you get what you paid for pangalawa ko ng order na to sa shop na to worth it talaga salamat din sa rider,1,0,1,1,,,,,,,
398,maganda po and complete namn po thank you kay kuya delivery,1,0,0,1,,,,,,,
399,good natanggap ko kanina hapon yung item super excited ako pero ngayon ko lang binuksan since its a gift for my son kaya ngayon madaling araw ko na open yung video too long kaya di ko ma uploadyupi yupi yung box i ordered 2 po green and white kaso white,0,1,0,0,,,,,,,
400,malamig at masarap suotin mabilis nadeliver ung item oorder ako ulit nito salamat shopee,1,1,0,0,,,,,,,
401,ang ganda ng quality ng tela kakatuwa naman na worth it sa price ill purchase it again next time god bless sa inyong shop,1,0,1,0,,,,,,,
402,mabango din ok sya naging pink na lips q ok sya must buy to33 oorder ulit aq,1,0,0,0,,,,,,,
403,thanks seller super ganda and worth it naman sya sa price tama lang sa paa ko and nakakayaman sya tignan and feeling ko malinis ako tignan hehe more purchase to come po and god bless sa sales nyo,1,0,1,0,,,,,,,
404,been wanting to have this shoes and finally i have it medyo fit lang talaga para sa mga malalaki ang paa pero kaya naman i would suggest to have the laces change kasi medyo bitin yung sintas all in all it was perfectly delivered at a right time and its,1,1,0,0,,,,,,,
405,maganda yung tela nya makapal sia disappointed lang aq ksi may punit yung bulsa ng dlawang pants sana chenick muna baka deliver pra no defect at maging satisfied yung buyer,1,1,0,0,,,,,,,
406,oil base siya pero hindi sticky super bait ng seller as in pangalawa ko tong order nabasag yung una kong nabili kase tanga tanga ako tas need ko ng perfume kase mag tatravel kami and agad na ship ni seller yung order koooo basta bilhin mo nalang mars worth it,1,0,0,1,,,,,,,
407,ok nmn cya may iba lng na wla pandikit kya diko cya magagamit sana lng next time check muna maigi bago ipack,1,0,0,1,,,,,,,
408,tama yung size  yung color  for its price ang ganda nya okay din yung quality,1,0,1,0,,,,,,,
409,good quality mura pa thank you seller,1,0,1,0,,,,,,,
410,ganda nang item malaki pala sakto samin ng tatay ko si flat height namin quality,1,0,0,0,,,,,,,
411,ayos dumating na order k natuwa naman si misis dahil di nya alam inorder ko ang gusto nya na sobrang tagal na sa add to cart di pa niya na order nakalimutan na niya ang saya nya kasi all good wlang naging problema wlang damage salamat sa seller at kay,0,1,0,0,,,,,,,
412,good ordered 33 shipped 33 delivered 34 shipped and delivered real fast used it a few times pa lang and i think it serves its purpose naman,0,1,0,0,,,,,,,
413,maganda yung item natest ko rin yung mga buttons for adjustment ng light and switch okay naman lahat medyo di lang po maayos yung packaging niya although mabilis naman sya dumating kita po sa pictures yung yupi yupi sa box po thank you seller,1,1,0,0,,,,,,,
414,jelly type it looks elegant and super pwede for outing sa beach panglakad ganda makaootd,1,0,0,0,,,,,,,
415,sobrang hirap humagilap ng waiter para humingi ng order lahat ng staff nakatalikod sa customer mabagal na service take your money somewhere else,0,0,0,1,,,,,,,
416,why served chickens like this where is the crispiness of the chicken and why is this chicken like this come on ever all kfc that i have gone thru this is one of the most terrible thing that they have servedmas masarap pa yung chicken ng kfc,1,0,0,0,,,,,,,
417,poor service di sulit sa presyo,0,0,1,1,,,,,,,
418,mabagal ang service almost 30 minutes kami naghintay natambakan daw yung orders namin,0,0,0,1,,,,,,,
419,the premium meats doesnt taste premium at all the lechon belly is all rice parang naging sahog lang ung lechon sa fried rice,1,0,0,0,,,,,,,
420,understaffed na ata sila sobra tagal mag refill ng meat so ending mabobored kna at mawawalan ng gana kakaantay,0,0,0,1,,,,,,,
421,poor service malamig ang food mainit ang place,1,0,0,1,,,,,,,
422,very long lines abot hanggang labas maybe they should add more tables to accommodate people or at least have staffs to associate customers kahit nasa labas ng store kasi highway na ung labas e not safe for people with kids,0,0,0,1,,,,,,,
423,worst bar experience wag na sana silang magpapaorder kung malapit na silang magsara nagpaparinig pa mga empleyado nilang close na sila and makiramdam naman daw kami sinabi naman naming uubusin nalang namin yung nasa baso namin yung isang bucket na inorder namin tinake out nalang namin with 25pesos charge each,0,0,1,1,,,,,,,
424,very poor service i was really hungry and craving for some siomai and milktea almost 12mn ordered chao fan with 4pcs siomai and another set of 4pcs of siomai and milktea large there was no sauce for siomai and my milktea was 80 ice and only 20 milktea oh guess,1,0,0,1,,,,,,,
425,poor service mejo malansa pa ung panga ng tuna,1,0,0,1,,,,,,,
426,susmiyo magsara nalang kayo kung hindi nyo kaya gawin ng maayos yung serbisyo nyo ihinabilin kong pakainin tas di nyo pinakain may pa tape tape pa kayong inilagay sa lalagyan ng food nya never again akala ko pa naman maganda sa mga dog owner dyan wag nyo na balakin pang,0,0,0,1,,,,,,,
427,do not come here during meryenda all you can eat time know i remember why i hate buffets the greeting from the lady at the front was not friendly and did not have an expected time rate for seats within the restaurant so we sat outside,0,0,0,1,,,,,,,
428,poor service marami nang vacant tables sa loob pero sobrang crowded pa rin ng pila ang tagal nila bago magtawag,0,0,0,1,,,,,,,
429,poor stay hnd maganda ngaun ln go kmi mamasyal dto sa north pero d pa quality ung nabook kng hotel,1,0,0,0,,,,,,,
430,worst customer service experience ever first time ill ever give 1 star to a unlimited restaurant this is too much if you cant accommodate everyone better add people you have the worst customer service ever sobrang sayang pera sa inyo,0,0,1,1,,,,,,,
431,nothing special with the food sakto lang staff service very poor need to be trained well as first timer for sure di kami babalik at hindi din namin sya irerecommend sa families  friends may nagpakilala na sya yung server namin but we cannot find her,1,0,0,1,,,,,,,
432,hindi na worth it ang price sa quality ng food sobrang konti ng serving tipid na tipid hindi pa aircon ang place first and last na nameng kain dito promise ang hipon nila sobrang ang liliit,1,0,1,0,,,,,,,
433,dont go baka mapahamak pa po dogs niyo kasi they leave the pets unattended,0,0,0,1,,,,,,,
434,not my cup of teakulang nalang mag imposed ng curfew perhaps,0,0,0,0,,,,,,,
435,kumain kami kagabi lang disapointed ako ng sobra ngmukha kaming tanga una nag order kame ng kasalo 4 so apat lang yung rice na included kaya nag order ako ng 3 extra rice kasi 7 kame tatlong adult at mga bata so eto na nag bill out na kami then,0,0,0,0,,,,,,,
436,maingay sa umaga gawa ng mga jeep sa tapat may corkage fee yung outside food,0,0,1,0,,,,,,,
437,worse customer service na ma eexperience mo pati meats na order mo hindi tama halos parang sila lang nag ddecide ano bibigay sayo lahat crew hindi polite,0,0,0,1,,,,,,,
438,this place will rob you the price is exorbitant and the cooking is terrible worst dampa i have ever been,1,0,1,0,,,,,,,
439,maganda yung room malamig pero yung mic ng karaoke ay sira pawalawala pag kumakanta ka at sa pagkain naman yung chicken na hinanda saamin ay sira hindi namin naubos sorry kung two stars lang ang rate ko sana hindi na maulit yung sirang chicken na sinerved nyo samin at hindi,1,0,0,0,,,,,,,
440,one of the best places for an affordable post inuman treat but not anymore with growing competition at its price point it lost its luster kebabs were still ok in spite of the seeming rise in extenders over the last few years,1,0,1,0,,,,,,,
441,june 26 2018 i called up frontdesk at around 620am i requestwd dor mur because we will be out the whole day i read at your keycard holder mur is upon reuqest only between 11am to 2pm i told frontdesk na papalinis sana kami okay lng ba na ngaun ang,0,0,0,0,,,,,,,
442,doesnt taste that good not worth the hype but whats super irritating is their treatment with their customers they look at their customers based on the class pag mukang mayaman they reserve the seats pag hindi dun ka sa gilid gilid boooo shake shack,1,0,1,1,,,,,,,
443,place is great and with good ambiance especially at night but some dishes are not up to par yung kilawing tanigue hindi fresh considering the price at may mayo yung chami tamis anghang olats din not going back,1,0,1,0,,,,,,,
444,ang mahal for only 3 hours it cost 900 pesos,0,0,1,0,,,,,,,
445,410 they lack food bowls and plate knowing that its a topokki with soup i politely asked one of the service crew if i can get a plate for fruits i was told bakit kulang ba plate nyo hmm i wouldve asked if we have enough 5 kaming kakain i,0,0,0,1,,,,,,,
446,sa food 2 lang ok naman ang kare kare liempo and inasal pero sobrang alat ng sinigang mangingilo ka sa alat sobrang tamis ng chami sa place maganda 4  over all sakto lang ndi naman fabulous,1,0,0,0,,,,,,,
447,sobrang tagal bagal ng service almost 2 hrs ang serving time walang pa yelo,0,0,0,1,,,,,,,
448,poor service magsara na kayo,0,0,0,1,,,,,,,
449,may buhok ang radish cake daming langaw kala mo kumakain sa kalye ng binondo there is hair in the radish cake so many flies youd think you were eating at a street in binondo,1,0,0,0,,,,,,,
450,the special lugaw does not feel special at all and this mf costs 70 petot plus i know a place that serves better tasting lugaw with real bagnet and egg for 50 pesos tubong lugaw sila dito,1,0,1,0,,,,,,,
451,sabi sa site 24 hours tapos hindi naman pala napagod lang ang matanda naming kasama,0,0,0,0,,,,,,,
452,its was recommended by my friend and reading the reviewsi got high expectation on trying this restaurantbut we are totally dismayed with all the foodthe tastepresentaionok lang na pumilaif its worth itwe werent able to finish allsayangour effortour timeour expectation turned all into waste,1,0,0,0,,,,,,,
453,service was poor most of the meats were not available sabi samin bago pumasok yun 2 type of meats ay ndi available pero pag pasok namin marami palang choice of meats and side dish na hindi available matagal din ang serving sunog na parchment sa tagal,1,0,0,1,,,,,,,
454,first time kumain ng family ko dyan dahil bday ng hubby ko pangit ng service nyo may kasama kameng 3yrs old na bata sa tingin mo kakain ng marami yun tpos ssbhin nyo kung kumain yung bata may bayad na wow ah service nyo nga lang paisa isa ang bigay,0,0,0,1,,,,,,,
455,service nila ay napabagal kahit nag follow up ka na sobrang tagal tapos walang lettuce mygad one of the main side dish wala nagwaiting time kami bago pumasok di sinabi agad kung saan nakaupo na kami mapapa pi ka nlng talaga,0,0,0,1,,,,,,,
456,ang mahal sa walang kwentang pagkain sunog at bubble gum na porkchop sabaw na tubig na may vetsin na sangkatutakmalamig na kanin at walang tubig na service water,1,0,1,0,,,,,,,
457,tried their hot chocolate worst tasting drink ever mas masarap pa milo honest to goodness opinion not judging its entirety just sharing my experience,1,0,0,0,,,,,,,
458,tagal mag served ng rice rice lang ha,0,0,0,1,,,,,,,
459,re heated chicken dont go for their promotion not good  waste of money kagabi pa ang chicken,1,0,1,0,,,,,,,
460,patapos na ang party super dissapointed sa customer service ng branch na ito madami na ding costumer that time sa baba na nag rereklamo dahil ang inorder nila for breakfast mag lulunch na wala padin malimali pa ang serve,0,0,0,1,,,,,,,
461,place was old and a bit grimy  chicken tastes good however we found human hair not once but thrice  lumpiang shanghai was crispy but the sauce consistency wasnt thick  price is just right for its serving size  service was good naman but i recommend trying,1,0,1,0,,,,,,,
462,hindi ako nag enjoy akala ko like the other padis may dance sila Dito wala,0,0,0,0,,,,,,,
463,look for another place service food quality bagsak in my book,1,0,0,1,,,,,,,
464,bobo mag compute ng pwd discount dito mag pares retiro nelang kayo sa kabila lang,0,0,0,1,,,,,,,
465,we ordered tali beach for 5 to 6 persons i expected na mabubusog ako ng sobra kasi 5 lang kami but paubos na ung nasa lamesa parang wala pang nangyayare haha pang 2 to 3 persons lang ata yon sobrang konti lang lalo na ung rice ung lasa di sya,1,0,0,0,,,,,,,
466,hindi masarap food nila pati service hindi maganda very disappointed sa kinain namin ang mahal pa naman ng foods nila pero hindi worth it binayad namin gutom na gutom na pa naman kami tapos ganun matitikman namin sayang lang,1,0,1,1,,,,,,,
467,super slow service 40 mins waiting time mas nauna pa maserve yung bagong dating,0,0,0,1,,,,,,,
468,worst experience ever we planned to have lunch and got reservation around 9am then nung pagdating namin sasabihin na hanggang 12noon holding time i was not informed na may holding time sila and if i know we will not be late,0,0,0,0,,,,,,,
469,nagdrive thrue kmi jan ngaun lng kc dadalhin nmin sa ospital ung pagkain pagdating nmin dito kulang ung order namin na bucket meal for family walang rice hindi ata marunong magbasa ung taga serve nyo jan  knina ibibigay walang drinks tpos ngaun wala kmi kanin mamatay sa guton pasyente,0,1,0,1,,,,,,,
470,i dont know if ako lang naka experience nito yesterday kumain kami dyan habang nasa counter kami kasi tinawag na yung number namin then nag ask ako sa staff di man lang sya nagsalita tinignan nya lang ako then nagsign sya ng stop talking as in haha parang aso yung,0,0,0,1,,,,,,,
471,ang daming maliliit ipis sa room will never go back,0,0,0,0,,,,,,,
472,poor service attitude staff 2fries 1med fries tapos 1hr bago mabigay kung dimo pa pupuntahan di gagawin inuuna pa yung new orders kesa sa order mo e tapos na kami kumain wala padin yung fries kulang pa yung order na binigay first time to nangyare and never nako kakain dito,0,0,0,1,,,,,,,
473,ghorl nagtitipid sila sa choco fudge hahahaha,1,0,0,0,,,,,,,
474,walang storage room para sa mga gamit if early ka dumating parang hindi hotel lahat may bayad kahit pagkain may 50 corkage ang mahal naman ng pagkain na benta nila parang resort na may bayad lahat dalhin mo na pagkain hindi naman ito hotel wala pa talaga sa description ito,0,0,1,0,,,,,,,
475,to expensive for the room at hindi maganda lalon s 3rd floor,0,0,1,0,,,,,,,
476,pag umorder senyo ng sofdrinks kung wla kayong in can might as well tell your customer na bottomless ang sofdrinks nyo wla na kyong per glass especially kung senior ang kakain,0,0,0,1,,,,,,,
477,only the facade looks good but super liit ng rooms no receptionist at nighttime may ipis pa some discorteous staffs may bayad pati pillows no exhaust sa toilet sirang heater i wanted to back out but they wont refund my payments kung may 0 rating lng sna,0,0,1,1,,,,,,,
478,not worth it lols never again to this restaurant ive ordered crispy calamares and grilled squid like for real sobrang konti and liit plus hindi masarap and ang lamig pa,1,0,1,0,,,,,,,
479,poor service may pinipili silang customer na sineservean ng maayos,0,0,0,1,,,,,,,
480,same with riverbanks branch this branch also needs proper sanitation madumi ang mga tray and may amoy pati ung utensils hindi malinis tignan mukang maalikabok na malagkit,0,0,0,0,,,,,,,
481,i have one question bat yung mga nag wowork or ojt jan are using the room for their own pleasure sa katrabaho nila or ka ojt nila tapos after that may mga mag checheck in sa room na yun hindi manlang ba sila nahihiya sa sarili nilang kababuyan tapos pag,0,0,0,0,,,,,,,
482,we stayed 2d1n occupying 2 rooms for php 9k plus room 202 kulang kulang ang toiletries room seaview kuna walang ac towel kasing tigas ng gugo leaves ang sakit sa balat tapos we complain  action is after 45 minutes tapos ending lipat ng ibang room sa 3rd floor tapos,0,0,0,1,,,,,,,
483,i thought this was a 5 star but soon as i checked into the room it shows that it should be a 2 star room was full of dust bathroom stench sour smell the towels smell like basahan really disgusting,0,0,0,0,,,,,,,
484,waiting for 4hours di makatarungan sbi ng guard 2hours waiting lng paayos po ng service sa customer inform kong matagalan paimbes nagpapahinga na ang tao,0,0,0,1,,,,,,,
485,sobrang haba ng pila they will give you reservation number at kapag wala ka don once natawag they will cancel your reservation without giving courtesy pwede naman kung may natapos na isunod nalang sana kami medyo nakaka dismaya kayo,0,0,0,1,,,,,,,
486,2nd order ko na sa thru grab 2nd time ko nadin na experience na kulang ang binigay nila sa order ko kakadismaya lang,0,1,0,0,,,,,,,
487,free wifi pero napaka bagal walang kwenta internet connection dito,0,0,0,0,,,,,,,
488,iba na taste ng lomi almost 2yrs nako nakain ditodati masarap biglang nag iba lasadina ma crema lasa ng sabaw sauce medyo matigas miki hilaw pa wala nadin chicharon bulaklak toppings medyo maligalig din kausap yung cook ata nilang lalakerequest namin separate toppings s lomi kc takeout,1,0,0,1,,,,,,,
489,it looks like a motel and not a hotel its cheap bagay para sa hindi maarte at gusto ng mura may free breakfast na din pero hindi free ang wifi 50 peso for every 4 hrs para sa room wifi then sa lobby lang may free wifi,0,0,1,0,,,,,,,
490,mas masarap yung mga pares na nasa kariton sa 12th avenue medyo matigas ang beef walang freshly chopped spring onions walang fried garlic pag nagtake out ka kulang kulang ang ibinibigay,1,0,0,0,,,,,,,
491,cannot be reach lahat ng numbers not helpful,0,0,0,1,,,,,,,
492,malamig yung ramen nung sinerve ang liit ng chasu ang mahal pa may pagka rude ang servers worst ramen resto ive been never again,1,0,1,1,,,,,,,
493,very bad customer service rude staffextra hard firmness but still saggy 3x na punta laging ganun kaya sa sm north branch nalang kami kumakain mas ok ang ramen at staff,1,0,0,1,,,,,,,
494,lobby lang yung maganda panget ng mga rooms lalo na ng cr nila palagi pang nasisira yung heater panget din ng customer service nila hindi true yung inaadvertise nilang pictures,1,0,0,1,,,,,,,
495,mas malamig pa sa x mo yung sabaw at pares e,1,0,0,0,,,,,,,
496,kung nagmamadali kayo this is not the place you would want to be at sobrang tagal ng service kalahating oras simpleng burger spag lang order not worth it tawagin fast food worst experience i had with jollibee,1,0,1,1,,,,,,,
497,we booked thru agoda and the pictures looked very decent and inviting pag pasok namin sa hotel lobby ang init na at nagtataka kami bat ang gulo sa lobby ok naman ang pagkasalubong samin ng girls pero pagdating ng room dorm type sya na parang on a budget,0,0,0,0,,,,,,,
498,ayusin nyo serbisyo nyowag kayo mamili ng sinisilbihan nyolahat ng pumapasok dyan ay pagsilbihan nyo ng pantayi was really disappointed with what happen to us when we enter the branch at market marketsana actionan nyo etokausapin nyo waiter nyo,0,0,0,1,,,,,,,
499,taste good but the service is really slow kung hindi mo pa ireremind ang staff na may drinks kami hindi pa dadating considering the fact na they werent busy when we came,1,0,0,1,,,,,,,
500,ang tagal mag serve tipong ubos na yung kanin wala pa yung extra rice na hiningi mo pati yung bill tagal din ibigay jusko,0,0,0,1,,,,,,,
501,sobrang tagal pag naghihintay ng rooms grabe nagbigay ng oras ng availability d nmn tinupad,0,1,0,0,,,,,,,
502,i called the attention nung staff dun sabi refillan pero di nya ginawa until may chinese lolo na nanghingi sa kanya infairness malaki ung room,0,0,0,1,,,,,,,
503,nagcheck in kami sa executive room nila and dumi ng cr walang tissue yung side ng jacuzzi may nakaopen na parang electric pump delikado sa may kasamang bata kung alam ko lang sa deluxe room nalang kami same lang naman wala pang masyadong channels na para sa bata,1,0,0,0,,,,,,,
504,murang hotel makakamura ka rin sa customer care not even taking care or courtesy call for existing customer if theyll extend for another night a little advise for the manager dont ask for customers number they are all useless not even taking care customers are all busy and sometimes forget,0,0,1,1,,,,,,,
505,ok naman yung service friendly naman mga staff kaso di soundproof ang rooms literally maririnig mo lahat ng ginagawa sa katabing rooms lahatlahat,1,0,0,1,,,,,,,
506,twice kami kumain dito yung first 5 kami and the food was great yung 2nd naman nakakadissapoint ang pangit na ng lasa ng food and sa sobrang tagal ng pagserve yung mga dumating na ulam malamig na kaya never na kami umulit celebration pa naman yun ng bday ng mom,1,0,0,1,,,,,,,
507,kame yung first customer naentertain naman kame ng maayos pero napakagulo ng staff nila parang mga hnd naguusap dhl dalawa ung nagaassist samen una sinabe ng isang staff na sira daw ung gawaan ng tempura at kung makakapaghntay daw ba sabe ko cancel nalang,0,0,0,1,,,,,,,
508,hindi worth it first time ko lang makakain dito pra sa isang libo hindi worth it may nakita pa kong ipis ang baho ng amoy dito kahet paupo kapa lang sa pila dun sa upuan amoy mo na agad hindi pinupunasan ung plato at baso pagtapos hugasan,1,0,1,0,,,,,,,
509,bad customer service ang bagal lahat your staff needs some orientation then first time in my life pa ako icharge ng left over charge sa dami kong kinainan na buffet na mas mamahal pa first time lng ako macharge without consideration,0,0,0,1,,,,,,,
510,last time na pumunta kami binigyan kami ng room sa 3rd floor napakainit sa loob mahina buga ng inverter nila halos di makatulog dahil sa init di pa gumagana sway ng inverter,1,0,0,0,,,,,,,
511,doesnt really have salmon sashimi as legit part of the buffet like nakatago and the server pabulong at patago sumagot when you request for salmon sashimi they gave,1,0,0,1,,,,,,,
512,ang asim ng gyoza parang may something sa amoy ng meat ramen is 510 beef gyudon 6510,1,0,0,0,,,,,,,
513,ayusin nyo serbisyo nyo fast food kayo pero umabot ng 45mins order ko 2pc chix at 2pc bsteak via grab ganon katagal according to rider mas nauuna pa sa take out at drive thru bakit d ba kami costumer nyo oo dumadaan sa rider ang order pero kami ang kakain,0,0,0,1,,,,,,,
514,bought tapsilog and tocilog for takeout sobrang tinipid yung serving unlike before hindi na siya deserving sa presyo niya mas okay nalang kumain sa karinderia halos kinalat lang yung tapa para magmukhang madami and ang bland na ng lasa compare sa karinderia masyado ng tinipid nakakadisappoint lang,1,0,1,0,,,,,,,
515,first of all im a foodpanda rider hindi sila nagpapapasok ng rider sa loob umulan man o umaraw sa labas kami mag aantay rider kung meron lang negative 100 star ilalagay ko dito apaka walang hiya hindi din ba kami customer,0,0,0,1,,,,,,,
516,maganda yung place maganda resort madumi sobra yung beach kaya nga ako punta ng beach resort para sa beach sana,1,0,0,0,,,,,,,
517,poor service bago maluto ang chicken 22 to 30 minstapos tissue lang tinatago pa nilahihingi ka ng tissue sasabihin walatapos meron palaworth 600 plus yung binayaran mo tapos tissue di sila makapag bigay,0,0,0,1,,,,,,,
518,first time ko bumili walang binigay na gravy,1,0,0,0,,,,,,,
519,very bad experience very poor service ang mahal ng pagkain nyo pero hindi worth it ang experience dun imagine food serve ng kulang kulang no condiments 4 slices of water melon pinalitan ng 1 slice of ripe mango lng then talong was not served nagbigay ng,1,0,1,1,,,,,,,
520,pumunta kami ng evening maiinit yung place nagorder kami ng pares lechon kawali at bone marrow mabagal ung service naiintindihan ko mukhng undermanned sila so eto na yung food yung pares swabe yung classic na pares medyo mahal pero ok lng yung lechon kawali undercooked i mean walang khit anong,1,0,1,1,,,,,,,
521,very dissapointed ako tasteless yong foodand ung crab and shrimp grabeng liliit not worth it for the priceang crispy pata malangsa ung lamanand the ice tea nakatatlong pitsel na maliit lang naman 600 plus na agad parang nestea lang naman,1,0,1,0,,,,,,,
522,so embarrassing wag kayo kakain sa branch na ito,0,0,0,0,,,,,,,
523,pumunta kami ng boyfriend ko last saturday at 3pm pero nakakain na kami ng past 5pm we are waiting for almost 2 hours ang dami pang vacant area pero di nila pinapasok hays di maganda ang service nila dito hays very disappointed,0,0,0,1,,,,,,,
524,yung attendant na nagdala ng gamit namin damaged my laptop instead of handing it over to us eh binitbit nya sabay sabay yung mga bag and nabagsak yung bag kung saan nakalagay yung laptop ko and aware sya na laptop yun being extra careful sa gamit ng guest nyo is,0,0,0,1,,,,,,,
525,they only give 1 plate 1 bowl per table and since i needed more i had to look for someone to ask for additional plate walang readily available sa ilalim ng mga buffet tables and when i approached one lady there ang dami nya pa tanong na kesyo sa server,0,0,0,1,,,,,,,
526,too less tapa serving and their liemposilog is to hard to chew baka pati knife di kayanin pati staff di courteous will never eat here again,1,0,0,1,,,,,,,
527,we came here last saturday and ordered baked tahong inihaw na tuna belly and liempo umorder kami don sa stall na nakayellow and red yung staff sabi sakin ng kasama ko di raw masyado luto yung tahong but i didnt believe him and since andyan na kinain namin,1,0,0,0,,,,,,,
528,doubled book we called a day prior to confirm our booking and they gave us a go take note galing pa kami ng zambales when we arrived they said they failed to inform us they didnt book us a room we arrived at 11pm restless expecting a room and got,0,0,0,1,,,,,,,
529,poor service terrible ordering system rude staff and not worth it check out other kbbq places ikaw na nga magluluto ikaw pa magsusulat at magiisip kung paano umorder this place was so disappointing,0,0,1,1,,,,,,,
530,very disappointed pasta very bland they charge extra for parmesan who does that nothing special i do not recommend we came in very hungry pero di padin masarap lol,1,0,1,0,,,,,,,
531,ordered here multiple times via foodpanda and has always requested for calamansi and sili even putting the notes in all caps never gave one ganon ba kahirap ang branch niyo hindi makapag bigay ng sili at calamansi,0,0,0,1,,,,,,,
532,ganito na ba serving ng medium na halo halo half apaka layo sa dome lid,1,0,0,0,,,,,,,
533,maliit yung room and hindi ganun kalamig yung aircon hindi worth it yung price nila and also yung room na binigay saming nung una bumabaha yung sa may labas ng cr dahil sira yung shower may leak good thing when we requested for room transfer they grant naman though di,1,0,1,1,,,,,,,
534,went through the drive through the server said the order was complete only to find that we were missing one order when we got home had to go back to pick up the order they forgot to put in sayang sa gas at sa oras kaya nga nagdrive through,0,0,0,1,,,,,,,
535,poor customer service kulang sa traning ang staffs,0,0,0,1,,,,,,,
536,ung manager maangas porket manager akala mo may ari ng restaurant we are planning to get lunch there but first my family members going to take cr when he said customer po ba kayo kasi ung pangcustomer po sa labas ang cr how dare to say it to,0,0,0,1,,,,,,,
537,one star kasi masarap pagkaen bukod dun wala ng maganda sa store n to 1 mahirap isturbohin mga crew para makaorder ng food 2 tagal makaluto ung lutuan sa table number 17 ilang beses namin nireklamo pero wala man lang nagoffer n ilipat kami ng table 3 nalalag ung takip,1,0,0,1,,,,,,,
538,walang phone sa quarantine facility at di masarap ang pagkain package nga pero di naman masarap,1,0,0,0,,,,,,,
539,rude staff  bawal pumili ng table na gusto mo dahil sasabihan ka ng staffano yan mga artista ba yan para mamili ng seats4 that time nakakahiya kasi ang lakas ng boses ng staff at napatingin din ang ibang mga kumakain then napansin nila na narinig namin ang kanilang sinabi,0,0,0,1,,,,,,,
540,hindi sila kagaya nung sa orig na branch na babalikbalikan mo na wala na ngayon mali yung pagkuha ng order kaya ang ending napataas ang bill na hindi man lang sinolusyonan ng manager no wonder kung bakit iilan lang kumakain dito pero dun sa original branch palaging puno anytime of,0,0,1,1,,,,,,,
541,super bagal ng service 1 hour na simula nung dumating kami and di pa din complete ung binibigay,0,0,0,1,,,,,,,
542,worst experience this branch apaka tagal nila gumalaw not even worth the time mismanagement pa sa orders pinag antay nila ako ng 30 mins which i only ordered 2 burgers the crews are laughing ang haba ng lane i really dont recommend this jollibee,0,0,1,1,,,,,,,
543,we want to eat here during our lunch break kagabi and the cashier that time was very rude plus di na kami pinapakinggan nung cashier masyado and sobrang haba ng pila kung gusto nyo magbenta ng for midnight food wag naman sana ung tira tira ang ibigay nyo samin,0,0,0,1,,,,,,,
544,very poor service sa totoo lang masarap yung food pero panget tlga service nila yung 2x na pagpunta nmin jan laging ung drinks or dessert d nila maiseserve tska lng ibbgay kapag magbabayad na napakagulo din nila sa paglilista ng orders mali mali bnbgay better change the crew,1,0,0,1,,,,,,,
545,room improvements yung ibang heater hindi po gaano umiinit and yung tuwalya na naibigay sa akin may mantsa pa,1,0,0,0,,,,,,,
546,abnormal ang manager ng lugar na to kasalanan nila na nag overbooking isisisi sa iba gusto pa ipag sama ang babae at lalake na hindi naman magkakilala sa iisang kwarto pag di ka pumayag tatawagan ka nyang vip pagpasok mo sa kwarto mo amoy yosi pa ayos,1,0,0,1,,,,,,,
547,not satisfied sa naorder ko solo beef tadyang sinigangkulang sa laman na beef din not worth it total for the solo meal with 4 side dishes rice and iced tea is 299php marami pang dapat iimprove sa service lalo na restaurant daw ito di ko feel na kumain ako sa,1,0,1,1,,,,,,,
548,this could be one of the worst restaurant experience i ever had food taste meh they servea each order in a 5 minute interval malamig na ung ibang food pagdating ng iba mong order the staff are also not enthusiastic nakasimangot pa kapag kausap mo,1,0,0,1,,,,,,,
549,maingay airconmahina tubig kulay yelow ang tubig na parang mrumi or kalawang ba at malumot ang timba at tabo pag hinawakan mo madulas the transaction not that smooth we are so dissapointed ang una namin usapan 800 per day pero 800 per 12 hours pala kala namin fully paid na,1,0,1,0,,,,,,,
550,sogo hotel not so clean not so good soooooo empty pagpasok mo sa room alang towel alang tissue alang kumot lahat ala since ala clang pool kumuha kami ng room na may bath tub para sa bata pero ang bathtub alang takip ang strainer lahat irerequest takes 30 minutes kada,1,0,0,1,,,,,,,
551,worst samgyup ever parang di nag samgyup limited refill limited side dishes daming order na di naserve almost an hour bago marefill nagtitigan nalang kami ng mga kasama ko kasi wla na kaming maluto yung hotpot nasunog na ung noodles wla manlang nagrrefill nasa bill mga side dish pero di,1,0,0,1,,,,,,,
552,not recomended imbes n makapagrelax stress inabot namin mag asawa gusto namin matulog ng maayaos at makapagrelax puyat at strees inabot namin dapat pagnaka checkin ang mga kamag anak ng may ari dapat qag n kayo tumanggap ng guest kasi perwisyo lng ang inabot no1rule nyo bawal alak pero pag,0,0,0,0,,,,,,,
553,may pagka bossy sa delivery riders yung tl visor ninyo dyan  normal lang mag follow  pero ang isasagot sau  pwede naman ninyo icancel tama ba yung ganun sagot maayos naman nagtatanong sa kanila or ganun lang talaga mga attitude ng staff ninyo,0,0,0,1,,,,,,,
554,the experience would have been awesome if not only for the fact that they forgot our order we came in at 10am for breakfast and it got served 20 minutes before 12pm sana lunch na order namin nauna pa yung food nung 3 sumunod samin they,0,0,0,1,,,,,,,
555,ganda sana ng hotel and place dont eat here the food is not good at premium price,1,0,1,0,,,,,,,
556,nginangatngat daw yung bike lock pero halatang sino saw na yung bike lock so bumili ako nang bago kaso tuloy pa rin sabi daga daw pero umabot na sa bakal nang bike lock ko yung lalim sana maayos nyo po yung facility nyo,1,0,0,0,,,,,,,
557,jusko 2 hours lang ang pagkain tapos forever nag aantay sa refill konti ang choices ng food ndi worth it sa 588 pesos sayang pera yung pritchon mataba na ndi pa crispy talagang kare kare lang pede nyo ipagmalaki,1,0,1,0,,,,,,,
558,super bagal po ng service anyways masarap naman po ang food,1,0,0,1,,,,,,,
559,matagal mag serve pero affordable naman at masarap food parking is good for 6 cars lang,1,0,1,0,,,,,,,
560,napakabagal ng service kailangan mo pukpokin many times na follow up bago gawin ang mga crew ndi approachable need reiterate sa ginagawa nila such dissapointing experience eating at this branch,0,0,0,1,,,,,,,
561,food is quite good but not worthy on its price too expensive we ate there at 11am but the place is burning hot masyadong maiinit di ka makakain ng maayos please improve,1,0,1,0,,,,,,,
562,napaka bagal po ng serving nila ng pagkain almost 45mins nko naghihintay sa para 1pc chicken na order ko nagrereklamo din mga grab rider na omorder via app almost 1hour and 30 minutes na daw sila naghihintay wla parin yung inorder ng costumer nila,0,0,0,1,,,,,,,
563,masarap un food nila nun first time n kumain kmi ng husband ko kaso nun second time they serve food na basag un sizzling platendi lang bsta crack basag un sizzling plate then i ask the server if pedeng palitan kasi basag un plate at bka my bubog na mksma,1,0,0,1,,,,,,,
564,sa totoo lang hindi nga dapat umabot ng 1 star to lagi na lang mabagal ang delivery the given time was 4560 minutes nung nag order ako and after 65 minutes tumawag sila saken para sabihin na wala yung available drinks na pinili namen and then tska palang nila idi,0,1,0,0,,,,,,,
565,was so disappointed and sad lunch time while other food establishments were busy napakatamlay ng aura sa loob ng kuya js walang receptionist na sumasalubong just how we are used to,0,0,0,1,,,,,,,
566,luma na ang building pati mga rooms luma na at madumi na din pati sa cr sira sira na mga tiles maingay din ang location kasi beside the main road pero luma na talaga mga gamit at ung buong building at hindi sya friendly para sa mga motorcycle riders kasi,1,0,0,0,,,,,,,
567,not value for money our room especially the cr was sooo dirty jusko mas malinis pa ata sa sogo or go hotel my kids cant even walk barefoot because the floor was soooll dirty,1,0,1,0,,,,,,,
568,fav ko waffle nila disappointed lang ako di ako nakatikim ng waffle at wala na raw waffle mix una paasa na may gagawa second fallow up ilalabas na raw 3rd fallow up wala na raw waffle mix,1,0,0,1,,,,,,,
569,dont even deserve 1 starchecked in kasi biglaan poor in service no elevator paid 500 because of menstrual leaked tho natural naman and ang dali lang naman labhan over priced for hotel quality,0,0,1,1,,,,,,,
570,long waiting time just for bread 30 mins kami nagantay naubos na yung soup na sinerve early on pero after 40 mins wala pa rin,1,0,0,0,,,,,,,
571,kumain kami sa dakks ng sea foods naglakad kami dahil malamit ang dakks restaurant sa c3 mabini,1,0,0,0,,,,,,,
572,the following are my observations in my 7 days of stay l 1 mini ref madumi 2 2seater sofa not clean 3 aircon maingay 4 no proper room lighting 5 walang bintana at ang meron lang air 6 well para mag,1,0,0,0,,,,,,,
573,bad service all orders need to fallow upang dumi ng kitchen kita sa labas at cr nila nangangamoy sa labassobrang ingay at wlang proper hygen ang mga employee,0,0,0,1,,,,,,,
574,ayaw q sa restaurant na ito laging walng available na item lage tuloy cancel ng costumer ang booking q bad trip nmn,0,0,0,0,,,,,,,
575,this property is bad as a hell malakas mag trip tong staff nito naka ilng book ako dto lahat un bad experience lalo na today transfer pa kami ng hotel with my pregnant wife,0,0,0,1,,,,,,,
576,we always recommend this place to our guests as part of the best experience in baguio and boast how delicious the food here,1,0,0,0,,,,,,,
577,im a little bit disappointed with foods konti lng ang choices ung nsa menu nila na filipinoasian ang daming wala pero ung staff nila very accomodating sorry but i will not recommend it to my friends,1,0,0,1,,,,,,,
578,multiple experiences on this place unhospitable ang guard on duty always says fullybooked one instance got a problem with booking cancellation not approved not able to make a refund without staying in the hotel gahaman,0,0,0,1,,,,,,,
579,one of the worst restos in the metro pakunti kunti lang binibigay na servings and uber bagal ng service so magaantay ka talaga ng matagal para lang mabigyan ng food staff were very rude parang tamad na tamad at nagdadabog facilities were meh daming di nagana di tuloy namin naenjoy,1,0,0,1,,,,,,,
580,lasang refrigerator yung mga side dishes,1,0,0,0,,,,,,,
581,yung halagang 150 pesos lang pero aabutin ka ng halos isang oras bago mabigay order mo yung manager naman wala naman ginagawa hindi pa tulungan crew nya para mapabilis ang service,0,0,0,1,,,,,,,
582,luma ang kwarto pati yung cr ang malala pa ninakawan pa asawa ko manor hotel sa loob mismo ng room niya,1,0,0,0,,,,,,,
583,the lomi and tapang taal is okay lasang sunog na sunog lang yung tbone steak nila tried it twice but i think that sunog quality is consistent to their branding,1,0,0,0,,,,,,,
584,ng check in kmi ng friend ko july 24 ang baho ng pillows pareho yung malaki at yung kulay pula na pillow na may nkasulat na zen roompating yung upuan basa at ang baho grabe hindi man lang inamoy ng tga linis nila ng room kung ok ba yung mga,1,0,0,0,,,,,,,
585,hindi ako welcome masyadong maangas ang guard  hindi marunong magbigay ng instruction in a good way na para bagang bossy maybe becouse of my looks kaya umalis nlng ako,0,0,0,1,,,,,,,
586,currently checked in on this hotel very poor customer service ang hirap makaget ng request ang hotel the hotel manager on duty na mismo kausap ko had to repeat couple of times hindi parin nagets may langaw wa room ko and room ng kasama ko di na nga naaddress ang,1,0,0,1,,,,,,,
587,my wife got served with a four seasons shake na may langaw she saw it sa bandang 34 na ng cup no apologies were received from the staff parang kami pa yung lumabas na nanghassle sa kanila overheard the waitress shout may langaw daw yung shake mo daw talaga ate,1,0,0,1,,,,,,,
588,poor service sayang ang beautiful view,0,0,0,1,,,,,,,
589,disappointing food tas bantay na bantay kada kukuha ng food hindi sulit for 499,1,0,1,0,,,,,,,
590,i ordered pares the taste was so damn awful the beef itself has a rotted meat after taste i cant even finished my food even if am hungry the rice itself was like your crunching a bahaw will never eat on this place again,1,0,0,0,,,,,,,
591,sobrang panget ditomga linen ang dudumi makikita mo pa mga stains and yung towels kulay gray na sa lumai spent 3 days and 2 nights tumawag ako for housekeeping the rest ng stay ko walang dumating ni isa sirang elevator from floor 10th di ka pwedeng mag elivator sobrang bagal,1,0,0,0,,,,,,,
592,mahal na nga food bad service pa 1 hour ka mahigit maghihintay ng pagkain mo panget pa ugali ng mga crew wag kayo kumain sa sm megamall sa higit 1 hour sa dami ng inorder namin yan pa lang naseserve kahit nakita na nila na nagwawala na mga bata,1,0,1,1,,,,,,,
593,disappointed in service magkakasama lahat ng server n nagkkwentuhan dna napapansin ang mga kumakaway n costumer food serve cold keema taste diff from the original sorry to say never to come back again hope the owner see the issue send some mystery shopper,1,0,0,1,,,,,,,
594,go to other branches bad management mas professional pa mga staff at least incomplete menu and before going to this branch we called them to ask if may cheese since last time wala daw we finished eating without cheese puro preparing lang sinasabi samin,0,0,0,1,,,,,,,
595,the food is great madumi makalat matagal dumating yung dish kulang kulang darating yung orders and kaunti ang serving good pa din naman youll still enjoy,1,0,0,0,,,,,,,
596,we ordered three kinds of boodle set plus add on ala carte and 3pitchers of iced tea everything and i mean everything is as cold as a cats nose even the iced tea tastes bland my mom asked why is the food cold one server answer ganyan talaga yan mam,1,0,0,1,,,,,,,
597,will never bring my dog here again the staff is irresponsible in taking care of my dog sana naniwala ako sa mga bad reviews hope na mag close na kayo,0,0,0,1,,,,,,,
598,worst branch ever ang onti ng tao pero ang bagal ng service yung food bago dumating sayo malamig na never going to dine here again,1,0,0,1,,,,,,,
599,my goshi didnt expect this to a 4 star hotel you need to renovate your rooms especially your ceilinga part of the ceiling in the cr just fell off because  retoke lang ginawa nyo,1,0,0,0,,,,,,,
600,poor customer service pag tatawag ka laging walang nagdedeliver napakatagal na waiting time habang naghaharutan mga employees madumi ang lugar na pinaglulutuan,0,1,0,1,,,,,,,
601,lasang instant coffee yung best seller nila ang taray pa ng nag serve sakin sa cashier,1,0,0,1,,,,,,,
602,sarap ng buttery gravy at tasty french fries medyo maalat yung chicken prices are similar to other fast food chains masikip pero may lamesa sa labas pero walang chairs pag delivery rider ka bawal sa loob so paano mo maririnig kung tinatawag ka waiting time is 1520 minutes,1,0,1,1,,,,,,,
603,hindi ka pwede sa window side yung room na may seaside view hanggat di pa daw occupied yung mga table sa harap in short kailangan mo magpahuli sa pila walang sense kung pumunta ka ng maaga hindi approachable yung iba lalo na yung receptionist mataray masungit bawal ka magtanong ganun,0,0,0,1,,,,,,,
604,35 lang naman hindi na nakakain ng maayos ung kapatid at mama ko kase nagmamadali ng habulin ung sched ng sine we ended up missing the first 20 minutes nung movie dahil dun next time sana hindi kayo nagsisinungaling sa customers niyo pra lang ituloy ung order masyado bang mahirap,0,0,0,1,,,,,,,
605,not recommended lalo na kung overnight nyong iiwan ang mga babies nyo unang una walang nagbabantay na mga staff sa loob oo kailngan din nilang umuwi sa bahay nila pero sana hndi nalang sila nagpapaiwan ng mga aso sa gabi pangalawa ang daming mga dagang pagala gala sa loob,0,0,0,1,,,,,,,
606,umorder ako ng 8pcs bucket ang binigay dalawang 2pc chicken sayang pera ko ang tagal ko pang pumila buset n kfc to,1,0,1,1,,,,,,,
607,this buffet doesnt deserve a star at all sayang yung 445 para sa buffet nila na di naman masarap limited pa options mo you will regret it kaya wag nyo na itry,1,0,1,0,,,,,,,
608,the staffs are not approachable masyadong mabagal and most of all hindi binabawas ng tama ang discount para sa mga senior citizen less than 10 lang ang senior discount dti pls check this store,0,0,1,1,,,,,,,
609,super slow service took 30 minutes bago dumating orders kung hindi pa ifollow up hindi darating hindi rin approachable ang staffs ang taray especially the one with eyelash extensions took an hour before maserve ang rice namin sila pa ang nagtaray umalis na lang kami sa kainipan,0,0,0,1,,,,,,,
610,no way im coming back very bad servicethe steak burrito wasnt even properly cookedwag kayo kumain dito,1,0,0,1,,,,,,,
611,hotel located somewhere in the interior of mabolo cebu city,0,0,0,0,,,,,,,
612,sobrang attitude ng mga staff hindi namamansin and may pag dabog ang panget service mali yung mga na serve,0,0,0,1,,,,,,,
613,ang bagal ng service ang haba ng pila yung cashier ina antok pa ang daming na assemble na orders pero yung mg awaiting peoples order di pa na aassemble,0,0,0,1,,,,,,,
614,pangit ng treatment ng owner nito sa group namin kahapon left over ang binabantayan nila kita sa magkakaroon ng left overs  100 per plate pero yung ubos na putahe sa serving for refill nila di nababantayan bottomless icetea pero kelangan pa silang tawagin di nilalatag yung pitsel sa per,1,0,1,1,,,,,,,
615,maraming dish ang hindi available specially yung mga nak advertise nila na food,1,0,0,0,,,,,,,
616,kung pwede lang 0 star ee napaka pangit ng service nila at napaka bagal almost 5 times ata ako tumawag sa staff para lang makahingi ng tubig and condiments yung soft drinks umorder na lang kami ang tagal din dumating malapit na kami matapos kumain bago dumating,0,0,0,1,,,,,,,
617,three star hotel that charges a cancellation fee of 81 of your booking received within 191 days or six months before your booking its not even a last minute cancellation dont bother booking especially now with covid na ang daming changes,0,0,1,1,,,,,,,
618,iilan na nga lang yung ulam mabagal pa yung refill mabagal din ang refill ng plato at bowls mauumay ka kakahintay ng plato at bowl mauumay kapa kakahintay magrefill ng ulam,1,0,0,1,,,,,,,
619,hindi na kmi babalik sabi lilinisin lng daw yung lamesa namin tas may gusto lng kumipat na kumakain na dun na pinalipat sa tabke namin  nag intay nnmn kami ng 20 mins tapos ang ibibigay na table is magkahiwalay pa,0,0,0,1,,,,,,,
620,walang courtesy lane ang pwd senior at rude ang mga staff,0,0,0,1,,,,,,,
621,not good working people on this hotel im asking something they are just ignore me in asking 3x but they never do it not friendly mga trabahador suck hotel sa lahat ng hotel pinag styhan ko itong hotel lng mga tauhan hndi friendly at hndi ginagawa mga trabaho nila,0,0,0,1,,,,,,,
622,bec of the hype in tiktok went there with friends waited in line for 1hr and a half staffs are masungit food choices are few  not worth the wait,1,0,1,1,,,,,,,
623,very disappointing sobrang nagccrave kami sa pares retiro kasi last time nakakain na kami sa retiro sa tomas morato and its so good dito sa branch sa cubao parang pasara na yung place crews are not initiative low quality of food  kulang kulang sa condiments,1,0,0,1,,,,,,,
624,matagal po jan lagpas 1 hours waiting time jan,0,1,0,0,,,,,,,
625,very poor wala sila pakialam sa hotel nila walang maintenance ng paglilinis parang lahat ng gamit mukang sampung taon ng di pinapalitan ewan kung nagpapalit sila ng unan o kahit bedsheet man lang cr nakadikit na ang dumi kadiri na hindi lang sa cr kundi sa buong kwarto sa buong,0,0,0,0,,,,,,,
626,hi sobrang disappointed ako sa service nila kulang na kulang yung staff nila kaya sobrang pila at paghihintay ng pet to groom lang and also hindi sila nag accept ng appointment food is good but the service sorry sobrang pangit po,1,0,0,1,,,,,,,
627,di nila inaassist pag solo na customer ang tagal ko naghintay sa waiter na hiningan ko ng menu pero 20 minutes na lumipas wala pa din yung menu eh kanina pa sya padaan daan sa table ko and in addition to that ang daming available waiter na nakatayu lng,0,0,0,1,,,,,,,
628,wala unique sa lasa ng food ung meat hindi fresh may after taste na and super bagal ng service,1,0,0,1,,,,,,,
629,the staff is not accommodating not sulit never come again its not unlimited time so you cant bonding with your friends and family is a time pressure not recommended to anyone its a waste of time and energy,0,0,1,1,,,,,,,
630,worst sogo twin bed pero iisang kumot my chrge na 10 pesos ang kumot dinaig pa kayo ng small time hotel walang panligo na sabon at shampoo not so clean and so bad kainis,0,0,1,0,,,,,,,
631,ung nasa order menu na good for 56 people is not the same viant that you will get worst staff partida may service charge,1,0,0,1,,,,,,,
632,do not order here stick to the original pares mami house pares retiro in ns amoranto street corner dr alejos street sobrang layo ng lasa it reeks of cheap flavour granules not worth it tastes salty without the umami so disappointing not deserving your hard earned money the camto soup,1,0,1,0,,,,,,,
633,sobrang tagal ng delivery very disappointed,0,1,0,0,,,,,,,
634,very disappointing disgusting this hotel is overrated worst hotel in subic na pinagstayan namin by far sobrang dumi ng floor and bathroom nung gumapang yung baby ko sa floor dumikit yung dumi sa palad nya nangitim palad nya ganun kalala also there are hair strands and buhangin all over the,0,0,0,0,,,,,,,
635,mejo pricey ang food but they make up for it for the ambiance,1,0,1,0,,,,,,,
636,good chinese food for very affordable prices,1,0,1,0,,,,,,,
637,owner is very kind and the biryani tastes great to the staff konting smile naman diyan,1,0,0,1,,,,,,,
638,covid19 parin kaya bawal dine in im so disappointed hindi nagbibigay ng disposable spoon and fork kaya kung nag ooffice kayo sa ortigas center make sure may nakatago kayong kutsara at tinidor sa locker nyo,0,0,0,0,,,,,,,
639,wala naglilinis ng tables poor management,0,0,0,1,,,,,,,
640,masarapnapakasarap ng inyong pagkainang comment ko langmatagal magserve ng foodsuggestion ko pobaka kulang kayo sa tagalutosatisfied po kami sa napakasarap na food,1,0,0,1,,,,,,,
641,pwede po dito kayo ng mamalengke tas sila po ang mag luluto pero kung ayaw niyo naman po mamalengke may mga menu naman din po sila sunday po kame nagawi meron tumugtog mga 7 pm po yun may frutas franchuse at meron ding mga rooms na pwede rent kung gusto,0,0,0,0,,,,,,,
642,this place is petfriendly which is why we chose to eat here 2 weeks ago we found their food to be on the pricey side compared to equivalent restaurants which serve similar menu and have same target group we ordered chicken and waffle inihaw na pusit,1,0,1,0,,,,,,,
643,magulo maingay limited food items at least the servers were courteous,1,0,0,1,,,,,,,
644,actually pretty decent for the price daming langaw i reccomend eating here if you are meeting someone for online transaction daming military at pulis iwas gulo hahahahaa,0,0,1,0,,,,,,,
645,worth for the price hindi lang fresh mga ibang food malamig na,1,0,1,0,,,,,,,
646,cheese cake cheese donut lahat ng ulam has generous servings of veggies which is expected,1,0,0,0,,,,,,,
647,ang tagal ng food service,0,0,0,1,,,,,,,
648,food here can be a hit or miss sizzling pork sisig di na mainit at di masarap sizzling bangus sisig mainit at masarap kaso sunog naman sinigang na baboy medyo matabang pero okay naman chicken inasal medyo okay naman,1,0,0,0,,,,,,,
649,booked through agoda additional tax and other fees applied ended up with 1700 per day no complimentary water and toothbrushtoothpaste room is of decent size shampoobodywashconditioner all in one and yeah bumubiga ng use at tubig ung aircon ang ingat pa,0,0,1,0,,,,,,,
650,bacoor branch is good but the moa branch is not great food but the serving is too slow lahat ng staff nakasimangot at ayaw makipag eye contact dahil parang ayaw mautusan ang hirap tawagin bago kami makaorder nakailang tawag kame sa staff patigil tigil kame ng kain nakakabitin i,1,0,0,1,,,,,,,
651,okay yung food masarap din naman pero pagdating sa comfort room medyo di maganda tignan,1,0,0,0,,,,,,,
652,walang garbage can or trash can walang cable dapat meron basic yan sa mga hotel or pad pero thumbs up sa mga staff mababait,0,0,0,1,,,,,,,
653,ok lang malapit sa sm walang parking valet lang maliit lang room pero sakto lang kung matutulog lang,0,0,0,0,,,,,,,
654,despite its 5 star hotel rating i would rate it 35 because the hotel has probably aged,0,0,0,0,,,,,,,
655,and this photo was taken weeks ago medyo tinatamad lang ako magreview we are about to go to rustic mornings kaso ang aga nila magsara good thing may new cafe pala sa marikina so we usually drop by sa marikina ng nakapambahay lang,0,0,0,0,,,,,,,
656,not worth it avoid it like the plague tatagain ka dahil presyong ginto ang presyo sa market at bawas pa timbang pag sila pinamili mo,0,0,1,0,,,,,,,
657,yung pan pot may amoy kahit ilang beses ko hugasan ung kettle may parang latak na puti sa loob at yung bottle of shampoo at bodywash sobrang dumi pero the place and good and the people are nice naman,1,0,0,0,,,,,,,
658,yung mac  cheese kulang sa cheese unlike sa ibang branch nila,1,0,0,0,,,,,,,
659,ok siya as of now last time we took 1hr for a 2 meal order only but this time bumabawi sila,0,0,0,1,,,,,,,
660,the food was great it taste good but the service was really slow i think they should add more staff to accommodate the needs of customers plus laging di available ang bone marrow nakakalungkot,1,0,0,1,,,,,,,
661,sobrang tagal poabutin ng syam syam bgo lumabas ang order mo,0,0,0,1,,,,,,,
662,maganda naman po yung room kasu yung aircon nyo po sa 203 room sira po nabasa yung crib ng baby namin and yung tubig nyo po sana nman po sasusunod purified water na po dahil sumakit tyan ko sa dumi ng tubig na binigay nyo,0,0,0,0,,,,,,,
663,i was here to visit a friend whos checked in i saw her room and it was nice because theres sort of a division from the bed area to the couch or sala area their food selection during lunch time is not great,1,0,0,0,,,,,,,
664,service is slow not all food listed on the menu is available weve picked three meals but all are unavailable bangus maya maya and that of another fish salmon ulo na lang at pritong tilapia,1,0,0,1,,,,,,,
665,sa susunod wag na kayong magopen ng bags ha got you disappointed last time huh  for customers id think twice on booking this hotel,0,0,0,0,,,,,,,
666,bago ang mga kwarto simple at malinis maganda ang lokasyon malapit sa bilihan pasyalan parke at simbahan ang pagkain ay passing to good,0,0,0,0,,,,,,,
667,okay naman since unli food sya kaso di lahat ng inorder mo is dadating sa table mo,1,0,0,1,,,,,,,
668,30 am kasi akala namin 24 hrs sa 20th avenue branch since 24 hours din nakalagay dito sa google ayun 24 hours pala kaming mag ccrave sa lomi niyo kasi hindi kami naka kain sana ma update yung resto hours niyo will update this pag natikman na namin food niyo,0,0,0,0,,,,,,,
669,its a cool place i can still remember that the last time we were there the elevator got busted but we did take the stairs because its worth itwe went back a couple of days ago but the do not allow slippers na daw so its kinda,0,0,0,0,,,,,,,
670,medyo masikip yung place not so good sa food compared sa ibang branch nila,1,0,0,0,,,,,,,
671,hina ng water mabango mga sheets kaso parang mabilis magigiba kama di pang hardcoran hahhaha mabait staff sobra as in,0,0,0,1,,,,,,,
672,lady sec guard is disrespectful when i ask her which zipper of my backpack shld i unzipp told me ang tanda tanda mo na di mo pa alam ginagawa mo,0,0,0,1,,,,,,,
673,kain lang maiba lang nothing special about the place and the dishes here,1,0,0,0,,,,,,,
674,the place is ok the food is somewhat bland we requested 2x service water in our room and we were given a water jug which we really appreciated we requested again prior to checkout and water now is for sale toinks and it is a 9knight unit ha,1,0,1,0,,,,,,,
675,3 days and 2 nights kami nag stay from december 31 2017 to january 2 2018 dito na nga kami nag new year pero iba ang nangyari sa enjoy sana naming bakasyonokay naman lahat mababait lahat ng staffmaganda ang ambiance except sa foodsmay oras ang kitchen,1,0,0,1,,,,,,,
676,on our expirienced last na kain namin is mabagal ang serving ng food idk if ganun ba talaga and for me lang ha di masyadong masarap ang food thats only my opinyon ha,1,0,0,1,,,,,,,
677,for the past few days they have always botched up orders laging may kulang o mali always check your orders lalo na sa drive thru,0,0,0,0,,,,,,,
678,the tantanmen was a little salty and its not easy to figure out the taste of the crunchy tuna roll in other words it was bland the salmon sashimi was fresh buti na lang,1,0,0,0,,,,,,,
679,sarap kumain d2 shiloh bday,1,0,0,0,,,,,,,
680,good food but loud music sounds that made the cashiers voice raise while asking the orders were all wearing mask plus loud music that made me irritated kaya nagulat kami na yung food na pinapaserve namin e sinama sa mga pinatake out namin hindi naintindihan ng cashier,1,0,0,1,,,,,,,
681,hindi na po tulad ng dati nag price increase pero regular rice lang naman hindi basmati rice regular pita shawarma mas madami pa pipino kaysa sa karne,1,0,1,0,,,,,,,
682,food is ok but there is only one cubicle toilet dami pa naman tao haba pila,1,0,0,0,,,,,,,
683,overwhelming yung ads akala ko nakakabobo sa restau na to beginner friendly naman pala sila upon visiting may orientation and guide sila how to make hotpot and what are your options they will also assist you sa pagkuha ng foods may raw and cooked foods madaming options must try,0,0,0,1,,,,,,,
684,not so accommodating manager sya na kmuha ng order pero medyo rude huh,0,0,0,1,,,,,,,
685,mali yung order na naserve then nung pinalitan nila kulang naman ng fries,0,0,0,1,,,,,,,
686,place is pretty big foods are affordable and in big servings taste ok naman mabubusog ka they also have their own pastries,1,0,1,0,,,,,,,
687,soso parang dati cafe by the ruins is a go to for me when going up to baguio but now ang dami mo na better options na feel ko mas worth the time effort and money not a bad experience but not really a wow experience for me,0,0,1,0,,,,,,,
688,i always eat here and the food and service before is great however i dined in again today but the customer service is very disappointing  the 2 female lazy staff asked me to get the soup food and water at the counter several times paisa isa abot  to,0,0,0,1,,,,,,,
689,no doubt its tastes good for the price point soso my dine in experience is good but the overall taste test hmmn sakto lang in my eyes hinanapan ko lang ng wow factor to and given na popular tlaga siya im sure yun legitness is hindi naman talaga matatago na,1,0,1,0,,,,,,,
690,place was crowded wide selection of food taste was middle walang lechon,1,0,0,0,,,,,,,
691,masarap yung meats nila pero may mga sides na di masarap medyo matagal din serving onti lang staff nila,1,0,0,1,,,,,,,
692,i do not know but this is not the pares lotong rice i have tasted before here in pares retiro it used to be very delicious but now its pwede na the phrase pag di masarap soli mo is applicable now in this resto but knowing pinoy basta pwede na,1,0,0,0,,,,,,,
693,i live here for two weeks nice but dont choose the room at the side facing the mall maingay at mainit they dont allow me to change my room kaya nagtiis ako ng two weeks,0,0,0,0,,,,,,,
694,biglang nawawalan ng water and electricity no elevators para iakyat mga gamit malinis naman pero not recommended for more than 2 days stay,0,0,0,0,,,,,,,
695,forda buy kayo ng sarili niyong seafood kase mahal sa pag sa mismong restaurant na mangagaling,1,0,1,0,,,,,,,
696,very affordable if you are eating on a large group this a resto for you big serving and affordable but if you are looking for authentic chinese resto this is not the one taste of food okay na  pwede na,1,0,1,0,,,,,,,
697,di lang tlaga ko mahilig sa maingay kulob na ingay their drinks has a wide variety and there are good deals too maganda both sa small and large group,1,0,1,0,,,,,,,
698,room is okay place is okay in general 28k yung kuha namin sa family room if plano nyo mag punta magdala kayong water kasi wala silang libreng tubig mabagal service sa food pero masarap naman sguro d lang peak nung nagpunta kami nawawalan ng tubig sa 5th floor kaloka mabagal,1,0,0,1,,,,,,,
699,ate here prepandemic very good quality food today march 28 quality was not as good as it was prepandemic i got 5 pcs of chicken feet it was cold as if just taken out of the ref and the feet were tough parang binanlian lang,1,0,0,0,,,,,,,
700,good okay naman ang serbisyo di ko lang nagustuhan yung sisig na sineserve nila hindi sya lasang sisig kung chill at inom ang hanap mo ok tong lugar na to,1,0,0,1,,,,,,,
701,service is not good and the energy of their crew is very poor it took me 25 mins to have my food i ask the crew  fast food to dapat po mabilis she replied yan po sir serving time namin  instead na mas polite sana the right,0,0,0,1,,,,,,,
702,i tried the lunch buffet last sunday bec i was enticed by the photos they posted on fb dont expect much its going to be a big disappointment expectation vs reality i also thought the interiors would be stunning but no hindi pulido ang craftsmanship i was very disappointed w,1,0,0,0,,,,,,,
703,the ultimate tambayan and pick up point along katipunan,0,0,0,0,,,,,,,
704,food choices are very limited and to be honest its not really delicious buffet talaga ang basis hindi quality what i noticed is that sobrang dami nilang staff and everyone was well attended thats way more better than eating a fancy dish in a restaurant that treats you like nothing,1,0,0,1,,,,,,,
705,may mga hidden charges sa menu nila pag magpapaluto nakalagay nga sa menu nila ang bawat paluto mo is 1 kilo or half every dish eh may price titirahin ka nila pag tinotal na lahat lahat kung ikaw mismo ang magtotal doon mo makikita na super laki ng service charge,0,0,1,0,,,,,,,
706,ok naman very budgetfriendly para sa mga nagtitipid,0,0,1,0,,,,,,,
707,good food indeed kaso lakas makahawa ng badvibes mga employees nyo 12am kami nag punta mukhang pagod na small space parking then ang daming unavailable sa menu,1,0,0,1,,,,,,,
708,the staff are nice and friendly but the room bathroom is really awful yung daanan din nila nakakalito parang alanganin yung place ng hotel nila 25 star,1,0,0,1,,,,,,,
709,madamot sa late checkout,0,0,0,1,,,,,,,
710,good food not so good service you will experience dessert served first before you eat your meal kids like that but i dont they had reasons why they served it first i only remembered one baka daw maubusan you will eat your halohalo first or your ice cream will melt,1,0,0,1,,,,,,,
711,beer okay staff okay overall ayos naman ang naging experience ko dito sa food 4 stars ako pero since by the bay siya may instances n umulan o umambon since mayroon tables sa labas dapat handa sila pag umambon sana may lona man lang pantikip upang d mabasa,1,0,0,1,,,,,,,
712,5 na sana rate ko kaso yung tilapia hilaw pa may dugo din saka yung inihaw na baboy na parang porkchop yung hiwa hilaw din pero masarap yung food boodle fight na taal kasi yung order namin ang sarap nung kinilaw and gising gising saka yung iba pa,1,0,0,0,,,,,,,
713,good food lots of choices big space poor customer service watched the servers hand the bill on a table next to uscant help but overhear the customer saying na hindi pa kami tapos  wala pa naman nanghingi nyan same server,1,0,0,1,,,,,,,
714,food is 55 but i hope my disclaimer before entering the restaurant na may time limit and left over charge kasi food is good yes pero yong fact na may oras kumain is nakaka pressure na parang di mo na maenjoy at malunok ung kinakain mo,1,0,0,0,,,,,,,
715,di match ang food sa price the serving is too small than before plus the crew di nakasmile sna always wear your logo o tagline n bida ang saya di naman cguro mahirap ngumiti kahit mejo pagod n thank u,1,0,1,1,,,,,,,
716,hidden pares here in metro manila why because they serve a tapang kabayo here if you love this filipino food you must try this 80 php for one serving of meaty pares for me the taste is okay lang for the price of 80 php you will have a pares,1,0,1,0,,,,,,,
717,ok lang masarap sana kaso hindi juicy yung patty overcooked sya half pounder po yan hehe,1,0,0,0,,,,,,,
718,ung may bubong naman pero nung umulan eh basa parin kami kasi umuulan din sa loob tapos ung pinaihaw namin na isda parang naulingan lang hindi naman naluto kelangan ipaihaw ulit puro ung sinigang na salmon belly naman okay xa,1,0,0,0,,,,,,,
719,no pantrydining hall but pwde mgluto sa room kc ine stove at kaldero nmn 1 lng swimming pool wlang pmbata tska d gaano kalakihan,1,0,0,0,,,,,,,
720,it may not be that satisfactory but atleast its clean their kitchen is close so we have to order food out and their breakfast is okay too malamig un kape haha but the team is good so yeah,1,0,0,1,,,,,,,
721,everything was unsanitary the ceilings the ambiance the smell it felt like it was in the past or something hindi na namaintain yung place making it look run down we even found a cockroach don sa rice nila told to the staff and kinuha naman nila yung plate though they,1,0,0,1,,,,,,,
722,nice place ok ang foods kaunting training pa siguro sa mga waiters and waitresses napapabayaan ang guests kailangan siguro ikutan nila every 35 minutes at tanungin kung meron pang kailangan,1,0,0,1,,,,,,,
723,the best food but not good in servicethe server not that friendly and accommodating nasa 60 ganunnagsmile sana po,1,0,0,1,,,,,,,
724,nice place to stay wala nga lang vidae sa banyo but what i dnt understand in the bathroom set up was there were 2 shower hose in the bath tub na meron push n pull so if your going to use the toilet you need to pull the shower so,0,0,0,0,,,,,,,
725,tago ung place ang hirap mahanap especially sa mga first timer and kulang sa side dish,0,0,0,0,,,,,,,
726,need to improve dining service medyo maraming langaw and i had one on my lomi,0,0,0,1,,,,,,,
727,slow turn out of foodngkakahalohalopaung orders,0,0,0,0,,,,,,,
728,the taste is good and yummy however ang order ko yung chicken bucket the cashier ask me kung original lahat and i say yes pero nung binuksan ko na may kasamang spicy so di makain ng kids i ordered also the asorted biscuits and good thing it is buy 1,1,0,0,0,,,,,,,
729,ok but the bathroom is iba amoy hndi man nilagayn ng air freshener overnyt nmn,0,0,0,0,,,,,,,
730,ordered miki bihon today price for their silogs are 100 pricier for a silog nothing much special except they are knownkilala miki bihon is dry there is also a chicken stall beside akik garlic chicken it was sulit and cheaper before expect their pieces to be mabuto and mabreading now,1,0,1,0,,,,,,,
731,i like it that its overlooking bar na open 247 pero not so clean food is okay drinks medyo maingay yung sa rooftop so not recommended if you want a silent chill type of drinking night,1,0,0,0,,,,,,,
732,woah 6hrs trip manila to bolinao pero pag narating mo na super ganda nag enjoy baby q kaya lng ang jacuzzi medyo mabaho na mukhang matagl2 dn hinde napapalitan ang tubig and about the beach tlga useless hnde mo ma eenjoy kz bot safe super layo nid mo pang mag,0,0,0,0,,,,,,,
733,cheap food pero tumigil ang mundo ko ng malaman ko na 24 pesos ang 12oz coke softdrink  first time of my life na ganun ka mahal ang soft drinks but anyway yun lang naman maganda naman ang place at masarap ang foods,1,0,1,0,,,,,,,
734,very strategic location since it is near the mall and offices mabait naman ung mga stuff ng hotel breakfast nothing out of the ordinary limited choices of food just enough to make you go for the day deluxe room is spacious yun lang preferable is the 1 bedroom suite notairconditioned,1,0,0,1,,,,,,,
735,writing this review late staff was friendly even though kulang sila sa manpower kaya 3 stars taste was typical bonchon,1,0,0,1,,,,,,,
736,masarap parin service good atmosphere same,1,0,0,1,,,,,,,
737,35 went here last saturday around 4pm so almost dinner mahaba ang pila pero dahil mostly by group 1020 mins lang kami naghintay mababait ang servers organized ang buong place at malinis rin ituturo sayo ng staff paano lahat all of the food are served fresh yung iba mainit pa,1,0,0,1,,,,,,,
738,walang chicken joy nung nag drive thru kami,1,0,0,0,,,,,,,
739,food is good kaya lang po ay very open maging ang mga street children ay nakakapasok to stare and sit near the costumer to beg food whike you are eating,1,0,0,0,,,,,,,
740,the security is not good at all we observed na hindi nila gaanong chinecheck yung mga naglalabas pasok like they are not asking kung may reservation ba sila or something nauna yung mga colleagues ko sa loob and sumunod kami upon entering no one ask us or assist us,0,0,0,1,,,,,,,
741,clam chowder  710 malaman perfect starter tho it was salty when served so we asked them to repair it bacon slab with waffles  910 winner yung bacon slab is smokey yung lasa we love it waffles also good light taste and airymoist pero ang bigat sa tiyan sundays,1,0,0,0,,,,,,,
742,the airconditioning yesterday in this branch was broken worst i order spicy chicken so mainit na nga then spicy food pa at first may fan kami then in the middle of our meal biglang kinuha and tinutok sa manager and staff na kumamain sa kabilang table i think ok lang,1,0,0,1,,,,,,,
743,mandatory sa baguio fast service but bad cr,0,0,0,1,,,,,,,
744,well complete kitchen utensils clean and accomodating staff one thing disappointing is the pool os so look dirty i think one year na yung tubig and weekly lagay ng chemical sayang,0,0,0,1,,,,,,,
745,parking is a bit of a hassle also kahit bawal manigarilyo laging naninigarilyo yung nagluluto sa may gilid soup section yata yun,0,0,0,0,,,,,,,
746,great place for veggie lovers eat all you can magsawa ka sa monggo sprouts at lagyan mo pa ng sauces nila with your choice solb na lunch mo,1,0,0,0,,,,,,,
747,very nice place  ibangi mo na  tara na po sa candelaria  along by pass road near girasoles sunflower farm lets go,0,0,0,0,,,,,,,
748,i really love the new look of buffet 101relaxingwideand comfy food is great from chinese to westernlots of dessertslots of food to choose from ung tipong dm alam ang uunahin mokakaloka lng bilis maubos ang fresh salmon,1,0,0,0,,,,,,,
749,food is awesome lahat masarap walang tapon super bait din ng mga staff and lahat ng requests niyo iaaccomodate nila sa abot ng makakaya nilaaaaa sobrang accomodating nila sila pa magiinsist na sila na lang magtake ng pictures niyo,1,0,0,1,,,,,,,
750,1 week ako nag checkinsatisfied nman ako dhl malinis at tahimik ung location nya,0,0,0,0,,,,,,,
751,masyadong generous magbigay ng beef s carving station cant wait to go back no 1 p rin ang dads para s akin,1,0,0,0,,,,,,,
752,im a fanatic when it comes to pares ima rate it 35 star pares was mass producedcooked so tastewise nakakabitin yung lasa nya years ago it was 50 pesos now its 160 pares with rice other pares shops have renovated the original pares its still the original cos it was,1,0,1,0,,,,,,,
753,sa mga nagtitipid maganda po ditowith aircon and may tatlong shower cubicle so far ok naman,0,0,1,0,,,,,,,
754,gusto ko yung sweet and sour fish,1,0,0,0,,,,,,,
755,d perfect food for my jetlagged self Masarap,1,0,0,0,,,,,,,
756,mang inasal is our favorite hangout and chibugan spot all of the food are soooo good and affordable sulit na sulit sobrang worth it kaya naman binabalikbalikan namin talaga sila friendly pa ang mga staff malinis ang surroundings unlirice at unlisabaw maganda ang kanilang serbisyo at perfect place para sa,1,0,1,1,,,,,,,
757,my family and i had a great stay here kudos to all the staff who attended all of our needs maraming salamat sa inyo see you again next time,0,0,0,1,,,,,,,
758,home away from home medjo malayo lang sya pero its good to get rest after a long day trip kasi tahimik sya and what i like the most is pwede ka magluto and they have cookwares that you can use and well air conditioned room,0,0,0,0,,,,,,,
759,30pm na ko nakapag lunch sa kakahanaphahaha 1st time kasi gumala ng moa,0,0,0,0,,,,,,,
760,omg the beyond meat with mashed is beyond sarap you have to try it sooooo good slathered in a rich mushroom gravy traveltalktea,1,0,0,0,,,,,,,
761,i love this hotel for their very unique idea of providing a pitcher and glasses in each room then a water dispenser in each floor instead of giving water bottles because i am one who also supports ayoko ng plastic,0,0,0,0,,,,,,,
762,pangmasa perfect for large groups they will only cook the food as soon as you place your orders sp expect thats everything is fresh the only downside is that this kainan is so famous that you have to wait for your food for like 30 minutes to an hour depends,1,0,0,0,,,,,,,
763,i had a great experience here such a lovely way to celebrate my birthday thanks to my anith for bringing me here the staffs are very welcoming very helpful and very accommodating talagang they help customers sa lahat ng kailangan very attentive,0,0,0,1,,,,,,,
764,sulit ang 135 pesos mapapaextra rice ka talaga sa dami ng servingsabayan pa ng umuusok na sabaw at chili sauce at kalamansi,1,0,1,0,,,,,,,
765,friendly staff specially hk dept its my second time here 2 standard rooms with my family rooms are cleaned and prepared very well for our arrival hirap lang tumawag minsan ng assistance maybe because they were lack of manpowers that time and almost fullybook cla,0,0,0,1,,,,,,,
766,ok naman ang place relaxing,0,0,0,0,,,,,,,
767,so clean so good maintain niyo yang quote niyo na yan,0,0,0,0,,,,,,,
768,limited parking space during weekends madalas fully booked they dont accept reservations wheelchair accessible malinis ang lobby at hallway madalas walang ice ang lagayan sa tabi ng water dispenseryou can check next floor malinis ang room ay maganda ang gamit sa loob ng room,0,0,0,0,,,,,,,
769,super nice ung place malinis tapos accesible sa lahat ng pasyalan my mga dumadaan ding jeeps going to divisoria sa harap ng hotel tpos a walk away lng sa bus terminal and lrt station nice ang view ok din ung swimming pool and mababait ung mga staffs,0,0,0,0,,,,,,,
770,good filipino food private room available good place to take balilbayans since they have pinoy delicacies parking can be a problem though,1,0,0,0,,,,,,,
771,the best lomi in batangas underrated lang sya,1,0,0,0,,,,,,,
772,this was my first time t0 check in near in everything as in everything all the tourist spot restaurant everything anything you want to experiencethe place is very accesible the staff is super duper accomodating the hotel is very clean no word to say basta i super recommend dis hotel,0,0,0,1,,,,,,,
773,clean roooms but check your rooms if may bidet request to transfer kayo if you prefer na may bidet,0,0,0,0,,,,,,,
774,maliit lang place pero ang saya sa loob lalo na nung naabutan namin yung django band nung first night na nagpunta kami magaling din naman yung isang band na napakinggan namin nung 2nd time na punta namin pero the best pa rin ang django samin kung rock n roll hanap,0,0,0,0,,,,,,,
775,best adobong tadyang and litid,1,0,0,0,,,,,,,
776,early lunch kami kaya konti pa kumakain di pa rin nagbabago masarap pa rin food,1,0,0,0,,,,,,,
777,sarap ng cheesy tonkotsu will come again,1,0,0,0,,,,,,,
778,my go to place in caloocan old school carinderia with very tasty food and very affordable parking might be a problem during lunchtime,1,0,1,0,,,,,,,
779,delicious food very pinoy from pm1 to pm2 to sisig to bbq to palabok and to special halo halo all 100 pinoy sobrang mabubusog ka becoz of unli rice hahaha,1,0,0,0,,,,,,,
780,maganda sya masasarap ubg mga foods kaso d ko naenjoy masyado ubg mga side dishes ung iba but all i enjoy,1,0,0,0,,,,,,,
781,simply the best everrr consider it from a professor a scientist and a gimikero,1,0,0,0,,,,,,,
782,thumbs up for the excellent service special mention to the bell captain he is very accommodating and helpful as well as to the other concierges who assisted us saludo po kami sa inyo in addition their sweet roll and revel bar are really great you must try them,1,0,0,1,,,,,,,
783,may fruit salad na sila late na namin na laman sarap,1,0,0,0,,,,,,,
784,one of the best places to eat when in baguio mura na malaki pa servings nila 10 stars,1,0,1,0,,,,,,,
785,super sulit yung foods value for money talaga,1,0,1,0,,,,,,,
786,kumain kami ng crab masipag at friendly ang mga staff syempre masarap ang mga pagkain,1,0,0,1,,,,,,,
787,food are awesome also sa customer service nung babaeng nag assist samin,1,0,0,1,,,,,,,
788,favorite buffet tried their meryenda buffet for 195 2pm5pm at super sulit na tho transportation is quite difficult during these times punuan ang bus pati taxis i suggest using grab pero baka punuan din di pwede sa may appointment klase afterwards parang kami haha,1,0,1,0,,,,,,,
789,ok naman ang service wala nga lang chicken oil lagi,0,0,0,1,,,,,,,
790,rapsa daming tao lagi pag lunch time,0,0,0,0,,,,,,,
791,yung quality ng food ay masarap naman810 yung service ea mejo matamlay at yung atmosphere o ambiance ea sana mag improve pa lalo kung mainit ang panahon mag dagdag pa ng mga silungan at lamesaupuan pra sa mga kumakain overall msarap naman sya recommended ko sya,1,0,0,1,,,,,,,
792,medyo mahaba ang pila pero pag nakapasok kana sa loob super good naman ang food kaya okay lang,1,0,0,0,,,,,,,
793,good food nag ask ako which is best seller tas sabe lahat daw best seller anyways sarap naman,1,0,0,0,,,,,,,
794,first time ko dito and super sulit,0,0,1,0,,,,,,,
795,buttery and crispy fries are okay for me mas masarap ang jollibee,1,0,0,0,,,,,,,
796,the food is da best sobrang sulit sa binayad mo definitely wanna eat here again and again,1,0,1,0,,,,,,,
797,a must try restaurant in baguio super sarap ng food but its affordable accomodating and friendly staff love the ambiance and fast serving,1,0,1,1,,,,,,,
798,very mid generous amount of serving so pweds na service and ambiance,0,0,0,1,,,,,,,
799,mabait ang mga staff very accommodating at masarap pa pagkain,1,0,0,1,,,,,,,
800,super sarap mga foods you get what youve paid for,1,0,1,0,,,,,,,
801,staffs are super accommodating the customer service is superb we only stayed for a night and super nabitin kami  the room is super clean and cozy of all the hotels we stayed in this is the best definitely sulit for its price cant wait,0,0,1,1,,,,,,,
802,so satisfied customer here  nag dinein kami kasama ko mil and 3 kids ko donknow what to do kase mahaba pila but when i talk to staff malapit sa counter nabuhayan ako kala ko aabutin kami ng 2 hrs priority kami ambilis pa ng mga staff saka mababait,0,0,0,1,,,,,,,
803,very nice interiors staff obviously trained well we had their dinuguan as recommended by friends and it did not disappoint if you have balikbayan friends to entertain this is certainly a good place to bring them to,0,0,0,0,,,,,,,
804,masarap pansit dto pati mami,1,0,0,0,,,,,,,
805,totoo ang chismis super sarap ng chicken feet nila and eggplant with minced pork some of their dishes were overcooked like fried squid and spareribs siguro natyempuhan lang kami but overall we enjoyed our food here sad to say di ko na napicturan ang foods hehehe all our delish naman,1,0,0,0,,,,,,,
806,worth it yung servings yung crab soup lang parang sabaw ng pinakbet pero masarap,1,0,1,0,,,,,,,
807,good food good ambiance bait den ng staffs i recommend this place as a go to place for mag kakaibigan na gusto mag catch up,1,0,0,1,,,,,,,
808,gusto yong foods at anbiance,1,0,0,0,,,,,,,
809,malinis tahimik at friendly ang staffilang beses na kong nag check inn ditomaganda ang facilitybabalik uli ako ngayong nov,0,0,0,1,,,,,,,
810,food is good but you have to wait for long just to get a space for you to eat maraming kumakain,1,0,0,0,,,,,,,
811,peak season so heavy traffic going to the place is expected i was not expecting to be charged for parking even if we have an event in the hotel sa ibang hotels free ang parking pag may event food and service is okay tiis tiis lang sa traffic talaga malapit,0,0,1,1,,,,,,,
812,malapit sa lahat walking distance lang din sa night market yun lang wala sila nung mga free breakfast very mababait ang nasa reception with a smile sa tv walang cable dala nalang kau usb na my movies sa 2nd flr my gym at salon at cafe ayos din mababait sila,0,0,0,1,,,,,,,
813,sarap ng garlic saucee,1,0,0,0,,,,,,,
814,nice location views from to bottom swimming pool ganda ng view din,0,0,0,0,,,,,,,
815,we only buy food thru drive thru but nice maayos at malaki ang jollibee na itomagiliw nman ang mga crew,0,0,0,1,,,,,,,
816,went here last february 18 it was during lunch time may pila but naging mabilis lang pagaantay namin kasi 1 hour 30 minutes lang pwede kumain staff are friendly and nice i aassist ka talaga and will even ask you if its your first time or not they will explain,0,0,0,1,,,,,,,
817,tried the merienda buffet for 25800 weekends  sunday medyo mahaba pila masarap pagkain natikman ko since mahilig ako sa may gata masarap ang biko maja blanca at ginataang bilo bilo masarap din ang dinuguan at puto corn dog and siomai ice cream taste good too sulit ang pagpila,1,0,1,0,,,,,,,
818,one of the best budgetfriendly resto in baguio they have solo and familystyle orders from their menu during peak hours though queue is a nightmare and malilipasan kana ng gutom sa kaka antay,0,0,1,0,,,,,,,
819,good place for staycation or familyfriends get together room size are good for families or barkada who wants to have a party for a night or two it has a probinsya feels to it and it seems that you are away from the city where in fact you are just,0,0,0,0,,,,,,,
820,very nice place affordable and friendly mga staffmasarap ang food we will celebrate christmas here in the hotelwell surely recommend this to our friends,1,0,1,1,,,,,,,
821,the aqua room here is very nice the kids loved it the only thing i dont like here is the shop close too early 7pm pa lang ata sarado na ang mga food stall 2 restau na lang s baba ang open and other than ocean park wala na rin,0,0,0,0,,,,,,,
822,masarap pramis tuwing iinom kami or may handaan madalas umoorder kami dito ng breaded chicken at tender loin minsan kung magutom lang at walang ulam sa bahay tapsilog naman at spicy tofu,1,0,0,0,,,,,,,
823,okay experienced namin dito lalo pag ung room mo sa tabi ng kalsada malaki room may tv at ayos ang cr nasa gitna pa sya kaya madaling puntahan lahat,0,0,0,0,,,,,,,
824,masarap yung pares with tendon,1,0,0,0,,,,,,,
825,awesome servings the burgers are for sharing unless youre hungry na talaga the patties are  legit grilled da bomb,1,0,0,0,,,,,,,
826,medyo dirty yung papuntang handwash area,0,0,0,0,,,,,,,
827,five stars sana kasi pakasarap nung premium pares nila kaso walang sagot gulaman aircon dito masarap yung pares and halos walang tao nung pumunta kami nagpapadeliver din ata sila sa grabfood 55 would return,1,0,0,1,,,,,,,
828,tasty food nagkakalituhan lang sa bills minsan namamali ang staff like what happened to us we ordered rice good for 3 then we got bill for 6 had to talk to the manager pa para maayos,1,0,0,1,,,,,,,
829,grabe ang sarap talaga ng manok ng mang inasallll this is my favorite,1,0,0,0,,,,,,,
830,super affordable at masarap toppings overload ng lomi batangas nila the best cravings satisfied,1,0,1,0,,,,,,,
831,not so delicious food pero pwede na for cheap price,1,0,1,0,,,,,,,
832,ang social ng place hahaha im just a hampaslupa but thanks to our company i was able to be there,0,0,0,0,,,,,,,
833,super sarap ng food dito highly recommended,1,0,0,0,,,,,,,
834,breakfast is so good masarap,1,0,0,0,,,,,,,
835,thumbs up for accom and friendly staff very helpful pa sila very classy ang ambiance maganda ang room nakasale kasi siya nung nagstay ako dito masarap din ang food,1,0,1,1,,,,,,,
836,good service pero dapat marunong kang mag hintay,0,0,0,1,,,,,,,
837,all good with mister kabab our favorite tambayan after a long week of work,0,0,0,0,,,,,,,
838,affordable accompdating staff spacious rooms and syempre may kainan sa ground floor,0,0,1,1,,,,,,,
839,sarap ng food very good ung service and amenities restrooms are clean,1,0,0,1,,,,,,,
840,my wife commented on the anniversary greetings pop up that her name is not included ako lang daw ang binati i have made it known that we are celebrating our wedding anniversary and gave her name during the reservation process,0,0,0,0,,,,,,,
841,sarap ng tapang kabayo and ang sulit ng goto batangas madaming servings and masarap sa murang halaga medyo olats lang ang pares nila the only problem is the parkingnasa gilid kasi ng kalsada so its a no no kapag may dala kang sasakyan,1,0,1,0,,,,,,,
842,ingat po sa left over kasi nsa 200 din pocharge per person sa left over kaya order lang ng sakto super frozen meat pero keri naman masarap yung dips and cheese,1,0,1,0,,,,,,,
843,love the packaging very pigmentedsana lang talaga kapag ginamit ko to maging kamuka mo si anne curtis,1,0,0,0,,,,,,,
844,smooth i love these products first time to use blk and so far it didnt disappoint complete orders nice packaging as well will definitely order again,1,0,0,0,,,,,,,
845,maganda yung item kumpleto naman lahat ng pinadala ni seller nagustuhan ko ang mga kulay very useful salamat shopee,1,0,0,0,,,,,,,
846,really perfect that blk came up with this hindi na hassle maglagay ng highlight sa inner corner eye for the effecf excited to use it,1,0,0,0,,,,,,,
847,not yet tried it arrived ang bilis ng delivery i am sure na maayos din tong product as seen in their reviews thank you seller i will definitely order again,1,1,0,0,,,,,,,
848,i goes a long a way medyo dark lng pala sya in person i thought mas lighter like pearl talaga hehe but its okay ganda parin,1,0,0,0,,,,,,,
849,this is my first time to try blk products and im amazed ganda ng quality very promising cant wait to purchase more,1,0,0,0,,,,,,,
850,just got the replacement today after so may weeks of follow up maganda po un itemmatagal lang po tla un replacementbut so nice at least napalitan naman ty po,1,1,0,1,,,,,,,
851,got it thank you maganda sya,1,0,0,0,,,,,,,
852,medium soft ang ganda sobra,1,0,0,0,,,,,,,
853,worth the budol para sa mga beginner nail tech na tulad ko buy na mga mamsh,0,0,1,0,,,,,,,
854,quality product and safe packaging as always,1,0,0,0,,,,,,,
855,nice quality and affordable price hi seller ang ganda ng ice maker niyo very affordable price ang dali makagawa ng yelo kaso dapat sinabi niyo na may kasamang shovel yung ice maker niyo haist ayan nag avail pa kami ng isang ice shovel at sana pinadala niyo yung user guide,1,0,1,0,,,,,,,
856,nice i was contemplating if i should buy kasi not everyday naman may occassion but when i saw my cousin had one too at masaya na laging may ice na mabilis bumili na din ako not regretting na i bought this hehe delivered safely no damage sinunod ko yung feedback,1,1,0,0,,,,,,,
857,convenient medyo disappointed lang ako sa packaging since as you can see sa picture may tear sa outer package pero ok naman yung loob so ok na rin overall great quality and super useful for me na mahilig sa cold beverages thank youu,1,0,0,0,,,,,,,
858,maganda very accesible naman sya nakakatuwa gamitin every six minute may nine na yelo lumalabas thank you seller happy customer,1,0,0,1,,,,,,,
859,ok naman xa so far maliit lang xa na machine i ordered this for my milktea store pero looks like hnd xa pwede pang business kase 810mins before lumabas ang 9pcs ice then sa umpisa super liit ng ice,1,0,0,0,,,,,,,
860,super worth it po talaga kasi makakasave na kame d na kame bili nang bili nang ice pag nag outing kame mahal pa nman nang ice ngayun i will recommend this shop sa iba kong friends thank you so much,0,0,1,0,,,,,,,
861,super amazed ako sa ice maker na to tamang tama kasi wala kaming malaking freezer pang lalagyan ng ice tray kaya napabili kami nito worth it po,1,0,1,0,,,,,,,
862,working sya 10 mins bago mg produce ng ice so happyyyyy,1,0,0,0,,,,,,,
863,akala ko hindi gumagana kasi ilang beses ko ni try hindi talaga nagpoproduce ng ice pero kailangan daw iwan lang muna ng 24 hours so ayun after 24 hours umandar na yung frion at nagproduce na ng ice ang issue ko lang naman is may crack lang sa opener niya,1,0,0,0,,,,,,,
864,very good mabilis dumating yung item and very secured ang packaging mabilis makagawa ng ice yung machine in fairness sulit bait pa ng seller,1,1,1,1,,,,,,,
865,okay lang naman po merong makapal they are very understandable on what happened thank you again,0,0,0,1,,,,,,,
866,thank you so much seller sobrang saya ko sa natangap kong smart tv maraming salamat po kasi isa ako sa nanalo sana marami pa kayong matulongan i love you seller after a week of using this smart tv i say superb quality in every aspectconsidering its price easy to set,1,0,1,0,,,,,,,
867,sobrang ganda malinaw ang picture pati sound kahit wala ng sound bar malakas sya tas may libre pang battery ung remote sa murang halaga may 32 smart tv na mabilis din dumating at sobrang safe ng packaging 3 bubble wraps thank you shopee seller at sa courier,1,1,1,0,,,,,,,
868,okay naman sobrang mura niya compared sa mall di lang siya ganon kalinaw pero maganda pa din naman yung quality niya sana magtagal thank you will order again soon para naman sa kwartoang bilis din nadeliver walang pang 1wewk at naka kahot siya para talagang secure ang galing,1,1,1,0,,,,,,,
869,thank you so much seller i was hesitant to order at first but im really surprised for this smart tv that i received nakakaspeechless naman tong napanalunan ko grabe parang panaginip lang tong nangyari so thank you so much seller may godbless you and your family,1,0,0,1,,,,,,,
870,isa ito sa mga pinaka sulit na nabili ko dito sa shoppe 2 days lang nandito na agad yung order ko hehehe quality value for money delivery,1,1,1,0,,,,,,,
871,the quality of this product is so great ang bilis niyang uminit and ive used it muna for almost a month bago ako nagreview to make sure so far no issues maikli lang yung hose ng showerhead but thats fine i bought na lang mas mahaba good thing na kasama,1,0,0,0,,,,,,,
872,when i got my order maayos ang pagkaka pack naka bubble wrap kumpleto lahat kung ano mga nakalagay sa picture yes andon lahat good quality i could say ginagamit ko na for a couple of days now so far ok naman  wala akong nakikitang problema,1,0,0,0,,,,,,,
873,thank you nagkamali lang kami ng kabit nung una kaya may ground pero nung pag ayos okay na sya swabeng swabe lang very affordable but the quality of the heater and the shower head is superb worth it na worth it pera nyo dito order ako ulit para sa kabilang,1,0,1,0,,,,,,,
874,not yet installed maganda ang productmabigat sana lang talaga magtagal hehealthough seller nman black yong order q ehhgow many times aq nag chat sa inyo to check to check to check para iwas abala dbahaizzz naqanyways nothing to do kulay lang nman at nagustohan q nman ang productthankz anywaysmore saless,1,0,0,1,,,,,,,
875,good so excited to use it kasi i really want it good naman madaling uminit yung downside lang is mahina labas nang water sa shower will buy another one nalang to replace sa mismong shower,1,0,0,0,,,,,,,
876,wowwthank you so much seller for considering my ordersuper safe ang packegingvery accomodatingthough dpa namin makabit kasi need pa ayusin ang bathroom naminthank you for the smooth transactiondiffinitely well buy again in your shop,0,0,0,1,,,,,,,
877,maganda po sya kaso wala lang saksakan so need namin pang bumili para magamit po sya since nataon holy wk d pa magamit pero 5 star pa din sa kin,1,0,0,0,,,,,,,
878,ok na ok cya gumagana lahat kaso my crack sa loob nung saan i lagay ung leeg nang fan pero ok nmn pati ung ilaw isa lang pina andar ko hehe sana mg tagal,1,0,0,0,,,,,,,
879,ok nman siya kaso sobrang saglit lng tlga magamit wala pang isang oras pero sobrang napaka well packed tlga alamat sa seller,1,0,0,0,,,,,,,
880,okay naman na andar kaso nga lang nag crack yung isa base sa picture nag send naman si seller ng item before shipping all in good condition sa courier lang nag ka problema di nila iningatan kahit na may fragile na nakalagay sa labas ng bubblewrap pero ok lng nmn,1,1,0,0,,,,,,,
881,910 maganda worth it naman sa pricesana tumagal  nkakalinisnaman kaso napansin ko mbilis mlowbat un lang,1,0,1,0,,,,,,,
882,good late review maganda naman siya nakakalinis talaga kaso di malaman kung mafufullcharge red lang light niya medyo maingay din pero all goods naman,1,0,0,0,,,,,,,
883,fair enough for the price nakakadala naman ng dumi at buhok mabilis lang malowbat but its still a good catch budget friendly and para talaga sa mga tamad mag walis,1,0,1,0,,,,,,,
884,received the item in good packaging kaso lang di sya nagchacharge or nag popower on may nabasa ako na review na pinaopen nya yun case n may di nakakabit na wire same din ginawa ko and yun nga yun wire connecting sa battery hindi nakadikit so pinadikit ko nalang and,1,0,0,0,,,,,,,
885,ok naman sana tumagal nkakalinis tlaga cia nang balahibo ng aso kaso hindi maciado pantay ung sahig nmen kya may part na naiistock na sya pero overall maganda nmn thanks seller,1,0,0,0,,,,,,,
886,good working well yung product nakakalinis naman kaso not full clean good for small areas lng talaga at random din movement so may areas na di madaanan di malinisan good suction quality yung di madala ng walis na mga alikabok nalilinis nya,1,0,0,0,,,,,,,
887,honest review maganda sya kaso ndi sya ganun kalakas humigop tamang maintenance lang ng linis ng sahig pag nababanga sya naglilipat sya ng direction need mo pa din mag linis heheh total performance is very goodpara kay seller please nman ponlagyan niu po ng bubble wrap wag po direct plastic,1,0,0,1,,,,,,,
888,ayos naman tuwang tuwa mama qkaso recomended sa pang malakihan lang tlga xang space di pwedi sa maliit kasi nastock na xaisang area lang yong iniikotan nyapeo quality is good nman sana tumagal,1,0,0,0,,,,,,,
889,okay naman yung product cute sobrang tagal lang ng delivery 2 weeks or more ata bago dumating responsive naman seller,1,1,0,1,,,,,,,
890,thank you ang ganda kaso maliit lang pla,1,0,0,0,,,,,,,
891,working properly kaso kailangan lang linisan frequently lalo na pag may mga pets kasi nagcclump yung fur sa may opening nung vacuum mej maingay din siya while using,1,0,0,0,,,,,,,
892,i love it ang bilis dumating thank you seller sana tumagal,0,1,0,0,,,,,,,
893,light weight typical plastic material sana lang tumagal,1,0,0,0,,,,,,,
894,product is okay hindi lang ganun katagal ung performance nya after maifully charge but as for the the price its okay sellers chat response was also good and fast delivery as well,1,1,1,1,,,,,,,
895,910 ok nmn sya maliit lang dq expect na gnun nkaliit haha,1,0,0,0,,,,,,,
896,okey naman ang item no damage when received  nakakavaccum talaga sya pero madali lang talaga sya malowbat siguro dahil mura,1,0,1,0,,,,,,,
897,makes cleaning easy ok naman nung mga unang araw kaso after 3 days hindi na umiikot ng maayos naistuck na lang siya sa isang lugar lagi naman naming nililinis lahat ng mechanism i guess it comes with the price,1,0,1,0,,,,,,,
898,ok naman sya working kaso sa packaging lng di secured naka kahon lng tlga nayupi na din sa delivery pero working naman sya at nakaka dala tlga ng dust at hair,1,1,0,0,,,,,,,
899,matagal ang charging time sobrang bilis maempty bat,1,0,0,0,,,,,,,
900,una maganda sya kaso pag natagalan na hindi na sya umi iikot masydo kay need mo pa syang kunin pra mag forward sya nakaka kuha nmn ng dumi pero not 100,1,0,0,0,,,,,,,
901,small not the best but it does it job nakukuha niya naman mga dust,1,0,0,0,,,,,,,
902,okay naman ang item i tried as soon as i received it and able to get few dust parang kulang lang sa power nevertheless it was able to do its job,1,0,0,0,,,,,,,
903,very nice working xa and nkakakuhan dn ng mga balahibo ng aso sana tumagal kaso ung packaging yupi2 dn,1,0,0,0,,,,,,,
904,nareceived ko na sya kaso ang bilis lang malowbat hayssssapat lng sa presyo nya,1,0,1,0,,,,,,,
905,worth it sya sa price sana magtagal,1,0,1,0,,,,,,,
906,good okay naman maganda sya but i ordered green not white pero white ung binigay but its good padouble check nalang poh seller next time before isend thank u,1,0,0,1,,,,,,,
907,good hais bakit nag stop sya ilang minuto lang nag oof na sya kailangan pindotin para gumana naman haiissss sabagay worth naman sa price mabilis dumating na una pa sa inorder kong oil essential,1,1,1,0,,,,,,,
908,nice received my order today okay po ang packaging with buble wrap 2 ang order ko okay naman kaya lang mahina yung steam ng isa anyways okay lang thank you seller at sa rider,1,1,0,1,,,,,,,
909,walang free kaya nag diy nalang ako ankyutttt nya pramis bagay sa working table ko the color and the rgb lights hoping na pangmatagalan din sya thank you po seller,1,0,0,1,,,,,,,
910,nice working xa thank youthank youthank yousana magtagal mabango na room namin nito till next purchase i will recommend to my sisters,1,0,0,0,,,,,,,
911,good ang ganda po good syang dumating salamat seller salamat den kay kuya rider,1,1,0,1,,,,,,,
912,item received na pohok naman poh syagumagana pohthanks seller,1,1,0,1,,,,,,,
913,very good ang ganda thank you,1,0,0,0,,,,,,,
914,fast shippingitems securedat first i thought its not workingpero hindi pala u just have to wait for a whilethank u seller and shopee,0,1,0,1,,,,,,,
915,okay na okay po dipa po ako naka order ng fragrance oil or pampabango pero ginawa ko naglagay na lang ako ng tubig tapos nag add ako ng perfume ayun gumana sya at amoy na amoy yung pabango nakakatuwa kc mura lang sya pero ang ayos ng performance niya thank,1,0,0,0,,,,,,,
916,good recieved ko na ang parcel ko salamat po cute na man sakto lng ang price nya sa size salamat po sa seller at s shopee salamat din sa corrier have a bless day sa shop nyo salamat ulit,1,1,1,1,,,,,,,
917,sobrang bilis dumating ng item pagka place ko ng order na pack at na pick up agad ng courier maayos at gumagana ang humidifier very happy with my purchase,1,1,0,0,,,,,,,
918,not applicable kala ko may kasamang fragrance oil wala pala haha anyway ok naman product same as my old device,1,0,0,0,,,,,,,
919,perfect received the item in good condtion maganda parang ung malaking humifier ko din capacity lang difference pero same performance thanks seller at sa rider,1,1,0,1,,,,,,,
920,okay naman nakakabango ng buong room oil and fragrance is not included nagorder ako sa iba pero it works tahimik din siya kapag ginamit kaya hindi distracting pag matutulog,1,0,0,0,,,,,,,
921,nice good napakaganda po salamat sa seller at sa rider pati sa shopee,1,1,0,1,,,,,,,
922,good maayos naman po na dilever yong item iba yung nasa picture sa isenend na item malakas ang buga ng usok parang luma na yong charger salamat po at kay kuya rider,1,1,0,1,,,,,,,
923,mabango sobrang legit niya as in thank u seller thank u sa shoppe delivery thanks a lot stay safe,1,1,0,1,,,,,,,
924,working siya malakas ung usok its good,1,0,0,0,,,,,,,
925,nice wow na wow ang item nagustuhan ng anak ko thank you seller lazada at kay kuya na nagdeliver thank you,1,1,0,1,,,,,,,
926,good ang ganda ng product fast deliver thank u seller,1,1,0,1,,,,,,,
927,nice ok syamabango pag hinaluan mo ng downy tsaka mabait c rider di na pinabayan piso lang kac hehehe thank you seller,1,0,0,1,,,,,,,
928,thank you po ang ganda po ng dumating sken wala rin damage amazing,1,1,0,0,,,,,,,
929,ok naman sya worth it yung pagbili ko nito,1,0,1,0,,,,,,,
930,thanks seller sa uulitin,0,0,0,1,,,,,,,
931,legit na legit at gumagana sya recommend seller,1,0,0,1,,,,,,,
932,goods nmn sya ndi ganon kala kas yung humidifier nya pero okay nmn to for small room,1,0,0,0,,,,,,,
933,okay super affordable sobrang ganda,1,0,1,0,,,,,,,
934,thank you maganda yung product,1,0,0,0,,,,,,,
935,good all gooddssss nmn bilis din ng deliver maayos din magkakabalot next time ulit order ako ulit order good job,0,1,0,0,,,,,,,
936,its ok ok naman say mabilis lang masira ang switchmalakas ang smokenice useful,1,0,0,0,,,,,,,
937,excellent thank you seller well packed dumating yung order ko gumagana ng maayos thank you shopee,1,1,0,1,,,,,,,
938,wala amoy wala naman laman eh dumating na po well packed hope sna matibay cute ang size nia tama lang sa kwarto ko,1,1,0,0,,,,,,,
939,good for price ok nmn ng order ko matagal nga lang dumating after 21 days and mali ung color na dumating green order ko dumating blue both its ok maayos nmn,1,1,1,0,,,,,,,
940,ok nman ok n ok working well kaso white ang order ko ang dumating ay color blue pero ok n rin cute din nman ang blue pero sana next time kung ano sanang color ang order sana iyon ang dumating salamat po,1,0,0,0,,,,,,,
941,super amoy mabango ang buong bahay thank you seller and kuya ngdeliver,1,1,0,1,,,,,,,
942,good maliit lang sya pero its good for its price super cute nya and thank you din sa seller bilis dumating,1,1,1,1,,,,,,,
943,super goods na good ang product ang ganda nagana sya lahat thank you thankyou po bili na kayo guys legit to,1,0,0,0,,,,,,,
944,100100 ang ganda basahin niyo muna instruction kasi nalito ako hahaha btw thank you sulit kahit mura sana tumagal,1,0,1,0,,,,,,,
945,nice purchase napalitan ko na yung luma,1,0,0,0,,,,,,,
946,happy naman ako sa items cute nga ng humidifier,1,0,0,0,,,,,,,
947,ang ganda po thanks,1,0,0,0,,,,,,,
948,ang ganda ganda and ang kyotipie ng size nya mag 1 hour ko na ginagamit di pa sya nakakkalahati ang ganda ganda will buy again po,1,0,0,0,,,,,,,
949,good ok naman sia maganda ang buga ng hangin at cute nia thank you seller and rider,1,1,0,1,,,,,,,
950,good condition sana tumagal,1,0,0,0,,,,,,,
951,excellent bilis dumating thanks seller,0,1,0,1,,,,,,,
952,good quality maganda xia  mura pero sulit  good,1,0,1,0,,,,,,,
953,this is my second order  gumagana naman po  thankyou ulet,1,0,0,0,,,,,,,
954,2nd order kuna to ayos na ayos sya   kaya dalawa agad order ko thank you shoppe,0,0,0,0,,,,,,,
955,thank you nagana at kay pareng raider maganda ang item,1,1,0,0,,,,,,,
956,nag try akong mag lagay ng water base na pabango kaso di sya masyado maamoy not bad for its price thank you,1,0,1,0,,,,,,,
957,10 maganda sya tama lang sa laki 200mlkaso lang pink yung e norder ko white ang dumating,1,0,0,0,,,,,,,
958,ang binili ko pink hindi po blue pero ok lang po na recieve ko naman yung item salamat po,0,1,0,0,,,,,,,
959,very good maganda sya super,1,0,0,0,,,,,,,
960,goood nung una akala ko may kasamang panlagay hehe  yun pala wala  pero oks nadin goods na goods di sya sira at hindi scam hehe thankyou po,1,0,0,0,,,,,,,
961,thankyou working all 4 orders  pang gift ko to sa mga prenny ko sana magustuhan nila,1,0,0,0,,,,,,,
962,ok nmn po gumagana sya kaso un wire nya hnd nagana ska ganon po b tlg yn pg inaalis s saksakan hnd na rn nagana tps order k pink ska green bat dmtng parehong white,1,0,0,0,,,,,,,
963,good goods slmt seller at sa shopee,0,0,0,1,,,,,,,
964,ok hindi ako nag expect ng todo kc nga mura lang pero magandang version na ito ng humidifier hindi tulad ng mga luma na naiipon pa ung tubig sa resonator eto tuloy tuloy lang hanggang maubos ang tubig 5 star,1,0,0,0,,,,,,,
965,1010 all goods and working maganda siya,1,0,0,0,,,,,,,
966,thank you  working po maganda din sya maliit lng pero mgnda,1,0,0,0,,,,,,,
967,good maganda wlng sira salamt po,1,0,0,0,,,,,,,
968,mabilis dumating yung product and super secure packing thank you seller,0,1,0,1,,,,,,,
969,maganda naman kaso wala lang free na essential oil salamat,1,0,0,0,,,,,,,
970,triny ko siya kagabi and ok naman nung first try ko and nung pinatay ko siya tapos inopen ko kaso nagtagal yung pag open niya pero nagana pa kaya ok naman siya,1,0,0,0,,,,,,,
971,good quality sulit ang binayad thank you seller,1,0,1,1,,,,,,,
972,functioning well sana magtagal,1,0,0,0,,,,,,,
973,gumagana namanmaganda sya thanks seller,1,0,0,1,,,,,,,
974,i ordered white pero blue yung dumating,0,1,0,0,,,,,,,
975,ang ganda super affordable,1,0,1,0,,,,,,,
976,so cute bagay sa office table,1,0,0,0,,,,,,,
977,thank u po seller ang cute po at ang ganda po tamang tama pong pangregalo ng anak ko thank u po sa uulitin po ulit,1,0,0,0,,,,,,,
978,super quality super ganda talaga ng product satisfied customer here im so happy kasi napakaganda i recommend it for you guys thanks seller,1,0,0,1,,,,,,,
979,pasado thank you sellernatuwa ang dalaga ko natuwa sya sa ilaw hehehepara na daw syang may ring light taz malakas yun fan nya may madadala na sya sa skul nila ang ganda ganda po sa uulitin ulit oorder ako dito ng ibang item naman,1,0,0,1,,,,,,,
980,super ganda nya and di mo naman kailangan ng batterythank you seller,1,0,0,1,,,,,,,
981,ang cute nila nakakatuwa naman pati kulay maganda nagustuhan ng anak ko gumagana naman lahat sana lang hindi agad masira five stars,1,0,0,0,,,,,,,
982,yupi yupi yung box pero wala naman problema sa mismong product bat naman ganon yung battery storage nya balewala rin kung lalagyan ng battery gumagana naman sya yun nga lang sa lalagyan ng battery ang problema,1,1,0,0,,,,,,,
983,thank you cute mirrors lakas ng fan complete order no damages thank you also to deliveryman rider and shopee a good buy,1,1,0,1,,,,,,,
984,good super ganda nya,1,0,0,0,,,,,,,
985,grabi ang lakas ng mini fanshock talaga ako pag naandar na hindi xa pwede sa bata kasi it can cause accident lalo na kapag umaandar na yung mini fan ang lakas talaga hard plastic kasi yung blade not recommended for children,1,0,0,0,,,,,,,
986,good magandamy cord makalakas hanginmalakas din ilawthank youthank yoythank youthank youthank you,1,0,0,0,,,,,,,
987,okay naman sya maganda thank you seller,1,0,0,1,,,,,,,
988,thankyou so much seller complete at gumagana lahat in good condition 100recommend this shop thankyou kuya rider keep safe po salamat shopee,1,1,0,1,,,,,,,
989,super cute na tgnan and saktong sakto for this summer may light ka pa and may fan salamat po sa uulitin seller,1,0,0,1,,,,,,,
990,good guality super cute nya nagustuhan ng anak ko bibili ulit ako forda other ferson ng life ko hahaha labet,1,0,0,0,,,,,,,
991,i received the item after 3 days i thinkthey gave me the right color and its working dinmy only problem is its maingay and ung button mahirap ipress pag isang hand lang but overall ok naman,1,1,0,0,,,,,,,
992,so cute love the color sana magtagal di gaya ng relasyon nila wala na btw salamat seller salamat din mareng shoppee,1,0,0,1,,,,,,,
993,ok lang naman sya maganda naman sya lakas din ng fan nyan maganda promise thank you shoppe thank you seller ganda nya promise,1,0,0,0,,,,,,,
994,maganda wla sira pag dating nde ko pa na trtry i chargenagana naman led and fantnx po sell  sa kua delevry 100 kasi sha dito,1,1,0,0,,,,,,,
995,dont know yet gumagana naman super cute and very affordable ambilis din ng shipping so far si good sana tumagal thank u seller courier and shopee,1,1,1,1,,,,,,,
996,malakas yung fan and yung light i was at first scared to order but thankfully it doesnt dissapoint me i hope it last well it looks promising,1,0,0,0,,,,,,,
997,good condition yung item super cute and nice gumagana naman siya mukang na charge  super lakas ng hangin mejo maingay lang pero okay lang basta gumagana naman nd pwede din sya lagyan ng battery and ying light nya ang cute hehe thank you,1,0,0,0,,,,,,,
998,super cute ng item maayos n nkarating yung mga fanmirrornagustuhan ng mga anak koipangreregalo ko sana kaso hindi nasunod ang gusto ko about sa packagingyupi yupi ang box good thing working ang product kya 5 star parin thank you,1,1,0,0,,,,,,,
999,yes thankyou po  godbless to the shop and seller sa uulitin po kaso lang hindi working yung charging kaloka pero salamat parin,1,0,0,1,,,,,,,
1000,maganda po sya kaso bakit aya mag charge at tsaka sira ung batirihan nya,1,0,0,0,,,,,,,
