Review #,Review,product,delivery,price,service,explanation,,,,,
1,thank you po seller thank you shopee thank you kay kuya nagdeliver,0,0,0,1,,,,,,
2,good sobrang ganda nya nagustuhan ng anak ko palagi nya dala sa school thank u seller at sa sa mabait na rider,1,0,0,1,,,,,,
3,very good good quality po ito at ang bait ng delivery madanda rin po ang tunog nya tamng tama lng po thank you seller at kuya delivery,1,1,0,1,,,,,,
4,superrrr cute po ng itemspinag agawan ng mga pamangkin ko ang ganda ng quality at ang mura paoorder kmi ulit sa shop nto pag my pera na hahasuper legit,1,0,1,0,,,,,,
5,exact color ang ganda nya ay siguradong liliit tyan nyo at puson pag sinuot nyo to bili na kayooooo,1,0,0,0,,,,,,
6,di super fragrant and i dont think na long lasting panggamit ko lang naman to sa school at mayat maya naman ako magspray so okay na din mura lang din siya kaya thanks,1,0,1,0,,,,,,
7,ang gandakaso hindi ko kadya yung 2 pero i will order again,1,0,0,0,,,,,,
8,maganda ang quality good buy for a 99php,1,0,1,0,,,,,,
9,good quality naman good for its price well packaged good condition salamat po ng marami,1,0,1,0,,,,,,
10,goods nman xa sakto size n colorty seller n kuya rider,1,0,0,1,,,,,,
11,super cute okay yung size kahit di na mag size up dahil chunky naman siya goods din ang quality hehehe tonk sia made me buy it,1,0,0,0,,,,,,
12,wow super amazed po ako sa mga bra na order ko hindi ko po inexpect kasi mura lang pero super nice ang item thank you so much seller,1,0,1,1,,,,,,
13,super sofy thankyou posuper ganda nya kaso add size na ko maliit parin 36 lang ako nag 38 na size kinuha koperosad tosaymaliit ang size hayyyyy pero maganda po sya superty pa din godbless po,1,0,0,0,,,,,,
14,ang ganda worth it,1,0,0,0,,,,,,
15,worth it nmn medjo mahina lng sya pero oks na din maganda aya nag cute nia sana always ganitoo hahaha hanggang kelan kaya yung tibay nia,1,0,0,0,,,,,,
16,super gandaaa for small chested talaga siyaaa nakahanap na rin ako ng perfect bra for meee huhuhu hindi siya yung nabuka na bra sobrang ganda ng fittt thank you so muchhh,1,0,0,0,,,,,,
17,idk ayos siya thank you and nagana,1,0,0,0,,,,,,
18,item received in good condition well packed ang item balot na balot may bubble wrapped and naka box ang item havent check and tried the item yet kasi pang gift cya kaya di ko na nakita exact itsura niya pero sana maganda and tumagal ng ma,0,0,0,0,,,,,,
19,maganda po yung item pero lukot lukoy po siya because of the packaginy kulang din po ng isa yung wallpaper and di po ganon kadikit pero maganda po quality ng wallpaper nice product po,1,0,0,0,,,,,,
20,ang gaganda complete items received thank you seller will surely order again ang mura pa ng mga sandals salamat shopee,1,0,1,1,,,,,,
21,nice maganda sya masarap isuot sakto din sa size ko sana magtagal sya thank you po,1,0,0,0,,,,,,
22,dumating na po naka buble pa thanks kay seller at sa kay raider na mabait kht hapon n hinintay nya kami,0,0,0,1,,,,,,
23,1010 ang ganda ng sandal at kasya lahat sa akinhahahaha salamat ng marami order po ulit ako pag nagka pera ulit,1,0,0,0,,,,,,
24,maganda sya thank you po,1,0,0,0,,,,,,
25,very nice its very effective than shave i try it once and i am very satisfied with the result clean and smooth ang result sa shinevan mo kahit sa kili kili pwede thank you seller very impressive product,1,0,0,1,,,,,,
26,salamat po functioning naman ang items sana effective talaga,1,0,0,0,,,,,,
27,ok nman kso 34a po order ko dumating 38a,0,0,0,0,,,,,,
28,thank you po sa mabilis na transaction at pagka active ni seller thank you sa magandang quality ng shoessandals sa uulitin po yung video own po yan pasensya na po godbless,1,0,0,1,,,,,,
29,manipis sya pero comfy naman suotin malaki lang pala sakin yung 2xl tho tama naman yung sukat nila thanks parin seller,1,0,0,0,,,,,,
30,100 maganda kaso sakto lang yung size sakin large order ko kala ko mas malaki pero ok lang looking forward sa bagong design nio na oversized,1,0,0,0,,,,,,
31,good sound di naman sana agad masira,1,0,0,0,,,,,,
32,kasimg laki lang halos ng kamay ko yung payong very cute and handy sana ok din sya pang ulan pero i doubt lalo na kung malakas more on sa init ng araw sya useful,1,0,0,0,,,,,,
33,good natanggap ko na rin sa wakas yung order ko ang ganda niya grabe very stylish salamat sa magandang quality seller its worth the wait and its worth to buy salamat seller salamat shopee,1,1,0,1,,,,,,
34,ok nman ang item nakarating naman ng maayos sana lang magtagalnagustuhan ng anak ko salamat seller at sa nagdeliver,1,1,0,1,,,,,,
35,maganda po sya kaya lang maliit sa 12yrs kong anak salamat po complete orders,1,0,0,0,,,,,,
36,may 2nd time order yung una kasi medyo maliit kaya dinagdagan ko ng isang size goods na hehe,1,0,0,0,,,,,,
37,okay naman mabilis pa mag ship out medyo mahirap lang mag type need na mabigat typing kasi di nakagat working naman and super dali iconnect,1,1,0,0,,,,,,
38,always kami bumibili neto dahil mura at wala ding amoy good for everyday use din dala namin to kahit saan kami magpunta,1,0,1,0,,,,,,
39,ang gandang baboy aba tas ang mura pa girl what a steal very affordable niya malakas pa yung tipong haggard ka na tas mainit pa mag salamin ka tas may fan pa,1,0,1,0,,,,,,
40,very good bili na po kayo sobrang mura na and quality dito na kayo bumili balot na balot ang packaging bibili ulit ako,1,0,1,0,,,,,,
41,mukhang magandang klase naman di ko pa nagagamit pero based sa iba okay naman di ko maupload video thank you seller,1,0,0,1,,,,,,
42,8 pang limang besis kona tong mag order maganda naman at super legit 4stars lang ni rate ko ksi yong pagbalot di naayos at may isa na muntik ng masira,1,0,0,0,,,,,,
43,so ayun nga after 1 week of waiting dumating na din sa wakas yung order koworth it ang pag hihintay koalm ko malayo din pinanggalingan nito kaya naman highly recommendedthankyou so much poorder ako ulit soon para kay boyfie,0,1,0,0,,,,,,
44,ang gaganda ng combination ng mga colors bilis din ng shipping and deliverypang 3rd time ko na to magorder may susunod pa worth the price tlga hawk naang bag ng buong pamilya,1,1,1,0,,,,,,
45,inorder ko sya ng 1111 and sobrang bilis nyang dumating and safe din ang box na try ko na din sya and super ganda talaga nakaka motivate mag linis hahahaha hndi ko navideohan yung pag gamit ko kasi wala mag video sa akin overall i highly recommend this product thank,1,1,0,0,,,,,,
46,okay naman considering the price andami akukuhang balahibo kahit kakawalis lang hindi ganun kaingay kaya good buy na rin,1,0,1,0,,,,,,
47,anggaganda nilaaaaaaa sakto lang saken hahahaha thank you seller will surely order again god bless poooooooooooo,1,0,0,1,,,,,,
48,thank you so much no damage and complete ordersas expected sa jt nadeliver agad nagsend din si seller ng pic before iship,0,0,0,1,,,,,,
49,super duper i am very happy the items coz i am very very very much satisfied sa quality excellent quality 10 stars talaga,1,0,0,0,,,,,,
50,walang brand okay na din maganda may zipper and pocket nya safe kahit nag bike anak ko di babagsak laman ng bulsa nila thanks,1,0,0,0,,,,,,
51,thank u shopee and to the seller nasunod nman orders ko sakto lng din dating akala ko matagal tagalan pa will order nxt tym for my baby thank u and god bless,0,0,0,1,,,,,,
52,salamat shopee salamat zeus shop yung mouse pad saktong sakto one piece na design nakuha ko love it 2mystery box at 1 pouch sulit,1,0,0,0,,,,,,
53,nagamit ko na sya kala ko effective sa wind prof mejo lang and magaan lang pala sya kala ko mabigat,1,0,0,0,,,,,,
54,good and working received order and all complete all are working effective hair straightening okey naman ang color at straight ng hair konti nga tiyaga pero nice siya hindi ka mapapaso thank you,1,0,0,0,,,,,,
55,super cute i saw sa ratings na malaki sya pero dko expect na sobrang laki pala hahahahaha wala ng mapwestuhan sa higaan mama at mga kapatid nya dahil sinakop na yung space masarap na tulog ng baby namin di na msyado namumuyat mejo nalang super fast delivery also will surely,1,1,0,0,,,,,,
56,good waterproof eyeliner sobrang tagal mabura yung mascara super ganda,1,0,0,0,,,,,,
57,ahahawla sa tamang usapan ang mga bigay nio sa akin nakakadismaya pinilo ko kulay green dumating whitetas 3 in 1 nakalagay sa post nio wla nmn ksama na essential oil nya ahahahpinag luluko lng ninyo mga buyers nio,1,0,0,0,,,,,,
58,nice nagustohan ng asawa ko cotton siya mukha matibay naman thank you po,1,0,0,0,,,,,,
59,nice completo na gamit nang baby ko soon,0,0,0,0,,,,,,
60,100 pa syang dumating sa akin thank you seller,0,0,0,1,,,,,,
61,ung quality medyo malambot pang pasyal lang talaga siya kasi baka mabilis mapudpod haha mura nga eh pero ung mga designs maganda i love it,1,0,1,0,,,,,,
62,good qualitynagustuhan ko yng bra makapal syaok lngi recommend this shopthey sell a god quality of products,1,0,0,0,,,,,,
63,subrang maganda po ang laki nya siguro until 3 years old ni baby pd gamitin higaan at may isng unan sya n ksama medyo manipis lang pero ok nmn no damage at mganda packaging ni seller thank you kahit medyo mabigat s bulsa ang price,1,0,1,0,,,,,,
64,well wala ako masabi bagay na bagay siya sa kwarto ko haha ang bilis din ng delivery so i give 5stars,0,1,0,0,,,,,,
65,good i dont know the name of the fabric used but its the one that is light and mejo mainit sa loob serves its purpose lil bro used it for their mass demo my lil bro is 49 a little chubby at 50kgs and it fits him alright,1,0,0,0,,,,,,
66,item received tama po ang kulay na order ko at sakto dn ang m size sa akin im 27inches in waist thank you seller satisfied costumer here bili na po kayo sa shop na to,1,0,0,0,,,,,,
67,thank u maganda lahat ng nakuha love thank u maganda lahat ng nakuha love thank u maganda lahat ng nakuha love,1,0,0,0,,,,,,
68,satisfied po ako sa wallpaper mura na maganda pa thank you shopee 3x po ako umorder napaka ganda nya,1,0,1,0,,,,,,
69,sakto lang sa price niya dont expect to much medyo matigas suot sa una iyon lang paglambot ntutuklap,1,0,1,0,,,,,,
70,maganda sya maganda sa labi thankyou seller,1,0,0,1,,,,,,
71,good maganda yung kulay at mukha namang matibay,1,0,0,0,,,,,,
72,manipis di ko masyado nakita for my kasambahay kasi ok ang quality ng brassiere and comfortable naman isuot according to her will buy again daw po thanks seller,1,0,0,0,,,,,,
73,love the color sakto pinadala,0,0,0,0,,,,,,
74,thank youuuu po complete orders and mabilis re wala ring sira ang ganda will order again next timeee heheee mabait si seller,0,1,0,1,,,,,,
75,hm mabango pero ok lng namn so ganda will order again,1,0,0,0,,,,,,
76,maganda pero hnd q pa ntry at ang bilis lng dumating ang bait din kuya rider,1,1,0,1,,,,,,
77,im very satisfied by the order ive received at first parang may doubt ako na baka hindi tama ang ipapadala but i was wrong all are in the right color and right size highly recommended shop nag rereply din si seller kudos lala,0,0,0,1,,,,,,
78,black is real  ganda po nya  at no deffect po  tenk u so much po  nka2tuwa nmn mga items nyo  fit lhat s anak q  sana mayron din kasya s akin  hehehe  keep it up po  mauulit p po,1,0,0,0,,,,,,
79,very satisfied di kupa sya natatry gamitin,0,0,0,0,,,,,,
80,easy to carry bubble wrap very nice yung sound malakas minsan may delay siguro sa bluetooth connection nag loloko yung pag close ng case solid na solid may magnet din para sa earbuds pero ang downside ng touch feature pag dumikit sa mga tela o balat napipindot minsan na pause,1,0,0,0,,,,,,
81,awesome ok sya fast charging talaga well depende sa adaptor nyo haha pero akin true fast charging sya kasi 7 pin not unlike sa iba na 2 wire yung lang po overall maganda sya at mura lang pagka kuha ko,1,0,1,0,,,,,,
82,maganda naman yung nails medyo malaki padin yung pinakamaliit na nails sa akin advisable tlg na bumili nadin nung silicon glue ba un,1,0,0,0,,,,,,
83,maganda naman sya kaya lang mabilis malowbat i think 5 hours lang tumagal nung una gamit ko tapos fast namn mag charge kaya siguro ganun,1,0,0,0,,,,,,
84,great quality free ko lang nakuha to sobrang ganda ng sound then pwede mo din hinaan yung volume and lakasan safe din nakarating sa akin yung earbuds,1,0,0,0,,,,,,
85,this one is very classy tignan and comfortable din but unfortunately hindi bagay sa sa malapad yung paa di matago haha same issue lumuluwang yung strap,1,0,0,0,,,,,,
86,fast charging ill order po ulit sulit mabilis pa mag charge tahmkyousomuch poo,0,0,0,0,,,,,,
87,thanks po sa maagang padala kht malau lugar nyu maayus na nakadating sakin atims happy costumer po,0,1,0,1,,,,,,
88,good yung isa kahit medyo maliit uk pa rin po kasi sakto naman ang mga order ko salamat sa seller at shoppeemore power po kayo,1,0,0,1,,,,,,
89,hindi pa nasusubukan hopefully matibay at effective na makafilter ng dust smoke and etc trusted brand ko ang kaisa villa thats why napabili ako first ko nabili sa store na ito is humidifier luckily 1 year na sya and still working sana same din nitong air purifier,1,0,0,0,,,,,,
90,maganda ang quality same sa pictures fast delivery pa thank you so much maganda ang quality same sa pictures fast delivery pa thank you so much,1,1,0,0,,,,,,
91,items are in good condition may is ang pants lang po na mali ang color pero okay naman,1,0,0,0,,,,,,
92,maganda yung tela and yung color ng pants hindi rin siya sobrang manipis nor makapal hindi rin siya seethrough which i am really thankful for i would totally recommend this,1,0,0,0,,,,,,
93,perfect napakaganda napakamura san kapa dito kana depwera biro maganda yung item katawan ko lng hindi at napakamura till next transaction po thank you so much,1,0,1,0,,,,,,
94,first time ko gumamit ng fake nails at nagustuhan ko talaga medyo malalaki yung size ng mga nails pero keri naman madikit din yung glue nadikitan nga pati yung daliri ko,1,0,0,0,,,,,,
95,bili na kayo walang scam o wow mali dito sa shop nato although ang tagal ng shipping 10 days kasi mindanao pa ang amin but still worth it ang waiting mo dito sis thank you sa nagdeliver ng earbuds talagang ingat kahit ginabi na sa pagdeliver,0,1,0,1,,,,,,
96,conplete parts maganda sya malaki at mukhang matibay naman sana tumagal gift ko sa bunso ko,1,0,0,0,,,,,,
97,i havent tried them yet pero thank you so much seller late na yung review pero di ko pa alam pano pag lagay ng fake nails hahahahaha thank you so much right variation and fast shipping 33,0,1,0,1,,,,,,
98,thaaank you so much i reaaally really love this im so satisfied thank u so much i reallly like it it working also at phone,1,0,0,0,,,,,,
99,sobrang gandaaaaaaaaaaait took 23 days before dumating naglagay rin kami sa kwarto pretty cool but worth the wait nman lahat ng light gumagana maybe will order again soon thanks,1,1,0,0,,,,,,
100,good na receive ko na kya lng late un pg rate ok naman pa rin naman un quality nya kagaya ng mga una kong na order sa shop nato thank you seller thank you shopee at sa rider,1,1,0,1,,,,,,
101,ang ganda dalawa inorder ko and pang gift ko nalang isa uso pa naman sipon sa mga baby ang helpful neto para samin kase good quality yung item,1,0,0,0,Mentions quality, which falls under product.,,,,
102,di ko akalain na ganyan sya kapula oks naman kaso dry pa rin labi ko pwede syang gawing liptint ganern all goods naman yung product nung dumating nakabubblewrap at walang mga damagestysm,1,0,0,0,Mentions the product arriving in good condition with bubble wrap, hinting at product and delivery.,,,,
103,amazing salamat po seller sa at shopee sa rider din po salamat magandang product sa uulitin salamat po,1,0,0,1,"Mentions ""magandang product"" (good product) and thanks seller and rider", implying product and service,,,,
104,as in karereceived ko lang after ng plastic eto na agad box na parang tinapaktapakan ng elepante buti na lang buo ang item 5star sana kung maayos ang packaging thank you pa din kay seller dahil buo ang order ko at pwede pa din magtry ulit sa susunod baka maayos,0,1,0,1,Packaging issue, delivery. Expresses gratitude to the seller, implying service.,,,
105,maganda po ang quality ng boots i can recommend this boots,1,0,0,0,Quality is directly related to product.,,,,,
106,ang ganda ng mga iteeeeeemssss worth it lahat ng binayad thankyouuuuu so much poo sa uulitin highly recommended nga lods,1,0,1,0,Ganda implies product," ""worth it"" implies price.",,,,
107,satisfied buyer saktong sakto sa kanya yung shoes happy ako pati rin yung baby ko salamat shoppee,1,0,0,0,Saktong sakto implies fit, which falls under product.,,,,
108,mali mali ang naideliver saakin dipa ako nakapa ultrasound kaya pinili ko unisex na muna na mga socks pero puro pang babae ang dumating nagchat din ako na sana gawing unisex wala pading reply maganda naman ang mga medyas makakapal sana next time wag na mangyarii,1,1,0,1,Naideliver saakin implies delivery," ""maganda naman ang mga medyas"" implies product"," and ""wala pading reply"" indicates service.",,,
109,amoy alak hahahahaha trusted setting spray ive used this before and my make up stays i have oily skin but this ones promising if gusto niyo sobrang tagal use it after foundation blush and highlighter pak stay put af queens,1,0,0,0,"Amoy alak and ""my make up stays"" refer to the product's characteristics.",,,,,
110,effective matagal siya mawala sa sobrang kapit sa pilik mata ano ilalagay ko para sa coins sis 1234567890 queen lol five six,1,0,0,0,Effective refers to the product's performance.,,,,,
111,super ganda then tama ung size and color sa uuliten po,1,0,0,0,"Ganda and ""tama ung size and color"" refer to the product's characteristics.",,,,,
112,complete ordersvery good sa part na may sariling checklist si sellerall are in on excellent qualitythank you seller,1,0,0,1,"Excellent quality refers to the product. ""Checklist ni seller"" and ""thank you seller"" refer to service.",,,,,
113,napakaganda ng telaaaa  2010 this is my 2nd time na nagorder dito and it never disappoints me sa uulitin po seller,1,0,0,0,Tela implies the product aspect.,,,,,
114,happy naman ako sa purchase ko maganda ang quality and designs are nice as well and grabe next day delivered na agad deserve nila ang 5 star,1,1,0,0,Quality and designs relate to the product," and ""next day delivered"" relates to the delivery.",,,,
115,thank you seller sulit na sulit ang bayad will order again and again merry christmas and happy new year  more sale and godbless,0,0,1,1,Sulit ang bayad relates to the price," and ""thank you seller"" relates to service.",,,,
116,hindi ko lang na picture pero okay naman ung fitting maganda sya actually kasi plus size ako and maganda sya jogger na pa slim fit ung naging datingan sakin so okay na okay,1,0,0,0,Fitting relates to the product.,,,,,
117,good ok nmn sana yung item mganda kaya lang nakaka asar yung hindi nsusunod yung gus2ng color ng customerpwede nmn ilagay na not available para naka pili ng ibawag lang pinklalake kasi ggmit ehayan ayaw tuloy gamitin,0,0,0,1,Hindi nsusunod yung gus2ng color ng customer relates to service, specifically order fulfillment.,,,,
118,good ganda nagana lahat di sya madikit sa kamay kapag nasulat ka good quality bili ulit ako,1,0,0,0,"Ganda and ""good quality"" relate to the product.",,,,,
119,okay dumating in good condition hindi naka bubble wrap pero walang damage maganda ang fitting sakin,1,1,0,0,Dumating in good condition relates to the delivery," and ""maganda ang fitting"" relates to product.",,,,
120,super ganda lahat ng items will buy again,1,0,0,0,Ganda refers to product.,,,,,
121,maganda naman xa easy to connect also sana ndi madali ma loabat,1,0,0,0,Madali ma loabat refers to product performance.,,,,,
122,malagkit yung mascara salamat seller and kay kuyang nagdeliver maganda naman po yung productlove it,1,0,0,1,Maganda naman po yung product indicates product," and ""salamat seller and kay kuyang nagdeliver"" indicate service.",,,,
123,thank you shoppe seller maganda po mukhang matibay gosto kopo dahil walang bakal,1,0,0,1,"Maganda and ""matibay"" relate to product"," and ""thank you shoppe seller"" relates to service.",,,,
124,my 3rd time kong order sa shop very responsive si seller at ambait pa all products are good except 1 may mantsa ang isang bra anyways thank you oorder ulit ako sa ssnod,1,0,0,1,"Products are good and ""may mantsa"" refer to product"," and ""very responsive si seller at ambait pa"" and ""thank you"" refer to service.",,,,
125,ang ganda nya kala ko maliit lang nung dumating ang laki pala so satisfying matagal magagamit ni baby,1,0,0,0,"Ganda and ""laki"" relate to product size.",,,,,
126,excellent sana mas mahaba konti ang outside ng magic tape but otherwise i am a satisfied customer for this item matibay at mukhang tatagal sakto lang din ang size 23 for my daughter who is 1 yr  2 mos old,1,0,0,0,"Mahaba konti and ""matibay"" and ""size"" all refer to the product.",,,,,
127,medyo natagalan lang yung pagka deliver inorder ko to nung 22 tumambay pa kasi yung parcel sa soc 3 pero ayus lang naman thank u po seller ayos pagkakapack kc nka bubble wrap pa tlg,0,1,0,1,Natagalan lang yung pagka deliver refers to delivery," and ""thank u po seller"" and ""ayos pagkakapack"" refer to service.",,,,
128,maganda sya as innakakatawa lang kasi halatang kinaskas or inukit yung size na nakalagay eh 37 eh 36 ang order ko,1,0,0,0,Comment about size refers to product.,,,,,
129,ang gnda ng pants  malambot ang tela at comportable xa isuot magugustuhan xa ng hubby ko since mhilig xa sa jogging pants i will order again sana gnun p din quality at tama ang size oag dumating slmat din kuyang ng deliver,1,0,0,1,"Malambot ang tela and ""tama ang size"" refer to the product's characteristics. ""Slmat din kuyang ng deliver"" refers to service.",,,,,
130,okay naman no damage so far buti nalang thanks seller sulit sa bayad nasa nagsusuot kung magiging classy tignan o hindi dapat kaya mo dalhin,1,1,1,1,No damage refers to delivery," ""thanks seller"" refers to service"," and ""sulit sa bayad"" refers to price. The overall appearance when worn relates to the product itself.",,,
131,first time ko mag order dito suliiittt naman nag send si seller ng pictures bago ishipthankkkkkkll youuuuuuuuuuuuu selllllleeeeeeeerrrrrrrrrrrrrrrrrrrrrrrr,0,0,1,1,Suliiittt naman could refer to price," and ""nag send si seller ng pictures bago ishipthankkkkkkll youuuuuuuuuuuuu selllllleeeeeeeerrrrrrrrrrrrrrrrrrrrrrrr"" definitely refers to service.",,,,
132,nice super nice nmn nangnarecieved ko i expected more but okay naman tohope next time cp cutiee,1,0,0,0,"The ""okey naman"" is referring to the product.",,,,,
133,ayos dito ang ganda nya talaga di ako nagkamali ordering para sa anak ko bunsothank u seller and riders,1,0,0,1,"Ganda nya and ""di ako nagkamali ordering para sa anak ko bunso"" is referencing the product aspect. The ""thank u seller and riders"" references delivery and service.",,,,,
134,super nicee ng vacuum flask and accomodating si seller kaso nakakalungkot lang kasi ibang variant yung ibinigay sa akin color red eh pink gusto ko  kaya chat nyo agad si seller for 2nd option ng variant na gusto nyo if ever lang naubusan ng stocks,1,0,0,1,Super nicee ng vacuum flask refers to the product," ""accomodating si seller"" indicates service"," and ""ibang variant"" suggests an issue with the product fulfillment.",,,
135,omg thank you seller secure at safe siya dumating skin at may seal talaga ultimo mascara i love it super,1,1,0,1,Secure at safe siya dumating skin at may seal talaga indicates delivery quality," ""i love it super"" suggest good product"," and ""thank you seller"" pertains to service.",,,
136,maganda sya opo maganda syapero medyo masikip saken dpt pala sinize 40 kona,1,0,0,0,Maganda sya refers to the product," and ""masikip saken"" implies a sizing issue.",,,,
137,all goods naman pero nagmomoist sya pag may yelo ang tubig sa loob,1,0,0,0,Nag momoist sya refers to the product's performance.,,,,,
138,very nice ng ringlight working po sya lahat ng settings 3 modes tas 10 brightness very affofdable pa thank you so much seller  video not related,1,0,1,1,Very nice ng ringlight working po sya lahat ng settings 3 modes tas 10 brightness refers to product quality," ""very affofdable pa"" refers to price"," and ""thank you so much seller"" refers to service.",,,
139,good quality  ang ganda ng quality nya sulit talaga salamat ito nalang na picturan ko kc sinuot kuna yong iba bilin na kayo,1,0,1,0,Good quality ang ganda ng quality nya sulit talaga implies product and price.,,,,,
140,worth it yung pagorder ko online hindi nakakapagod mag ikot sa mall basta tama yung ibibigay na description ng shop ganda ng quality ng shoes komportable si baby,1,0,0,0,Ganda ng quality ng shoes komportable si baby focuses on the product's quality and comfort.,,,,,
141,highly recommend sakto lang sya sa paa ko maganda din quality kahit mura matagal nga lang dumating mga 9 days thankyou so much po,1,1,1,0,Sakto lang sya sa paa ko maganda din quality relates to the product," ""kahit mura"" pertains to price"," and ""matagal nga lang dumating mga 9 days"" indicates delivery.",,,
142,super comfy what you see is what you get ang ganda,1,0,0,0,"Comfy and ""ganda"" relate to the product.",,,,,
143,di ko pa po nabubuksn pero irerate ko na sya mukhang ok naman base sa pagkakapack nya naka bubble wrap naman hope na talagang ayos sya namahalan lang ako sa shipping fee hehe,0,1,1,0,Namahalan lang ako sa shipping fee hehe indicates cost," and ""naka bubble wrap naman"" suggests delivery and quality.",,,,
144,received ko na maganda din take price affordable isa nga lang binili ko kasi pag 2 na or madami ang laki din ng sf nakakaloka pero sige keri lang salamat padin hehe nagandagan ako sa makeup kit,1,1,1,0,maganda din take relates to the product," ""price affordable"" indicates price"," and ""laki din ng sf nakakaloka"" relates to delivery cost.",,,
145,bilis delivery ilang araw ko lang inorder dumating agad 5star sayo seller and manong delivery  recommended ko to  good job,0,1,0,1,Bilis delivery indicates delivery," and ""5star sayo seller and manong delivery"" indicates service.",,,,
146,order received in good condition well packed and super bango talaga pangalawang order kona ito will order again soon thankyou somuch seller and kuya rider,1,1,0,1,In good condition well packed relates to delivery," ""super bango talaga"" relates to product"," and ""thankyou somuch seller and kuya rider"" relates to service.",,,
147,im size 37 and i think it is better to add 1 to your size preference binigay ko nalang sa mama ko yun items yun iba kasya yun iba di tlaga overall i like it plastic nga lang pala pero i think its good,1,0,0,0,"Size 37 and i think it is better to add 1 to your size preference and ""kasya yun iba di tlaga"" pertain to product sizing.",,,,,
148,good the items were wellpackedsecired yung mga items but may 2 items na kulangthe seller responded nman and immediately it was settled the seller gave me a refund to the items na hindi napadalathanks to the seller for the quick response,0,1,0,1,Wellpacked relates to delivery," ""may 2 items na kulang"" pertains to product"," and ""the seller responded nman and immediately it was settled the seller gave me a refund to the items na hindi napadalathanks to the seller for the quick response"" relates to service.",,,
149,i received complete items all are in good condition ubos agad nd mga buyers ko e next time po ulit thank youuuuuuuuu,1,1,0,1,Complete items all are in good condition focuses on product and delivery," and ""thank youuuuuuuuu"" refers to service.",,,,
150,ok nmn for its price kaso ung size n large parang medium lng,1,0,1,0,For its price clearly states price," and ""size n large parang medium lng"" indicates the product.",,,,
151,hindi natagal ung init wala pang 30 minutes malamig na  peru okey lang at least okey nman sia ng nakarating sakin and thenk u nagdeliver,1,1,0,1,Hindi natagal ung init wala pang 30 minutes malamig na refers to the product," and ""okey nman sia ng nakarating sakin"" and ""thenk u nagdeliver"" mention delivery and service.",,,,
152,thank you po sakto lang sa paa ng baby girl ko,1,0,0,1,Sakto lang sa paa ng baby girl ko refers to product," and ""thank you po"" indicates service.",,,,
153,at nagpabudol na nga po kami so far so good i tried and may nakuha talagang mga tiny particles mejo mabigat lang di ko expected hahaha all in all its okay looking forward for the next budols,1,0,0,0,"May nakuha talagang mga tiny particles and ""mejo mabigat lang"" pertains to the product.",,,,,
154,very useful ok gamitin compare sa dating sim na ginamit ko kahit saan pumunta laging may signalsuper tipid hindi nageexpire ang data kaya pwedeng tipirin sulit at highly recommended ang sim at shop na ito,1,0,1,0,Very useful ok gamitin compare sa dating sim na ginamit ko kahit saan pumunta laging may signalsuper tipid hindi nageexpire ang data kaya pwedeng tipirin pertains to product," and ""sulit"" refers to the price.",,,,
155,makapal thankyou seller over all maganda po sya worth it mabilis pa maship 2 years old si baby boy 15cm inside foot nya pero inorder ko 16cm kase mabilis lang lumaki paa tsaka sakto pag minedyasan pabudol na kayo,1,1,1,1,"Makapal thankyou seller over all maganda po sya worth it  pertains to the price and products. ""mabilis pa maship"" pertains to the delivery of the product.",,,,,
156,nakakatuwa first time kong mag order ng oang benta at hindi ako nabigo kasi tama lahat ng brand quantity and sizes kaya will surely buy again at sana ganon po ulit sa susunod  the quality is good for its price thank you seller and more sales to come satin,1,0,1,1,"Tama lahat ng brand quantity and sizes and ""the quality is good"" pertain to the product. ""For its price"" indicates price. ""Thank you seller"" refers to service.",,,,,
157,mura lang at maganda naman ang packaging at quality ng productmabilis din naiship ni seller at naidelivrrkaya i will recommend this shop and productthank you,1,1,1,1,Maganda naman ang packaging at quality ng product relates to the product," ""mura lang"" relates to the price"," and ""mabilis din naiship ni seller at naidelivrr"" pertains to delivery.",,,
158,fit to small bags super nice maliit lang sya super happy ng mother ko kasi kasya lang sa bag nya at hindi mabigat thank you po,1,0,0,0,Fit to small bags super nice maliit lang sya super happy ng mother ko kasi kasya lang sa bag nya at hindi mabigat pertains to the physical product.,,,,,
159,very good thank you seller ang ganada regalo q nang nanay q,1,0,0,1,Ganda mentions the product," ""Thank you seller"" mentions service.",,,,
160,ganda ng kulaysalamat seller at sa kuyang nagdeliver,1,0,0,1,Ganda ng kulay mentions product," ""salamat seller at sa kuyang nagdeliver"" mentions service.",,,,
161,ok n nmn po ung item pero maliit po ung size ny if order ky at 36 po size ny 40 po kunin ny,1,0,0,0,Maliit po ung size ny mentions product.,,,,,
162,dahil mura  mukang walang tibay  medyo manipis lang yung mismong tela then yung pinaka ribs nya manipis lang na parang plastic  thanks anyway po,1,0,1,0,Mura mentions price," and ""walang tibay"" and ""manipis lang yung mismong tela"" mention product.",,,,
163,okay naman siya natry ko na siya kahapon but i dont think it helps para maglasts yung makeup though goods naman yung pashining shimmering effect sa fez,1,0,0,0,Goods naman yung pashining shimmering effect sa fez mentions the product.,,,,,
164,over all maganda product na nabili ko sulit sa presyo,1,0,1,0,Sulit sa presyo mentions the product price. The rest indicates that the product is pleasing.,,,,,
165,ganda nya grabe napaka laking tulong nya kase na protektahan yung mata mo talaga dito ket papa ano lalo na ako kapag nasisinagan yung mata ko halos di kona mai dilat tas nung ginamit ko sya kanina grabe ang ganda thank you seller sa susunod ulit atleast napaka laking,1,0,0,1,"Grabe ang ganda and ""protectahan yung mata mo"" mention the product features. The final phrase gives a thank you to seller.",,,,,
166,gumagana naman siya thank you,1,0,0,1,Gumagana naman siya refers to the product," and ""thank you"" indicates service.",,,,
167,oangalawang beses ko na order itokc nung una nabenta agadito naman for myself para maka use dn naman kc ang nya sobra talag,1,0,0,0,All refers to product," with ""nya sobra talag"" likely referring to quality.",,,,
168,maliit lang ung pinakavacuum niya ung pasukan ng dumi hindi din ganun kalakas ung paghigop niya pero pwede na epektib naman na nakuha ung dusts sa kama di lang ako sure sa dust mites,1,0,0,0,Mostly comments about the product.,,,,,
169,good ang ganda at ang lambot well order again,1,0,0,0,Good ang ganda at ang lambot refers to the product,,,,,
170,dahan dahan sa paglagay thank you seller may gagamitin na ako for mascara bibili ulet ako pagkaubos,1,0,0,1,Thank you seller indicates service," ""dahan dahan sa paglagay"" indicates the product.",,,,
171,grabe  ilang beses na akong nasasabihan na mabango dahil sa pabango na to may nagtanong pa sakin habang nag ccr ako sa public place  and this is my fave scent so far  thank god i discovered this shop this is now my goto perfume,1,0,0,0,"Mabango and ""fave scent"" indicates the product.",,,,,
172,good i thought maliit lng sya ang laki pala but its ok na din para matagal maubos,1,0,0,0,Maliit lng sya ang laki pala indicates the product size.,,,,,
173,complete item and nagana rin po lahat nag sesend si sender ng picture bago ipa ship thank you seller god bless,1,1,0,1,"Nagana rin po lahat refers to the product functionality. ""complete item"" can also reference delivery as all parts are there. ""nag sesend si sender ng picture bago ipa ship"" refers to seller service.",,,,,
174,thank u sellerang ganda at ang laki poh nung netlove it muchslamat din poh s nagdelivermore orders to come p poh s shop nyo,1,0,0,1,"Ang ganda at ang laki poh nung net pertains to product. ""Slmat din poh s nagdelivermore orders to come p poh s shop nyo"" references service.",,,,,
175,nice hindi mainit soutinwell packaged will order again thank seller,1,1,0,1,Hindi mainit soutinwell packaged points to delivery," ""Nice"" refers to product quality"," and ""thank seller"" mentions seller services.",,,
176,tumaas price from 500 to 600 plus shipping so far okay naman ang gamit namin mas tipid parin kesa sa ibang wifi provider,1,0,1,0,Tumaas price from 500 to 600 plus shipping describes prices," and ""okay naman ang gamit namin"" mentions product features.",,,,
177,photo not related po sobrang ganda po ng product lakas maka social sya parang yayamanin ung kuko po salamat po kay kua rider at at kay seller,1,0,0,1,Ganda po ng product suggests the product, and the seller/delivery person is referenced for thanks.,,,,
178,second purchase ko na to medyo manipis na thank you merry christmas,1,0,0,0,Medyo manipis na indicates the product texture.,,,,,
179,package came without any bubble wrap considering it is an electronic device seller should have at least made some effort to protect the product good thing walang damage anyway good buy naman for its cheap price works well kaso medyo maingay medyo mainit lang din hangin lumalabas minsan pero malakas,1,1,1,0,Cheap price mentions the price, the bubblewrap mentions product and delivery," and ""works well kaso medyo maingay medyo mainit lang din hangin lumalabas minsan pero malakas"" mentions quality.",,,
180,hiii i was able to received the product in a very good packaging thank you will order again after some time,0,1,0,1,Received the product in a very good packaging suggests the delivery aspect," and ""thank you"" refers to the service.",,,,
181,ayos to solar na electric fan mabilis pa shipped out ni seller pedeng dagdagan ng lead acid battery dalawa ung compartment nya sa battery  salamat,1,1,0,1,Product is referenced. Delivery is quick. Thank you mentions seller.,,,,,
182,2nd order tamah lahat na binigay na color good items tenkyu tenkyu dn kay kua rider ingat,1,1,0,1,"Good items indicates the product is liked. ""binigay na color good"" means delivery fulfilled the correct colors. ""Tenkyu dn kay kua rider ingat"" thanks the deliverer.",,,,,
183,super ganda ng mga item sakto lahat tas mabilis pa dumating dalawang beses na ako nag order nito thank you seller,1,1,0,1,"Super ganda ng mga item sakto lahat indicates liked product. """"mabilis pa dumating"""" references fast delivery. ""thank you seller"" thanks services.",,,,,
184,ang ganda at ang bilis dumating ng order koo,0,1,0,0,"Ang bilis dumating ng order koo describes fast delivery. The product is also referenced as good with ""ang ganda.""",,,,,
185,good lang but may mga nakalaylay na mga tahi hmmm parang di naman sya effective parang wala lang sya atleast may underwear na superhigh waist hahahhaaha charrr pero goods lang pede naman gamitin,1,0,0,0,Nakaklaylay na tahi implies negative qualities. Not effective may also be a negative attribute.,,,,,
186,matagal na nga ang shipping sira pa nung dumating my god sayang ang peranot recommended,1,1,1,0,Broken item delivery is long, and waste of money.,,,,
187,i love the quality of these bras kasya saakin kahit na ang payat ok,1,0,0,0,Product mention, referring to the quality.,,,,
188,manipis lang pala sya pero ok na din sa price hindi marunong sumunod ng variation c seller white order ng ank ko black dumating sana nmn sa susunod check nyo po ung items,1,0,1,1,Mentions the price and product features. Also references seller service as failing at providing the correct product.,,,,,
189,recieved the item kaso indi pa namin na try hope ok lang at hope medyo matagal din ang gamitan ng fan incase mag brown out maraming salamat seller god bless,1,0,0,1,Product reference and thank you seller for services.,,,,,
190,thank you seller dahil sulit ang items po at nag send kayo photo before shipping i recommend this seller,1,0,1,1,Recommends seller service. mentions worth of product and that the seller is helpful by sending the buyer a photo of the product.,,,,,
191,order received its working super aesthetic ng pen minimalist medyo weird lang kasi hindi ko alam paano alisin or para saan yung nasa 2nd photo hahaha,1,1,0,0,Product mention," describing the aesthetic. Reference to the product's function. Mentions order recived and ""its working""",,,,
192,wowganda nitomy moisturizer tlgamaganda s lips,1,0,0,0,Comments about the product, praising its features.,,,,
193,maganda po yung item na nakuha ko dalawang mousepad na one piece at hunter x hunter thank you seller and sa nagdeliver god bless po,1,0,0,1,References the product and gives thank yous to the seller and delivery,,,,,
194,thanks to this legit store and to the seller who assist my order i received my order today with in a good packaging and no damages it will nice color good threads and very stretchable it feel good and soft when in wearing it very nice po salamat sa rider,1,1,0,1,References product, service and delivery.,,,,
195,salamat po khit gavi na nadeliver parin yung order ko salamat din po sa rider na mabait kc bumalik pa xa kht gabi na para lng maideliver yung order ko,0,1,0,1,The delivery is being thanked for and the rider for returning to deliver the order.,,,,,
196,good thank u po seller ganda nya po thank u din po kay kuya rider na mabait god bless po,1,0,0,1,Ganda mentions the product. The thank you's reference service.,,,,,
197,good ang galing ng neck fan my 123 dn sya madali lng gamitin thankyou,1,0,0,0,The galing mentions the quality of the product. the 123 and madali lng gamitin also describe the product.,,,,,
198,goods na goods thank you seller s mabilis na delivery nagustuhan ng asawa ko,0,1,0,1,Mabilis delivery mentioned. And product is referenced.,,,,,
199,super sulit a must buy specially now has a very goood quality will order again thank you seller thank you shopee order complete,1,0,1,1,Super sulit is price. Good quality. And thanks references the seller's services. All product is complete referencing delivery.,,,,,
200,pang boy po order namin,0,0,0,0,Indicates a potential issue but provides insufficient information for aspect tagging.,,,,,
201,watery with glitters maganda ang packaging may mga glitters pag shinake monyubg water effective din kasi tinry ko agad kahapon sa work and pagkaout ko di na ko nagretouch kasi nanjan pa rin yung makeup,1,1,0,0,"The review talks about the product's effectiveness and the packaging. 'Maganda ang packaging' and 'effective' point to product aspects. Mentions 'pag shinake monyubg water' - implying something about the packaging or how to use the product, related to product aspect.",,,,,
202,ganda ng tsinelas add ka nalang ng 1 size kung gusto mo may allowance yun lang hi ka hahhahaha gagawin ko na e okay na po sir eto po box,1,0,0,0,"The review discusses the fit and appearance of the slippers ('ganda ng tsinelas', 'add ka nalang ng 1 size', 'may allowance'). This is related to the product aspect.",,,,,
203,i receive may package maganda yung parcel but parehas eyebrow yung dumating sakin dapat isang eyeliner but its okay next order nalang ulit pa check ng parcel thankyou,1,1,0,0,"The review mentions receiving the package ('receive may package'), and the parcel is 'maganda', delivery. The reviewer notes that the received product (eyebrow) is not exactly what was ordered (should have included an eyeliner), indicating a product issue.",,,,,
204,serves its purpose sakto lang yung pag ship ng items di naman umabot ng 1 week packaging is okay kita naman sa video kunpleto dumating,1,1,0,0,'serves its purpose' and 'kunpleto dumating'  fall under product. 'sakto lang yung pag ship ng items di naman umabot ng 1 week packaging is okay' falls under delivery,,,,,
205,apaka gandaaaaaaaa kaso parang di madikit glue first time ko bumili dito at ok nmn sana maka order ulit ang mura na maganda pa tagal nga lng hehe 5days nadeliver pero ok na rin thankyouuuuuuu,1,1,1,0,'apaka gandaaaaaaaa' and 'parang di madikit glue' relates to the product. 'ang mura' relates to price. 'tagal nga lng hehe 5days nadeliver' relates to delivery,,,,,
206,we like it po madali naming na receive and good quality po pang 2nd na order napo namin itothank you and god bless po,1,1,0,0,"'good quality po' relates to product, 'madali naming na receive' relates to delivery",,,,,
207,ang ganda po ng items pang 2nd order ko na to magaan sya at malambot sa paa tamang tama gamitin pang jogging,1,0,0,0,"Review mentions product aesthetics 'ang ganda po ng items' and physical attributes 'magaan sya at malambot sa paa', indicating product aspects.",,,,,
208,okay naman po nice  not too thick and not too thin good for summer outfits will order again the products ships fast nice quality,1,1,0,0,Discusses attributes ('not too thick and not too thin') 'nice quality' relates to product. Mentions delivery speed: 'the products ships fast',,,,,
209,maganda sya medyo di lang madikit yung adhesive tape hehe,1,0,0,0,'maganda sya' and 'di lang madikit yung adhesive tape' are both related to the product,,,,,
210,2nd time mag order ng payong sa store nato yung lagayan ng shoes akala ko sobra nipis pero hindi pala sa personal kaya natuwa naman ako sa uulitin,1,0,0,0,The review talks about the product ('lagayan ng shoes') and its perceived quality ('sobra nipis pero hindi pala sa personal'). These details relate to product aspects.,,,,,
211,maayos ang pagkakabalot walang damage yong size nga lang parang pang large at xl  manipis din di tulad nong iba na medyo makapal okay na din sa price nito salamat and god bless,1,1,1,0,'maayos ang pagkakabalot walang damage' is about delivery. 'yong size nga lang parang pang large at xl  manipis din di tulad nong iba na medyo makapal' relates to product. 'okay na din sa price nito' is about the price.,,,,,
212,oily but a little bit of watery grabe first time ko bumili sa shop nato but they didnt disappoint me napakabango ng cloud nila sana pala 2 bottles na binili ko will buy again soon,1,0,0,0,"Focuses on product qualities: 'oily but a little bit of watery', 'napakabango ng cloud nila'. These pertain to product aspects.",,,,,
213,pictures and videos are not relatedsalamat po shoppe at sa seller salamat po thank you thank you ang ganda po worth it ang bayad,1,0,1,0,"Review mentions 'ang ganda po' for product, 'worth it ang bayad' relates to the price.",,,,,
214,salamat shopee ang bilis nang delivery superb ang quality na happy ang incoming grade 10 student namin authentic greatquality,1,1,0,0,'superb ang quality' and 'authentic greatquality' are about the product. 'ang bilis nang delivery' is about delivery.,,,,,
215,ang ganda po ng item  sakto din po na dumating sya kaninang umaga kaya na try ko agad yung sapatos kase pupunta akong school at in fairness naman ang sarap po nya ipang lakad stanseventeen,1,1,0,0,'ang ganda po ng item' and 'ang sarap po nya ipang lakad' relate to the product. 'sakto din po na dumating sya kaninang umaga' is delivery.,,,,,
216,medyo manipis sya love the bag its just na nipisan rako niya ambi nakog baga pero di mn pd sya nipis jd i bought 2 bags for my kiddos for the next school year and they love it bibili din ako for my husband if my money nako,1,0,0,0,'medyo manipis sya' and 'love the bag' both relate to product.,,,,,
217,malakas ung hangin manlalamig mukhamo sana magtagal sinubukan ko muna bago mag rate   ok naman ung product almost 3 hours sa akin bagomalowbat pero naka high nayon cguro aabot pa xah nang ilang hours if low lang gamitin perfect to pag my power bank ka sure na sure,1,0,0,0,"Talks about the product performance. It focuses on 'malakas ung hangin', battery life 'almost 3 hours sa akin bagomalowbat', and overall functionality, all relating to product aspects.",,,,,
218,good malakas ang sound fit naman sya sa android okay na din para sa price deserved lng talaga sa price thank you seller keep up the good product hahahaha check out na guys,1,0,1,0,'malakas ang sound fit naman sya sa android' and 'okay na din' relates to product aspects. 'deserved lng talaga sa price' relates to price,,,,,
219,ok na sana na testing ko nmn umaandar ewan ko lang kung mag charge at wala man lang cable wire na nakalagay bibili pa ako ng cable wire at ang box di man lang maayos pang regalo ko pa man din ito hindi ako masaya,1,0,0,0,"Mentions the product ('umaandar ewan ko lang kung mag charge') and its condition ('ang box di man lang maayos').  These describe product aspects, including the included components and packaging.",,,,,
220,literal na kakadating lang nya and naexcite ako since rainy season na bumili na ako ng 2 payong ang ganda nung 10 ribs then yung sa 8 naman medyo small sya,1,1,0,0,"'naexcite ako since rainy season na bumili na ako ng 2 payong' - implies action taken based on need, not an aspect.",,,,,
221,thank you seller correct item lahat ng pinadala tama ang color at design maganda din ang quality order ako ulit ng payong again thanks seller thanks din sa shoppee at sa jt,1,0,0,0,"'correct item lahat ng pinadala tama ang color at design maganda din ang quality' relate to product, plus mentions color and design.",,,,,
222,fair na nice pra sa price mabilis dumating tama sa size tama sa kulay ang order ko sana lahat ng seller ay ganito na cautious sa mga order ng mga bumibilidi gaya ng ibadito sa shopee legit at i recommend na bumili dito salamat shopee,1,1,1,0,"'nice pra sa price' mentions price. 'mabilis dumating' is about delivery, 'tama sa size tama sa kulay ang order ko' and 'legit' all talk about the product.",,,,,
223,maganda xia pero maliit nga lang nag add one size sana ako thank you sa nag deliver,1,0,0,0,'maganda xia pero maliit nga lang' both relate to product.,,,,,
224,ganda and matibay this is what i love kapag branded items original and superb ang pagkagawa ive been waiting this bag for a week already shipment for me is long but its all worth it thank you hawk bag,1,1,0,0,'ganda and matibay' plus the description of 'branded items original and superb ang pagkagawa' all point to product. 'ive been waiting this bag for a week already shipment for me is long' implies delivery issues.,,,,,
225,complete items may freebie pa may isang size na di correct pero okay lang naman nakailang order na ki super sulit everytime hopefully more item pa madagdag thank you,1,0,0,0,'complete items may freebie pa may isang size na di correct pero okay lang naman' talks about the product - correct items and sizing issue.,,,,,
226,grabe ang laki pala nya lagpas tao mygad sulit yung price sa tulong rin ni voucher iloveit superrr thankyouuuuuuu no damage at maingat talaga ang pagkabigay3,1,1,1,0,"'grabe ang laki pala nya lagpas tao' - talks about the product, 'sulit yung price' mentions the price. 'no damage at maingat talaga ang pagkabigay3' implies well-handled delivery.",,,,,
227,ang gandaaaaa bilis din dumating just ordered it on 915 sale and and received it today 916 thank you so much seller and shopee will order again,1,1,0,0,'ang gandaaaaa' refers to the product. 'bilis din dumating' is about delivery speed.,,,,,
228,very good ok na ok naman po at hindi sayang ang pera thanks sa seller,1,0,1,0,'ok na ok naman po' refers to product. 'hindi sayang ang pera' relates to the price.,,,,,
229,grabe tapaka ganda ng item tapos ligit pa na original yung bag trust me guys napaka ganda di kayo mag sisi sulit yong price nya at tska ang tahi ng bag napaka ayos i give star this product,1,0,1,0,'grabe tapaka ganda ng item tapos ligit pa na original yung bag trust me guys napaka ganda di kayo mag sisi' all talk about the product qualities. 'sulit yong price nya at tska ang tahi ng bag napaka ayos' about the price.,,,,,
230,sobrang ganda and sobrang bilis lang dumating salamat seller sa magandang transaction bumili ulit ako ng pang 2nd bag ko hehe 100 satisfied and legit to promise guys,1,1,0,0,'sobrang ganda' relates to product. 'sobrang bilis lang dumating' is about delivery.,,,,,
231,matagal bagodumating pero sulit nmn kc maganda thankyous much,1,1,0,0,'maganda' related to product aspects. 'matagal bagodumating' mentions delivery time.,,,,,
232,correct color highly recommended ko ang seller na ito this was my 2nd time to buy fr them thanks seller shopee and the rider,0,0,0,0,No clear product/delivery/price aspects. Recommending the seller falls outside defined aspects.,,,,,
233,thank youuu seller na enjoy and na amaze talaga ako sa mystery item na tanggap ko unexpected maraming salamat,1,0,0,0,'na enjoy and na amaze talaga ako sa mystery item na tanggap ko unexpected' pertains to product,,,,,
234,ok mgnda pangalawang order qoh n to kla qoh my pafree prn,0,0,0,0,Mentions it's a second order. No direct aspects related to the item itself are present in the review,,,,,
235,swear guys ang ganda ng quality ng payong ayos na ayos ang kapal ng pagka tela nya,1,0,0,0,"'ang ganda ng quality ng payong ayos na ayos ang kapal ng pagka tela nya' discusses product material and quality, relating to product.",,,,,
236,fast delivery secured packaging  complete items already installed and it is working hopefully magtagal sya,1,1,0,0,'complete items already installed and it is working hopefully magtagal sya' -relates to product aspects  'fast delivery secured packaging' is about delivery.,,,,,
237,nice item and sulit sa price nya nabili ko nung 66 after 2days deliver na agadbibili ulit ako sa store na ito,1,1,1,0,"'nice item' relates to the product,  'sulit sa price nya' mentions the price, and 'after 2days deliver na agad' is about delivery time.",,,,,
238,maganda cya maliit lang nail polish pero okay cya sa price i will buy again,1,0,1,0,'maganda cya maliit lang nail polish' talks about the product's characteristics and size.  'okay cya sa price' focuses on its price,,,,,
239,ang gaganda pocomplete po and tama po lahatthank u pooorder po ako ulit,1,0,0,0,'ang gaganda pocomplete po and tama po lahat' this mentions the product quality and completeness,,,,,
240,maganda po at ginagamit namin for business namin thankyou po nareceive agad will order again if need heheheheheh,1,1,0,0,'maganda po' mentions the product quality 'nareceive agad' talks about delivery,,,,,
241,plug and play lang siya medyo nakakatakot lang tanggalin cover ng filter kasi ang fragile nung plastic parang madali maputol yung lock overall okay naman siya hindi lang eng yung remote so itest niyo nalang lahat ng buttons hanggang makabisado update ko if may effectchanges sa ar ng gf,1,0,0,0,plug and play lang siya medyo nakakatakot lang tanggalin cover ng filter kasi ang fragile nung plastic parang madali maputol yung lock overall okay naman siya hindi lang eng yung remote so itest niyo nalang lahat ng buttons hanggang makabisado' talks about product qualities and issues.,,,,,
242,good thank you seller i got my order today fast shipping and very durable item for only 128 pesos i have a good quality umbrella definitely i will order again i will recommend u to my friends,1,1,1,0,"'very durable item' and 'a good quality umbrella' pertains to the product. 'fast shipping' refers to delivery. the fact that it's 'for only 128 pesos' comments about price.""",,,,,
243,medyo manipis lang pero mahaba madikit din thank you second time ko na umorder,1,0,0,0,'medyo manipis lang pero mahaba madikit din' pertains to product qualities,,,,,
244,good well packaged at ang bilis nya dumating infairness wala namang sira and all sana tumagal lang buhay neto hahapede na ako magvlog chariz,1,1,0,0,'well packaged at ang bilis nya dumating infairness wala namang sira and all' relates to delivery.  'sana tumagal lang buhay neto' talks about potential product durability,,,,,
245,grabe sulit yung nakuha ko mouse at mousepad yung wireless earphone nga lang di gumagana pero okay lang sulit na sa excitement yung bayad thank you seller sa uulitin,1,0,1,0,'sulit yung nakuha ko mouse at mousepad yung wireless earphone nga lang di gumagana pero okay lang' pertains to product - working and non-working item. 'sulit na sa excitement yung bayad' - about the price,,,,,
246,matagal na deliver pero ung the best is legit ung tumbler ang mura ko lng sya nkuha ang laki pala nito im very satisfied customer goods lhat ng order ko pati ung mask and wipes dn thank yyou sure n oorder ako ulit,1,1,1,0,'legit ung tumbler' and  'ang laki pala nito' pertains to the product qualities. 'matagal na deliver' - delivery time 'ang mura ko lng sya nkuha' mentions the price,,,,,
247,best purchase medyo madumi na kasi nagamit ko na sa travel namin last holy week mwehehehe mabilis lang din maship tysm seller,1,1,0,0,'best purchase' implies the quality of the product 'mabilis lang din maship' pertains to delivery,,,,,
248,maganda quality well packed at mabilis na deliver,1,1,0,0,'maganda quality' relates to the product. 'well packed at mabilis na deliver' is about delivery,,,,,
249,the product is good and i like it salamat kay seller at sa rider mabilis nadeliver tsaka mabait si kuya keep it up more sale,1,1,0,0,'the product is good and i like it' is about product quality 'mabilis nadeliver' mentions delivery,,,,,
250,ganda ng quality ng product no damage gumagana sya wellpacked nayupi lang yung box baka sa carrier na yun but its okay ang importante walang basagsira at gumagana sya also nareply din si seller kapag nagchat ka ang bilis pa dumating hihi thankyou po,1,1,0,1,'ganda ng quality ng product no damage gumagana sya' pertains to product quality. 'nareply din si seller kapag nagchat ka' pertains to the service of seller 'wellpacked nayupi lang yung box baka sa carrier na yun' is related to delivery. 'ang bilis pa dumating' is about delivery time,,,,,
251,good quality for its price kahit manipis fast shipment and delivery choose jt its cheaper than other shops seller sends photo before shipout will recommend this,1,1,1,0,"'good quality for its price' and 'kahit manipis' pertains to product. 'fast shipment and delivery' relates to delivery, 'its cheaper than other shops' tells about price",,,,,
252,ok order received no damages its packed also nice appearance quality and colour tinanggal ata yung number ng size burado na eh tas iba naman to sa nauna kong order maganda yung isa kasya dito thats all thank you,1,1,0,0,"'nice appearance quality and colour tinanggal ata yung number ng size burado na eh tas iba naman to sa nauna kong order maganda yung isa kasya dito' all details about product, while 'no damages its packed also' focuses on delivery.",,,,,
253,color and the size excellent po sana star kaso d naayos yung pag pack gasgas yung screen at malabo camera but totally good thank you seller at sa delivery boy wala po connect video for coints lang po,1,1,0,0,"'color and the size excellent po' good about product and features. 'd naayos yung pag pack gasgas yung screen at malabo camera but totally good' describes delivery quality, though with a negative",,,,,
254,magada ung quality parang original magaan din sa paa at hndi masakit very worth it ung pera nyo thank you seller happy customer,1,0,1,0,'magada ung quality parang original magaan din sa paa at hndi masakit' details about the product. 'very worth it ung pera nyo' talks about price point,,,,,
255,ang gandaa 2nd time ko umorder d2 sa shop n toh sobrang sulit thank u seller,1,0,0,0,'ang gandaa' means the product is very good,,,,,
256,kasya po siya sa bag ko worth it po thank you seller,1,0,1,0,"'kasya po siya sa bag ko' gives details about product, 'worth it po' talks about the price.",,,,,
257,ano ba irarate ko dito 10 stars napaka worth it nya kasi sa 77 petot maganda sya mga ses hindi nakkapang sisi may pang pang joggingworkout kana bait pa ni seller responsive sa chat i request to send pic at nagsend nga sya,1,0,1,1,"'maganda sya' refers to quality of product 'napakaworth it' means good price, and 'bait pa ni seller responsive sa chat i request to send pic at nagsend nga sya' tells about seller support",,,,,
258,bet na bet ko to of all my orderspati kapatid ko na inggit kaso isa lang inorder ko ganda tlga pwedeng pang giftelegante ang packaging safe tlgang ma rereceive mo thumbs up to the seller,1,0,0,0,'ganda tlga pwedeng pang giftelegante ang packaging' talks about the product quality.,,,,,
259,maganda sya pagdting sinuot ko na thanks sellet,1,0,0,0,'maganda sya' means the product is good,,,,,
260,thank u so much poi love itwell pack and sana po tumagal sya salamat and godbless po,1,1,0,0,'love itwell pack ' implies the product is good and well-packed,,,,,
261,maganda tela nakuha kona medyo na delay lang sa pag ship pero nung to recieved na dumating agad ng isang araw sakto lang sa akin hindi bitin hindi lampas order ulit ako black at navy blue naman salamat nga pala sa nagdeliver ng mga order namin dito,1,1,0,0,'maganda tela nakuha kona' is good about product quality. 'medyo na delay lang sa pag ship pero nung to recieved na dumating agad ng isang araw' talks about delivery,,,,,
262,ang ganda nyaaaaa bilis din ng delivery thank you so much may masusuot nako sa party namen sa march 5,1,1,0,0,"'ang ganda nyaaaaa' pertains the product, 'bilis din ng delivery' implies delivery quality",,,,,
263,ayos lang gamitin salamat seller shoppee and kay kuyang nagdeliver,0,0,0,0,"Simple acknowledgement. No clear product, delivery, or price aspects.",,,,,
264,maganda sya pero mali color ng isa blue po dapatmagugustuhan ng kiddos ko to para sa school,1,0,0,0,'maganda sya pero mali color ng isa blue po dapat' pertains the product,,,,,
265,omgggg ang ganda very minimal lang pero napaka classy ng design sana tumagal talaga ang init at lamig nito as indicated in the description overall im satisfied ill edit nalang my review if na try ko na gamitin thank youuu,1,0,0,0,'omgggg ang ganda very minimal lang pero napaka classy ng design sana tumagal talaga ang init at lamig nito' pertains the product,,,,,
266,very good hello po seller sakto lang po pala sa baby ko akala ko malaki na yung size 23 sa 1yr and 10months pero sakto lqng pala sakanya sobrang ganda po nang shoes thank you seller will order again,1,0,0,0,'sakto lang po pala sa baby ko sakala ko malaki na yung size 23 sa 1yr and 10months pero sakto lqng pala sakanya sobrang ganda po nang shoes' refers to product quality and suitability,,,,,
267,thank you so much maganda po and very accomodating si seller ngsesend pic itam pagna ship na,1,0,0,1,'maganda po' pertains to product and 'very accomodating si seller ngsesend pic itam pagna ship na' refers to seller support,,,,,
268,yung black eyeliner order ko walang ink,1,0,0,0,'yung black eyeliner order ko walang ink' product,,,,,
269,amoy alcohol sayang pera kooo huhu pangit ambaho so pangit talaga like for real guys pangit parang alcohol yung amoy na masakit sa ulo huhu di naman amoy sweet wala akong na aamoy na vanilla shems guys i suggest na bumili kayo sa ibang shop or dont buy mga mura,1,0,1,0,'amoy alcohol sayang pera kooo huhu pangit ambaho so pangit talaga like for real guys pangit parang alcohol yung amoy na masakit sa ulo huhu di naman amoy sweet wala akong na aamoy na vanilla shems guys i suggest na bumili kayo sa ibang shop or dont buy mga mura''- product/smell quality. Includes also about price.,,,,,
270,i love the color kaya din ito binili ko kasi may dark sya sa loob talagang di tatagos yung init malaki din sya kasya tatlo i think hahaha worth it,1,0,1,0,"'i love the color kaya din ito binili ko kasi may dark sya sa loob talagang di tatagos yung init malaki din sya kasya tatlo i think hahaha' - is product-related. 'worth it' - price related""",,,,,
271,got my order cute size pala tagala siya and iba sa display picture may mirror pero ung dumating na item sakin wala pero okay naman,1,0,0,0,"'got my order cute size pala tagala siya and iba sa display picture may mirror pero ung dumating na item sakin wala pero okay naman' talks about the product - differences, missing item.",,,,,
272,havent tried on my lashes yet small tube pero it looks like it would go a long way naman fine ang pag apply ng product sa skin ko so im hoping na it would hold my lashes upward rin,1,0,0,0,"The review discusses the product ('small tube', 'fine ang pag apply ng product sa skin ko') and its potential use.",,,,,
273,good quality  nasusunod yong kolay na inorder kosalamat sa reseller nag send muna ng picture bago ipack thank you,1,0,0,1,"'good quality nasusunod yong kolay na inorder ko' is about product, ' nag send muna ng picture bago ipack' is seller service",,,,,
274,thank you seller ang ganda po thank you shopeethank you rider keep safe po,1,0,0,0,'ang ganda po' which is related to the product,,,,,
275,good i like the size and its color sakto sa mga bag na maliit,1,0,0,0,'i like the size and its color sakto sa mga bag na maliit' meaning of product,,,,,
276,nakita ko mura try ko nga hehe salamat sa mabilis na shipping at delivery ang daming magagandang crunchies will buy again next time,1,1,1,0,"'mura' means it relates to the price, 'salamat sa mabilis na shipping at delivery' to the delivery, 'ang daming magagandang crunchies' details the product",,,,,
277,mukhang matibay po ang product na ito surely i will buy on my next purchase sa shop na ito ibang kulay naman ang bibilhin ko,1,0,0,0,'mukhang matibay po ang product na ito' talks about product potential durability,,,,,
278,legit maganda ang quality at mabilis ang shipping recommended shop thank you seller,1,1,0,0,'legit maganda ang quality' about the product and 'mabilis ang shipping' tells about delivery,,,,,
279,good ordered received thanks to seller maganda po yung item working naman yung pag kapack lng sablay wlng bubblewrap nayupi ung box buti d na damage yung item hay slmt po uli,1,1,0,0,'maganda po yung item working naman' pertains to the product  ''yung pag kapack lng sablay wlng bubblewrap nayupi ung box buti d na damage yung item' pertains to delivery,,,,,
280,the shoes is good though manipis kaya madali masira pero it justify naman the price thanks seller love love love love love love love love love love love the the the the product product,1,0,1,0,"'the shoes is good though manipis kaya madali masira pero it justify naman the price ' -product quality, and value for money(price) related.",,,,,
281,video not relatedok naman legit naman kahit hindi original tama lang talaga sa price thank you sholee thank you selker and tkank you kuya rider,0,0,1,0,'tama lang talaga sa price' meaning price related. No other aspect found.,,,,,
282,thank you seller ang ganda ng mga items nyo talaga ang bilis din dumating at responsive si seller until next budol thanx,1,1,0,1,"'ang ganda ng mga items nyo talaga' talks about the quality of the product, 'ang bilis din dumating' the delivery and 'responsive si seller' concerns the seller",,,,,
283,good day manganda ang quality ng mga sandals and slipper po nagustuhan po namin so soft iyong tapakan very responsive po si seller though may lacking po na item madali naman po narefund di na aabot ng days god bless po seller oorder po kami ulit po thank you,1,0,0,1,'manganda ang quality ng mga sandals and slipper po nagustuhan po namin so soft iyong tapakan' pertains the quality of the product and 'very responsive po si seller though may lacking po na item madali naman po narefund' which tells about the seller,,,,,
284,my 5th time to order this item from this shop never fail to amaze me complete items and tama lahat ng colors  sizes mag 50 pairs na ata na order ko manganito dro  hehe sulit,1,0,0,0,'complete items and tama lahat ng colors sizes mag 50 pairs na ata na order ko' relates to the product being on point,,,,,
285,na receive na po walang damage na try ko na rin at gumagana thank you very po seller,1,1,0,0,"'na receive na po walang damage' mentions delivery quality, and 'na try ko na rin at gumagana' product working properly",,,,,
286,okay naman yung item magandang ang tela at walang damage but the seller sent the wrong size,1,1,0,0,"'magandang ang tela at walang damage' - product quality, and delivery without damage.  'the seller sent the wrong size' pertains to the product received.",,,,,
287,what you see is what you get maliit yung sizing niya my brother chose large but turns out na mas maliit siya as expected kaya binigay niya nalang sa little brother namin im telling you that you should consider putting extra sa pag pili na size if youre taller and,1,0,0,0,'maliit yung sizing niya my brother chose large but turns out na mas maliit siya as expected kaya binigay niya nalang sa little brother namin' the detail of the product and the size being incorrect,,,,,
288,maganda maganda siya guys mabango subra then long lasting talaga siya order na kayo guys promise mabango talaga,1,0,0,0,"'maganda maganda siya guys mabango subra then long lasting talaga siya 'tells about the product, it has a nice smell and is long lasting",,,,,
289,super cuty sa personal medyo malaki pa sya sa 2 year ild baby q peru ok lng para matagal pa magamit,1,0,0,0,The review mentions the product ('super cuty sa personal') and its size ('medyo malaki pa sya sa 2 year ild baby q'). This relates to product aspects.,,,,,
290,gaanda sobra solid pag order sainyo tama ang color at size sa uulitin,1,0,0,0,'gaanda sobra solid pag order sainyo tama ang color at size sa uulitin' is all about the product,,,,,
291,thankyou thankyouthankyou seller ang gaganda no damage i will surely buy again diniyoko binigo and ang ganda ng quality ng mga nails ang bait pa ni kuya nanag deliver,1,1,0,1,"'ang gaganda no damage i will surely buy again diniyoko binigo and ang ganda ng quality ng mga nails ' refers to the product, ' ang bait pa ni kuya nanag deliver' is the support delivery",,,,,
292,cotton mukang matibay maayos dumating at mabiis naship complete orders magaganda po lhat thanks seller at kuya rider,1,1,0,0,"'cotton mukang matibay' , 'complete orders magaganda po lhat' referring the product ''maayos dumating at mabiis naship'' meaning delivery",,,,,
293,malakas siya kahit naka level 1 at kahit maliit siya,1,0,0,0,'malakas siya kahit naka level 1 at kahit maliit siya' pertains the product - good performance despite small size,,,,,
294,low qualitydi nakapit sa lips,1,0,0,0,'low qualitydi nakapit sa lips' talks about the product bad quality,,,,,
295,i received violet instead of pink nonetheless the quality is great  fave panty ko to tbh sooo buy na 33 i swear by this,1,0,0,0,'i received violet instead of pink nonetheless the quality is great fave panty ko to' which means that the product received has good quality despite the wrong color.,,,,,
296,okay naman sya kaso di ko expect na wala palang hotdog pillow yung para sa tagiliran ni baby cguro hindi ko lang na check pag order ko but maganda naman yung product as in sakto din yung design na binigay tapos malaki rin kasya c baby kahit umabot ng one,1,0,0,0,"'maganda naman yung product as in sakto din yung design na binigay tapos malaki rin kasya c baby kahit umabot ng one' the product is good, appropriate design and it is big",,,,,
297,good quality na kasya sa anak ko maganda,1,0,0,0,'good quality na kasya sa anak ko maganda' the product has good quality for the price,,,,,
298,good di napicturan ang product hiningi ng pinsan ko hahaha nagandahan kaya order nalang ulit salamat shopee seller and delivery courier,1,0,0,0,"The review talks about the product, with the pinsan liking the product; hence relating to product",,,,,
299,all occasions not worth my time please bigyan nyo nalang ako ng coins ang arte hindi daw na meet standards eme,0,0,0,0,No aspect found.,,,,,
300,akala ko mga cheap na fake nails lang sya yung tipong fade ung colors pero yun mismo yung color na nasa pic un talagawhat you see is what you get talagamabait pa si sellerwill order again wala lang kase stocks yung mga bet ko pang iba color and design eh,1,0,0,1,"'akala ko mga cheap na fake nails lang sya yung tipong fade ung colors pero yun mismo yung color na nasa pic un talagawhat you see is what you get talagamabait pa si sellerwill order again wala lang kase stocks yung mga bet ko pang iba color and design eh' about the product, with the actual being the same as advertised and ' mabait pa si seller'",,,,,
301,excellent quality parang gusto ko umorder again ng white  thank you again seller will order again,1,0,0,1,Quality feedback and service mention.,,,,,
302,sakto rin ito sa anak ko mukhang matibay namansalamat sa seller and shoppe ww will order again for our spare slippers,1,0,0,1,product feedback & service mention.,,,,,
303,poor not recommended shop sira yung kabilang side ng fan hindi umaandar hindi rin reponsibe si seller nakailang araw akong chat ng chat sakanya puro automated chat lang ang reply sakin nakaka disappoint dahil excited pa naman ang anak ko gamitin sa school tapos ganito lang dadating saamin nm jsnsnsjsj,1,0,0,1,Product Feedback. Unsatisfied with Product performance and unresponsive seller.,,,,,
304,medyo manipis pero comfy naman thanks din kay kuya delivery man kasi very considerate sya,1,0,0,1,Quality feedback related to product (material) and delivery interaction,,,,,
305,elegant supeeeeeeerrrrrrrrrr bango kahit isang spray mo lang amoy na amoy talaga ang bango long lasting din para siyang coton candy na parang basta ang bangoo,1,0,0,0,Sensory feedback on product,,,,,
306,worth it balot na balot kala ko walang laman hehehehe sobrang worth it bumili dito at sobrang bait ni seller kaya magiging suki na ako dito thank you so much,0,0,0,1,Service review for seller interaction.,,,,,
307,black ang ganda ng tela makapal at maganda ang quality thankyou seller,1,0,0,1,Feedback on the product's quality and material.,,,,,
308,good ang ganda nya at malaki pa sya kasya pa ang anak ku na 3years old dun sa loob  hehehehhe salamat shopee sa uulitin salamat din kay kuya rider  thank you,1,0,0,1,Size and appearance of product feedback with rider mention.,,,,,
309,orders received complete ok na rin kasi mura lng nman pero medyo manipis ang tela pero ok lng din mainit nman ang tela kahit medyo manipis thank you,1,0,1,0,Feedback on product material and price relation.,,,,,
310,ang ganda nito thank you po nagustuhan ng sister ko,1,0,0,0,Product feedback,,,,,
311,pa 2nd order ko na sa shop na to pero ndi ka tlga nito bibiguin ang gaganda tlga ng mga product nila promise ndi kayo magsisisi mejjo maliit lng size nila pero okay ang quality ng product nila kaya kayo nlng ang mag adjust sa sizes nyo sana makatulong yung,1,0,0,0,Product quality and feedback on sizes.,,,,,
312,super ganda po good quality gamit na gamit talaga namin siya para ky baby lalo na dito madalas ang brownout,1,0,0,0,product review,,,,,
313,maganda sana pero puro refund tong seller nato kulang yong e deliver nag rerefund naman pero tayong mga buyer uulit kanang mag order dahil sayang yong voucher na ni refund pangalawang order ko na dito pero paulit ulit nalang ganyan lage kulang,0,0,0,1,Service, mentions incomplete delivery and refund,,,,
314,parang basta basta nalang nilagay sa pouch yung mga items nasira tuloy yung foam nayupi hindi man lang tinupi ng maayos basta basta nalang nilagay pero the quality is nice naman yung packaging lang talaga grabe,1,1,0,0,Delivery - remarks condition of package.,,,,,
315,the nails are very pretty delivery is quite fast overall its a falcon,1,1,0,0,product and delivery feedback,,,,,
316,so nice sobrang ganda at maganda ang service na supplier,1,0,0,1,Good product, good service.,,,,
317,goods ung item love it sexy ko daw sabi ng asawa ko hahahahaha dati nkabili n ko ng gnito kaso dahil mejo pinagpala sa dib dib d ngkasha so happy kasi ngkasha skin mejo maliit lng ung foam sa dib dib pero pwede n,1,0,0,0,Product review, and fit.,,,,
318,not sure if the quality is good since i havent used it yet item has no box but its okay as long as it has no damage its a bit snaller than the original size malambot ung teka ng shoes kya d magkakapaltos cguro manipis nga lng ung shoe insole,1,0,0,0,Product feedback based on quality,,,,,
319,sobrang satisfied complete set maayos ang packaging hindi ko lang maupload ang video kase high resolution daw pero 100 sulit na sulit ang presyo sobra pa,0,1,1,0,Complete set - delivery; sulot na sulit ang presyo-Price.,,,,,
320,crocs it was too small for me dapat pala add 2 size ginawa ko the picture and video are not related kasi tinabi ko na,1,0,0,0,Feedback size.,,,,,
321,10 safe delivered after 7days  good packaging working  pictures not related i love it  sana mag tagal sya,1,1,0,0,positive feedback, product performance.,,,,
322,10 meters x 45 cm 45cm wide and 10m long selfadhesive peel and stick perfect for bathroom wall and sinks easy to attach no material needed waterproof pvc matte quality high quality polymeric pvc film hindi parang papel water proof non toxic dur,1,0,0,0,Detailed product description and review.,,,,,
323,bought these items second time at this shop quality is okay hindi siya ganun ka superb pero okay na din thumbs up for complete and right color of my orders,1,0,0,0,OK quality.,,,,,
324,no damage thank you seller nagustohan namin saka wala damage na deliverysa uulit pothank you,0,1,0,1,No Damage is delivery and thank you seller service.,,,,,
325,excellent maganda sya kaso mali size nabili ko ako yung mali will order nalang ulit maganda po kasiito talaga gusto ko bra walang bakal at presko na bra mura pa mabilis lang din dumating,1,1,1,0,maganda sya= Excellent; mura pa- affordable and mabilis lang din dumating= Delivery.,,,,,
326,super cute ang ganda ganda nya kasya lang maliit na bag madadala mo kahit saan ang bilis din ng shipping nakakatuwa na deliver agad ang item,1,1,0,0,Product attribute feedback - ang ganda and bilis ng shipping delivery.,,,,,
327,well packed at ang bilis ng delivery worth it ang price thank you so much seller sana tumagal to will order again salamat po,0,1,1,1,Fast delivery, worth the price and thanks seller.,,,,
328,its a quality and maganda sya at nag try agad ako thanks,1,0,0,0,Excellent is good feedback for product.,,,,,
329,ok naman xa mbilis lng malowbat at mahina volume ok nman xa malaki pero ung 64gb parang di totoo kac loading xa mbilis dn malowbat ag mahina sound pero ok narin for its price happy naman ung toddler ko,1,0,1,0,Ok sya malaki-  product size Mbilis lng malowbat - mabilis malobat and ok narin for its price = price.,,,,,
330,one of the best items i ordered here in shopee the item was great given the cheap price the delivery was fast too thank you vwey much seller,0,1,1,1,Delivery and Price feedback with seller appreciation.,,,,,
331,malambot sa paa perfect for duty khit matagalang tayuan tuh ok,1,0,0,0,Material feedback on product,,,,,
332,mabilis na ship at deliver bought this for my sister panget daw packaging pero buti di damaged yung item working naman and okay na for its price sana tumagal thank you,1,1,1,0,Delivered product and its worth the price.,,,,,
333,thank you ganda ng quality,1,0,0,0,Thank you quality.,,,,,
334,sorry for late rating di ko na na pic kasi kinuha na nung nag pa bili kasi kailangan na niya worth it naman yung product hope soon makabili ulit,1,0,0,0,product feedback,,,,,
335,good complete ang nakarating sakin yung mascara hindi nga lang nakakalift ng eyelashes di naman ako nag expect ng good quality sa murang halaga haha ttry ko pa lang yung iba soon,1,0,1,0,Good and mura.,,,,,
336,shipped immediately and well packed may bag din na kasama maganda yung quality and seems sturdy maganda pang camping or for outdoor chair worth it din sa price nya,1,1,1,0,Quality for price and shipped well,,,,,
337,ang cute lahat kasya sa baby ko sulit ang price kesa bibili ka sa mall na pagka mahal mahal thank you seller pwede sya pang alis ni baby,1,0,1,1,Price and service related to product.,,,,,
338,still building my shit hahahahah salamat shopee,0,0,0,0,No aspect.,,,,,
339,excellent qualityi love so much this item and napaka presko nya pag sinuot love it thank you so much will order again,1,0,0,0,Excellent product,,,,,
340,ligth violet ung pink ok na sana kaso ung pink hindi pinklight violetska walang bubble wrap man lngas in inilagay lng sa pouch,0,1,0,0,No bubble wrap- Delivery.,,,,,
341,salamat mabilis dumating maayos ang packing at lahat ng items ok naman nagustohan ko thank you ky seller shoppe at rider oorder uli ako s store nyo nxt time,0,1,0,1,Delivery is quick and okay and the product is delivered properly.,,,,,
342,recieve item ang gandakaso may yupi napero om lng kac gumana nmn pothank you shoppeethank you seller,1,1,0,1,Product - ang ganda kaso may yupi ; thank you-seller.,,,,,
343,aesthetic looks and quality sound though ordered from overseas it was shipped fast and all in good condition mas mabilis nga lang syang malowbat compared dun sa unang model na napurchase namin thanks seller,1,1,0,0,Aesthetic is product quality; shipped fast;,,,,,
344,good comfortable to wear tho a bit small for me kaya pag bibili kayo one size bigger kc maliit ang size nila anyway sulit sya for its price at mukhang matibay nmanthanks seller for speedy deliverywill order again soon,1,1,1,1,Product size and comfort are good and worth the price and thank you seller speedy delivery,,,,,
345,rubber ang pretty niya sa personal but it looks more of a house slipper rather than pang gala pero maganda talaga hahaha,1,0,0,0,Product review,,,,,
346,mura fast delivery free shipping and bet na bet ng hubby ko yung tela nya although cheap  mura lang din naman kasi talaga presko suotin bet much ng husband ko thank you seller salamat shoppee,1,1,1,0,Fast Delivery and Presko suotin- Product is Affordable or Mura.,,,,,
347,as of now ang ganda ng quality niya and nd halatang rubber lang sya kapag nasuot na  i love it sama hindi madaling masira haha,1,0,0,0,As of now maganda ang quality.,,,,,
348,maganda po yung quality ng shoes and well packaged po sya bilis din ng pag dating,1,1,0,0,Quality of shoes - maganda po Bilis din ng pag dating - Fast shipping.,,,,,
349,nice perfect para sakin na mahilig na inom nang tubig thanks seller,1,0,0,0,Product is nice -maganda.,,,,,
350,sobrang gandaaaaaaaaa di ko na kailangan bumuli ng aquaflask huhu ang mahal mahal nun eh atleast eto mura halos same quality lang naman sila eh thank you dahil meron kayo nito nakatipid pa ako ng very light very light kasi nabudol ako thank you so much talaga dasurv ko,1,0,1,0,Super ganda is quality and mahal mahal is price related terms.,,,,,
351,okay po siya medyo iba lang ang amoy nung binuksan ko mismo yung payong kaya bilabhan ko muna siya pero overall sulit na sulit sa price niya matibay at malaki siya medyo mabigat nga lang hehe thank you seller thank you shopee and specially kay kuya rider na suki,1,0,1,1,Product- overall sulit na sulit sa price;thank you- seller.,,,,,
352,tinatamad ako tumayo basta maganda bili ulit ako gray neto naghihimulmol lang sya after ilang washes as expected since cotton nga ang tela large to pero parang di padin baggy try ko xl next time,1,0,0,0,Product good.,,,,,
353,perfect lang sya sa kamay ko di masyadong malaki for small na ferson like me hahahaq super good quality yet ang mura or cheap ng presyo lakas maka water ferson  i love it mag order ako next time yung purple naman,1,0,1,0,product- good quality mura.,,,,,
354,maganda ang unit slick design bagay na bagay sa gray namin na tiles thank you seller hope magtagal yung unit sa uulitin para sa isang cr,1,0,0,0,Good product,,,,,
355,good mejo malaki tong nakuha ko kasi ung last time maliliit tlga kasya sa pinky finger ko hehe pero ok lng po complete nmn orders ko e thanks seller,1,0,0,1,product size and good,,,,,
356,good acckkk finally i got my dream shoes huhuhuhu sobrang ganda at very comfy sooton as what you see is what you get you need to add one size lang para insakto sa paa it looks like mamahalin sa murang halaga lakas maka shala thankyousomuch seller kudos to your,1,0,1,1,product quality, affordable,,,,
357,maganda sya thanks seller,1,0,0,0,Good product.,,,,,
358,manipis po manipis lang ung medias  pero oky nmn kc sa price n mura lang thank u seller thank u kuya rider thank u thank u,1,0,1,1,Mura lang sya - its cheap in price point.,,,,,
359,sana gumana ok lang naman itsura pero diko nasubukan chinarge ko muna medyo matagal delivery pero sana worth it siy,1,1,0,0,matagal delivery.,,,,,
360,maayoss maganda guys bili na kayoo para no regrets haha,1,0,0,0,Good item.,,,,,
361,di ko na napicturan yung item excited kasi yung mga ate ko pero maganda sya sulit ang 28pesos will order again soon salamat seller and courier salamat shopeeeeeee,1,0,1,0,Product feedback good sulit,,,,,
362,okay sya maganda ganda ng klase ng pagka wallpaper nya di sya wallpaper eh basta maganda sya ganda rin packaging,1,0,0,0,Product is good and maganda.,,,,,
363,smooth this is my second order nagustuhan ng anak kong isa kaya gusto din nung isa actually 4 yung order ko kaso nalabahan ko na yung isa thank you very much maraming salamat shopeekaso bakit ganon mali yung size 3885now ko lang napansin binigay is same size dun sa una,1,0,0,0,product size,,,,,
364,very accommodating seller nagustuhan ng anak ko super ganda ng quality well packed and secured pa yung item,1,0,0,1,product good quality,,,,,
365,gandang item nakuha ko bigay ko 5star at saka ang lambot ng tela okay to saakin thank you seller,1,0,0,0,Item is lambot -soft- Okay- Product is good.,,,,,
366,sa susunod pag bumili ako hindi yung masyadong mahaba hahhaha nakakailang pala pero all goods lalo na sa design pati quality ng material wellpackaged pa tapos mabilis nadeliver,1,1,0,0,The material is of good quality -Good Delivery: Mabilis.,,,,,
367,not able to take pics at nilabhan agad pero magandaaa sya drifit tela nya and fits really well to my hubby thanks sa susunod ulit,1,0,0,0,Product is good and fits well.,,,,,
368,super ganda ng product will order soon again,1,0,0,0,Excellent prodcut,,,,,
369,nice maganda siya mabilis mag connect at maganda yung sound pero mag ingat lang sa paghawak kasi ma tatouch mo yung sensor at mag pa playpause siya but this is only the first use i dont know if its really good until it last long or ma try ko siya,1,0,0,0,Excellent.,,,,,
370,thank you seller lahat nakabalot ng maayos and walang sira kumpleto nakuha kong orders sa susunod po ulit,0,0,0,1,Well packaged.,,,,,
371,complete orders and varion btw about the product magandaa sha rubber po sila then it arrived in a good conditon maayos po shaa as in sorry if i dont have pics na because nakuha na sha sakin ng costumer ko til,1,0,0,0,Excellent,,,,,
372,magaganda sila i will order again,1,0,0,0,Good feedback,,,,,
373,ang gaganda po thank you seller,1,0,0,0,Quality feedback.,,,,,
374,got it in 4 days legit ang ganda and nakaka kuha tlga ng particles im inlove with it now thanks seller,1,1,0,0,Legit = product is legit; Ganda - is maganda and delivery in 4days; delivery.,,,,,
375,saktongsakto sa anak ko at nagustuhan niya talagasana magtagalthank you seller for being responsive,1,0,0,1,Thank you = Service.,,,,,
376,hi good afternoon po ask ko lng po chinarge ko na po sya kase dpo umandar pero but battery down yong lumalabas po at d lumabas yong charge battery nya po actually kakarecieve ko lng po now to sa delivery man po,1,0,0,0,Product is defective (battery not charging).,,,,,
377,super legit guyss pabudol nakyoo,0,0,0,0,No aspect,,,,,
378,i ordered hw print but the print i received was bench body ok na sana coz the seller indicated that the designs are random but the problem is one item is not stretch what a waste for sure my son wont be able to wear it and my advice to,1,0,0,0,Product is not stretchable.,,,,,
379,ang mura hehe sa halagang 1 lang sht salamat sellerrrr,0,0,1,0,Price related term- mura.,,,,,
380,super bilis ng delivery na gamit ko siya sakto nanganak yung dog ko super cute be mine by kaownah i knew you dont keen on me you are not interested in me but i will not give up im very good person and you see it alredy but it seems,0,1,0,0,Bilis Ng delivery fast delivery,,,,,
381,sobrang effective sya maraming dumi nakuha sa carpets namin this is by far my best purchase this 2022,1,0,0,0,Product has high effectiveness.,,,,,
382,di halata na may mascara peru parang lumalabo kunti lang paningin ko  makes your lashes long,1,0,0,0,Quality of product.,,,,,
383,maganda yung tunog parang naka sound system sobrang sulit 188 ko,1,0,1,0,Product -maganda sulit = affordable or mura.,,,,,
384,kompleto yung dumating na order ko at sakto ayon sa napili kong designmalaki yung net actually kaso nga lang ay yung higaan niya medyo manipis nga lang pero keri na din siguro,1,0,0,0,Product Review.,,,,,
385,thank u seller ang ganda nung product di kuna na picturan  i will order again,1,0,0,0,Excellent prodcut,,,,,
386,receive my parcel in good condition walang damage 5 star pra sken tnx ky seller very accommodating at kuya rider i will order again,0,1,0,1,Accommodating and parcel in good condition.,,,,,
387,all in all maganda siya except the taste or the smell of it,1,0,0,0,Excellent Product,,,,,
388,i received the item after 3 days after ordering it very good ang packaging kasi kahit yung box ay hindi nalukot so safe na safe si product thank you for a very detailed manual para madali namin itong maassemble kudos to seller,0,1,0,1,delivery and product condition,,,,,
389,thank you seller maganda gamitin budget friendly alternative sa mga branded na wet wipes sa market thank you,1,0,1,0,quality and mura,,,,,
390,thank you seller sobrang gandang ng quality excellent quality very accommodating seller wellpacked no damage,1,0,0,1,Excellent quality and accommodating,,,,,
391,worth the prize sakto lang ang tela kaso hindi sya talagang xxl  medyo maliit sya siguro pang teen size oo so far okay naman sya salmat kay kuyang rider at kay seller,1,0,1,0,Worth the price and tela.,,,,,
392,tablet is working good sulit sa budget malako at maganda thank you seller,1,0,1,0,product - sulot and maganda and mura sa budget.,,,,,
393,ang ganda matibay and the quality is excellent kase stretchable siya and thick fit na fit lang talaga sa akin worth it siya guys,1,0,0,0,ang ganda matibay- product is okay,,,,,
394,good mukhang matibay di ko pa na trtry bongga kasyang kasya sa maliit na bag will order again sana tumagal sakin,1,0,0,0,Product,,,,,
395,good naman lahat sizes at kulay tama lahat ulit ako nag order soon mabilis pa naiship at naideliver thanks seller at kuyang nagdeliver,0,1,0,1,Product and delivery.,,,,,
396,buti nalang meron din sila nito nawala ko kasi yubg sakin cute nya good quality at ang bilis pa ng shiping nya nag order ako last week lang na receive ko sept23 ang bilis lang talaga nya thank you so much po sa shop nato excellent quality and very accommodating,1,1,0,1,The item is cute and bilis pa ng shipping .,,,,,
397,thank you seller received ko na yung items in good condition well packaged yung item thank you din ate rider ambait mo talaga keep safe,0,1,0,1,Excellent packed ang mabait rider.,,,,,
398,maganda po thank you kaso dapat pala ng add pa po pala ako ng size,1,0,0,0,excellent product.,,,,,
399,maganda siya at affordable pa kaso para nga lang siya sa mga maliliit at hindi malalapad na paa maganda siya at affordable pa kaso para nga lang siya sa mga maliliit at hindi malalapad na paa,1,0,1,0,Product is affordable,,,,,
400,all goods bilis dumating thankyouu pang 10 times kona umorder dito hahhaha baka naman may pa free sa mga suki charizz,0,1,0,0,Bilis dumating - Delivery.,,,,,
401,my second order sa shop na toganda nang quality makapal at subrang dikit nyavery reccomended ang shop na tothank you seller,1,0,0,1,The review focuses on the product's quality (ganda nang quality, makapal) and recommends the seller, indicating good service.,,,
402,thank you so much seller natanggap ko na lahat ang orders ko maraming salamat din shopee five stars as always god bless us always,0,0,0,1,The review expresses gratitude to the seller and Shopee, focusing on service without mentioning specific product features.,,,,
403,mint greenlgray  lgraypale green ang ganda niya solid talaga yung bag thankyou po seller sa uulitin po,1,0,0,1,The review highlights the bag's aesthetic appeal (ganda niya, solid) and thanks the seller, indicating positive product and service feedback.,,,
404,ang bilis ng deliver thank you seller at kay manong na nagdeliver,0,1,0,1,The review praises the delivery speed (ang bilis ng deliver) and thanks the seller and delivery person, focusing on the delivery and service aspects.,,,,
405,ok namn sya punit punit nga lang yong plastik ng jt at hndi sya nka karton nkaplastik lang ayus na din po mura lang kasi slamat seller at sa nag deliver,1,1,1,1,"This review mentions product (""ok namn sya"") and delivery (punit punit nga lang yong plastik) and price (mura lang kasi) and give thanks to seller and the delivery person (salamat seller at sa nag deliver).",,,,,
406,okay naman siya kaso hindi maganda ang pag ka pack niya nayupi ang cartoon ng phone sana next time maayos na kakarating lang today sana tumagal siya sakin at sana maganda naman quality niya,1,1,0,0,This review contains comments about product quality and concerns about the packaging.,,,,,
407,size 39 fits on my mom but her real size is 38 size 40 didnt fit well on my feet but its ok pambahay nalang kaso lang yung black kasi ipapang gift ko sana at 40 din ang size kaso bka magreklamo so akin nalang din,1,0,0,0,This review focuses on product features, specifically the sizing and fit of the items.,,,,
408,good and excellent quality very accommodating sellerwellpackaged item shipped immediately will order again for sure recommend ko ang products nila thumbs up super happy talaga ako promise thank you,1,1,0,1,The review praises product quality (good and excellent quality), seller service (very accommodating), and shipping speed (shipped immediately).,,,
409,sobrang mura na nya promise since sale ko nabili sa halagang 128 pesos ay nakabili ako ng dalawa para sa partner ko maganda kaso sakto lang yung size nya buti xxl nabili ko,1,0,1,0,This review focuses on the price (sobrang mura na nya), product's size (sakto lang yung size nya).,,,,
410,thank you nagustohan po ng kuya cofy mejo maliit nga lang at mejo manipis but its good for its price good job,1,0,1,0,The review appreciates the product but also notes the price and the size.,,,,,
411,nice thanks po maganda pa,1,0,0,0,This review primarily focuses on positive feedback about product features, expressing satisfaction with its attractiveness.,,,,
412,kinabahan ako kasi yung parang bubble wrap is andon lang sa pinakang takip ng bote so kinabahan ako kasi akala ko sira but okay sya and sobrang laki sabi ni nanay pwede na uminom lahat nf kaklase ko sa sobrang laki hahahah tnx pi,1,1,0,0,This review mentions the packaging concern and the size.,,,,,
413,pero excellent texture ng product ang ganda d pa lang namin naiikabit sa wall pero ang ganda talaga,1,0,0,0,This review talks about the texture of the product.,,,,,
414,not yet rachargable yung order ko pero need ng battery yung dumating but ok lng,1,0,0,0,This review reports on product functionality.,,,,,
415,purple i really love it hindi sya masakit sa paa and very comfortable to wear ill order again thank you seller,1,0,0,1,The review appreciates product's features.,,,,,
416,maganda po sya saktong sakto lang yong size sana pala nag add ako ng onehehe 39 kasi size ng paa ko dapat pala di sakto magaadd pala dapat ng isa next time ulit na order,1,0,0,0,The review appreciated product's features and suggests ordering one size up.,,,,,
417,excilent maganda pag packagemalakastas matagal ma lowbatwill order again thank you legit seller,1,1,0,1,The review points out the excellent packaging.,,,,,
418,okay very nice item walang damage at nagustuhan ng alaga ko very handy din salamat seller,1,0,0,1,The review indicates positive features.,,,,,
419,received today i really love it the quality is good worth it very satisfied ako thank you so much kahit walang tigil ang ulan dito ngayon na edeliver pa rin nang maayos,1,1,0,0,The review appreciates product's quality.,,,,,
420,ok naman xa saan nakakabili ng filter change filter every 3mos daw,1,0,0,0,The review is asking for clarification on the product.,,,,,
421,di ka marunong mag basa seller green po variation na pinili ko bakit naman purple but anyways bigyan parin kitang 5 star pero di na ako bibili ulit baka gawin mo nanaman to hahaha,0,1,0,1,This review is mentioning the seller error.,,,,,
422,ganda ng tela tho i expected it to be sky blue pero parang light indigo siya will order again next time tho sana maayos na ang color niya but i love the product,1,0,0,0,The review appreciated the product's features.,,,,,
423,maganda po ang sandals nagistuhan ko sya at tamang tama sa paa ko salamat shoppee will order again soon,1,0,0,0,The review points out the product's look.,,,,,
424,the bra is super comfy ill buy again but in different shade it is nice wala naman siyang sira may isang loose string but it didnt affect the product naman i recommend this to you thank you po,1,0,0,0,The review appreciated product features and recommends.,,,,,
425,thankyou very much po seller dahil ang bilis lang ng shipping nyo and well packaged so nice love the colors more sales and god bless,0,1,0,1,The review praises shipping speed.,,,,,
426,maayos namang nakarating complete at wala namang damagehindi ko pa sya naga gamit kung effectivenagandahan lang ako sa pa glitters effect nya,1,1,0,0,The review contains remarks about product completeness and appearance.,,,,,
427,good quality hopefully more more sales pa kasi honest sila sa mga bininta nila,1,0,0,0,The review points out the product's quality.,,,,,
428,ang bilis ma deliver walang damage 2nd order ko na dito sa shop na to thank you seller,0,1,0,1,The review is focused on the delivery.,,,,,
429,good ang ganda nito kasi comfy suotin hindi halata na less than 100 pesos ang price and bagay sa kahit anong outfit,1,0,1,0,This review discusses price.,,,,,
430,good kaka try ko at ang masasay ko magnda may pa shimmering sya hehehe 1st time ko mag try ng make uo spary at ndi nmn ako nabigo at ang bilis ng deliver thank you kay ate rider,1,1,0,0,This review combines product feedback with compliments for the delivery.,,,,,
431,ganda po ng shoes ganda ng fit sa paa,1,0,0,0,The review is focused on shoe features.,,,,,
432,okay naman lahat for its price bait ni kuya ng deliver will order again,0,0,1,1,The review points out price and the delivery.,,,,,
433,excellent sobrang ganda wala akong masabi panis ang lingerie ng bench high quality and yet affordable price for sure oorder pa ako masarap din syang isuot nabili ko nung 12 12 thank you seller sa susunod ulit,1,0,1,1,The review appreciated product,price and points seller out.,,,,
434,magnda ung product nila at nakuha ko lng xa sa murang halaga hehehe salamat kay seller at kay kuyang rider,1,0,1,1,The review appreciates product quality and mentions seller.,,,,,
435,ayos maganda at maayos pag pack at deliversalamat po,1,1,0,0,The review focuses on product appearance and quality.,,,,,
436,good material quality napakaganda talaga siya nagustuhan ni mama pati ng mga ate ko super sulittt,1,0,0,0,The review appreciates the material quality of the product.,,,,,
437,thank you thank you seller hindi man completo ang order ko na refund naman ang gaganda po ng mga paninda ninyo will order again,1,0,0,1,The review appreciates seller and highlights product features.,,,,,
438,thank you po sa well pack parcel that i received napakabilis po ng shipping salamat po ulit seller is accommodating sa uulitin po,0,1,0,1,The review appreciates well packaging and fast delivery,,,,,
439,its already used kaya madumi,1,0,0,0,The review tells about the product.,,,,,
440,nice quality cya mura lang at naka pa sulit pa talaga i will order again thank you seller and kuya rider,1,0,1,1,The review focuses on product quality and price.,,,,,
441,goods na goods sakto yung size at comfortable sya sa paapro parang na gamit na sya dahil may part na manipis sya yung po,1,0,0,0,The review focuses on the product size and the condition.,,,,,
442,maganda naman sya worth it sa price nyaaaaaaaa thanks shopeeeeeeeee thanks din sellerrrrrrrrrrrrrrrrr till next timeeeeeeee,1,0,1,1,The review praises product and focuses on the price.,,,,,
443,ang ganda and ang cute ng color ilove it thank you po,1,0,0,0,The review is about the product look.,,,,,
444,ang ganda ng airpods tsaka ng mini fan good job sa seller,1,0,0,1,The review praises the product looks and points seller out.,,,,,
445,thankyou so much seller thankyou din kay rider dahil safe nakadating ang order ko and tama lahat sila thanks,0,1,0,1,The review is about order and delivery and says thank you to seller.,,,,,
446,i really like the slipper pero sana nag size up ako kasi saktong sakto siya sakin wala ng allowance but ok lang super pretty niya thank you seller very affordable pa,1,0,1,1,The review is about product size and price and seller.,,,,,
447,very good received in very good condition sakto lang din ang dating bago magpasukan ganda nya i think same quality lang ito ng aqua flask tried it with water hindi naman nag leak will try to put hot and cold water to test if mag last yung lamig or init,1,1,0,0,The review combines product features, mentions delivery speed.,,,,
448,pangalawang order ko na to sa shop na to ang ganda nung slipper na to kasi pwede sya pangalis na tsinelas and matibay din sya thank you seller and kuyang rider,1,0,0,1,The review appreciated product quality and features.,,,,,
449,item arrived safe  first time to try this product so far ok naman sya  sana effective para ill buy another  salamat shopee,1,1,0,0,The review discusses delivery.,,,,,
450,maganda siya for cleaning pet fur kasing mahirap linisin yun and nakakapick up siya ng dusts pero d siya nagppick up ng tofu litter sand pero keri lang tska lagi to the left ikot niya haha,1,0,0,0,The review focuses on product functionality and performance.,,,,,
451,excellent serve its purpose nagustuhan ko malakas magsmoke and hindi malakas sa power dahil powerbank gamit ko cute and istitik thanks,1,0,0,0,The review appreciates product efficiency and look.,,,,,
452,fast delivery expected ko matatagalan pa bago dumating sakin kasi overseas pero hindi pala thank you seller,0,1,0,1,The review is about fast delivery.,,,,,
453,honest review tayo ang ganda niya grabe ang tagal nga lang dumating halos 1week inantay ko tapos hindi pa responsive si seller but have to admit na maganda yung quality ng prouduct nila at may free pang sticker,1,1,0,1,This review appreciated product quality and shipping.,,,,,
454,magandalaaaaa lahatt superrr nice quality at di ka talagaa malulugi hahahhahhahaahahhahahhahahahahhahahhehrhhehehhehhihihuuiu,1,0,0,0,The review highlights the quality of product.,,,,,
455,saktong sakto sa kapatid ko  salamat at nakahabol sa panregalo sa pasko nagwoworry pa naman ako kasi akala ko di makakaabot sa dec 24 buti nalang salamat jt ang daming parcel kaya hindi nila maasikaso agad salamat nakahabol,0,1,0,0,The review focus on the shipping.,,,,,
456,thank you seller ang bilis ng shipping ang delivery legit dito guys long lasting tlaga ung scentayan kita nman ang dami n nman pa ordervery accommodating din ang seller ditotnx po sa freebiewill order again,1,1,0,1,The review is about shipping and delivery and mentions product quality and the seller.,,,,,
457,maganda siya malinaw naman yung ilaw pwedeng pwede sa mga pictures and videos wala naman akong nakitang sira maayos yung packaging safe na safe,1,1,0,0,The review is focused on the product functionality and packaging.,,,,,
458,super ganda kaya sulit ang bayad tas malaki pa pwede kasya ung baby ko at ung 3yrs old na panganay,1,0,1,0,The review points out the price and look of product.,,,,,
459,received immediately well packaged doble yung plastic tama yung item na pinadala at no damage thank you seller at thank you rin kay kuyang rider na mabait,0,1,0,1,The review praises packaging and thanks seller and rider.,,,,,
460,order received medyo nalate lang ng pag rate item was well packed and shipped immediately thank you seller more power to you,0,1,0,1,The review appreciates seller because of shipment.,,,,,
461,item received thankyou so much seller and shopee for this product sobrang mura 16php lang hehe ginagamit na rin namin ngayon hehe,0,0,1,1,The review focus on product price and seller.,,,,,
462,maganda ang packaging ng product malakas din umikot yung fan kahit 1 press mo palang sya and lastly mabilis din dumating kudos to seller and rider,1,1,0,1,The review appreciated packaging, functionality, and shipping speed.,,,
463,ganda d ko sha bet mashado pauce ng pauce ung music ko tas bigla nlng nawawala ung sound pero high quality sounds nya sana may mabago po dito hehe,1,0,0,0,The review focuses on the product and functions.,,,,,
464,for rain purposes bilis nya at yung texture nya smooth and silky ang ganda ng payong na puede gamitin salamat shopee,1,1,0,0,The review appreciated product texture and mentions delivery.,,,,,
465,the best purchase in shopee,0,0,0,0,This is an overall positive statement.,,,,,
466,ok sya for small bags helpful to para palagi padin may payong kht small ang bag,1,0,0,0,The review focuses on product functionality and size.,,,,,
467,good maganda po and matibay sarap sa paa pang sushalahh  oorder pa kami pang regalo,1,0,0,0,The review appreciated product look.,,,,,
468,nakakatuwa at cute ng mini mirror plus may fan pa pwede dalhin lalo pag maliit lang na bags gamit kothank you po for the complete orders and working lahatsa uulitin,1,0,0,0,The review appreciated product, mentioning completeness.,,,,
469,no pic kasi ginamit na agad ng pinagbigyan ko very good product thank u thank u satisfied client here,1,0,0,0,The review focuses on positive product feedback.,,,,,
470,as usual the items are superb thankyouuuu thankyou  will definitely order again order na kayoooo godblesssssss,1,0,0,0,The review is mainly focused on good items, referring to product features.,,,,
471,gotchaaaa how many times nako umoorder dito hehehehe super bait ni seller lagi syang nag reresponse and yong shipment mabilis thankyou thankyouu po pati kay kuya rider order po ako ulet,0,1,0,1,This is focused on seller and delivery, commenting on responsiveness and speed.,,,,
472,complete items  ang ganda walang damage  bilis din ng shipping,1,1,0,0,The review focus on product completion and delivery,,,,,
473,maganda po yung quality tsaka mabilis yung shipping 37 po size ng paa ko pero inorder ko 3839 pero mas sakto,1,1,0,0,The review appreciates product and shipping.,,,,,
474,super sulit wala ako masabi sa gaganda ng mga items tlgamapapa order ka ulit sa sobrang ganda ng mga itemsorder ulit ako very recommended store na to,1,0,0,0,The review appreciates product.,,,,,
475,good quality i like the color also very classy perfect to the office i will surely buy again so glad i saw this on tiktok hehe,1,0,0,0,The review points out product.,,,,,
476,soo cute ng mga socks maliit lang pala yung mga flush toys thank you,1,0,0,0,The review is about the product.,,,,,
477,tama ang dumating na color ang nice nya ang ganda din ng pagkakapackage tinesting ko xa at working xa ang linaw din ng dating kapag tumatawag sa cp thank you,1,1,0,0,The review focus on product color, packaging.,,,,
478,sakto langbut wait wrong colorpero cge ok na ringthankyou,0,1,0,0,The review points out wrong product color delivered.,,,,,
479,mgnda po ung itemsakto lng sa baby kodi sya maluwagat mukang comfy syang isuotthankyou seller,1,0,0,1,The review focuses on product and mentions seller.,,,,,
480,i just got it complete naman ang item and okay ang packaging no complain and definitely will order again,0,1,0,0,The review appreciates packaging.,,,,,
481,solid maganda sya quality pretty ang kulay hind masakit sa mata pag sinuot totoo na umiitim pag naarawan at ang shala nya tignan,1,0,0,0,The review focus on the quality and color of the product.,,,,,
482,thank u seller for shipping the item immediately honest review  okay na din ang quality sa binayad mo aarte ka pa ba recommended sa mga naghahanap ng mura pero mejo may quality the bad thing about the jogger naghihimulmol siyafor reference xxl fits perfectly sa 54 ang height kudos,1,1,1,0,The review is about price, quality, and shipping.,,,
483,great ganda po ng wall paper at nung pang flat hnd ko lang xa nalagay pa lahat kc medyo bc pa pero sure ako na oorder ulit ako recommended shop,1,0,0,0,The review points out product looks.,,,,,
484,super ganda and ok na ok cyang gamitin lalo na kapag brown out  thankyou seller  may konting bitak sa likod pero walang depirencya when i used it ilove it very much,1,0,0,1,The review praises product for a useful purpose and highlights the seller.,,,,,
485,thank you po ang ganda worth it po order ulit ako sasunod at sempre thank you sa asawa kong rider,1,0,1,0,The review appreciates the price of the product.,,,,,
486,hindi ko pa alam try ko din po dumating na po yung parcel ko hindi ko pa sya na try thank you,0,1,0,0,The review focus on parcel.,,,,,
487,super cute po nito ang comfy sa paa kahit all day ka magstroll or gumala pero sadly hindi kasiya sakin yong inorder ko well mali kasing size ang inorder ko kasalanan ko rin pero sobrang classy niya talaga guys bili ako ulit nito sa payday ang responsive rin ni seller,1,0,0,1,The review points out product appearance and responsive of seller.,,,,,
488,thank you seller maganda ang quality nang productsang bilis nakarating sa akinnagustuhan din nang buyervery accommodating sellerexcellent quality din po ang product,1,1,0,1,The review talks about product quality shipping and accommodating seller.,,,,,
489,ang bilis dumating maganda ang item kung ano ung nasa pic ganun dn tlga sa personal very affordae and worth it thank you selller i recommend and i will order again,1,1,1,1,The review highlights product delivery and price.,,,,,
490,kakainis sira un isa aduptor nya ayw gumana pero na sindi pareho un alawsayang nman hindi magagamit un isa sabi ko sa message ko paki check muna bago ship out,1,0,0,0,The review discusses product functionality.,,,,,
491,ok naman sya poor packaging lang kase nakalagay lang sa isang pouch no bubblewrap and no box sobrang delay ng shipping based sa screenshot d naman kasalanan ni seller anyway thanks,0,1,0,0,The review appreciates product and mentions poor packaging and shipping.,,,,,
492,good thank you seller completed and no damage st all comfortable suotin hindi masakit sa paa sana magtagal thank you,1,0,0,1,The review highlights product completeness.,,,,,
493,nice po item very handy mabilis din nkarating po item thank you seller sa uulitin,1,1,0,1,The review focus on product and mentions fast shipping.,,,,,
494,some lose threads here and there but not really a problem the color and the look is as it is in the picture catalog and had a pleasant surprise that the lace is on the sides,1,0,0,0,The review appreciated the product.,,,,,
495,magandaaaaaaaa magandaaaaaaaaaaaa basta magandaaaaaa 5 star sulitttttt thankyou din sa freebies stay safe god bless,1,0,0,0,The review is about the product.,,,,,
496,pmay damage yung beige sandals maganda naman sya kaso yun ngamura kasi salamat padin,1,0,1,0,The review highlights product and price.,,,,,
497,worth it thank you po narecieve kona po ung order ko ang gaganda ng mga ipit at kung ano ung nakikita nyo sya naman pong totoo pagdumating again maraming salamat po more power and god bless po sa ating lahat till next trans,1,0,1,0,The review focus on worth it product.,,,,,
498,worth it hindi kayo magsisisi very smooth affordable hindi rin siya delaylaggy sakto lang yung laki kasing laki ng bolpen okay siya sana tumagal sakin haha nagustuhan ng ate kooo salamat shopee uwu,1,1,1,0,The review mentions size.,,,,,
499,very good malambot ang tela at maganda salamat sa mabilis na pag ship ng produkto seller god bless,1,1,0,1,The review is about product delivery.,,,,,
500,super ganda nung item wala lang actual pic kasi tinatamad nako magpic hehe mag oorder ako ulit nito sulit na sulit salamat po seller,1,0,1,1,The review mentions worth it product and seller.,,,,,
501,good day  ambilis dumating ng order ko within 3 days dumating na thank you seller may free small wipe and ridergodbless,0,1,0,1,Fast delivery and thanking the seller.,,,,,
502,love the color love the design maayos ang item ngusthn k cya at mlki pla sya akla ko mliit lng halos half ng bed nmin skop nia very worth it to buy thank u seller,1,0,0,1,Good product, worth the buy and thanking the seller.,,,,
503,good maganda super worth it ang pag bili ko ang usa ani is for my friend and na gandahan siya thank you,1,0,0,0,good and worth the buy.,,,,,
504,palpak naman inorder ko iba iba sizeok na sana at maganda kaso iba iba sizetapos inorder ko ng 15 payday at pang reregalo ko sana ng christmaskaso di agad dumatinghayss ano bayanpero salamat padin binenta ko nalang kht lugi ako,1,1,0,0,Different sizes delivered,,,,,
505,maganda xa sa paamalambot at very comfortable sa paa pangtrabho man o pangjogging pwedeng pwede mu xa gamitin,1,0,0,0,good for feet, soft and comfortable.,,,,
506,solid to guys ganda ng product,1,0,0,0,good product,,,,,
507,5 star salamat seller and shoppeeemaayos na dumating ang product at original talaga yung bag plus no damage,1,1,0,1,good service for the product,,,,,
508,di mo need hawakan lagi ok nmn sy medyo maingay lng ipadala ko san s school ng anak ko kc mainit daw s room kaso maingay malapit p s tenga bk di mkpg focus anak ko s pg aaral o kay teacher but it serves nmn s purpose nya kaya,1,0,0,0,good, noisy,,,,
509,nice true to its size nice color and fabric its my 2ng time to order thank you shopee and rider salamat ng marami hangang sa uulitin,1,0,0,0,Product assessment,,,,,
510,25 pero sakto lang sakin i really like yung color light grey nakaplastic at mas okay sya compare kay black na hindi and yung garter ay mas loose kesa kay grayit looks like new tlaga yung greybut its okay mura lang naman sya,1,0,1,0,Product assesment + price,,,,,
511,pre order pero ang bilis dumating perfect pra sa maseselansana lang talaga nkaka purify sya ng airkahit wlang remote pde sya gamitin dahil touch screen naman po sya promote ko po ito sa mga prenship mo thankyou kuya ridertatandaan ko po name mopramis babawi ako sayo ng tip s susunod,1,1,0,1,speed delivery good product,,,,,
512,good ito how many times na ako dito nabili,0,0,0,0,General statement,,,,,
513,good quality new buyer po ako nto maganda po sya sulit sa price will oder po uli pag na ubos slamat po,1,0,1,0,Good quality, new buyer and good price.,,,,
514,sana manalo na sa next maganda naman yung binigay and gusto ko den siya wahhhhhan sjsjsbabeh dndjdhebdhdhejekske djdjdhxjdbtjgovpg glhphlypyktrnej ndieoeoaoa nfmrekiwwk ktmttoro,0,0,0,0,General,,,,,
515,ang handa niya pero masikip na pala ung 32 sakin order nalang ako ulit  thanks seller,1,0,0,1,the size is too tight,,,,,
516,black super nagustuhan ko sys malambot sya sa paa,1,0,0,0,I like black and soft.,,,,,
517,good complete items fast delivery super ganda worth the price salamat shopee salamat seller and rider,1,1,1,1,Complete itema, ganda, fast delivery, worth it,,
518,fast charging nga sya sana mag tagal thank you po,1,1,0,0,fast charging + thankyou,,,,,
519,manipis tela ng peanuts pero oks na for its price thank you,1,0,1,0,thin fabric but its okay for its price,,,,,
520,maganda siya pero manipis lang yung tela kailangan naka cycling kung susuotin sa labas ng bahay mura lang naman so sulit nadin thank you so much,1,0,1,0,Good, thin, mura,,,
521,ganda po ng pants nagustuhan naman ng nagpa order sakin nice na nice yung quality will order po ulet soon thank you seller and sa rider,1,0,0,1,good quality and thank the seller,,,,,
522,nakuha ko na maganda siya kompleto at nagana sana tumagal siya medyo amoy plastic nga lang pag nion siguro dahil bago thank you seller and shopee,1,0,0,1,got the product, complete, amoy plastic,,,
523,nagagamit both sides ganda nito pag naglalaro ako lagi kong ginagamit yung mga games na magddrag ng mga kineme like yung sa fill the fridge ganon sarap nya gamitin hindi late yung pag movensa phone,1,0,0,0,Can use both sides and good for gaming,,,,,
524,i give 4stars dahil ang item ay ok nman pero ang cellphone menu is iba sa expected ko na nkalagay sa image post nila sabi new version daw don lang ako na disappoint kunti pero overall nice item for backup po sa mahihina na signal,1,0,0,0,okay but not as expected,,,,,
525,thank you po maganda po ang tela comfy po masyado,1,0,0,0,Thank you, ganda and comfy,,,,
526,thank you so much havent tried it yet pero sana okay siya gamitin lalo na sa mga customers will surely order again if ever maganda gamitin,0,0,0,0,,,,,,
527,022323 wahhhhhh one of the best that ive purchased here in shopee sa school pa lang binuksan ko na hahaha thank you so much seller will surely order again god bless,0,0,0,1,,,,,,
528,thankyou po mabilis sya dumating at kumpleto iba itsura nya sa personal at pang matabang paa pala sya pero ok na ok naman po maganda din sya salamat seller,1,1,0,1,,,,,,
529,super comfortable sa paa sobrang ganda kahit na plasticrubber lang sya sulit na sya sa price nya thankyou seller will order again,1,0,1,0,,,,,,
530,ambilis dumating ang ganda ng mga items except sa tshirt na sobrang nipishindi pwede ipang alis pero yung mga jogger pants ok naman pngatkong order na sa shop,1,1,0,0,,,,,,
531,complete my order good packaging in very afordable ty seller,0,0,1,1,,,,,,
532,100010 sobrang ganda talaga i really recommend this product sa mga hindi pa bumili subukan nyo sobrang ganda nya at totoo talaga na may photochromic at antiradiation pa sya anyways so thankful ako seller sure will buy again,1,0,0,1,,,,,,
533,sobrang ganda ng packaging and ng item fit na fit pa saken so excited to use this thank you seller surely i will buy again,1,0,0,1,,,,,,
534,omg sobrang bango nyaaaa super worth it dahil dito ako bumili bili na kayo,1,0,0,0,,,,,,
535,matibay ang ganda niya super legit original mabilis din ang shipment at delivery thankyou seller at kuya rider,1,1,0,1,,,,,,
536,malambot sya sobrang mura for its price na sobrang ganda 2nd time to purchase ginagamit ko for walking jogging,1,0,1,0,,,,,,
537,kakadating lang hindi ko pa nttry s baby ko slamat,0,0,0,0,,,,,,
538,maganda at nagustuhan ni mrs gandang ganda at yun ganadotyak mabibinyagan uhhmmnyway tnx sa seller at rider and lazada,0,0,0,0,,,,,,
539,ang gandaworth it hindi ko na napicturanpero mukhang xa matibay,1,0,1,0,,,,,,
540,maganda sya solid ung kulay nya di ako nagsising binili ko sya ganda nya sa pader bili narin kayo da best to hehehehe iloveyou,1,0,0,0,,,,,,
541,long lasting thank you seller sa updated super bango niya at bet na bet ko yung scent super bilis lang din na ship out ni seller parang 3 days lang na sa akin na,1,1,0,1,,,,,,
542,thank you seller ang ganda po saktong sakto sa akin,1,0,0,1,,,,,,
543,wow ang ganda po  hnd aq mka paniwala n ganun lng ang price nya first time q po nka order ng ganito ka mura akalain mo 7 pesos at 17 pesos ganern  legit po maraming slmat seller  ang laki po ng na save q,0,0,1,1,,,,,,
544,got the ring light  well packaged naman siya nung dumating the led right was bright and the tripod was durable thank you po for the smooth transaction,1,1,0,1,,,,,,
545,super sulit 39 pesos super ganda ng tela and super fit sa kin saktong sakto sa katawan ko na medj chubby pa budol na kayo guys order ako uli next time ibang color naman huhu,1,0,1,0,,,,,,
546,ito na po order ko pero dko pa po na trysalamat shopee,0,0,0,0,,,,,,
547,dumating na po ang ganda maraming salamat po seller,0,0,0,1,,,,,,
548,okay nman goods nman ang quality ma try nga rin ang ibang kulay tapos makapal rin ang talapakan nice buy to,1,0,0,0,,,,,,
549,i love it maganda sya tas pag tinap mo sa screen na sesense sya ng maayos at di nag puputol pag nagsswipe ka so sa mga duda paren wag na po eto na yung signbilhin mo na hahahahaha,1,0,0,0,,,,,,
550,please check item before shipment please check the item before shipment item left earphone unable to soundhshshshdhjdndjjdndndndnxnxnxnxnmxmxmxmmxmxmxmxmmxmxmxmxmdmmdmxmd i will not order in this shop di maayos ang item nsnnnzsaaaakkkzmdbsbssooosissisiikkkkkkkkkakakwkwkskswppwsksjjsjs jwjwiwiwiwiwisisks photonseaguiled,1,0,0,1,,,,,,
551,maayos yung product diko na napicturan kasi ginagamit na siya ng kuya ko,1,0,0,0,,,,,,
552,ganda ng qualitythank you very much po,1,0,0,1,,,,,,
553,ok sensya na late ko naorder receive  walang damage maayos ang pagkaka pack gamit na sya ng pamangkin ko sa school nya,1,1,0,0,,,,,,
554,thank you so much seller sobrang bilisgood quality and ang ganda tlga super satisfied aqorder aq ulit sana my big discountthank you thank you seller were very very satisfied,1,1,0,1,,,,,,
555,ang gaganda po okay na okay ang quality salamat sa pag send ng tamang items i love it  thank you so much and god bless,1,0,0,1,,,,,,
556,gumagana naman at may auto automatic off xa after 68hours ewan ko lang kung kasama sa features nya un di ko kasi binasa ung box ok kung papatakan nga essential oil para quality lambing an nyo,1,0,0,0,,,,,,
557,black maganda sana pla small size lang kinuha ko but still maganda pden  thank you,1,0,0,0,,,,,,
558,thanks seller ok naman yun item sa murang halaga hindi kopa na try pero sana makahigop sya,1,0,1,0,,,,,,
559,pocket zippers work fine the price is just right lang for its quality mejo di ko lang type ung sa may tali na part di tulad sa mga nakita ko sa review anw thank u seller for this i might buy again next time hehehp,1,0,1,0,,,,,,
560,order received 10 stars for this super nagustuhan ko po especially the square pants mas maganda pa quality nito kesa sa nabili ko sa mall godbless you and to your shop seller,1,0,0,1,,,,,,
561,10110 maganda super ganda wala na akong masabi order again next time para pang gift naman sa mga prend kong di nag mmake up,1,0,0,0,,,,,,
562,super kapal maganda yubg slippers pwedeng pang labas,1,0,0,0,,,,,,
563,103 all good natry q na rin fast charger tlga xa  natuwa c hubby q kya maganda rate q thank u seller sana laging ganyan uorder ulit aq para sa tatay q ganda nya tlga di xa pang 50,1,0,0,1,,,,,,
564,kompleto yung orders ko tapos maganda naman yung quality ng mga items sulit sa presyo thank you seller,1,0,1,1,,,,,,
565,thank you seller and kuyang nag deliver,0,0,0,1,,,,,,
566,thank youuuuu soooo muchhhh greatttt qualityyyyy forrrr aaaa cheappppppp priceeeeee willllll buyyyyyyyy againnnnnn forrrrr moreeeeeee,1,0,1,0,,,,,,
567,ang ganda nagkamali lang kami ng size na order pero ok lang maganda naman ang product gray talaga order namin pero walang available kaya nag usap nalang kami ni seller pinalitan namin ng kulay at nag request na din kami sa ibang item mabait ang seller,1,0,0,1,,,,,,
568,legit guys so happy nag ordered ako sa store na tosalamat ng marami sellerkeep a good items po lagisalamat din po pla at ang bilis ng del,0,1,0,1,,,,,,
569,ang ganda niyaaaa sobrang worth it ang paghintay tapos maganda ring pen kapag digital artist ka kahit beginner ka palang,1,0,1,0,,,,,,
570,1010 super cute unexpected din po may mga stickers at kung ano ano pang ka cute an buy ako ulit para naman sa dalawa kong babies hahah ito samen to nang panganay ko tig isa kame thank you seller thank you shopee sobrang bilis din nakarating sakin ung order ko,0,1,0,1,,,,,,
571,nice quality salamat po sulit nmn yung binayad ko thank you shopee maganda din yung packeging walang damage sobrang bilis din iship thank you seller the best to,1,1,1,1,,,,,,
572,good quality maganda yung item and mabilis maship at dumating responsive din si seller recommended tong shop nato,1,1,0,1,,,,,,
573,nice maganda very affordable,1,0,1,0,,,,,,
574,mga sis sakto sakin yung orders ko diba kasi sa avon ako nagoorder pero natamad akong lumabas ng bahay kaya ayon triny kong mag order same size sa kinukuha ko sa avon okay naman siya hindi masakit sa hinaharap malambot siya,1,0,0,0,,,,,,
575,waaah ang ganda ng color at ang lambot po,1,0,0,0,,,,,,
576,second time to order ganda talaga ng item,1,0,0,0,,,,,,
577,ganda thanks seller ok ung payong and maganda quality pati kulay ang ganda order ulit ako sa sunod salamat po,1,0,0,1,,,,,,
578,ang ganda nya at gumagana ng maayos thank seller good product i recommend this shop,1,0,0,1,,,,,,
579,maganda nabili ko siya nung sale super worth it yung product na to strong talaga yung suction funtion highly recommended kudos seller,1,0,1,0,,,,,,
580,maganda malambot s paa and will order again,1,0,0,0,,,,,,
581,very nice sakto lang ung kapal nya sa price nya inorder ko ng sunday dumating ng monday thanks seller,1,1,1,1,,,,,,
582,maganda yung suction so far so good dami agad nakuhang dust ang bilis din dumating excellent quality well packaged item shipped immediatley will order again very accommodating seller kapag may pera ako ulit bili ulit ako hehehe mejo pricey lang kasi pero sulit na sulit,1,1,1,1,,,,,,
583,durable received my order in good condition well packed maganda at mukhang matibay ang payong salamat sa mabait na sellerwill order again soon iba namang color god bless po sa shop niyo,1,1,0,1,,,,,,
584,ok nmn yung fan hehe tas medyo matagal lang dumating kase pre order pa pala mga 2weeks din pero ok nmn yung item may level din ng lakas ung fan,1,1,0,0,,,,,,
585,100 ganda kala ko ma scam ako natatakot ako nung una pag bukas ko wow super legit talaga sya,1,0,0,0,,,,,,
586,10 i like this scent super duper bango niya long lasting talaga kahit mapagpawisan kana ambango padin kahit kinabukasan nasa damit padin,1,0,0,0,,,,,,
587,thank you sellermaganda po ung itemnagustuhan ko potill next time,1,0,0,1,,,,,,
588,75 ok naman yung kulay at quality niya kaso maliit talaga yung size,1,0,0,0,,,,,,
589,thank you so much pooooooiiiiiiiiiiioooooo nagustuhan poooooiii nv gagamit salamat po legit and working poooo more power pa sellers more costumers paaaaa,0,0,0,1,,,,,,
590,order received within 3days ang bilis ng delivery satisfied buyer here ang ganda ng quality po talaga god bless to your store maamsir,1,1,0,0,,,,,,
591,less than a hundred jogging pants no brands but fabric is good makapal pero malambot perfect for cold season thanks seller,1,0,1,1,,,,,,
592,good quality well packaged item shipped quickly sana lng tumagal yun color naman pinadala ok na rin thanks seller and thanks lazada pati kay kuya na nagdeliver congrats di ka naligaw sa lugar namin,1,1,0,1,,,,,,
593,thanku so much po i recieved complete items ganda ng quality na ship out din po agad ung mga items til our next transacti0n,1,1,0,0,,,,,,
594,good quality comfy sya soutin ang ganda as in hindi kayo manghihinayang sa pera nyosorry hindi n npicturan nasuot na kasithank you,1,0,0,0,,,,,,
595,this store deserve 5starganda ng product nila and the qualityhindi kayu mag sisisi,1,0,0,0,,,,,,
596,soo good thanks po shopee at sa seller order uli ako for sure kasi parang kulang yung naorder ko,0,0,0,1,,,,,,
597,super gnda nya sa labimatte sya talagaorder ulit aq next timemga 5 days sya bago dumating worth it namankaya pag kakaunti na order ulit akothamk you,1,1,1,0,,,,,,
598,omgg ang ganda ganda po hehe then kasyang kasya yung shoes i really really highly recommended this shop po this is my second time na bumili ako sainyoo thankyouu,1,0,0,1,,,,,,
599,maganda okay lang po ang quality swak sa price niyathis is my 2nd order,1,0,1,0,,,,,,
600,2nd time to order maayos yung una ngayon po mali yung color na binigay same tuloy nung dati kong order fast delivery kaso nga lang mali kulaygreen purle dapat naging blue purpleanyway thankyou seller and shopee,1,1,0,0,,,,,,
601,very good nabili ko sya ng 1 lng s tiangge 250 sya wla p discount mabilis dn ndeliver thank u seller,0,1,1,1,,,,,,
602,super bango neto legit ang sarap ng amoy,1,0,0,0,,,,,,
603,katulad ng review ko sa panty magkasabay sila dumating kaya super tagal ng inintay ko para mapasakamay ko ang items ok naman ang pagka packed but yun product itself mukang nakaka happy naman kasi kumpara sa iba parang breathable nga ang freling nito kapag suot mohindi mainit pero my pagka,1,1,0,0,,,,,,
604,mura na to compare sa ibang products makapal naman sya kaya keri na hindi ko lang alam kung kakalat sya pag nilabhan thanks,1,0,1,0,,,,,,
605,the product u cannot put sim card so far ok nman ung functions nya gumagana nmn lahat,1,0,0,0,,,,,,
606,thank you so much seller okay naman ang quality nya super bet ni bagets heheh will order again soon mabilis din dumating,1,1,0,1,,,,,,
607,received ko na order ko the item is good and well packed pinaship din agad yung item kaya nareceived ko agad thank you so much seller,1,1,0,1,,,,,,
608,annnnnggggggggggggg ppppaaaaaaaaannnnnnnnggggggeeeeetttttt nnnooooonnngggg paaaggggkkkkaaaakkkkaaaa ppprrriiiinnnntttt,1,0,0,0,,,,,,
609,got my order po thank you thank you seller for this very nice shoes what you see is what you get legit shopseller is mabait  thank you din po sa pag send ng picture bago e ship godbless your shop sa uulitin po,1,0,0,1,,,,,,
610,very nice delivery guy thank you seller for the product it looks nice sana d agad lalamig ang not coffee o mawalan ng lamig kapag malamig na inumin ang nilagay thanks shopee,1,1,0,0,,,,,,
611,quality of the product is superb thanks seller ndi mu q binigosuper happy kme ng frend q sabay kme ng order pra sa mga baby nmin salamat din ky kuyang rider,1,0,0,1,,,,,,
612,mas okay pala king meron small na size pero all goods thankyou,1,0,0,0,,,,,,
613,good mabilis sya dumating lahat ng order ko tama ang cute sulit ang bayad salamat seller at kay kua rider natin sa uulitn na pag order,1,1,1,1,,,,,,
614,thankyou seller super duper nice niya nagustuhan ko talaga tuwang tuwa ako hehe order ulit ako soon,0,0,0,1,,,,,,
615,okay naman yung products  kaya lang akala ko may free spatula na sya wala palapero very sealed naman po syathankyou seller,1,0,0,1,,,,,,
616,thanks seller and shoppehave a nice dayngayon ko lang po na upload,0,0,0,1,,,,,,
617,yes na yes mganda nmn at super nsatisfied sa pagkadlivered skin safe nmn dhil ibinalot nmn ng bonggang bongga medu kinabahan nga aqtkot aq mag order ng ganito sa mga online selling eh dhil bka nga damaged ang mrecb ko mauul8 pa cguro dhil d2,1,1,0,0,,,,,,
618,thank you seller ang gandathank you shoppee,0,0,0,1,,,,,,
619,super ganda tama yung color and size,1,0,0,0,,,,,,
620,good maganda yong mga item sakto sa dalaga ko yong slipper tapos yong wipes mabango yong mga item tama lahat walang kulang size color pag may promo order ulit slamat kay seller,1,0,0,1,,,,,,
621,nice thumbs up kay seller ok lahat ng umbrella lahat working and no damages super nice umabot pa delivery before christmas perfect pang gift sa mga kapatid at friends ko must order again in this shop,1,1,0,1,,,,,,
622,maganda gamitin pwede xang pang regalo malakas din ang hangin nia thank you seller sa mabilis na pag assist sa order ko at kay kuya rider sa pag deliver ng item thank you,1,1,0,1,,,,,,
623,ganda ng tela hnd nakakahiya ibenta sa mga customer nagsend dn picture c seller bago nya ship very accommodating c seller mabilis mag reply complete ung order ko nasunod dn ung color na pinili ko good job seller mabait dn c kuya driver na nagdeliver,1,1,0,1,,,,,,
624,thank you seller  btw dissapoint lang po kase ang nakalagay sa pang 3rd pic may gift  nung dumating naman sken wala naman pong gift pero oks lang  merry xmass  happy new year po,0,0,0,1,,,,,,
625,ganda nya kla ko mahirapan ako ikabit madali lng pla basta dahan at ingat lng sa pangdikit ang ending mukhang true na wood thank u order ako ulit,1,0,0,0,,,,,,
626,1010 cute first time ko magganito but it feels okay naman takes some getting used to but over all ganda niya love it,1,0,0,0,,,,,,
627,maganda cya thank you,1,0,0,0,,,,,,
628,ang gandaaaa gravehhhh oorder po ulit ako thankyouu seller at sa mabait at poging rider,0,0,0,1,,,,,,
629,salamat shoppemabilis dumating order kolaging ito ang inorder kong baby wipes sa baby ko dahil cheapest price sya pero maganda naman same pa rin naman sa mga mahal na baby wipes,1,1,1,0,,,,,,
630,okay na okay po yung na received ko thankyou seller nagustuhan ko po ito keep it up po more power and godbless sa business niyo po,0,0,0,1,,,,,,
631,pg 3rd time kn etook naman lahat at sana tumagalthank you selller at sa rider,0,0,0,1,,,,,,
632,i tried it first before rating intense at first i thought there wasnt much but when i checked the filter grabe ang galing tho the vacuum is a little noisy but it is effective,1,0,0,0,,,,,,
633,ok ung item goods,1,0,0,0,,,,,,
634,okay po ung air purifier na to so far so good pokaso may konting crack pohope sa susunod po masecure po ng maayos yong packagingpero thank pa rinsana po tumagal etothanks po seller,1,0,0,1,,,,,,
635,cellphone holder tsaka airpods pero hindi gumagana yung sa may left part,1,0,0,0,,,,,,
636,10 satisfied buyer here ang ganda worth it at ang gaan sa paa comfy size 8 si mama sakto lang sa kanya ang size 3637 size 9 ako sakto lang sa akin ang size 3839 for your reference order ako ulit ibang color thank you seller,1,0,1,0,,,,,,
637,the product is good medyo manipis lang well packaged mabilis naship this shop is recommended,1,1,0,0,,,,,,
638,pictures are not related to the product maganda yung item comfy suotin thank you,1,0,0,0,,,,,,
639,ang ganda ng payong no damage and makapal po yung tela ng payong salamat po,1,0,0,0,,,,,,
640,maganda at mura pa thank you will order again next time,1,0,1,0,,,,,,
641,thank you po its working fine and affordable pwede dn po isaksak sa powerbank there i was an empty piece of a shell just minding my own world without even knowing what love and life were all about then you came,1,0,1,0,,,,,,
642,na shock ako sa sobrang ganda hindi matigas e tiklopthank u seller really love it,1,0,0,0,,,,,,
643,finally dumating narin na stuck sa soc3 kasura nung 22 ko pa to inorder dumating 10 na i like it ang ganda mukhang mamahalin glad i chose white well packed nman kahit nayupi ung karton doesnt matter tatapon q rin naman un,1,1,0,0,,,,,,
644,nagustuhan ko siya kahit papaano napush naman at very comfortable pa isuot di kayo magsisisi pa ito ang binili niyo lalo na sa flat chested like mebuy na guys  wag ng patumpik2x pa,1,0,0,0,,,,,,
645,sobrang ganda niya at gumagana talaga thank you seller definitely 5 stars good quality and service will order again,1,0,0,1,,,,,,
646,maganda naman yung quality ng products pwede na kasi mura lang naman sya thank you seller  i will buy again next time,1,0,1,1,,,,,,
647,ang cool netoo ang ganda nya gamitin at smooth pa para ka talagang gumagamit ng normal pen and sulit naden,1,0,1,0,,,,,,
648,salamat seller swak lang din sa price ung keypad phone sana magtagal syaokay na din pang eload ko lang naman gagamitingod blesssalamat din manong rider,1,0,1,1,,,,,,
649,the nails all look so pretty slight color differences with the pictures on shopee but i expected it my order came with free nail files and nail jelly adhesives so that definitely was a plus thank you seller,1,0,0,1,,,,,,
650,okie sana hnd nga lang nag charge yong sa mirror na may fanpero mabait namn si sellergcash yong refund salamat,1,0,0,1,,,,,,
651,will highly recommend this shop quality wise 1010 medj matagal lang shipping,0,1,0,0,,,,,,
652,different size small order ko dumating 1small 2 xl,0,1,0,0,,,,,,
653,super effective against to my eyes subrang ganda nya akkkkk,1,0,0,0,,,,,,
654,as usual napakaganda talaga ng mga products niyo po salamat po at umabot sa christmas rush kahit maraming na order na deliver parin yung order ko in time thank you rin po kuya rider,1,1,0,0,,,,,,
655,sunday ko sya inorder and received ko agad ngayong thursday ang bilis ng shipping and tuwang tuwa ang kapatid ko will order again soon may sticker din syang kasama at resibo 100 percent na orig din sure it will last talaga thank you kim taehyung park jimin jeon jungkook kim,1,1,0,0,,,,,,
656,ang gaganda po thank you,0,0,0,0,,,,,,
657,super nice quality ganda din ng mismong product actually umorder ako ulit isa lang kasi inorder ko jasi tinry ko muna  nice namn so  order ulit  salamat photo not related nilabhan ko na agad,1,0,0,0,,,,,,
658,solid lake pala salamat po at sa rider salamat migo hahaha,0,0,0,1,,,,,,
659,what you see is what you get okay lang overall and excited na akong gamitin mejo malaki lang,1,0,0,0,,,,,,
660,amazing i really love the smell grabe ang bango at long lastingi finally found the shop na babalik balikan kooo will order for my bf this week kasi napaka bango ng perfume nyo i will buy him versace eros,1,0,0,0,,,,,,
661,maganda yung quality tama yung sizes as well as its color fast din na ship sana may pera ako pang invest dito para gawing business pero walang support sad layp,1,1,0,0,,,,,,
662,cotton this is my second purchase from this shop hehe gusto ksi ng hubby ko yung quality nagamit na niya ung two kaya 4 nalang napic ko mas bet ko ung color now hehe,1,0,0,0,,,,,,
663,super excellent yung mga items dito  ang gaganda pa  i like the quality and super mura pa god bless po s inyung lahat,1,0,1,0,,,,,,
664,maganda naman sya sobrang ganda ng quality kaso my dalawang sira pero okay naman guys solid,1,0,0,0,,,,,,
665,ganda yern photo and video not related i forgot to take pictures and video of the product but nonetheless the products were all delivered well and in good condition naman i really like them they fit sa kagaya kong well hahaha thank youuu,1,0,0,0,,,,,,
666,elastic hello ang ganda ng quality bili kayo dito sana dumami orders nyo lalo na sa mga meticulous fersons,1,0,0,0,,,,,,
667,100 napakaganda ng kalidad ng neto mukhang original talaga siya ang presyo ng produkto ay super worth it base sa quality niya ang bilis ng paghahatid very responsive din si seller so far this shop is my top bluetooth earphone store super recommended ang bluetooth earphone na to i like,1,1,1,1,,,,,,
668,thank you po ang ganda,0,0,0,0,,,,,,
669,the item is working perfectly fine pero sobrang worried ko lang nung makita ko yung packaging nung seller but thankfully nothing happens,1,0,0,0,,,,,,
670,love the color sana tumagal sana thanks seller,1,0,0,1,,,,,,
671,wow as in wow ang ganda nya kumpleto sya at may freebies pa lahat gumagana salamat sa seller at sa delivery guy ambait nya kasama ko sya sa unboxing he he thanks legit na legit,1,0,0,1,,,,,,
672,you need to put battery so you can use it so far okay naman and it works well at first its hard to assemble the battery  thank you seller parang lipstick lang ang dating into you can put it in small pouch,1,0,0,1,,,,,,
673,good malambot sa paa isoot tama lang pan skol ng kids thank u seller highly recommended,1,0,0,1,,,,,,
674,excellent good for the price hindi ganon kamahal tama lang sa presyo kung pagbabasehan sa iba,1,0,1,0,,,,,,
675,gandalegit hawk bagnasunod yung kulay na gustothank you poorder ulit ako nxt time,1,0,0,0,,,,,,
676,malakas yung buga ng hangin best product ive purchased,1,0,0,0,,,,,,
677,good maganda ang item maganda din ang tela ng mga sock ang delivery okay naman sakto lang ang dating recommend this shop,1,1,0,0,,,,,,
678,super bango nya and hindi matapang yung amoy sweet lang maayos din ang packaging will probably order again next time thanks seller,1,0,0,0,,,,,,
679,theres a big scratch written this after 2 days of using it okay naman,1,0,0,0,,,,,,
680,this is my 2nd air purifier from this shop parang mas bet ko yung isang purifier dahil nakikita mo ung mga indicator pero ok na din to para magkaiba sila may pa free tissue pa si seller siguro kasi sinabi ko na 2nd time ko na oorder  thank you,1,0,0,0,,,,,,
681,gandaaa rubber pala siya akala ko katulad sa ibang nabili ko na parang leather pero okay lang din maganda naman i added 1 size kasi alam kong maliit mga ganitong sandals kaya nagkasya siya sakin thank youu,1,0,0,0,,,,,,
682,maganda sana kaso durog yung high lighter kainis,1,0,0,0,,,,,,
683,diko pa masyado na try din to bat sana tumagal ang sana mgnda pag gmitin na pang picture thank you  slamat seller shopee and kuya rider dko pa masyado nttry pero gumagana po sya sana tumagal lng heheh thank you thank you  slamat seller shopee and kuya rider,1,0,0,0,,,,,,
684,ang ganda at malaki po syasalamat po seller,1,0,0,0,,,,,,
685,maganda sya pero bat ganun ito lang nakuha ko bali 2 items lang po tsaka nagkakapagtaka nman na 2k daw eh dinga aabot ng dalawang kilo ang timbang nito ehpero maganda talaga sya lalo na yung 1 piece nandun talaga c luffy,1,0,0,0,,,,,,
686,as usual yupi ang box pero okay naman ang tumbler thank youuuuuu,1,1,0,0,,,,,,
687,liquid di po sya sobrang bango huhu tama lang yung amoy nya mas mabango and mas long lasting yung di ko nabili here sa online huhu dalawa pa naman binili ko thankyou parin seller kasi safe nakarating ang aking order kudos po sayo and god bless us po,1,1,0,0,,,,,,
688,maganda quality un natanggap ko walang damage sa stand nya at working un light maganda dn pagkakapack mabilis lang dumating 3 days lang ata natanggap ko na goodjob seller,1,1,0,0,,,,,,
689,tama ang pinadalang color kumpleto walang kulang madikit din sya thank u will order again mura na rin sya sa price nya tysm,1,0,1,0,,,,,,
690,maganda nmn yung shade mabangoyun akala ko water proof pero thanks parin mura lang nmn,1,0,1,0,,,,,,
691,yaayy must recommend this sandals ang ganda super sulit plus di agad masisira kasi plastic will def buy again the other colors lakas makasosyal kahit affordable lang talaga best shopee find hihi may heels pang onti i love it thank you seller omgggg hihi,1,0,1,0,,,,,,
692,maganda the best it last 8 hrs sa malamig na tubig at init ang ganda at di siya mahirap dalhin maliit man siya pero goods na rin dahil pwedingpwedi siya ilagay sa backpack ko thank you seller kase nag send siya ng picture saka shinip out dahil jan 5 star,1,0,0,1,,,,,,
693,ganda walang damage sorry sa vid dko na nakuhanan sulit sa price nyaa nagustuhan ng tita ko will order again ty rider at kay seller godbless,1,0,1,1,,,,,,
694,excellent maganda ang quality ng sound at maganda din ang kulay ng product especially ang pink mabilis din pag ship ni seller ng product will buy again thanks,1,1,0,0,,,,,,
695,photo not related but the charger really works well thank you so much shoppee and seller mabilis rin dumating thanks again will definitely order again,1,1,0,0,,,,,,
696,okay naman sya nagana naman ng maayos at nag chacharge ng maayos nakakakuha ng buhok at mga dumi all goods,1,0,0,0,,,,,,
697,thank you maam yan perezgodbless,0,0,0,0,,,,,,
698,super bilis na deliver bongga buti nalang kasi super kailangan ko rin hahahaha thank you so much seller,0,1,0,1,,,,,,
699,bad trip ako d2 tagal ng deliver 17 checkout 27 dumating,0,1,0,0,,,,,,
700,fast delivery fit naman sa kin size 36 ako pero i ordered size 38 maganda kaya lang medyo nalukot anyway i will rate 5s p rin thanks,1,1,0,0,,,,,,
701,salamt po na gsto han s angkel ko,0,0,0,0,No explicit aspect mentioned.,,,,,
702,orders are completed fast delivery at first kala ko malaki kasi iba yung size yun pala dinagdagan siguro ni seller kasi maliit size sakto lang sya size namin size 36 kami thank u so much seller happy purchase,1,1,0,1,Fast delivery, size concern, seller interaction.,,,
703,good quality makapal yung tela and ganda rin ng color and style niya very aesthetic  will order again soon thanks seller,1,0,0,1,Positive feedback on product quality and material; interaction with seller is positive.,,,,,
704,ordered last dec  18 kahapon pa lang dumating jan 02 but still 55 kasi may freebies,0,1,0,0,Mentions delivery timeframe.,,,,,
705,well packaged and it was shipped immediately its very useful at hindi po masakit gamitin thank you seller,1,1,0,1,Well packaged, shipped immediately, useful, thanks seller.,,
706,di ko pa natatry kasi andun nadeliver sa isang bahay pero based sa review okay naman photos and videos are not related for coins purposes only,0,0,0,0,No explicit aspect mentioned.,,,,,
707,good quality kahit na mura good fit nagustuhan ko ung comfort habang suot ko xa ok dn ang packaging nakaplastic ng maayos fast delivery salamat ky rider na laging ngdedeliver samin will buy more again next time thank you shopee and seller,1,1,1,1,Quality, comfort, packaging, fast delivery, thanks rider and seller, mura
708,nice naman siya first time ko mg kakabit ng fake nails hope it will last thanks seller nice naman siya first time ko mg kakabit ng fake nails hope it will last thanks seller,1,0,0,1,Positive comment on the product, mention of hoping it will last and thanks to the seller.,,,,
709,maganda to nagamit ko pang esignature mejo matagal lang delivery pero sulit naman salamat shopee salamat din po seller,1,1,0,1,Product is useful, delivery took a while, but the product is worth it; gratitude to shopee and seller.,,,
710,thank you seller sa mabilis na transaction thank at kumpleto lahat ng irder ko lahat in good condition and working thank you din sa rider all goods kudos,1,0,0,1,Fast transaction, complete order, good condition, working, thanks rider.,
711,random maganda yung item kompleto balot nya tingin ko masarap sa pakiramdam sya suotin salamat seller at kuya rider,1,0,0,1,Positive item review, complete, well-packaged. Thanks to seller and rider.,,,
712,okay ung item maganda at mukhang walang leak angtagal lang na ship out pero oks,1,1,0,0,Item is good, but shipping was slow.,,,,
713,super bet  i love the quality hindi siya yupi nung dumating makapal at mabilis dumating,1,1,0,0,Quality is great, not dented upon arrival, fast delivery.,,,
714,very pretty apaka ganda ng product  planning to buy again next time for my parents and my husband as well,1,0,0,0,The product is very pretty and is planning to buy again next time.,,,,,
715,ang gandaaaa mahirap lang ilagay pag di sanay hehe will buy again ibang color naman mas ok sya kesa magpasalon na mahal fake nails na lang di naman halata haha,1,0,1,0,Product is beautiful, challenging to apply, cost-effective alternative to salon.,,,
716,maganda yung quality ng product easy to assemble although walang provided na manual man lang sa parts easy to use and very affordable,1,0,1,0,Good product quality, easy to assemble/use, very affordable.,,,
717,ok na ok for me anytime malamig o mainit on the go,1,0,0,0,The product is okay for use in both hot and cold conditions and is convenient.,,,,,
718,black maganda yung quality ng shoes i recommend this sa mga gustong mag boots hehe magandang pang porma especially pag may casual events kayo hdhezzz,1,0,0,0,Quality of the black shoes is good and recommended.,,,,,
719,thank you seller maganda ung shoes worth it ung one week kong paghihintay maganda naman ung quality ng shoes magaan sya paa sarap ipang jogging thanks again and godbless,1,0,0,1,The shoes are good, worth the wait, and the quality is good.,,,
720,still the bestselling jogger affordable and excellent quality will order again salamat shoppee lang malakas recommend this shop,1,0,1,0,The joggers are affordable and excellent quality, recommending the shop.,,,,
721,subper ganada thank you seller matagal ngalng dumating but worth it i really like this super di cya na tatangal ang ganda pa ng kulay  thank you thnk you po,1,1,0,1,Product is super good. It arrived late but it was worth it. The color is beautiful. Thanks seller.,,,,,
722,ok yung item buo yung apoy ng stove good buy sya mejo matagal nga lang dumating yung mga items my missing item ako na pumice stone pero narefund naman thanks seller,1,1,0,1,Item is okay, but delivery was late, there was a missing item, but it was refunded.,,
723,maganda sobrang ganda at unique siya bili uli ako,1,0,0,0,Product is beautiful, very beautiful, and unique. Will buy again.,,,
724,very fast delivery it took only 3 days to visayas receiving the package i was worried since theres no fragile sticker on it fortunately the product was not damaged and it works perfectly im really satisfied with this purchase thank you seller and shopee,1,1,0,1,Very fast delivery, product works perfectly, satisfied with purchase.,,,
725,effective this is worth the buy super lasting make up when i used this also laking tipid nya kaya nag order pako for one bottle i was able to use it for 3 mos grabe worth the buy,1,0,1,0,Effective, long lasting, worth the price.,,,
726,nice thank you sellermay kunti problema naayos naman namin,0,0,0,1,There was a small problem but it was fixed. Thank you seller.,,,,,
727,maganda at tama lahat ng size so affordable pa thankyou seller,1,0,1,1,Good, all sizes are correct, affordable. Thank you seller.,,,
728,good maganda sya mabilis dumating sakto lang sa akin 2xl akomaganda kasi to makontrol kain mo maganda din to maitago belly fats,1,1,0,0,Good, beautiful, fast delivery, it fits me.,,
729,okay naman yung item it served its purpose no damage fast shipping and well packaged naman will surely order again,1,1,0,0,Item is okay, no damage, fast shipping, well-packaged. Will order again.,,
730,okay yung product yung delivery rider lang pangit,0,0,0,1,Product is okay, but the delivery rider is not good.,,,,
731,suited for cement and wood wall it arrived fast and packaged well the texture feels like a tarpaulin and it is beautiful,1,1,0,0,The product arrived fast, was packaged well, and the texture is beautiful.,,,
732,mganada xa ay mabait c seller natawag pa para mag tanong about color and size kapag di availablenice nakakatuwa dto na aq kukuha ng paninda q salamat,0,0,0,1,The seller is nice and calls to ask about color and size when unavailable. I will get my supplies here. Thank you.,,,,,
733,goods sakto lang cya sa price  sa gusto malamn malaki ba or maliit sakto lang 2 inc roundcute cya tignan at may pa gift pa c seller sticker nga pang hehe,1,0,1,1,Item is good, right size, cute, and has a gift. Right price.,,
734,thank you seller ang gaganda ng mga sandals at maayoss naman ang pagkaka package pero may nabuksan lang na isang sandal pero okay lang naman wala namang damage and thank you rin po sa pa free na sweat pants,1,0,0,1,Sandals are nice, well packaged. There was a small issue with one sandal but no damage, and there was a free item.,,,
735,maskasya pala ang large saken pang 7pcs kuna to pero parang oorder uli ako ng large maganda kc items nila,1,0,0,0,The large size fits me. This is my 7th piece. I will probably order large again because their items are good.,,,,,
736,thank you seller sa uulitin,0,0,0,1,Thank you seller, until next time.,,,,
737,verygood quality worth it price pa langwag mgdadalawang e check out na agad yan pag nkita moto,1,0,1,0,The quality is very good and worth the price.,,,,,
738,okay naman ung items medyo manipis lang ung tela pero goods na for its price pag nagustuhan ni jowa order kami ulet next time,1,0,1,0,The items are okay, the fabric is a bit thin, but good for its price. If my partner likes it, we will order again next time.,,
739,super cute may battery pang kasama thanks seller,1,0,0,1,The item is super cute and has a battery included. Thank you seller.,,,,,
740,1010 10 out of 10  bilis nya lang dumating super bait din ni kuya rider sobranggg gandaaaaaa tinesting ko na kung mairarampa ng maayos and kavog na kavog talagaaa syaa worth every penny must buy,1,1,1,1,Fast delivery, super kind rider, very beautiful, worth every penny.,,
741,thankyou seller medyo madumi lang yung lagayan ng glue pero di nmn nakakaapekto sa product and ang gandaa nyaawill order again soon,1,0,0,1,Thank you seller, the container of the glue is a bit dirty but it doesn't affect the product, and it is beautiful.,,,
742,super bilis magship and goods ang product thank you seller and sobrang sulit ng mascara na nabili ko kahit mura lang,1,1,1,1,Super fast to ship and the product is good. The mascara is very worth it even if it is cheap.,,,,,
743,ganda ng quality ng slippers and super bilis dumating after 1day lang,1,1,0,0,The quality of the slippers is good and it arrived very quickly after only 1 day.,,,,,
744,awesome ang cute ng size na and lalo na yung color na fave ko di magulo dalhin kc wireless nga siya and may case happy for my purchase sa uulitin seller thank you so much,1,0,0,1,The size is awesome, the color is my favorite, it's not messy to carry because it's wireless, and it has a case. Thank you seller.,,
745,kumpleto ang orders and mabilis ang shipment tjamks seller will order again and tama rin ang mga kulay thankssssssss,0,1,0,1,The orders are complete and the shipment is fast. Thank you seller.,,,,,
746,hindi naman dumidikit ano ba itokitchen adhesive walang kwentasayang lang pera ko tatlo pa naman i norder ko di magagamitok naman yung para sa babyito lang talagaadhesive na to kahit sa mukha mo ilagay hindi dumidikit,1,0,1,0,The kitchen adhesive does not stick and is a waste of money.,,,,,
747,thank you seller maganda po ang qaulity at saktong sakto po sa order ko order po ako ulit nextime,1,0,0,1,Thank you seller, the quality is good and it fits my order perfectly.,,,,
748,1010 the quantity was lit and it takes a lot of time before ma lowbat thank you so much seller,1,0,0,1,The quantity was lit and it takes a lot of time before it runs out of battery.,,,,,
749,ang ganda nya size 40 na ang kinuha ko baka kasi ung size 39 nila maliit super ganda sana pala dinamihan kuna sa uulitin kasi ung mga gusto ko na iba sold out agad order na kayo dito,1,0,0,0,It's beautiful, I got size 40 because their size 39 might be small. It's very beautiful. I should have ordered more.,,,,
750,super budget friendly good afternoon super happy with this purchase we are using gomo sim for almpst 4 months much better sa other internet provider bihira mg log yun signal super affordable fast shipping ordered 1010 recieved 1011 the follpwing day good for the whole family  di muah muah,0,1,1,0,Very budget-friendly, super affordable, fast shipping.,,,
751,hagard ang ferson pero dahil sa eyeliner at mascara naging fresh tingnan,1,0,0,0,The eyeliner and mascara made the person look fresh.,,,,,
752,thank you so much good quality not bad for 116 pesos gonna order again thank youu so much thank youu so much thank youu so much,1,0,1,1,Good quality, not bad for 116 pesos. Thank you so much.,,,,
753,so bango nya talaga yung tipong mapapalingon ka pag may gantong amoy na dumaan sayo its sweet not too sweet but a perfection its also oild based so luv it talagaa the packaging naman po ay naka bubble rap na so its very safe and naka box pa nung na,1,1,0,0,It smells so good, it's sweet but not too sweet, and it's oil based. The packaging is bubble wrapped and in a box.,,,
754,okay lang manipis yung wire niya no doubt sa price,1,0,1,0,It's okay, the wire is thin, but no doubt for the price.,,,
755,thank you sellerganda ng quality nyothank you din po ky kuya rider,1,0,0,1,Thank you seller, the quality is good. Thank you rider.,,,,
756,ok never expected na ganito kaganda ung mga payong with its price very gud buy sya sana tumagal i will buy again this time ung 8ribs naman,1,0,1,0,Okay, never expected the umbrellas to be this good with its price. It's a very good buy.,,,,
757,good sa unang salang ng yelo mejo maliit ang nagawa then nun 2nd and third mejo lumaki na goods sya sa pang araw araw or pag may handaan pag biglang naubos ang yelo mo sa bahay,1,0,0,0,Good. The ice produced was a bit small at first, then it got bigger in the 2nd and 3rd tries.,,,,
758,i ordered so many different things in this shop and the other product has a really good quality but this earphones does not nasira kasi agad for less than a month na nagagamit,1,0,0,0,The other product has a really good quality but this earphones did not.,,,,,
759,good very nice super lovely what you see is what u get pag malayuan mukha syang legit n parisian slide ang ganda love it nakaorder n dn ako ng ibang color neto parang gusto ko bilhin lahat ng kulay,1,0,0,0,Good, very nice, super lovely, what you see is what you get. I also ordered other colors, and I feel like buying all the colors.,
760,akala q magaan mabigat pala xa na plastic but maganda nmn xa thanks po sa manong na nagdiliver,1,0,0,1,I thought it was lightweight, but it's heavy plastic. But it's nice. Thanks to the delivery man.,,,,
761,maayos ang packaging tlagang inayos para hindi mabasag hindi ko pa ngagamit pero mabilis ang deliver thank you,0,1,0,1,The packaging is well-arranged to prevent breakage, the delivery is fast.,,,,
762,100 percent useful ang bonga nya sobra tapos may pa freebies pa yung tyeso tumbler mismo maganda na at mukhang kayang sumabay sa hydro  aqua sulit talaga thank you sa shop na to sobrang affordable at magagamit ng anak ko ito mabait din yung nag deliver,1,1,1,1,100 percent useful and awesome. There are freebies, the tumbler itself is good and looks like it can compete with hydro aqua. Very affordable, and my child can use it. The delivery man is also kind.,,,
763,okay mahirap lang pindutin yung may watermelon design though okay na din,1,0,0,0,It's okay but the watermelon design is hard to press.,,,,,
764,very affordable  maganda ang item  will surely order again  thank you shopee and seller pati na rin kay kuyang rider,1,0,1,1,Very affordable, the item is good. Thank you shopee, seller, and rider.,,
765,good nakailang order na ko dito  nasusunod talaga ung gusto ko ariana grande cloud sobrang bango nya,1,0,0,0,Good, I've ordered here several times. My choice is always followed. It smells very good.,,,,
766,super ganda po at ang laki although matagal sya dumating worth it nmn po thanks seller,1,1,0,1,Super beautiful and big, although it arrived late, but it's worth it. Thank you seller.,,,
767,sulit naman sa price nya okay siya pag mag isa ka then naka earphones preferably earbuds para hindi makinig yung slight noise ng fan pero all in all its good might buy again soon,1,0,1,0,Worth it for its price, it's okay when you're alone.,,,,
768,ok sira ung isang clip and ung mask akala ko black ung hook and ung jewelry box mukang kadidikit lng dumidikit pa sa kamay ung dikit nya ung hair brush parang masisira na haha  pang reregalo ko pa naman but the rest of my order goods naman,1,0,0,0,One clip and the mask are broken.,,,,,
769,thankyou seller and rider working po lahat and super muraaaaa hehe will order again soon pag may kailangan pa ko thanks,1,0,1,1,Thank you seller and rider, everything is working and super cheap.,,,,
770,worth it every item i purchased in this shop it is a fast transaction and i will buy more soon thankyooou seller will purchase again,0,0,0,1,Every item is worth it. It is a fast transaction. Thank you seller.,,,,,
771,maganda sya thanks seller,1,0,0,1,It's beautiful, thanks seller.,,,,
772,gand ng packaging mabilis lang din deliver tsaka maganda siyang gamitin very useful ginamit ko agad siya sa kama namin,1,1,0,0,The packaging is good, the delivery is fast, and it's good to use and very useful.,,,
773,considering its price super nice ng quality makapal ang tela and it looks expensive good for everyday use thank you seller,1,0,1,1,Considering its price, the quality is super nice, the fabric is thick, and it looks expensive. Thank you seller.,,
774,good super nice and i like it so much thanks seller godbless po suoer bilis po ng diliver thnk u,0,1,0,1,Super nice and I like it so much, thank you seller, the delivery is super fast.,,,
775,i like it so much walang wire medyo masikip hehe dapat pala 40 inorder ko hehe my fault order nalang ulit ako maganda din ang quality atleast ngayon alam ko san ako bbili ng mga magaganda bra  thankyou keep it up seller,1,0,0,0,I like it so much, there's no wire, it's a bit tight. The quality is also good.,,,
776,good quality maganda ung fit nyamaganda at makapal ung tela salamat s seller pangalawang order ko n to,1,0,0,1,Good quality, the fit is good, the fabric is good and thick. Thank you seller, this is my second order.,,
777,100 thank you po sa pag hatid ng maayos ng mg order ko po maraming salamat po,0,0,0,0,Thank you for delivering my orders properly, thank you very much.,,,,
778,good the product is worth it for its price and i really recommend this shop very accommodating si seller and comes in good quality naman siya,1,0,1,1,The product is worth it for its price. The seller is very accommodating and it comes in good quality.,,,,,
779,cute and nice magaan lng ang cute niya cheap compared to other seller bilis din naship thank you definitely will order again,1,1,1,1,Cute and nice, lightweight, cute, cheap compared to other sellers, fast shipping.,
780,nice its good comfy medyo maliit lang pala yung nakuha kong size haha kala ko sakto lang since maliit lang naman booby ko kaso di siya sakto sa positions so yea pero cute pwede na rin ganito ang magandang gamitin since di siya mafoam ang lightweight lang thank you,1,0,0,0,It's good and comfy, but the size I got is a bit small.,,,,
781,thank you shopee sa sexy bra mabilis ang delivery maganda ang tela mura lang po sya thank you kay seller at kay kuya rider 2x n po ako naka order nya mukhang mamahalin hehehe,1,1,1,1,Thank you shopee for the sexy bra, the delivery is fast, the fabric is good, and it's cheap. Thank you seller and rider.,,
782,worth it i really love this simsuper worth it sa 1month unlisulit talaga ang gamit moamblis dumating kahit sa province pakudos seller,1,1,0,1,Worth it, I really love this sim. Super worth it for 1 month. It arrived quickly even in the province. Kudos seller.,,,,
783,ang ganda worth it bilhin sira yung lagayan pero hindi na mahalaga basta ang ganda nung payong huhu,1,0,0,0,It's beautiful and worth buying. The container is broken, but it's not important as long as the umbrella is beautiful.,,,,
784,i ordered it march 25 and dumating na sya agad ngayon super fast deliverythankyou seller and spaecially kay kuya rider,0,1,0,1,I ordered it March 25 and it arrived today. Super fast delivery. Thank you seller and rider.,,,,,
785,magaganda lahat ng bra will order again soon thank you seller sa smooth transaction mabait pa si seller,1,0,0,1,All the bras are good. I will order again soon. Thank you seller for the smooth transaction. The seller is also kind.,,,,,
786,the best shoes ive order as in napaka gandaaaaaa wala akong masabiii,1,0,0,0,The best shoes I've ordered, it's very beautiful, I have no words.,,,
787,whatt you see is what you really get the quality is so good and im so happy with itsurely buy again and get many as i can buy thank you for this product,1,0,0,0,What you see is what you really get, the quality is so good, and I'm so happy with it.,,,
788,giving this a rate 5 sobrang ganda ng mga items and it is well packed seller sent me also a picture before shipping thank you so much surely will order again,1,1,0,1,Giving this a rate 5. The items are very beautiful, and it is well packed. The seller also sent me a picture before shipping.,,,,
789,dito po kayo umorder ang ganda at lahat gumagana legit guys nagagamit ko xa lalo na dito samin kc wlang kuryente sa gavi,1,0,0,0,Order here, it's beautiful and everything works. Legit guys, I can use it especially here because we don't have electricity in Gavi.,,,
790,goods na goods po for its price i will order again seller nagsend pa si seller ng picture po ng order,1,0,1,1,Very good for its price. I will order again. The seller even sent a picture of the order.,,,,,
791,ang ganda po sa paa malambot po siya pero medyo maliit lang kasi dapat mag add 1 size kayo but satisfied buyer here thankyou,1,0,0,0,It's beautiful on the feet and it's soft. It's a bit small, so you should add 1 size.,,,,
792,good well recommended protected yung items plus nagsend si seller ng pic before nya ipack and ship will buy again,1,1,0,1,Good, well recommended, the items are protected, plus the seller sent a picture before packing and shipping.,,
793,the scent is similar but not quite it overall the perfume is good naman it focuses more on citrus than powder notes nga lang but okay naman,1,0,0,0,The scent is similar but not quite. Overall the perfume is good.,,,,,
794,tama lang sya sa akin thank you po,0,0,0,0,It fits me just right, thank you.,,,,
795,nice thank you seller nagustuhan ni mother ko po sana po magtagal worth the price makisbay sa uso,1,0,1,1,Nice, thank you seller, my mother liked it. I hope it lasts, worth the price.,,
796,not sure if hindi pa lang sobrang dumi or mahina lang sya humigop or nag expect ako nalinis na namin mga bed unan and sofa pero yan lang nakuha ung papel for testing lang prang mas ok yung normal vacuum kasi mas malakas tsaka pati mga sulok sulok nakukuha,1,0,0,0,Not sure if it's just very dirty or it doesn't suck well.,,,,,
797,ganda nang item feel mo talaga ang quality and of course gumana naman,1,0,0,0,The item is beautiful, you can really feel the quality, and of course it works.,,,
798,ang ganda po sobrang worth it ng binayad ko oara dito walang problema sa packaging sobrang secure nya maganda syaaaaa,1,1,1,0,It's beautiful, super worth what I paid for it. There are no problems with the packaging, it's very secure, and it's beautiful.,,
799,gandaaa ang expect ko matigas ung mga nabili ko pero malambot pala siya di q sure kung good or bad thing ba yun pero okay na komportable siya sa paa,1,0,0,0,Beautiful, I expected the items I bought to be hard, but they're soft.,,,
800,maganda ang tela at ang lambot kasya na man sa akin no damage at all ang items kahit matagal dumating malambot na man siya at d masakit gamitin i recommend this shop,1,1,0,0,The fabric is good and soft, it fits me, no damage at all to the items even though it took a long time to arrive, it is soft and not painful to use.,,
801,2nd order kona to from this shop and it didnt disappoint me worth it and makapal tlga ang tela might buy again from this shop,1,0,1,0,,,,,,
802,good thank you po at nagamit n xia ng mga anak kogod bless,0,0,0,0,,,,,,
803,sobrang laki at sobrang ganda thank you seller,1,0,0,0,,,,,,
804,goods parcel received ang cute ng mascara  ang ganda niya sa pilikmata thank youu seller,1,1,0,0,,,,,,
805,soooo useful happy with these wet wipes talaga sya hindi agad natutuyot,1,0,0,0,,,,,,
806,good ok yung charger fast siya at gumagana ng ayos legit fast charger at order ulit aq pranmn sa anak ko,1,1,0,0,,,,,,
807,dapat 1 star lang to eh kasi 3 sa items na inorder ko iba naman design nung dumating kaso cute naman kaya sige 5 star na lang,1,0,0,0,,,,,,
808,tatlo po order ko dumating dlawamganda nmn sya kulang lang,1,1,0,0,,,,,,
809,ang ganda at ang cute niya maliit lng talaga siya and functional naman siya at buo ang sound,1,0,0,0,,,,,,
810,good same as picture same to ng bayfree mascara siguro eto din yun iba lang brand parang soft gel sya water resistant maganda din na madali matanggal pero matagal staying power at di parang semento,1,0,0,0,,,,,,
811,i really like the shirt tamang tamang lang un medium size thank you seller,1,0,0,1,,,,,,
812,superrrrrrr cute kasya talaga sa sling wallet ko very handy and makapal ang cloth nya very nice color too magagamit ko na ito today now na hehehe responsive din c seller chat thank you,1,0,0,1,,,,,,
813,goods nmn at tama lahat ng items kaso yung skintone na color is merong parang lipstick na mantsa d ko alam ano yun kasi red na parang lipstickpero all in all goods will order again,1,0,0,0,,,,,,
814,it was good hindi ako medyo maalam when it comes to checking how good its specs are but sulit naman na din naman for its price based on my initial test,1,0,1,0,,,,,,
815,very good complet with a freebies maybe next order their new freebies is a smart watch lol but seriously the quality of the lenovo brand is really good you dont need to buy an apple or a samsung brand because lenovo already have all of it in aound quality and,1,0,0,0,,,,,,
816,lights ang cute nya nagustuhan ng anak ko hindi lang pwede pagsabayin yung ilaw at fan tas syempre madaling malow batt pero goods na din kc mura lang naman sya,1,0,1,0,,,,,,
817,very good thank you seller grabe ang ganda talaga nang eyeglass nato ito pinaka gusto ko hindi sumasakit yung mata ko pa ito ang gamit ko,1,0,0,1,,,,,,
818,maraming salamat po sa aking seller na maganda po ang aking item na ship po sa rider at maraming salamat din po sa shoppee nag online business more blessings and god bless all the online business,0,1,1,0,,,,,,
819,very accomodating seller first buy sa shoppee so far quality is okay product has no damaged well packed and mabilis din ang delivery will feedback again para sa quality,1,1,0,1,,,,,,
820,ok xa nice thank you so much po seller and shopee and kuya nagdiliver,0,0,0,1,,,,,,
821,nice ok naman dumating bago ang christmas pang gift sa mga bata pero hindi pala lahat may karton or lagayan gagawan ko na langthank you seller,1,1,0,1,,,,,,
822,gand ng design and complete orders plus may pa freebie pa si seller mabilis din na shipped ni seller sana magtagal sya saken will order again,1,1,0,1,,,,,,
823,ok lng naman po maayos naman dumatingkaso di ko pa natrysamat reseller at kay kuyang rider,0,1,0,0,,,,,,
824,okay naman ang scent and sa long lasting sakin tumatagal naman ng atleast 812hrs pang 2nd buy kona to triny ko muna yung 5ml saka ako bumili nito and super okay naman for the price,1,0,1,0,,,,,,
825,wrong color i ordered caramel but instead gray dumating sakin di man lang nag pm or nagpaalam muna si seller na papalitan niya kulay basta shinipped nalang agad,0,1,0,1,,,,,,
826,good quality nkakahigop nmn ng alikabok at mga buhok,1,0,0,0,,,,,,
827,mukha naman matibay pangalawa ng order ko nagustuhan din kc ng byenan ko thank you seller,1,0,0,1,,,,,,
828,ang gandaaaa thank you seller,1,0,0,1,,,,,,
829,maaga dumating yung order huhu thankyousomuch po seller super ganda po nang order ko sobrnag nagustohan nang buyers ko huhu order ulit ako thankyou din po ki kuyang nagdeliversa uulutin po ulit keep safe everyone,0,1,0,1,,,,,,
830,ang ganda natural lang muna yung pinili kong kulay dahil first time ko magfake nails and i love it will order again soon,1,0,0,0,,,,,,
831,order received complete ang orders ko and walang damage ang items ang liit ng sizes nag add 2 size na ako pero ang liit pa rin para sa lalake,1,1,0,0,,,,,,
832,good what you see is what you get complete items and tama lahat ng kulay very thank you seller i will buy soon again,1,0,0,1,,,,,,
833,ang gandaaa ng quality for its price matagal din malowbat kaya sulit sa byahe,1,0,1,0,,,,,,
834,napakaganda po ng shoes and super accomodating si seller matibay at maganda what you see is what you get,1,0,0,1,,,,,,
835,amazing superb love the quality  worth ur money and quality qise love it buy here now promise di kayo magsisisi,1,0,1,0,,,,,,
836,ok namn manipis lng sya parang yero  tas depende din sa stove kubg saan sya kakasya  btw  thank you,1,0,0,0,,,,,,
837,okay naman pokaso dalawang mousepad binigayeheheeakala ko maypamouse nawhahahapero okay naman pothank you padin popwede na pang gift yung isa ehehe,1,0,0,0,,,,,,
838,good thank you seller maayus yung items thank at mabago siyaat pati kay kuya rider,0,0,0,1,,,,,,
839,para sa aming baby kambal so excited na magamit nila to thank you so much seller,0,0,0,1,,,,,,
840,good i am really satisfied with my order the shoes are very very very cute sulit po ang price ng shoes will order again from this shop,1,0,1,0,,,,,,
841,sobrang tipid sa gas at magagamit din sya kahit sa kerosine stove,1,0,0,0,,,,,,
842,super love it ang ganda nya,1,0,0,0,,,,,,
843,good oh my gahhhaafddhindi ko inakalang ang tibay pala niyatapos automatic pahindi ko rin akalain na medyo malaki pala yong size niya akala ko pariho sa ibang payong na maliit lng na mailagay sa maliit na bagito malalagay rin namn sa bag pero dapat malakilaki rin size nang bag mo,1,0,0,0,,,,,,
844,magaganda yung items thanks seller ill be buying againmagaganda yung items thanks seller ill be buying again,1,0,0,1,,,,,,
845,thank you my niece loves to draw kaya niregaluhan ko siya nito love niya daw yung kulay kasi color pink matagal nga lang dumating kasi nasa malayo pa kami pero okay naman,0,1,0,0,,,,,,
846,good mabilis ang dating at maayos ang pagkabalot ang ganda ng item sulitbna sulit sa price ang mura lang mauulit ulit sa pagorder nxttym 100 legit buyla na kayo,1,1,1,0,,,,,,
847,thank you shopee npkaganda yong rubber shoes at napaka npakalambot pa mura na quality pa sakto lng yong size n naorder ko at kasiang kasia have a bless day shopee more power to you,1,0,1,0,,,,,,
848,thank you seller sobrang ganda talaga,1,0,0,1,,,,,,
849,got it in good quality and on sale pa ang ganda po fits just right since add 1 size bigger sya fast shipping also thank you ulit,1,1,1,0,,,,,,
850,very good mura lng for my daughter sa skul nya mainit na kasi masyado sana tumagal,1,0,1,0,,,,,,
851,ok naman for its price thank u,1,0,1,0,,,,,,
852,madikit mabilis ang shipping complte order thank u po seller,0,1,0,1,,,,,,
853,excellent 5 star napaka ganda po,1,0,0,0,,,,,,
854,all black mejo maliit lang sa size 43 but the product is good,1,0,0,0,,,,,,
855,maayos ang package walang damage at well packed thank you seller sana magtagal at magamit ng maayos salamat din sa rider na iningatan ung parcel thank you shopee,1,1,0,1,,,,,,
856,super good sa murang halaga highly recommended thank you so muchhhhhhhhhhhhhhhhhhhhhhhhhhhhhhhhhhhhh,0,0,1,0,,,,,,
857,maganda naman siya kaso mukhang mas manipis yung tela compared sa una kong nabili at sana kasya kasi di ko pa natatry hahahaha thank you seller,1,0,0,1,,,,,,
858,very good xa malambot sa paa at mukhang matibaymag order ako ng isa pa,1,0,0,0,,,,,,
859,sobrang ganda thank you seller thank you seller thank you seller thank you seller thank you seller thank you seller thank you seller thank you seller thank you seller thank you seller thank you seller thank you seller thank you seller thank you seller thank you seller thank you seller,1,0,0,1,,,,,,
860,very handy and kasya po sya sya maliit na bag 1010 i am super satisfied with my purchased ang ganda po niya s personal it is worth thr price pang mall quality po yung umbrella na to i also love the size kasi napaka handy lang po nya thr color,1,0,1,0,,,,,,
861,its very nice sobra thanks seller i love your products po might order soon hehe keep up the good work po sa inyong lahat,0,0,0,1,,,,,,
862,thank you po gustong gusto ng ank ko,0,0,0,1,,,,,,
863,i like the product very well sana d masira agad thank you seller,1,0,0,1,,,,,,
864,maganda ang mga kulaybagay sa apo kothank you seller,1,0,0,1,,,,,,
865,ang ganda ng qualityfast deliverythank you seller,1,1,0,1,,,,,,
866,apaka ganda subrang ganda affordable pa finally miron nadin ako gusto ko sana pink kaso wala na piro kahit green worth it naman po order ako nito olit bagu ako uuwi,1,0,1,0,,,,,,
867,leather leatheran yata bang dali dumating hahahahaha manipis sya and its not heavy unlike the other boots well its good for its price i suggest that dont use it everyday cuz baka madaling masira but overall loevuette,1,1,1,0,,,,,,
868,cutie ng sandal kahit di ko na receive ung isang item pero nag chat nman si seller letting me know na unavailable na ung isang item na inorder komaaus kausap at na refund nila ako ng maayos surely will buy again sa shop na toh,0,0,0,1,,,,,,
869,fast delivery will try muna kung effective then edit ko tong review nagsesend si seller ng piicture bago ipadala thank you seller,0,1,0,1,,,,,,
870,super ganda ng quality great buy mabilis dumating thank you and will definitely buy again thank you seller thank you shopeeeeeeeeee,1,1,0,1,,,,,,
871,worth the purchase for the ammount of 120 pesos not bad na sa quality and design very elegant looking,1,0,1,0,,,,,,
872,maraming salamat shopee seller and courier for the smooth transaction  maayos ang packaging ng bawat item okay naman tela,1,1,0,0,,,,,,
873,im so happy kasi nasunod mga gusto kong colors thank u seller,0,0,0,1,,,,,,
874,light weight bilis ng delivery took only 2 days parcel is secured difficult to open to check the inside dko tuloi malaman if me plastic ung filter and sana ung remote in english read and watch good reviews nman and i think worth the price sana lang tlga magtagal sya,0,1,1,0,,,,,,
875,packaging is cute super clear ng sound and di hassle gamitinsafe din nakarating im happy w my purchase,1,1,0,0,,,,,,
876,good my 2nd time to order all is good however yung panty na itry ko pa lang sana ngayon eh mali yung size na pinadala so wala din di rin masusukat,0,1,0,0,,,,,,
877,maganda nman xa kaso kala q coloredpero ok n kc ang cute niasna hindi to madali masirakaso hirap mag kasignal,1,0,0,0,,,,,,
878,super effective sobrang nagutuhan ko cute tapos nice yung mga shades kulay i relly like it,1,0,0,0,,,,,,
879,legit seller fast deliver 1 araw lang deliver agad thank you po may unli data nako 1month,0,1,0,0,,,,,,
880,good i love the fragrance at maayos din naman kaso namali pala ako ng napili yung isa pala dapat yung nag papalit ng color  salamat seller,1,0,0,1,,,,,,
881,pwede na pang trabaho sa price pwd na kesa s palengke mas mahal dun mabilis din ang deliver sana mag kasya kay hubby ko slmat kay seller and delivery driver kht ngayon lng nasarap ng tulog at nagising pa dahil syo hahaha,0,1,1,0,,,,,,
882,ang ganda nun bed ang laki nia bka kpg 1yr old n ang baby kasya p rn dto wala lng pla siang 2 unan n mhaba pero mganda sia all in all thankyou seller,1,0,0,1,,,,,,
883,good eve po i got my parcel todaythank you seller for complete and no damage po lahatok nman po sya medyo hindi lang masyado makapal yung tela unlike s enorder ko sa iba n shopthank you shopee and s rider,1,1,0,1,,,,,,
884,maganda sa murang halaga rubber sya at magaan bilis pa naship ni seller thanks,1,1,1,1,,,,,,
885,mganda po sya promiseuulit p q umorder5 star ka skinthank u shoppee tsaka kay kuya na nag deliver po,1,0,0,1,,,,,,
886,ty verry much sa seller nitong ilaw sana dito na kayo bumili,0,0,0,1,,,,,,
887,maganda na quality ng sound para sa murang presyo nya may tupi nga lang yung charging port kinailangan ko pang ayusin para maipasok yung charger,1,0,1,0,,,,,,
888,good no damages ang ganda tama ung kulay na gusto ko thanks seller,1,0,0,1,,,,,,
889,ok nmn xa pero black ang order qblue ang dumating,0,0,0,0,,,,,,
890,very durable stays cold for a long time secured ang packaging been using it for a week and its a good buy may brushes din which is good too,1,1,0,0,,,,,,
891,dabest talaga tong sandal na ito super nice sya sa paa nakakaputi sa paa yung beige na kulay salamat ng marami seller hehehe,1,0,0,1,,,,,,
892,maganda naman syapero bkit mali ang kulaypink po order kobakit kulay blue pinadala nyo,0,0,0,0,,,,,,
893,natanggap ko na po what you see is what you get po nice quality recommended this shop po thank you seller and shoppe,1,0,0,1,,,,,,
894,hi thank you sa pag deliver mabilis naman ang pagdating niya magabda din ang item nakuha ko lang siya nitong sale for only 88php malaki tukong sakin nito pag mag edit kudos sa store and sana long lasting siya hehe,1,1,1,0,,,,,,
895,yellow its my nth times ordering to this shop never pa ako binigo ni seller sa quality ng mga sandals nya,1,0,0,0,,,,,,
896,one of my 1010 order and i received it after 2 days super bilis dumating and was wrapped properly no damage cant wait to try it out on pillows mukha naman sulit automatic 5 stars will use for at least till before christmas and will buy as a gift for,1,1,1,0,,,,,,
897,pak na pak sya pang awra sissss lalo na yong hanboli 1 recommended ko to para sa mga morena like me thank you sellerrrr more orders to comeee,0,0,0,0,,,,,,
898,receive ko na po order ko maayos namang dumating kaso kulang ng isang brush but its ok chinat ko naman si seller ang responsive nya kausa at nag rereply thank you seller sa pa freebies na shades i will order again,0,1,0,1,,,,,,
899,ang ganda ng tsinelas saktong sakto sa paa ko ang cute niya tingnanthank you po seller sa uulitin,1,0,0,1,,,,,,
900,may konti syang sira sa parteng baba pero kaya naman ayusin worth it naman sya sa pera maganda rin ang tela salamat seller and shoppee,1,0,1,0,,,,,,
901,good na gustohan ko kase makapal syahindi masisira agadthank you seller,1,0,0,1,Product (makapal, hindi masisira agad) and Service (thank you seller),,,,
902,ok lang next time be true na lang para walang return na nagaganap kung ano sana ang inorder ng customer ganun din sana ang ipadala nyokasi waist ng time para sana maulit ang customer sa inyo salamat  god bless,0,0,0,1,Service- Customer is asking to double check item to avoid returns,,,,,
903,mabilis dumating order ko magnda din tela nia at sakto lng din sa asawa ko thank you seller,1,1,0,1,Product (maganda tela), Delivery (mabilis dumating), and Service (thank you seller),,,
904,10 i live the color and super affordable sya mabilis din dumating,1,1,1,0,Product (color), Delivery (mabilis dumating), and Price (affordable),,,
905,salamat seller ang ganda ung item leget tlga god bless you more at kay kuya rider na mabait,1,0,0,1,Product (maganda, legit) and Service (salamat seller, rider na mabait),,,
906,good thankyou sellermatibay syaat ngustuhan ko ung color thankyou,1,0,0,1,Product (matibay, color) and Service (thank you seller),,,,
907,worth it 100100 maganda sya worth it ang pag bili sa item na ito una una maliliit muna ang ilalabas na yelo pero pag na umpisahan na solid na yelo na ang lumalabas worth it sobra nagustuhan din ng father in law ko,1,0,1,0,Product (maganda, solid na yelo), Price (worth it),,,
908,affordable na god wuality pa san kaa pa hahahahaa will order again dahil tag tilid tayo value for money is super check g,1,0,1,0,Product (god quality) and Price (affordable, value for money),,,,
909,received items in good condition at tama yung color at sizes ng order ko thank you seller and pinipicturan ni seller bago pa shipwill order again,1,0,0,1,Product (good condition, tama yung color at sizes) and Service (thank you seller, pinipicturan bago i-ship),,,
910,ok cute and ok na for very cheap price this shop is very recommended very fast delivery and rider was great also thank you seller and shopee,0,1,1,1,Delivery (very fast delivery, rider was great), Price (very cheap price), and Service (shop is very recommended, thank you seller and shopee),
911,rubber ganda and mura kesa s palengke k bibili lalot alam nila magpapasko kya mas bnili ko ng shoes mga anak ko s shoppee eh thank you seller,1,0,1,1,Product (ganda) , Price (mura) and Service (thank you seller),,,,
912,ok naman yung sandals yung dior lang di kasya sakin kahit ng add one size na ko super liit pa din mabilis naman nadeliver at mukhang matibay,1,1,0,0,Product (mukhang matibay, di kasya), Delivery (mabilis naman nadeliver),,,
913,maganda siya nagustuhan kosalamat sellergod bless po salamat din sa nagdeliver,1,0,0,1,Product (maganda) and Service (salamat seller, nagdeliver),,,,
914,thank you so much kay seller and shopee 2and time to buy and this time pang christmas gift ko na complete and correct yung colors and in good condition,1,0,0,1,Product (complete and correct yung colors and in good condition) and Service (thank you so much kay seller and shopee),,,,,
915,very suitable for students and workers sorry if media does not relate to the product nevertheless very true to its promotion yung tumblers actually twice na akong nagorder from the shop and so far hindi pa naman ako nadissappoint dito definitely hoping for more transactions soon,1,0,0,0,Product - Mentioned tumblers.,,,,,
916,hindi ko na matandaan ilan beses na ako nakaorder sa shop na to but still all items shipped are all in good quality and good condition 3d socks are all cute and one of the best seller here in my mini shop thank you seller thank you shopee will always,1,0,0,1,Product (good quality and good condition, cute 3d socks) and Service (thank you seller, thank you shopee),,,
917,its super smooth but its not that matte pero sobrang ganda niya sa lips i really recommend this product im planning to buy another shade 3 ps the video is not related,1,0,0,0,Product (super smooth, ganda sa lips),,,,
918,tagal na deliver pero worth it ang paghintay sana tumagal ang bag,1,1,0,0,Product (sana tumagal ang bag) and Delivery (tagal na deliver),,,,,
919,ok na sanamura siya compare sa ibang shops dito sa shopeekaso medyo nadeform siyasana next timepakigandahan ang packaging niya,0,0,1,1,Price (mura siya compare sa ibang shops), and Service (nadeform, sana pagandahan ang packaging),,,
920,photo and video not related yehey sakto na ang size 40 skn thank you so much ganda tlaga ng mga item nyo walang pagsisisi till our next transaction,1,0,0,1,Product (ganda talaga ng mga item nyo, sakto ang size) and Service (thank you so much),,,,
921,appearance true mabuti na lang nag add ako ng isang size kung bibili kayo just add 1,1,0,0,Product (appearance, need to add one size),,,,,
922,ok hindi ko na nkunan ng picture dhl kinuha na agd ng ank ko bumalik na sa trabahotingin ko ok nmn xa dhl wla nmn reklamo ank koslmt sa seller at sa kuya rider,0,0,0,1,Service - thanks seller and rider,,,,,
923,ayos no issue goods ang presyo para sa quality,1,0,1,0,Product (goods ang quality) and Price (ayos ang presyo),,,,,
924,thank you so much seller ganda ng quality at complete ang order ko at mabilis pa dumating,1,1,0,1,Product (ganda ng quality, complete ang order) and Delivery (mabilis pa dumating) and Service (thank you so much seller),,,,
925,nareceive nmin ng complete but nagulat ako kse may crack yung ring light buti nlg hindi na damage yung pag ilaw nya still working pa din nman well all goods nman and thankyou seller di halatang mumurahin,1,0,1,1,Product (may crack, still working), Price (di halatang mumurahin) and Service (thank you seller),,,
926,1010 ngayon ko lng na ratinga  maganda namn sya  thank you seller and shoppe we order again,1,0,0,1,Product (maganda naman sya) and Service (thank you seller and shopee),,,,,
927,nakuha ko na po order ko 20pcs mabilis lng dumating na po kanena oorder ulit po ako pag napaubos ko na po thanks,0,1,0,0,Delivery (mabilis lang dumating),,,,,
928,leather legit i am very thankful for this free item  im using it to my onikuma t35 bluetooth headset keep it up onikumaasia im a fan of this gadget,1,0,0,0,Product (leather legit),,,,,
929,i didnt expect much but here it comes  sobrang ganda sobrang nagustohan ko yung inorder ko wala din damage salamat ng marami seller,1,0,0,1,Product (sobrang ganda, walang damage) and Service (salamat ng marami seller),,,,
930,ang maliit ang tibay nya di rin sya mabilis madala ng hangin nagpicture din muna sa seller bago ipadala yung item accomodating thank you,1,0,0,1,Product (maliit, tibay), Service (accommodating seller, nagpicture bago ipadala, thank you),
931,mukang matibay maganda original,1,0,0,0,Product (mukhang matibay, maganda, original),,,
932,december 5 ang cute at ganda ng nga ipit mabilis ang delivery maraming salamat shopee at seller,1,1,0,1,Product (cute at ganda ng mga ipit) and Delivery (mabilis ang delivery) and Service (maraming salamat shopee at seller),,,,,
933,ok naman sya maganda din ginagamit ko lang naman sya dito sa office di sya masakit sa paa ok lang siya maganda na din para sa kanya presyo salamat po seller at shopee hehehehw,1,0,1,1,Product (maganda, di masakit sa paa), Price (maganda na din para sa kanyang presyo) and Service (salamat po seller at shopee),,,
934,yes na yes sa wipes 2 times na ko nag order neto ok naman mura lng pero kapakipakinabang lalo pag lumalabas ka with your little one samahan mo pa ng alcohol syempre kaya ok sakin tong wipes,1,0,1,0,Product (ok naman, kapakipakinabang), Price (mura lng),,,
935,items were delivered fast and were well packaged ganda din ng itsura nung nakabit di halata na wall paper lang items were delivered fast and were well packaged ganda din ng itsura nung nakabit di halata na wall paper lang items were delivered fast and were well packaged,1,1,0,0,Product (ganda din ng itsura), Delivery (items were delivered fast and were well packaged),,,,
936,maganda xa solid ganda ng swabe isulat will buy again dapat dalawa nlng binili q hahahahahaha fast delivery din dual pen na to panalo,1,1,0,0,Product (maganda xa, solid, ganda ng swabe isulat), Delivery (fast delivery),,
937,super duper love this shop mura lang po lahat ng order ko thanks po sa lahat ganda promise nice one ulit lagi naman mura pa,0,0,1,1,Price (mura lang po lahat ng order ko, mura pa), Service (thanks po sa lahat, ganda promise nice one ulit),,
938,latee na pagrarate ko pero second order ko na ito skl tamad kase maghugas ng pinggan ng mga kapatid ko eh hahahahahahaha,0,0,0,0,No Aspects,,,,,
939,ok ang items at kumpleto namansalamat sa seller at rider,0,0,0,1,Service (salamat sa seller at rider),,,,,
940,maganda silang lahat at nakuha ko ng maayos tama ung sukat at salamat sa rider kahit maulan diliverd padin nya dito salamt din sa seller at tama ung order ko,1,0,0,1,Product (maganda silang lahat, tama ung sukat) and Service (salamat sa rider, salamat sa seller at tama ung order ko),,,
941,fine okay naman siya kaso madaling ma lowbat ang lalagyanan niyapag full charge siya 3 hours mahigit siya ma lowbat tuloy yun pag gamit,1,0,0,0,Product (madaling ma-lowbat),,,,,
942,rubber siya maganda naman maganda naman po sakto lang sakin yung size but medyo maluwang lang iyong mga string sa harap hehe btw stan ikon,1,0,0,0,Product (maganda, sakto lang yung size but medyo maluwang yung mga string sa harap),,,,
943,good mukhang matibay naman sana mag tagal saka i like the color same sa sample pic nya bilis din ng deliver kinabukasan na recieved ko na salamat po,1,1,0,0,Product (mukhang matibay, color) and Delivery (bilis din ng deliver),,,,
944,ganda ng items tapos mabilis din dumating will order again pangalawang beses ko na to bumili sa shop nato makapal yung tela,1,1,0,0,Product (ganda ng items, makapal yung tela), Delivery (mabilis din dumating),,,
945,nice cute s mga kulay slmat seller 5star ang gnda ng bra kasya s anak ko po ang 32aaga p dmting bilishapi po,1,1,0,1,Product (cute s mga kulay, gnda ng bra, kasya) , Delivery (aaga pa dumating, bilis), and Service (slmat seller)
946,looks durable pa dalawang order ko na to and di ako binibigo sa quality ang ganda talaga at matibay bigay ko to sa kapatid ko para may magamit sya pagpasok nila at nagustuhan din nya sulit yung price para sa quality ng bag salamat nga pala kay seller at sa,1,0,1,1,Product (looks durable, ang ganda talaga at matibay), Price (sulit yung price para sa quality ng bag), and Service (salamat kay seller),,
947,goodmakapal order ko pink kasi may pag teternohan ako kaso iba color ang dumating light pink with white ang dumating pero okay naman maganda naman din yun color at makapal  sana kapag omorder ulit ako tama na yu color na ibigay sakin ni seller i hope,1,0,0,0,Product (makapal, okay naman maganda naman din yun color at makapal),,,,
948,ganda kaya akala ko may freebies na brush wala kahit 1 anyways thank you,1,0,0,1,Product (ganda) and Service (thank you),,,,,
949,the item works well hindi ko alam if malinis ba tlga ang bed namin or wlang mahigop na alikabok na kasing dami ng nakikita ko sa ibang reviews haha anyway thanks seller they sent me photo bfore shiping out kudos,1,0,0,1,Product (works well) and Service (thanks seller, sent photo before shipping out),,,,
950,ang gandaaa huhu mabuti walang sira or something and im happy na okay siya kasi i really need this for school purposes huhu medj nahirapan lang ako sa pagaassemble kasi di ako maalam huhu pero nakaya naman hahahaha love ittt33,1,0,0,0,Product (ang gandaaa, walang sira, okay siya, nahirapan sa pagaassemble),,
951,goods po yung mga bag okay din po ang packaging,1,0,0,0,Product (goods po yung mga bag, okay din po ang packaging),,,,
952,i just got mine and wow super ganda ng quality fit na fit din sakin i highly recommend this shop and this product sobrang ganda talaga they didnt disappoint me swear i will surely buy here again thank you po,1,0,0,1,Product (super ganda ng quality, fit na fit din sakin) and Service (i highly recommend this shop and this product, thank you po),,,
953,awesome well packaged sya walang damage good conditionmaganda pag gana ng ilaw thank you seller,1,0,0,1,Product (well packaged sya walang damage good condition, maganda pag gana ng ilaw) and Service (thank you seller),,,,
954,the item shipped immediately in good condition naman well packaged gumagana naman siya and sure thing will buy again,1,1,0,0,Product (in good condition, well packaged, gumagana naman siya), Delivery (item shipped immediately),,
955,ang ganda ng quality ng bra dito tlga ako n shop bumibili ng mga mgagandang mga items salamat po sa shop na ito god bless you,1,0,0,1,Product (ganda ng quality ng bra) and Service (salamat po sa shop na ito),,,,,
956,unexpected its my first time to buy here and ang ganda ng item and ingat na ingat talagaa syaa at ang bilis dumating ng item ang bait din ng rider na nag deliever salamat po,1,1,0,1,Product (ang ganda ng item) and Delivery (ang bilis dumating ng item) and Service (ang bait din ng rider na nag deliver, salamat po),,,,
957,1010 ang ganda po thank you po seller,1,0,0,1,Product (ang ganda po) and Service (thank you po seller),,,,,
958,good order received ang ganda at gumagana lahat worth it ang price thank you seller and shoppe at kay kuya rider,1,0,1,1,Product (ang ganda at gumagana lahat), Price (worth it ang price) and Service (thank you seller and shoppe at kay kuya rider),,,,
959,maliit size thankyou seller dapat pala nag message ako na yung design na may malaking size angliit kasi nung napunta skenpero buti nlng mejo nag abot pathankyou shopee,1,0,0,1,Product - the size is small and Service - thanks seller, thanks Shopee,,,,
960,bought 8 pieces all in good conditionwalang tastas punit o sira thank you as advertised mahaba talaga and squareexcellent quality very accommodating seller wellpackaged will order again item shipped immediately,1,1,0,1,Product (all in good condition, walang tastas punit o sira, mahaba talaga and square excellent quality), Delivery (item shipped immediately) and Service (very accommodating seller, well packaged),
961,1010 thank u for the vest item i have received well order again here bongga ng quality legit,1,0,0,1,Product (bongga ng quality, legit) and Service (thank u for the vest item),,,,
962,ganda ng tela at diko expect yung pants hah worth it sya maganda ang tela cotton basta maganda makapal bagay sya sa lahat but yan yung pinartner kita naman sa pic not video related stan sb19 and letlenilead,1,0,0,0,Product - ganda tela,,,,,
963,before and after nasunod yung gusto ko kulay ng pinto namin mas maaliwalas kasya sa rock wallpaper,1,0,0,0,Product - kulay ng pinto namen,,,,,
964,i like itits very pretty and it really makes my lashes longmedyo matagal ngalang dumating pero sulit,1,1,0,0,Product - Its very pretty and it really makes my lashes long and Delivery - Medyo matagal dumating,,,,,
965,pictures and vedio not related for additional points hindi na napicturan kinuha na kce ng umorder salamat seller at kay rider sa maayos na pagdeliver ng aking parcel,0,0,0,1,Service - salamat kay seller and kay rider sa maayos na pag deliver,,,,,
966,nice and neat yung edges goods naman for its price and madali lang din dumating yung order thank you po,1,1,1,0,Product (Nice and neat yung edges),Delivery (Madali lang din dumating), and Price (Goods naman for its price),,,
967,mabilis lang po dumating ung items  ma ganda po  salamat po ng marami ky seller shopee at rider  sa u ulitin po ulit,0,1,0,1,Delivery - Mabilis dumating and Service - Ma ganda po. salamat sa seller, shopee and rider,,,,
968,received my parcel today thank you po although medyo natagalan i thought aabot pa ng new yr,0,0,0,1,Service - Thank you po,,,,,
969,magaan ang tela at mlambot very nice at mura thank you excellent quality item shipped immediately will order again,1,1,1,1,Product - Magaan ang tela and Price - Mura and Delivery - Item shipped immediately and Service - Thank you excellent quality,,,,,
970,thank u its so nice tatangkad nako nito kuntu hehehe,1,0,0,0,Product- its so nice,,,,,
971,maganda yung tela sakto yung size at color pero nung sinuot ko napansin ko nasa loob yung tali ng jogging pants ewan ko kung ganun talaga pero nakapagtataka lang di ko alam kung nagkamali lang ba sa pagkagawa o ganyan talaga design niya yun lang ayos naman yung zipper,1,0,0,0,Product - Maganda ang tela, sakto yung size and kulay,,,,
972,sobrang ganda ng items legit seller ty seller and kay kuya rider sana susunod may freebies na hehehe order ako next,1,0,0,1,Product - ganda items and Service - legit seller, thank you seller,,,,
973,its all good maganda naman po kumpleto ang items na ito and sana magustuhan ko din gamitin para makahinga ng maayos while walking,1,0,0,0,Product- Maganda naman, kumpleto and to have comfortable walking,,,,
974,very secured package with bubble wrap one of my greatest purchases andami pala alikabok kahit new bedding pa,0,0,0,0,No aspects,,,,,
975,mganda un product salamat po sa seller at sa rider,0,0,0,1,Service - Salamat sa seller and sa rider,,,,,
976,ang ganda tas tama ang nakalagay na size  ang ganda ng shoes wala g damage oorder ulit  walang picture binigay ko na kasi,1,0,0,0,Product- Ang ganda and tama ang size and wala damage,,,,,
977,very useful tlaga sya at mabilis maluto mga niluluto ko ngaun thank you seller worth it yung pagaantay ko ng matagal bago madeliver,1,1,0,1,Product- Very useful tlaga sya and Delivery - Matagal bago dumating and Service- Thank you seller,,,,,
978,item received after 2 daysssss maganda good quality hindi ko pa siya na try but hoping na in good condition din siya pag kinabit,1,1,0,0,Product - Maganda and Delivery - Recieved after 2 days,,,,,
979,nice ganda ng shoes tama lng sa baby ko mukhang matibaythank you seller at ky riderbilis ng delivery,1,1,0,1,Product- Ganda shoes, tama, mukhang matibay and Delivery -Bilis delivery and Service- Thank you seller and kay rider,,,
980,thank u seller bilis dumating ok naman quality for the price medyo maliit nga lang size kaya add 1 dapat,1,1,1,1,Product- Ok naman quality and size is smaller than expected and Delivery- Bilis dumating and Price-For the price and Service- Thank you seller,,,,,
981,excellent its really goodmaganda ang quality ng mga shoes  sobrang nagustuhan koits really goodmaganda ang quality ng mga shoes  sobrang nagustuhan ko,1,0,0,0,Product -Its good, maganda quality and nagustuhan,,,,
982,salamat sa pa freebies seller,0,0,0,1,Service- Freebies,,,,,
983,well package at walang damagae nagustuhan po ng mga nag order thank u seller,0,0,0,1,Service - Thank you seller,,,,,
984,choose your size carefully maganda siya walang wire napupush yunh boobs mo and very comfortable pwedeng pwedeng gamitin pang bahay or pang alis the foam is okay mabilis iship mura at secured ang products pagdeniliver sayo,1,1,1,0,Product - Maganda siya and comfotable to use and Delivery -Mabilis iship mura at secured ung product and Price -mura,,,,,
985,1010 super ganda lalo na for the price hndi pa na tatry kung tatagal ba ang hot and cold pero sana walang problema thanks seller and shopee,1,0,1,1,Product - Super ganda and Service-Thanks seller and shopee and Price- For the Price,,,,,
986,ganda mukang matibay sya and quality talaga pretty na kid ko,1,0,0,0,Product-ganda and matibay,,,,,
987,nice salamat po seller mabilis maship tapos mabait din si kuyang rider,0,1,0,1,Delivery - Mabilis Maship and Service- salamat sa seller and mabait si kuyang rider,,,,,
988,nice items will order again what u see is what u get thank u seller thnk u dn po sa rider na nagdeliver,1,0,0,1,Product- Nice items and Service - Thank you sa Seller and rider,,,,,
989,mabilisang deliver maganda ung tela nya we orderagain,1,1,0,0,Product- maganda ung tela and Delivery- Mabilis deliver,,,,,
990,salamat sellerwalang damage ang mga tumblersana lang nextime ibalot man lang ng kartonnkabubble wrap lang kasipero salamat pa din kasi iningatan ng jnt ridersalamat seller,1,0,0,1,Product - Walang Damage and Service - Salmat Seller,,,,,
991,sakto lang siya sa mini bag so cute super liliit pero carry lang ang tagal nilang i shinip pero okay na din thanks seller,1,1,0,1,Product-So Cute and small and Delievery - matagal shinipped and Service- Thanks Seller,,,,,
992,sa murang halaga maganda ang producto super cute sakto sa anak ko may sipon sya magagamit nya na agad hehe,1,0,1,0,Product - Maganda and super cute and Price -Sa murang halaga,,,,,
993,maganda un product kaso ung white super nipis and feeling ko mababali hahahaha dami pa tastas pero okay narin sa presyo,1,0,1,0,Product - Maganda and Price - Okay narin sa Presyo,,,,,
994,super duper nice grabe di ako nagkamali sa pag pili ng store nung una nag dalawang isip ako  pero binili ko ulit  thank you kay kuya rider kala ko di ko ma rerecieve ngayon kasi hindi tumawag thank you seller thank you shopee,0,0,0,1,Service -Thank you seller, Thank you Shopee and kay Kuya rider,,,,
995,ok sana basag yung lock   walang damageang ganda at affordable ang price heheang bilis ng shipping at well pack pa  hehe sa shopee bumili na ubos ang money wahahah sa uulitin salamat po,1,1,1,1,Product - Ganda Product and Price -Affordable ang Price and Delivery - Mabilis Shipping, Well packed and Service- Salamat po,,,,
996,sobrang gandaa ng quality sana yung mismong quality ng nails mag tagal ang bilis din dumating thank you sa seller,1,1,0,1,Product - Ganda ang Quality and the nails are expected to last and Delivery - Mabilis dumating and Service - Thank you seller,,,,,
997,pang 3rdtime ko na namili sa shop na to ang bilis pa dumating ng order ko 15 ako umorder 16 andito na will surely order again next time,0,1,0,0,Delivery - Ang bilis dumating,,,,,
998,malinis nakakalinis at gentle sa kamay at mukha mabango din siya at hindi tumutulo yung katas from the bag,1,0,0,0,Product - malinis, mabango at hindi tumutulo yung katas,,,,
999,properly packaged siya at secured naman hindi pa namin natatry gamitin pero sana effective siya thank you so much seller,0,0,0,1,Service - Thank you seller,,,,,
1000,maganda naman siya maganda ang tela at stretchable mabilis din dumating para silang terno ng binili ko perfect pang workout,1,1,0,0,Product- maganda ang tela and stretchable Delivery - Mabilis dumating,,,,,
