Review #,Review,product,delivery,price,service,,,,,
1,scam sayang pera  tigil nyo nalang negosyo nyo kung ma momorwisyo lang kayo e charge daw mga 5hrs pag ayan ay gagana basta naka saksak pag pindot palang iikot na dapat yan mind set ba deffectstore,1,0,1,0,Product is defective, causing inconvenience. Worthless and a scam.,,,
2,walang kwentang store towrong itemi recomend wag na kau bibili sa store na to makapag bent alng maling item ipapadalawalang kwentang storedi sumasagot si seller kasi alm nia mali xa,0,0,0,1,Wrong item received, seller unresponsive.,,,
3,you need to ask for picture if the item is good dahil ung sa akin ayaw mag open the seller is responsive in my queries but that is all he insisted that the item is in good condition even if i send a video that it does not open,1,0,0,1,Item doesn't work. Seller responsive but unhelpful.,,,,
4,randomly for boy peru pink and yellow green binigaypakiayos po sana sa susunod,1,0,0,0,Wrong color sent, should be for boys but got pink and yellow-green.,,,
5,0 nakakahinayang bilin sira sya ung pindutan nya hindi nagwowork kala namen lowbat lang nung dumating so nicharge namen naka ilan charger na kame ginamit sa kanya baka kasi charger lang may problema kaso ayun nga yung pindutan pala may prob nakalubog sya,1,0,0,0,Item defective. Button not working.,,,,
6,gumagana na man at marami buble rap hindi sya worth it ang haba tapos plastic at di rin stretch chable ibang iba sa pic hayyst sayang pera,1,0,1,0,Item is plastic, not stretchy. Not worth the money.,,,
7,masasayang ang iyong pera sobrang useless niya madaling malow battery isang beses mo lang siyang magagamit magstop na siya so need na namang icharge,1,0,1,0,Useless item. Battery quickly drains, need to recharge frequently.,,,
8,kung gusto nio magsyang ng pera the best to grabe ddting sau un product pero expect mo ind gagana hhingan ka p ng ebidensya n patunay n di gumagana  napakabobo lang inorder nga dhil ggmitin  ind nman inorder para isoli para tanga lang  nireceive ko nlang kse,1,0,1,0,Product doesn't work, they'll ask for evidence and is just a waste of money,,,
9,no good hnd gumagana wlang usok lumalabas umiilaw lng cya sayang lng 95 pesos ko palpak item nyo  pero salamat na rin ky kuya rider be safe palagi kuya  sau seller mgbenta ka ng maayos kc nag babayad kami ng maayos hnd namin pinupulot ung hlgang 95 pesos,1,0,1,0,Not working, just lights up, a waste of money, seller should be selling quality product.,
10,napakalayo sa picture at personal nakakadisappoint,1,0,0,0,Item looks very different from the picture, disappointing.,,,
11,may5 aq nagorder and my 2 preorder items dun so i expected after 7days ang shipout pero kaloka may27 na naishipout  nareceived q may30 pro wala ung preorder items sna naiship na ng maaga kung wala din nman pla ung hinihintay npkaunresponsive din nkakainis,0,1,0,1,Very late shipping, pre-order items missing, unresponsive.,,
12,hindi sya naffull charge ang bilis din malowbat kahit 2 hours kong chinarge maganda quality pero medyo mahina hangin,1,0,0,0,Doesn't fully charge, battery drains quickly, quality is good but weak wind,,
13,disappointed ang layo ng itsura sa pinadala ang jologs yung swelas makapal pa panty liner dto eh kung di sana available ganyan sana nag pm muna kayo sa customer diba para napalitan nlang sayang pera,1,0,1,0,Looks very different from picture. Bad quality. Not worth it,,,,
14,low qualitydi man lang naka plastic bawat isa,1,0,0,0,Low quality, not even wrapped in plastic individually.,,,
15,1 star  kasi imbes na kumita ako nalugi pa  6 ang order ko 4 lang ang binigay sa akin  nagustuhan ng mga kakilala ko ang product pero di na ako uulit sa seller na ito  nag ask ako ng refund pero vinoid nila kasi kulang,0,0,0,1,Incomplete order. Refund voided, won't buy again.,,,
16,210 i am very much disappointed for the items i received wrong color sana sinabi na lang na hindi available,0,1,0,0,Wrong color received, seller should have informed if not available.,,,
17,not working dumating yung item di gumagana,1,0,0,0,Item not working when received.,,,,
18,okay sana but the item is just 56m long instead na 10m which is nakalagay sa name ng item 40cm wide instead na 45cm pag dating sa inyo ng item sukatin niyo muna ilang beses ako nagmsg sa seller pero walang matinong sagot imagine ang 5m na kulang sa each,1,0,0,1,Wrong length, seller unresponsive.,,,
19,amoy lumang kandila will not recommend this awful product,1,0,0,0,Smells like old candle. Not recommended.,,,,
20,battery is not original lowbatt agad kahit naka saksak waste of money,1,0,1,0,Battery is not original, drains quickly. Waste of money.,,,
21,very cheap pangit yung tela manipis sa picture maganda tignan pati yung pinaka mahal nila same ng tela sa pinaka mura wag naman sana ganon i expected too much from this shop yung design ng shirt ang pangit sa actual or baka rejected yung binigay sakin,1,0,1,0,Very cheap material, thin, design is ugly in actual.,,
22,poor handling average quality delivered 2 days earlier than the delivery day product has so many dents as you can see in the video either it was transported poorly or not packed properly but for me both reason since hindi nagawang protektahan ng styro ung body ng air purifier,1,1,0,0,Poor handling, dents on product due to improper packing,,,
23,very poor worst customer service sira ung item ayaw irefund instead their offering a discount worth 20 pesos wtf dont ever buy items on this store we will report you sa dti,1,0,1,1,Item broken, poor customer service. Not refunding instead offers discount,,,
24,di magkapareho sound mas malakas yung right at madaling mahulog naman sa tenga yung left mabilis din malowbat yung left side at garalgal yung sound nakakadissapoint lang kasi kinancel ko na to tapos tinuloy padin pala ng seller sana pala yung may wire nalang binili ko,1,0,0,0,Uneven sound, easily falls off, battery drains quickly, distorted sound.,
25,ok lang sa price niya nag message ako kay seller na kulang yung pinadala niya skin 6 pairs yung order ko pero dumating 5 pairs lang,0,0,1,1,Okay for the price, but missing item,,,
26,walang kwenta yong item sayang pera sira at di sya solar nakakadismaya kinansel pa nila yong refund request ko,1,0,1,0,Worthless item. Broken and not solar. Refund request canceled.,,,,
27,ang liit ng size 3685 ok nman ang tela saka pagka tahi kaso maliit ang size 3685 parang pambata ung sized ko n return kc na confirm ko na ordered received eh,1,0,0,0,Small size, okay fabric and stitching but returning.,,,
28,very poor dumating agad yung neck fan pero super nakakadisappoint di gumagana nagmessage ako sa seller hindi nagrereply para lng akong nagtapon ng pera dalawa pa nmn inorder ko,1,1,0,1,Item doesn't work. Arrived quickly but seller doesn't respond.,,,,
29,sana all tama ung items na dumadating sa halagang 304 ung baby wipes lang ang magagamit ko next time po paki check naman ng maayos ung items di ko po alam kung anong process nio at nagkakamali ng lagay ng sticker nakaka sad lang,1,0,0,0,Not all items are correct, check items next time,,,
30,im so disappointed with this productshop tablet to be exact i ordered 128gb and i received 512gb with so many issues battery wont last long di niya kayang tapusin ang 1 episode ng kdrama which is 1hr and 5minutes only pin for insertion of simcard not working lage naglolog,1,0,0,0,Received wrong item, with issues on battery and sim card pin.,,,
31,1 day sira na wrong item delivered even i selected with battery and oay 199 each seller send without battery and cost is 139 each only now seller is not responsive waste of money,1,0,1,1,Received wrong and broken item, seller not responsive and is a waste of money.,,,
32,nakaka disappointed nd gumagana ang isahayts sayang ang perawala dn kasama chargerat parang luma na xa my mga gasgas na,1,0,1,0,Not working, waste of money, no charger included and scratched.,,
33,hindi gumagana doesnt serve its purpose dahil na rin siguro sa curve ng material hindi niya talaga napapa curl yung eyelash mo dont purchase this product sayang pera,1,0,1,0,Doesn't work, doesn't serve its purpose, waste of money.,,
34,madaling masira left slipper has a tear on the side it wont last check it first before you deliver i am very disappointed,1,0,0,0,Easily breaks, left slipper has tear.,,,
35,not working txt ko ung sim card na nakakabit sa gps ng 000 para sa register tas di magrereply palpak sayang lang ung pera,1,0,1,0,GPS not working, a waste of money.,,,
36,hirap gamitin maselan sya lagi nag turn off konting galaw mo lang sa tenga shut down na agad maselan ung sensor nya,1,0,0,0,Hard to use, sensitive and turns off easily.,,,
37,grabenext time practice reading ha order ko blackano dumating bluefrustrating,0,1,0,0,Wrong color.,,,,
38,wrong color of item delivered terrible experience tinanggap ko na lang kesa ibalik pa at tumagal at sagutin ko ang expense,0,1,0,0,Wrong color delivered, but accepted it.,,,
39,need to return the itemwrong size di ko na sana babalik benta ko nalang kaso naman parehas left,1,0,0,0,Wrong size, both are left.,,,
40,wrong item seller is not responsive sa mga chat kung ano trip ipadala yun ipapadala,0,0,0,1,Wrong item and seller is unresponsive.,,,,
41,not effective ang pangit ng amoy sakit sa ilong di rin natutuyo sayang lng pera,1,0,1,0,Not effective, bad smell, waste of money.,,
42,still plastic so its a bit thick pa rin the color is matte so kinda looks sick when worn mas bagay yung color sa mapuputi,1,0,0,0,Still plastic, a bit thick, the color suits light skinned people.,,
43,oks naman siya for its price goods din packaging niya but hindi nagana ang kanya mic,1,0,1,0,Okay for price and has good packaging, but mic not working.,,,
44,black po inorder ko  gray dumating bad trip pa tagal pa nman na iship,0,1,0,0,Ordered black, gray arrived and delayed shipping,,,
45,ok naman po ung product safe na nakarating and mabango din kaso nga lang wala ung spoon nya at di sya ganon ka tingkad at mabilis mabura,1,1,0,0,Product arrived safely and smells good, but missing spoon, not vibrant, and fades quickly.,
46,so nakaka disappoint po yung amoy iba po sya sa isang na buy ko na cloud ang baho nya po tbh kala ko pa naman po mabango ito,1,0,0,0,Smell is different and smells bad.,,,,
47,displaced yung sa charging area ni report ko naman wala namang action cheap nga kagaya ng seller,1,0,0,1,Charging area displaced. Seller cheap,,,,
48,yung item mabilis dumating pero hindi naman gumagana yung isang headst kabila lang gumagana ang charger cord wala hindi talaga naga function sayang lang talaga ang pera tsktsk,1,1,1,0,Fast delivery but item not working, a waste of money.,,,
49,110 not waterproof or smudge proof not brown shade as what i order not what its like in the photobut its a mascara nman dw and its a total waste,1,0,1,0,Not waterproof/smudge proof, wrong shade and a waste.,,,
50,nagchat ako kung pwde pasend ng pics ng item bago ipaship kaso dedma si seller yun pala dhil mali ang size na pinadala at damaged item ang ippadla godbless sayo,0,0,0,1,Seller ignored chat. Wrong size and damaged item sent.,,,,
51,damaged item madaming holes useless sa ulan kalka pinapareturn pero it will cost me more pa sa amount nung item yung pamasahe sana pag alam ng damage na wag na ipadala,1,0,0,0,Damaged with holes. Useless for rain.,,,,
52,hello po ang pangit baliktad ung lense,1,0,0,0,Ugly. Lenses are inverted.,,,,
53,ang malas nmn mouse nkuha ko di un worth ng 144 ko haist kunwari lng tong mestery box nato cla lng kumikita bweset,1,0,1,0,Got a mouse, not worth it. Just a way for seller to earn.,,,
54,manipis sya pero nakalagay sa description makapal super ordinary lang ok ung bulsa mahirap lang buksan manipis,1,0,0,0,Thin, described as thick, very ordinary and hard to open.,,
55,not true to size 7 normally ang size ko sa slippers yung size 3637 nila maliit po,1,0,0,0,Not true to size. Their size 36/37 is too small for my normal size 7.,,,,
56,mali yung isang color at pangit yong quality na pinalit nyu sa isa,1,0,0,0,Wrong color and bad quality of replacement.,,,,
57,poor quality binili ko to kasi kailangan ko to at nakikita ko rin kasi siya sa mga celebrity pero nakakadismaya kasi walang maitulong kung init na init na ko ang hina ng hangin kahit level 3 tapos maingay pa siya mukhang peke tong binibenta nila poor quality at walang hangin,1,0,0,0,Poor quality. Weak wind, noisy. Seems fake.,,,
58,wrong item ibabalik ko sana kaso dami pa proseso wala na ko time next time ayusin nyo product nyo kahit pa sabihing mura lang yan hindi pa din yan yung order ko,0,0,0,0,Wrong item.,,,,
59,not cotton akala ko pang adult at big size na yung inorder ko yun pala pang small size sayang nd kasya napaka ordinary dissapointed ganda pa ang tela ng ukay kesa dito,1,0,0,0,Not cotton, wrong size and ordinary material.,,,
60,010 grabe napa ka scam naman na toh kakarating lng sa akin tong products then i try it para sana gagamitin ko sa pang record pero hindi gumagana yung mic nya so im so disappointed dito tas ang hina pa ng speaker nya hindi sya malakas mas rinig ko pa,1,0,0,0,Product is a scam. Mic not working and low speaker.,,,,
61,bago kayo mah ship ng item make sure na okay ang product ninyo para hindi masayang ang bayad mag bibigay kayo ung sira,0,0,0,1,Make sure the product is okay before shipping, to avoid wasted payment and damaged items given.,,,
62,waxy i wouldve rated it higher kung sana may stain na naiiwan kahit di na nag peperform as lip balm gaya ng pagkaka promote okay na din sa price pero hindi sulit kasi wala yung ineexpect kong effect i ordered tan and cherry idk sa ibang shades,1,0,1,0,Okay for price. Not worth it as it has no effect,,,,
63,bad business habit kulang ng dalawa lol 100pcs napo inorder ko wala na nga freebie dumekwat pa kayo jusq di kayo aasenso sa ginagawa niyo,0,0,0,1,Bad habit seller. Item missing in order.,,,,
64,maganda nmn yung quality pero hindi ako happy dahil yung order ko puro 2l tapos 4 pcs pero ang dumating 3 lang ang 2l tapos isang 1 850 ml  sakto pa nman binayad ko  yan ang proof  tapos hindi pa nireplyan ng seller  next time ayusin,1,0,0,1,Good quality but incomplete order, seller unresponsive.,,,
65,isa lang po ang gumagana sa earphone at mahina pa ang sound ng isa,1,0,0,0,Only one earphone is working and other sounds is low.,,,,
66,i ordered pink color but they gave me the blue one nakaka dismaya sobra sa ibang shop nlng kayo umorder hindi marunong sumunod sa instructions yung shop na ito,0,1,0,0,Ordered pink but got blue, does not follow instructions,,,
67,akala ko ung pang ballpen pang touch screen den,1,0,0,0,Thought the pen could be used on touchscreen,,,,
68,nag order ako ng 2 mystery pouch at 2 mystery box dumating yung items ng naka 1 package lang so mahirap malaman kung anong order para sa kaibigan ko sa ate ko at sa akin kasi magkakasama na sya wag na kayo bumili mababaligtad yung expectation nyo sa description,0,0,0,0,Hard to identify who order when order pack together,,,,
69,hndi inayos ni seller pag papack kya cguro ayw gumana ng air purifieri want to return the air purifier sna makioag coordinate c seller,1,0,0,1,Seller didn't pack properly. Air purifier not working. wants to return and for the seller to coordinate,,,,
70,kapag nilagyan na ng tubig wala na amoy kaya pure wala na halong tubig ang nilalagay q 2 pa nmn order q mahal pahnd na mauulit  take note hnd din gumagana ang isang humidifier 1 lang nagamit q tsktsktsk,1,0,1,0,No smell when water is added. One humidifier not working,,,,
71,ano ba naman tong pinadala nyo bt ganito ang layo sa design na pinili ko bt di kayo marunong sumunod sa gusto ng buyer sana nagsend naman kayo o nagmessage kayo kung meron o wala nung design na pinili ko ampanget at ang layo naman ng binigay nyo sakin,1,0,0,0,Far different design from what has choose,,,,
72,good maganda sana kaso 3xl4xl yung binili ko dumating maliit na disappoint talaga ako,1,0,0,0,Good and beautiful item but small size receive,,,,
73,not good sobrang disappointed kasi ndi namin nagamit kasi walang isang minute lowbat agad as in hindi tlaga sya nagamit hayyst sobrang sayang,1,0,0,0,Not good super disappointed because battery lowbat cant be used,,,,
74,wala pong earbuds bluetooth na dumating at isa lang po order kong laptop table hindi dalawa sana po ay magawan nyo ng paraan,1,0,0,0,No earbuds receive just laptop table,,,,
75,not good oily yung lipbalm outer yung curler naman panget yung foam okay naman yung eyeliner tsaka blackhead remover tsaka yung sa eye photo nd,1,0,0,0,Different products not good only eyeliner is okay,,,,
76,clearly i ordered white but the seller gave me black she wants me to send it back to her but i got no time for that super hassle sobrang tagal na nga dumating ng item mali pa sobrang tagal na stock sa hub also the packaging ala man lng bubble,0,1,0,0,Wrong items and packing no bubble wrap. very long time to deliver the item.,,,,
77,ok sya  pero tyming saken di masyado nagsasara ng maayos,1,0,0,0,ok item but timing but not closing well,,,,
78,naaawa ako sa lolo ko hindi kasya sa knya kasi sobrang liit ng xxl ngayon lang nagkainterest magpaorder tapos sya pa naman magbayad pero nadisappoint lang sya yung lola ko naman kasya sa knya pero hindi niya gusto yung tela kung ako tatanungin sakto lang for its price salamat na,1,0,1,0,Small size and old people can not used but for low price it's  ok,,,,
79,wrong item mabilis dumating pero mali po yung nadeliver sana next time paki ayos na po seller salamat,0,1,0,0,Fast delivery item but wrong item delivery,,,,
80,no fragrance mabango sana to pero pagkaspray mo pa lang wala ng amoy mas ok pa alcohol medyo magtatagal mas maganda pa dn yung ibang oil based talaga kahit double ng price worth it naman,1,0,1,0,No fragrance.  Better another brand for price.,,,,
81,bad palagay q sira to ang hina ng init ehang tagal q ng sinaksak sa kuryente eh ang hina pa dn ng init nia kya hindi nkakastraight ng buhoksayang pera q dtongaun q lng kc nagamit kya ngaun lng aq nkpag ratesana pla umpisa plng sinubukas q na pra naisauli,1,0,1,0,Item is not good.  Low heat,,,,
82,kasi mahina yung kaliwa and mabagal ang pag shift im not satisfied about this product because the left bluetooth earbuds is not good as the the right and the shift is is very long ive waited it so long and yet this product will not satisfied me,1,0,0,0,Item quality no satisfy,,,,
83,sorry to say this but its factual ung akala mo makakatipid ka pero scam haha ang nipis at kulang sa sukat much better sa ibang shop,1,0,1,0,Seller scam,,,,
84,hindi po sya yung actual na nasa picture thought it was hindi pa ngrereply yung seller pagtinanong add 2 sizes kayo kasi maliit pagdating,1,0,0,0,Item not actual picture from seller,,,,
85,fair yung order ko na white green din ang dumating hays,0,1,0,0,Wrong color the item seller,,,,
86,for the shoes they deliver maganda siya pero still mali pa rin ang nadeliver na disappoint ako ok naman ang shoes na nadeliver even though its not my order pero kasi hindi yun ang inorder ko kaya bakit nagiba ang sabi na confused yung packer kaya namalinaisip ko din yan,1,1,0,0,The item deliver for the shoes is ok pero hindi yun yung inorder ko mali parin,,,,
87,sorry po pero nasira simcard ko na globe because of this,1,0,0,0,The item is wrong i give sorry but it broken my card,,,,
88,wrong color mali na nga kulay na binigay di man lang nag response or nag rereply ung seller,0,0,0,1,Seller no responsible or di nag rereply,,,,
89,kala q nmn kelangan ng battery hindi pala saka ambilis ma lowbat 6hrs naka charge 10 seconds lang nagana tanginangyan scam,1,0,1,0,Item no need battery or scam is too bad no good the seller,,,,
90,maliit yung size 3839 dinikitan nyolang ng sticker na 3839 i think this is 36 size size q kse 37 e hindi sumaktosumobra sa paa q kundi kulang hyst,1,0,0,0,Wrong or over size in shipping,,,,
91,ok namn kaso hindi naka bable wrap hinde eective im telling the truth,0,0,0,0,The item is good but no bubble wrap,,,,
92,i was hoping for a yeezys slides pero dumating is just a plain rubber slides well although its comfortable hindi nalang sana ko umasa namay feelings kapa sakin balik kana i miss you,1,0,0,0,Hope but item is not okay,,,,
93,wrong product i ordered eyebrowblack and mascara and ang dumating is eyeliner and mascara at wala parang tinta yung eyeliner,1,0,0,0,I ordered wrong product but the seller give another,,,,
94,not nice nakaka disappointed sya tagal ko inintay tas ganto lang dadating baliktad yung lens nya then medyo paling yung frame ng glasses then yung buble wrap nya butas kaya walang hangin one of the reasons din siguro kung bakit nadamage yung item so sad talaga sayang lang yung pera,1,1,1,0,Waiting to long and disappoint the item baliktad,,,,
95,hindi yung order ko ang dumating mix colors sya white and apple green ang order ko pero mix color ang nabigay huhu pero thankyouuu parin kasi binawi sa dami ng pieces,1,0,0,0,Mix color item for the customer but so may pieces,,,,
96,wrong item first pic yan ang dumating samin 1liter lang 2nd pic comparison ng dapat na order namin lugi sainyo will not recommend,1,0,1,0,The seller wrong item in courier and will not recommend,,,,
97,walang lanyard freebie na dumating,0,0,0,0,No freebie for the items,,,,
98,tagal matuyo di maganda amoy di na sya na tuyo at mabaho walang kulay yung na order ko kahit ilang patong ko sya nilagyan at tagal tlga matuyo until now basa pa den sya na madulas,1,0,0,0,The product not easy to use,,,,
99,wlaa hysssisang beses ko lg nagamit pag bigay sakin gumana sya then na lowbathpag charge ko wala yubg charging pin walang nakalagay don ampanginguys wag kayo bibili dito sayang pera nyooodi nmn nag rerepky na yung seller,1,0,1,1,One used item  but after nag low bath charging is no good then the seller di nmn nag rereply,,,,
100,came from china pero wala man lang bubble wrap yung item huhu puro gasgas tuloy ung lens,1,0,0,0,The item is from china but without bubble wrap and lense are gasgas,,,,
101,ngaun ko palang sya nasubukan simula nung madeliver sya kahapon hindi gumagana akala ko pa naman maganda quality ng product na to this my first time na bumili ng item na hindi gumagana,1,1,0,0,"Product not working, implies quality issue.Delivery happened yesterday (use as a reference)",,,,
102,yan order koooo red black pero dumating all black dibaaa ang mahusay,0,1,0,0,Wrong item delivered. Incorrect color received.,,,,
103,too watery matubig siya so parang tubig talaga ang inispray ko after magpagod sa make up,1,0,0,0,Product quality feedback. It's too watery.,,,,
104,napepressure screen ko sa higpit ng ipit yung package naupi tas yung lens may mga scracth na it might be good for others pero ampangit ng akin,1,1,0,0,"Damage in transit, package dented, lens scratched, product quality affected.",,,,
105,madali mapunit worst purchase ever buti nag try lang muna ako ng isa kulang sa sukat hndi sya 10meters madali mapunithigit s lahat hindi madikit ma iistress ka sa pagkakabit,1,0,0,0,"Easy to tear, not 10 meters as advertised, difficult to stick (product issues)",,,,
106,510 very disappointed ako sa eyebrow pencil grabe naman bi parang abo naman na pinatigas hahahahahahhaha,1,0,0,0,"Product quality, resembles hardened ash.",,,,
107,to be honest di naman mabango iba siya don sa expected ko na magiging amoy ng ariana cloud tapos kapag tumatagal siya sa damit parang nagiging amoy putok next time ayosin po ang product ha,1,0,0,0,Product smell issue. Unpleasant smell and not as expected.,,,,
108,blackgray yung inorder ko yung dumating kulay violet and greenblue,0,1,0,0,Wrong color delivered.,,,,
109,poor quality dumating na yupi ang box ng request ako ng refund peo hindi na grant sira yung ball mount sayang,1,1,0,0,"Poor quality, dented box, damaged ball mount (product, delivery)",,,,
110,liit na mga sizes order kayo bigger sa usual size nyo sayang tuloy,1,0,0,0,Size issue (product),,,,
111,hindi maganda ang quality niyadi nila binalot ng maayos nkabox lng xa wlang bubble wrap nasira tuloy sana refund ng seller or ppdla nlng ng pngpalit,1,1,0,0,"Poor quality, no bubble wrap, damaged (product, delivery)",,,,
112,not good akala q samsung hindi pala  parang immitation lng sya tpos nag lalag panu ba to masoli sa seller not recommended  ang bagal ng loading  kahit malakas ung internet namen sayang ung pera  sorry po ah un tlga ung comment ko,1,0,1,0,"Not good, seems like imitation, very slow loading, waste of money",,,,
113,left side lang ba talaga ang may hanginnone sense kasi yung designmaganda na sana,1,0,0,0,"Design issue, only left side has air flow",,,,
114,maganda sana pero sira yung isang pair can i have a refund or change item,1,0,0,0,"Damaged item, asking for refund or change",,,,
115,ok naman yung item maganda naman kaso ang tagal ng process ng deliver at wala din reaponse si seller sa chat kaya na nainis ako nung naka raan tapos na bday at bingay saka dumating,0,1,0,1,"Delivery took a long time, seller unresponsive to chat",,,,
116,di ko nagustuhan yung smell niya masyadong sweet at nasusuka talaga ako sa amoy tapos nung tinry ko na nga nagpink agad yung lips ko pero nung dinilapan ko yung labi ko bigla sumaket ulo ko kaya masyado akon naweirdan yung amoy talaga yung ayaw ko,1,0,0,0,Dislikes smell. Weird side effects (product issues),,,,
117,bit disappointed yung dalawang socks iba yung dumating i ordered light pink  yung mintgreen pero the seller gived me both darkpink,0,1,0,0,"Wrong item delivered, wrong colors. (delivery issue)",,,,
118,ok na sana kaso my lace ung blak at hindi ung panty na gusto ko malayo rin ung pink ss gray na inorder ko,0,1,0,0,"Wrong design, not as ordered (delivery issue)",,,,
119,the item is not working they send to me defective unit  i said that they must replace because its not opening then asking me to rate 5 star before they will do some action wat da heck malas mo pag napunta sayo defective unit hindi ka nila asikasuhin kc,1,0,0,1,"Not working, defective. Seller asked for 5-star rating before action (product, service)",,,,
120,unresponsive seller may defect ung item mahina ung ilaw ng lcd display hindi man lang nagrereply ung seller puro auto generated measage wag na kayo mag order dito,1,0,0,1,"Unresponsive, defective item, weak LCD display",,,,
121,ok nmn ung product di lang nag sabi c seller na wala ung isang color ung cherry un pa nmn tlga ung pinaka order dun tpos di man lng iniba ung kulay dinoble pa haixt,0,1,0,1,Seller did not inform availability issues (delivery & service),,,,
122,red yung order na kulay bat pink dumating hate pink,0,1,0,0,Wrong color delivered,,,,
123,mali yung size na binigay ni seller ngayon hindi na ma return or ma refound bali wala nalang tong item kasi di magagamit din,1,0,0,1,Wrong size given by seller. No return or refund,,,,
124,ngayon lang po ako nakaencounter na kulang ang items ko malaki man o maliit ang halaga ng items  be responsible for the trust of your customers godbless us,0,1,0,0,Incomplete items in order,,,,
125,i am so disappointed i expected na scratch lang yung makikita ko sa ringlight kaso hindi nung narecieved ko may mga cracks sana manlang may fragile tape na nakalagay sa parcel para naman hndi nabasag yung ringlight gumagana naman pero syempre iba parin yung walang sira marerecieved yung item,1,1,0,0,Cracks when received. Wish for fragile tape,,,,
126,correct color medio maliit sakin,1,0,0,0,Smaller size,,,,
127,kulang kulang yung items na deneliver saken,0,1,0,0,Incomplete items delivered,,,,
128,dont buy to this seller di marunong mag response sa concern ng cx order nmn 2 item narecieve nmn item lang taz nakalagay sa reciept 2quantity daw mambubudol tong seller n2 wag na kau umorder dto baka mabudol dn kau nagbayad kmi ng sakto tapos bubudulin nyo,0,0,0,1,"Unresponsive, received only 1 of 2 items paid",,,,
129,medyo mahina yung hangin kahit nka full charge isa sa 6 na binili ko sira told the seller about this and asked for a refund but seller is unresponsive so im posting this in my review,1,0,0,1,"Weak airflow even full charge, one out of 6 defective, seller unresponsive",,,,
130,nakupag deliver skin tinesting qnong nalowbathindi na mchargeang galinghahahawla man lang ilawpra mlaman kung ngcharge b cia o hindi,1,1,0,0,Unable to charge upon delivery. No light to indicate charging,,,,
131,wla naman sa product nyo yung ganitong design white ung order pero not floral wla naman kayo floral na design sa picture eh disgusting,1,0,0,0,Design not as pictured,,,,
132,not good as in not good dumating sakin ng low battery so chinarge ko wala pang 30mins low battery na ulit grabe panget ng quality ng fan na to wag kayo magpaloko sa ibang reviews apat na fan ang inorder ko lahat palpak yung seller di pa nagrereply,1,0,0,1,"Low battery upon delivery, charges quickly but doesn't last, seller not replying",,,,
133,not working sayang pera,1,0,1,0,"Not working, waste of money",,,,
134,wrong item 2l black ung order ko pero 1l blue yung dumating before you pack the items make sure you checked the orders,0,1,0,0,"Wrong item delivered. 2L black ordered, 1L blue received",,,,
135,hindi sya umabot ng 5 meters lods 5 meters yung nasa description ng shop maganda nman yung product ang tagal nga lang ma shipped out,1,1,0,0,"Not 5 meters, good product, slow ship out",,,,
136,mabilis masira hindi na siya gumagana once ko palang siyang ginamit sira hindi matibay yung power botton niya,1,0,0,0,"Easy to break, not working, button not durable",,,,
137,poor quality may butas sa loob kapag inapakan tumutunog na parang tsinelas ng bata,1,0,0,0,"Poor quality. Hole inside, sounds like a child's slipper when stepped on",,,,
138,ang panget na nung mga bago nyong bag walang bulsa sa gilid lagayan ng tumbler  tpos yung loob wala man lang compartment pansin ko pa may kalakihan tong bag hindi kagaya nung mga una nyong mga basic na bag,1,0,0,0,"Design issue: No pockets on the side, no compartments inside, bigger than previous bags",,,,
139,i ordered it with the wallpaper kaso wall paper lang dumatingg i still recommend the wallpaperrr super sulit,0,1,0,0,"Only wallpaper arrived. Recommends wallpaper, super worth it",,,,
140,matagal yung shipping maganda ung packaging isuggest na tingnan nyu ung loob ng lipstick kasi ang kunti lng na laman kunin yu yung parang tube tas tingnan d worth bilhin kasi ang konti ng laman ang ganda lng ng packaging but i will try na bilhin ung ibng brand dto,1,1,1,0,"Slow shipping. Good packaging. Not worth the price since it is little content, good packaging",,,,
141,i am not satisfied black ung inorder ko pero blue ung dumating sana pati silicone ginawa niu napong blue para pareho sila diba or atleast nag reach out manlang po sana kayo na mag cchange color nakakadismaya ang tagal nag antay magkaiba pa kulay disappointed customer here,0,1,0,1,Not satisfied black color was ordered but blue delivered,,,,
142,maluwag na po yung mga garterparang mga nagamit or nasuot na podapat po nacheck po mabutikung hndi man po nagamitmukang mga binanat eh,1,0,0,0,"Loose garters, looks used, should have been checked carefully",,,,
143,bulok  1st time ko maka encounter dito sa shopee ng ganitong service wag na kayo magtiwala sa seller na itoun 3pcs order ko pero dumating 2 lang natagalan pa bago nakarating saken ang item hindi na maayos ang box at hindi man lang ayusin ang pag pack anu tinatamad,0,1,0,1,"Inexperienced service. 3pcs ordered but 2 only, it was too late",,,,
144,maganda kaso mabilis maputol not reccomendable,1,0,0,0,Good but easy to broke and not recomendable,,,,
145,madali masira and makati kahit ilang laba na gawin seller is not responsive madali mabutas ung brief i used it as cycling sa bahay and di siya fitted sakin sakto lang kaya di ko ma sstretch ung tahi kaso ayun may butas agad kakauspt palang,1,0,0,1,Damaged so fast. Seller is unresponsive,,,,
146,inpods pp nakuha ko kaso not working po,1,0,0,0,Not working,,,,
147,deffective sayang nman kahit mura lang sya di mu alam kung lowbatt kasi yung ilaw nyan nsa loob lng di umiilaw sa labas at di murin alam kung full charge na di ku nlng isosoli sa murang halaga,1,0,1,0,Deffective even though is not expensive,,,,
148,ordered 1 light green  1 white but both white ang dumating walang light green matagal din dumating puro pickup failed,0,1,0,0,"Ordered light green and white but white, it take so long",,,,
149,low quality material  bubbles all over the sole meaning malapit na mgbakbak,1,0,0,0,Low quality material and has bubbles,,,,
150,maling colorproduct pinadala for the bigger size opted for 2 beige pero isang white tas ibang style pa talaga sana nag inform po muna kayo if wala kayo ganun para sa iba nalang ako nag order haha malambot siya in a bad way tumatagos ang mga bato sa sole part,0,1,0,0,Wrong color delivered. Was not inform so they change the color,,,,
151,ang pangit ng tela  tapus kulang ng dumating  i order 12 pieces but on 8 pcs lang ang dumating wag nyo ng tangkaing mag order,1,1,0,0,"Clothes material are terrible, less",,,,
152,may damage yung neck fan na dumating hindi rin secure yung packaging walang bubble wrap or anything to protect the product habang nasa shipping kaya sya nasira thankfully the product is working sana lang tumagal since may damage,1,1,0,0,Damaged product since they do not secure and use bubble wrap,,,,
153,ok lng hoooo dumating din ang parcel after million years grabe ang tagal dumating bubulukin muna ang parcel sa warehouse bago maideliver  grabe disappointed,0,1,0,0,It take a million years before delivering the parcel to our warehouse,,,,
154,amoy alcohol pati basag ang bottle so sad,1,1,0,0,Smell alcohol plus the bottle is break,,,,
155,good worth for the price ang item pero bakit iba iba ang size ng pag compare ko isa lang ang talagang 3270a lalo na yong black at blue parang 34 gusto ko sanang e balik or mag request ng refund pero hassle na,1,0,1,0,Good worth for the price but the size comparison is different,,,,
156,310 2nd time order sa shop nato same meow pero iba na sticker ang laki ng difference ng amoy kalungkot mas gusto ko yung unang bili ko ng meow compare ngayon di ko gusto yung amoy,1,0,0,0,Smell too difference. Second time order.,,,,
157,madali syang mabura sa labi i dont expect too much,1,0,0,0,Fastly erase,,,,
158,di ko na gustuhan texture nya amoy chemical napakatagal dumating inorder ko nung aug10 dumating nasa sakin aug31 not recommend tong product nato parang parehas lang rin yung shade na binigay sakin di ako satisfied,1,1,0,0,Do not like the texture. Aug10 ordered aug31 delivered. Do not satisfied,,,,
159,isa star lang parasashop nato sobra ako dismayado sa una order ko wala tape lahat pano magagamit dipa nagrereply si seller may send nko vedio at pic sau sellersbra ako nagtiwala take note dlawa pa inorder ko sainyo di ako nagdalawa isip na omorder ng dlawa kasi may tiwala ako,0,0,0,1,Sellers is not responsive.  Not trusted,,,,
160,mali ung color  blue and gray kinuha ko parehas na gray binigay nio thank you godbless,0,1,0,0,Wrong color,,,,
161,im so dissapointed iba yung inorder ko iba rin ang ipinadala at yung nakakainis puro kaliwa yung shoes sana bago nyo ipa ship make sure echeck nyo yung item pano ko 2 magagamit sayang lng yung pera,0,1,0,0,Dissapointed. Difference order and  is lefts shoe,,,,
162,not excellent maganda sana ung kulay nya but definitely not working sya and hindi po sya nagachargeso sana po seller inaayos nyo po ung pag pack nya para hindi sya nasira  sorry but i dont give 5 star for this shop im so disappointed i just waste my money,1,0,1,0,It does not work and does not charge,,,,
163,napakaraming dents sayang second order na sana namin the first one we ordered is very okay in which i can rate it as 55 but now 15 disappointed much with how the product looks,1,0,0,0,A lot of damage. First order is okay,,,,
164,35 yong pen po is sobrang mainta medyo panget sya sa papel saka yong ink nya na pang refill medyo hindi umiinta yong iba putol putol pa,1,0,0,0,Medio panget sya sa papel saka yong ink nya na pang refill medyo hindi umiinta yong iba putol putol pa,,,,
165,wrong size paki ayos ung pag repack nyo paki double check wag lang yun puro benta ng mali,1,0,0,0,Wrong color. You check before selling,,,,
166,sira yung isang payongsana man lng chinecheck nila kung sira ba o hindi yung item bago ideliver para hindi sayang ung binabayad ng buyer  hindi mo maintindhan tong mga seller na to kung gusto lng bang makabenta khit sira ung maibigay  nkakainis lng  i will not buy,1,0,0,1,The product is broken and sayang,,,,
167,rechargeable hindi pala may 20000 mah na battery wala pala dikoryente lang na na naka usb wire hahahaha sayang isa ako sa naisahan sa shop nato pero salamat pa din kasi dumating,1,0,1,0,Not rechargable and is wire,,,,
168,sira nman di umaandar nagalit ung nirigaluhan ko byan kakahiya tuloy check nio muna bago nio ipadala nakakabwisit lng kasi ung sira makuha nairegalo ko p hayyyy,1,0,0,0,Broken product that I was giving as a gift,,,,
169,hindi maganda quality may butas kakaiyak maliit ang sizing add 2 sizes up seller not responsive nung may tinatanong ako una palang sa size chart ayaw din tanggapin ang return better sa ibang shops nlang kayo bumili di kayo iintindihin pag may damage o problema ang items sayang lang,1,0,0,1,"Not good quality, seller not responsive, there's a hole",,,,
170,mali po yung isang socks imbes na brown cat orange tiger yung pinadala ang mas nakakadismaya nakaorder na pala ako dati at nung unang order ko ganyan din na mali ang isang design sana random na lang pinili ko kung di rin masusunod order ko napamahal pa ako,0,1,0,0,Not the correct color,,,,
171,not effective at all wag na kayo bumili sa store nato,1,0,0,0,Not effective,,,,
172,not worth the money malakas yung sound pag nag connect sa sa cp pero yung actual sound mahina mahirap buksan,1,0,1,0,Not worth the money,,,,
173,malayo sa displayed pictures yung item manipis at ang daming crease nung dumating,1,1,0,0,"Is so much difference from the picture, tin and a lots of crease after delivery",,,,
174,ang layo naman sa inorder ko yung isa lng yung tumama sana man lng nilalagyn nila ng sold out kung wala na ng ganon kulay o style maganda nmn un medyas pero mas bet ko yung kulay na inorder ko,0,1,0,0,Only one socks is correct. Is nice naman ung medyas pero mas bet ko yung kulay na inorder ko,,,,
175,nag order ako ng dalawang pouch noong 44 74 pesos yung isa kaya dalawa inorder ko tapos yan lang dumating sana isang pouch nalang inorder ko though the quality of the items is good,1,0,1,0,The quality of pouch are goods however the items,,,,
176,hindi naman sya mystery pouch kasi nagbigay lang kayo nang tag 89 pesos rin na item na binebenta no excitement pa kasi hindi naman nakabalot,1,0,1,0,Items is not mystery and is price,,,,
177,akala ko ba 10 meters po eh bakit 6 meters lang tas ayaw mag send ng picture ni seller,1,0,0,1,"Six meters, ayaw mag send ng picture",,,,
178,bakit po ganun habang gamit ko bigla na lang tumigil full charge naman until now ayaw na gumana disappointed sa product quality mula ng binili ko kanina ko lang ginamit chinarge ko muna para matagal kong magamit pero wala pang 1min tumigil na haysss,1,0,0,0,It stop  while using and disappointed sa items quality,,,,
179,binago ko ratings ko di ko pa nagamit ng matagal iba na agad tunog nya nilinis ko na din filter nya pero same pa din chinat ko na din seller pero wala pa response pls pls pls,1,0,0,1,The sounds is so differnce and chat the seller but not responsive,,,,
180,kadulas ganon ba pabango not recommended sayang lang pera ko kung alam ko lang na ganon hindi na sana ako bumili dumating pa sakin may tagas umayyyy tsk tskkkk,1,1,1,0,Items are tagas and sayang ang pera ko,,,,
181,ewan parang pre order ang peg 1 week ang delivery,0,1,0,0,Ewan. I think is pre order and 1 week the delivery,,,,
182,wrong item nakakainis lang kc 10 ribs order ko pero 8 ribs lang ipinadala nyo be fair nmn po kasi nagbabayad kami ng tama tapos ipapadala nyo di tama naka online kayo pero di nyo binabasa ang chat ko,0,1,0,1,Wrong items,,,,
183,poor sira agad sya wala pang 1 month na pag gamit very disappointed,1,0,0,0,Poor and is broken,,,,
184,wrong color po yung binigay green and pink po yung order ko then same green color yung dumating saakin and i order it purposely for my mothers friend which is matanda and maikli yung dumating saakin hindi yun kasya sa leeg niya,0,1,0,0,The color is wrong,,,,
185,okay naman siya malambot sa paa kaso maliit yung size na napili namin sana po naglalagay kayo ng add size one ganun sa bawat order para hindi po nageexpect na yung size ng paa naman eh sakto dun sa size na mabibili namin sayang lang yung tsinelas dalawa pa naman,1,0,0,0,Okay items but is to small so better sana nagdagdag,,,,
186,pasensya npo pero first ko kasi magrate ng 1 star hindi nko binalikan ni seller kahit nireremind ko sa chat may tastas sa gilid ung bra nkita nman ni seller per vid and pic at babalikan daw ako pero hindi na inasikaso per chat thank you prin,0,0,0,1,Tastas and hindi binalikan ni seller and hindi na inasikaso per chat,,,,
187,the lighting is good but the problem is wala pa 1 day hindi na gumagana yung ibang kulay nya like yellow and yung white nalang natirang gumagana sana tumagal kahit mga 1 month lang sayang din kasi pambayad hahaha,1,0,0,0,Nagana ung kulay nya like yellow,,,,
188,walang cloud na dumating pinalitan nang meow eh hindi naman nag inform naka bubble wrap naman pero basa yung bubble wrap idk kung na open ba sya eh naka sealed naman sana next time mag inform po kayo na papalitan pala kasi benibenta po ito,0,1,0,1,Hindi nag inform if papalitan kasi benibenta pa ito,,,,
189,sobrang useless dont buy it  hindi worth it  once ko lang nagamit di na gumagana,1,0,1,0,Hindi worth it and is not gumagana,,,,
190,the description says what you see is what you get this is clearly not a platform sandals i also asked the seller in less than 5 minutes upon ordering this if they can cancel the order cause i wanted to order another thing para isang shipping nalang,1,0,0,1,"The description is not true, also the sellers",,,,
191,very far from what was shown in picture tanggal na ung dikit ng glue  tapos ang size hindi true to size sayang pera lang to mas maganda pa ung quality sa palengke na tsinelas,1,0,1,0,Hindi what the is show in the picture. Tanggal na ung dikit ng glue and not true to size,,,,
192,i ordered 2 units ung isa faulty tapos i returned it already but no refund is issued nor is it getting delivered back to me,1,0,0,1,1 are faulty and there no refund or delivery,,,,
193,okay lang medyo nakakainis lang kac nd sya macharge nd na gumagana yung ilaw at ang fan nya okay nmn sana nakakadissapoint lang dpat imakeaure nila na okay ang items lalo sa pagchacharge para nmn nd masayang,1,0,0,0,"Its okey, ayaw macharge",,,,
194,magandan naman yung size ng medium at xl na isa yung isang bundle madumi tapos sira sira ndi ko na maganda na snaa yung quality kaso yung isnag xl tape sobrang nipis at madumi pa sira sira pa buti nabenta ko pa yun hays balik puhunan any way thanks seller,1,0,0,0,Nag benta na yung tama,,,,
195,110 super disappointed ako dalawa yung order ko 10 pcs na ballpen at 10 pcs na spinning pen maayos naman siyang dumating kaso kulang ng 9 na spinning pen yung nareceive ko,0,1,0,0,Kulang na spinning pen,,,,
196,seller not responding sayang pera dto 5 mins lang lowbat na,1,0,1,1,"Seller not responding, pera is sayang.",,,,
197,010 disapointed in this item matagal mag init,1,0,0,0,Matagal mag init,,,,
198,wala akong natanggap na lip therapy kulang ang order ko nakakalungkot at disappointed ako ito pa man din ang hinihintay ko,0,1,0,0,Kulang,,,,
199,poor sira yung isang payong kpg binuksan di na nasasarado di ko alam kung sinadya ba ni seller or di nia lng nacheck,1,0,0,0,Hindi masarado,,,,
200,the product is working naman what i dont like is yong manner of shipping walang nakalagay na fragile kaya itapontapon lang yan ng mga courier services kaya ayan basag ang lock however hindi ko na isasauli to cant imagine sa dami pag daanan bago ma return to its a waste,1,1,0,0,Shipping and basag,,,,
201,not cool ang bad nang pagka package nya,0,1,0,0,0,,,,
202,not worth it ibabalik ko sana kasi napakahina ng hanging pero umiyak anak ko kaya hnd ko na nireturn kita naman sa video pawis ko hnd sya nakakarefresh,1,0,1,0,product performance and value for money are not worth it,,,,
203,mali po ung dumating hnd po un ung order qbuti nlng d gnung mhal qng ngkataon syang lng s dinami dmi q ng n order d2 s shoppe i2 lng ang sumablay,0,1,0,0,wrong item delivered,,,,
204,nakakastress gamitin yung product lagi siya nagsstop magisa tas hintayin mong gumana uli already tried at 2 laptops same experience,1,0,0,0,product is not working properly,,,,
205,mali ung binigay sakin na case ang inorder cu stictch ang pinadala nasa,0,1,0,0,wrong item delivered,,,,
206,iba ang binigay tried contacting you pero patay malisya kayo okay naman send nio sa iba bat yung saken anlayo ng mga nasa picture,0,1,0,1,wrong item and unresponsive seller,,,,
207,Yng kalahati maliit na size na at ang iba sira ang tape panget naman tapos mahal pa,1,0,1,0,product quality, size issue and expensive,,,
208,good maganda po cxa na amaze ako sa pa usok2 at mabango yung room ko thank u seller thank u rider,1,0,0,0,good quality product,,,,
209,wag kau mag order dito  putik  ayusin mo naman seller ibaiba yung kulay na binibigay mo pls lang nextime na may mag order sayo ayusin mo naman  wag naman yung maka benta lang ayaw ko na mag order sa shop na to may sariling desisyon c seller,0,1,0,1,wrong color and seller decisions,,,,
210,baliktad yung lense im very disappointed,1,0,0,0,product defective,,,,
211,not good well after 2 days hindi na sya nagana nagiinit din pagchinacharge,1,0,0,0,product defective and not working,,,,
212,deffective stand bali dapat icheck muna bago iship sayang mahal pa nman sf,1,0,1,0,product defective and expensive,,,,
213,isa lng ung pinadala skin ng seller eventhough inorder ko is 2 unresponsive,0,1,0,1,incomplete items and seller is unresponsive,,,,
214,nakakadismaya mawala agad ang scent sa vanilla lace di pareho sa na order ko sa other seller sayang 4 bots pa naman ang na order ko,1,0,0,0,product scent fades quickly and wasteful,,,,
215,hndi dumating yung design na order ko ang order ko is soccer blue and white bear pero yung binigay is etong orage tsaka white tapos yung color green na frog ibangibang sa nakalagay dito sa picture,0,1,0,0,wrong design delivered,,,,
216,yong binigay ng mother ko na ganito is sobrang bango as in naubos ko kaya nag purchase ako pero itong napurchase ko alcohol lng naamoy ko sorry pero hindi tlaga maganda yong amoy alcohol lng sana mapalitan yong left bottle na bigay ni mother is ubos na,1,0,0,0,product smells like alcohol,,,,
217,kanina lang dumating di ko agad naopen busy ako mahaba ang video kaso 60mb lang daw pwede iupload so ayun not recommended though mura sya pero sana hindi ganyan na mukhang used na used na at may damage dont worry seller di ko na ibabalik gagastos pa kasi ako,1,0,1,0,used product and price is cheap,,,,
218,pangit dami konlng order tapos di naman pala worth it ang pangit ang nipis dali oang mapunit ang chaka nakaka badtrip,1,0,1,0,product quality is not worth the price,,,,
219,mali ung bngayparehong 850mldpat 2l ung pinkhnd man lng ngsabi c sellerpra sna kht ibang kulay bsta 2l prnung pckaging hnd rn gnun kaauwdpat buong my bubble wrap hnd ung s cap lng,0,1,0,0,wrong item delivered and poor packaging,,,,
220,hindi siya legit did tulad ng nagkikita ko sa mga pic at sa tiktok,1,0,0,0,product not legit,,,,
221,maganda appearance problema lang wrong variation yung binigay ni seller imbes na greenviolet naging pink blue next time sana kung ano gusto ng customer sundin niyo rereturn ko sana kaso naisip namin matatagalan nanaman pag balik kaya hindi nalang be responsible seller next time,0,1,0,1,wrong product variation and seller is irresponsible,,,,
222,walang free na spatula ba yunngek wrong color pa dumating buti nalang yung pink bumagay s kulay ko haysss next time po paki sunod yung order thanks,0,1,0,0,wrong item delivered,,,,
223,ayaw gumana sa may left side na fan hahays sayang bayad ko sana po bago niyo e ipadala e check niyo muna,1,0,1,0,product defective and waste of money,,,,
224,umasa aq n 2 liters dadating kc un po ang order q kaso disappointed aq kc iba pnadala nyo 1100 ml sna po tama pndala nyo kc ngbbyad aq ng tama mamsir,0,1,0,0,wrong item and quantity,,,,
225,so disappointed ayaw gumana ng control nya,1,0,0,0,product defective,,,,
226,di sya fast charger  so far di sya heavy duty kasi nga mumurahin lang,1,0,1,0,product not fast charging and cheap,,,,
227,okay namn po yung pag receive ko maganda yung cover so im so exited to try it days palang po nandyan na but im so disappointed kase dipo gumagana yung remote niya i try to download a led bluetooth but its not work so useless lang po yung led kaya,1,1,0,0,good delivery but product defective,,,,
228,ganda sana ng items lalo na yung salamin na me ilaw kaso yung sports bra me punit at butas,1,0,0,0,product with defects,,,,
229,poor kung gusto niyo ng sakit ng ulo order kayo no sense of responsibility sent a message to inform them right after delivery that the item arrived damaged due to irresponsible packing and the nerve na mag offer ng 10pesos discount hit and miss tong store na to so go,0,1,0,1,irresponsible packing and poor customer service,,,,
230,watery liquid less 1 star kasi there was a slight leak less 1 point kasi hindi siya similar sa orig na cloud which you can see in the photo after initial spray may sweetness siya like original cloud pero after 30 seconds nagiging powdery siya while orig cloud is sweet,1,0,0,0,product has a leak and not the original cloud,,,,
231,210 hindi naman photochromic to actually may ganito na ako naiwan ko lang sa bahay yun isa legit na photochromic ito normal lang na eyeglass,1,0,0,0,product is not photochromic,,,,
232,kulang ng isang item at hindi nirefund ng seller kaya di nako uulit sainyo at kung my bibili man dito sana di matulad sa na experience ko ayaw nyo pa talaga mag refund kaya ok 2 stars para sa inyo,0,0,0,1,missing item and seller refused to refund,,,,
233,u gave me wrong item im disappointed,0,1,0,0,wrong item,,,,
234,so ayooooon nag try lang hahahhaha kala ko may pa ibang hanash waley ihhh pareparehas talaga ung item na nilalagay nila like dito ko sure sa dalawa kung alin ang sa mystery pounch at mystery box kasi samasama,1,0,0,0,same items inside mystery pouch and box,,,,
235,so disappointed kasi yung fan my dumi tapos ok pq nung una gumagana nung na lobat tapos chnarge q hindi na gumana gagamitin q pa sana sa f2f clases kasi mainit kaso wla na sira na sayang yung pera saka sinong bobo mag lalagay nang lalagyanan nang batery na wlng,1,0,1,0,product is dirty, defective and waste of money,,,
236,kulang kulang ang item ang kulang ko ay 2 panty then isang paper tape isa lang ang na receive ko tapos si seller di na nag re respond nag bayad namn ako ng tama pero grabe namn,0,0,0,1,incomplete item and unresponsive seller,,,,
237,okay n sana kso color white ang order koiba ang dumatingsna kung ano order un ang ipapadala nio slamat,0,1,0,0,wrong color of the item,,,,
238,grabe yung alcohol nia matapang narecieve q na cia kaso di q bet nabudol ata aqwalang amoy yung pabango parang alcohol lng,1,0,0,0,product smells like alcohol,,,,
239,ayaw po gumana ng sim 1  nabuksan ko po sya two bar lng ang charge nung chinarge ko po nag hang at bigla na namatay at ayaw na mag charge at d na bumukas  sayang nman khit d na irefund sna mapalitan,1,0,1,0,product sim not working defective and waste of money,,,,
240,i am expecting that i will got 2 set of different mystery parcel since i ordered 2 mystery parcel i quite disappointed its ok to have it 1 packaging but i received the same items,1,0,0,0,same item inside 2 mystery parcel,,,,
241,the worst product ive ever bought in shopee so far i highly regret buying this such a huge waste of my money i am very maticulous with the quality of the products i buy kahit na cheap yung price its super thin  the tube doesnt wrap around the body,1,0,1,0,bad quality of the product thin and waste of money,,,,
242,ganda po sana kaso magka iba size panu ko po to mgamit hahaha excited pa nmn ako haysssss nkamura mn nga ganito nmn nrcv ko hahaha,1,0,1,0,good quality product but different sizes and waste of money,,,,
243,not what i expected manipis may butas yung color pink na watermelon ang print i should have ordered to the previous shop na pinag orderan ko dati out of stock nga lang kaya dito ako napa order mas mura dun at maganda quality ng payong,1,0,1,0,product is thin with a hole and cheaper but bad quality,,,,
244,ano to black yung inorder ko black pero white yung dumating  nagbabasa po ba kayo kung anong kulay ng sapatos ang ioorder kung wala pong black ede sana minessage niyo ako na white nalang ang ipapadala umasa kase ako na black ang dadating,0,1,0,0,wrong color delivered,,,,
245,hndi siya na gana at sira ang pag ka diliver sakin at hnfi din siya na ilow sa pinaka pouds sayang lng pera,1,1,1,0,product is not working defective and waste of money,,,,
246,this is my 9th time purchasing sana nman po i check nyo ng maayos bago nyo i ship imbes na 30 days unli 30 gb po ang naiship ninyo ayaw pa mag response ni seller i refund nyo po ako,0,1,0,1,wrong item and seller unresponsive,,,,
247,nothing 2 days using this product sira agad ayaw umikot very disappointing dont buy this product nag clip fan nalang sana ako hayst,1,0,0,0,product is broken after 2 days,,,,
248,so far po ang ganda pero hindi po sya cotton pero okay nmn sya sulit yung 274 kaya thank you po,1,0,1,0,product is not cotton but worth the money,,,,
249,sira yung sa saksakan ng charger tas maling charger binjgay itlogg,1,0,0,0,charger defect and wrong charger,,,,
250,bilis malowbat tas sobrang tagal icharge hayss,1,0,0,0,fast to lose charge and slow to charge,,,,
251,good inorder ko black 2 liters tapos dumating blue  orange sayang naman mga lods buti nalang mura oorder nalang ako sa iba sa lolo ko nalang daw bayaran nalang daw nya ko,0,1,1,0,wrong color and quantity,but cheap,,,
252,never buy in this store  mali2 yung order ko tapos kulang pa  item is not good  very poor,0,1,0,0,wrong and incomplete item,,,,
253,i dont think na matibay tong umbrella kasi halos twice pa lang nagamit pero nagkabutas na too bad naorder received ko na so i dont recommend this item,1,0,0,0,product has a hole,,,,
254,antagal pong dumating halos 1 week koh sya hinintay 1st time koh dito at ayoko nang umulit don sa mga unang na orderan koh 2 na pinakamatagal as in fast shipping sya not recommended ang store sorry sana baguhin nyo toh,0,1,0,0,slow delivery,,,,
255,hindi naman po ako man loloko ano po makukiha ko sa panloloko maamsir pinagipunan po namin ang pera para sa pag bili tapos yan lang rejected na agad consinqman po kayo pwede po tayo mag communicate properly para ma resolve hindi yung rejected na agad hahay,0,0,0,1,product rejected and seller not communicating,,,,
256,wrong item dinelete ni seller yung unang feedback na wrong item ang pinadala 2nd order na mali pa rin pinadala this is not 2l obviously and not the motivational tumbler we ordered being said it doesnt serve its purpose na motivational buti na lang mura lang pero sayang pera pa,0,1,1,1,wrong item unresponsive and seller and a waste of money,,,,
257,but supper gusot hindi naka plasticnext time pls ayosin ninyoorder kasi yan,0,1,0,0,bad packaging,,,,
258,manipis sya at same2x lang yung mga designs nya yung logo lang yung iniba,1,0,0,0,product is thin,,,,
259,so bad isa pla to sa mga scamers 454 poh bnayaran koh 2 pcs poh order koh but 1pc lng nkuha koh dmi koh ng msg sa nyo never kau ng reply about sa complain koh,0,0,1,1,scammer,incomplete and no reply,,,
260,sira ung charger d gumaganapanu b e blik ung item,1,0,0,0,charger defect,,,,
261,ok nman ung item akala ko lang nung una wireless not bad sa 39 pesos,1,0,1,0,ok item for 39 pesos,,,,
262,kahit nagdagdag na ako sa original size maliit parin im so dissappoited,1,0,0,0,size issue,,,,
263,laspag na laspag di maayos yung stand durog na durog pa yung box stock pa ata to nung pinanganak si enrile e recommended kung gusto ng sakit sa ulo,1,1,0,0,bad product,,,,
264,napaka unresponsive ni seller then mali pa yung item na binigay,0,1,0,1,seller unresponsive and wrong item,,,,
265,iba yung pinadala skin versus sa inorder ko lalaki anak ko tpos pinadalahan ako ng pink 3 order ko 1 kng ang tinama syang pera,0,1,1,0,wrong item and waste of money,,,,
266,wag kayo bibili after 2 days nasira tapos ayaw palitan ng seller ung purifier kahit nag provide ako ng pic at video scam,1,0,0,1,scam,product broken and seller no action,,,
267,nakaka dissappoint kasi ibang iba ung kulay sa binili ko na bago here sa same number na binili ko noon,1,0,0,0,different color from previous buy,,,,
268,i order 3 pro 2 lng dumatingty nlng porket dko na video ng inopencharge to experience pro sna dobol check nyo rin parcel nyo send pics or video bago kayo mag ship,0,1,0,0,incomplete item,,,,
269,not working kaya walang lalabas na amoy unsatisfied customer here nasayang lang pera ko salamat na lang kay rider sa pagdeliver pero sa seller nevermind,1,0,1,0,product not working and waste of money,,,,
270,good tnx shoppee and seller for give me a good sakto sa aking anak ganda subrauulit ako mag order ulittnx,1,0,0,0,good product,,,,
271,yellow bee po yung order ko kse partner sna sa custome ng baby ko na bee kaso iba pinadala wala man lang pasabi na ppalitan hays,0,1,0,0,wrong item,,,,
272,parang bond paper sa nipis akala ko mahaba not true to size madali lang mabutas not satisfied at all,1,0,0,0,product is thin,short and easy to have hole,,,
273,parang gamit na at saka putol2x young sound sayang sana next time ayosin nyo naman,1,0,1,0,product is already used and wasted,,,,
274,ok naman yung black kaso yung white sira nung pag ka diliver saken,1,1,0,0,black is ok, but the white is broken,,,
275,good sana check dn muna maige ni seller un item tulad myan may stain na browm pareho pahaysssana makuha pa sa zonrox at kuskossayang,1,0,1,0,good but the item has stains and wasted,,,,
276,panget na seller kulang kulang ang item mali2 pa binibigay na item not trusted wag na kayo umoorder jan nakakadismaya,0,0,0,1,bad seller, wrong and incomplete item,,,
277,im so disappointed kasi i waited for a long time para sa products na to tapos hindi naman pala worth it i know na this is a dupe lang pero walang wala talaga parang alcohol lang at tubig i cant even smell the fragrance in it sayang lang 200 ko,1,0,1,0,bad product and wasted,,,,
278,quality is good sana nagtanong muna kayo kung ok ba na palitan ung color na inorder hindi yung paladesisyon kayo na basta nyo nalang ipapadala ung maling kulay,1,0,0,1,good quality but wrong item delivered,,,,
279,bad it doesnt work i was really sad nagipon ako para dto then sira ung dumating nung una gumana and natakot na ako na d gumana i chat the seller nung hindi na nga gumana 2 hours daw icharge pero alana nasayang 100 ko ilang minutes ko lng nagamit,1,0,1,0,the product is broke and a waste of money,,,,
280,the scent is nice but the product itself isnt may leakage sobra tapos unresponsive pa ng seller,1,0,0,1,nice scent but the product is leaking and unresponsive seller,,,,
281,kulang ang dumating na item isa lang ang dumating which is supposedly 2,0,0,0,0,incomplete item,,,,
282,810 grabe sa unang order okay pa though may parang naputol sa loob then after 2 days hindi na gunagana sayang pera,1,0,1,0,broken and wasted,,,,
283,dapat ang eh deliver yong nasa actual na nasa picture kaya nga binili eh kasi maganda sa picture tapos pagdating iba pati kulay iba beige ang order naging black ang dumating tapos oobligahin niyo customer niyo na ibalik item nagbayad naman ng tama tapos lolokohin niyo customer niyo,0,1,0,0,what u see what u get, wrong item,,,
284,kala ko same xa nung mga nkkta ko na ndi nag ffade very dissappointed,1,0,0,0,the actual thing is not the same of what he see,,,,
285,did not deliver the remote that comes with the unit coordinated several time s but ni action done so frustrating poor after sales service sa customer wala tiwala sa customer naghahanap pa ng video while opening,0,0,0,1,did not deliver the remote of the unit and poor after sales service,,,,
286,kulang ang item na ipinadala 3 umbrella ung order ko 2 lang yung nasa parcel tapos yung seller hirap e contact for refund di na nagrereply,0,0,0,1,less item and difficult to contact seller for refund,,,,
287,poor quality po cra na agad 1week plang saken not responsive ndn c seller sayang po ang pera,1,0,1,1,poor quality and waste of money and the seller not responsive,,,,
288,sira ung right side hnd sya nagchacharge bulok tagal pa dumating,1,1,0,0,the right side not charging and it takes too long to deliver,,,,
289,agad naman nadeliver kaya lang ibang kulay ang dineliver compare sa order ko hindi parepareho ang tela may makapal at may manipis nakaka dis appoint na mag order ulit pero pwede ng pagtyagaan,1,1,0,0,wrong color and not the same fabric,,,,
290,before kayo bumili nang product na ito mag isip nang mabuti sayang pera dito not assertive si seller,0,0,1,1,it is a waste of money, seller not assertive,,,
291,subrang disappointed ako kasi hindi tama yong dumating sakinhindi sya two colors wala rin salamin,0,1,0,0,the product is not correct, it has no colors and no mirror,,,
292,not aligned sa order ko i received wrong item,0,1,0,0,received wrong item,,,,
293,wrong item receive wag na kayong un order dito sayang pera nyo,0,1,1,0,wrong item and a waste of money,,,,
294,one star lang kase meron na akong scent ng cloud pero hindi siya kaamoy nung binigay nyo,1,0,0,0,not the same scent from the cloud that she had,,,,
295,iba ang quality ng actual product ibang iba sa photo,1,0,0,0,the quality of the product is different of what she seen in the photo,,,,
296,poor hindi naman ito yung inorder ko a terrible shop,0,1,0,0,this is not what she had ordered,,,,
297,very bad supplier hindi man lang siniparate yung wipes basang basa lahat ng iba kung inorder wag kau umorder dito hindi marunong mag pack not good very bad,0,1,0,0,very bad to pack the item,,,,
298,okay na sana for its price kaso why naman sira yung isang side hayyy magagamit pa naman kaso alam mong hindi mag tatagal,1,0,1,0,item is broken but okay for its price,,,,
299,510 ang tagal magreply ng seller i received the item week ago and i inquired kase black yung dumating but till now wala sila reply,0,1,0,1,the seller is not responsive,,,,
300,none mystery box tapos pareparehas lang ang laman lol wag kayong oorder sa shop na to tatlo pa inorder ko tapos ganito kaya nga mystery eh tapos ilalagay parepareho,1,0,0,0,there is the same item in the mystery box,,,,
301,not satisfied customer heremay mga sobrang rubber,1,0,0,0,Description:  The review mentions 'rubber' which is a material aspect. Tag: product.,,,,
302,sana give away nalng tong item nato also 1000 order ko kay seller,1,0,0,0,Description:  The review expresses dissatisfaction with the item. Tag: product.,,,,
303,sira ang pinadala not satisfiedsira ang isa na pinadalasana bago ipadala echeck muna kasi sayang lng ang pera na pinagbili,1,0,1,1,"Description:  The review mentions the item being 'broken' and 'not satisfied' which falls under product and service. It also states it was a waste of money, falling under 'price'. Tag: product, price, service.",,,,
304,may31 super ingay mas maingay at mas mabigat sa vacuum malakas ang suction pero may mga hairfall akong namimisspag matagal na gamit hindi na gumagana yung suction yung uv na lang ang functioning not sure if its by design sayang pera mas worth it ang vacuum,1,0,1,0,"Description:  The review discusses the 'noise', 'suction', and 'functioning' of the vacuum, pointing to 'product' features. Also mentioned wasting money. Tag: product, price.",,,,
305,4 ang inorder ko dalawang mystery pouch at dalawang mystery box iisang bag lg dumatung ang laman apat na mousepad wow ang saya ng mystery,1,1,0,0,"Description:  The review mentions receiving the wrong item suggesting product issues. It also states they received a single bag out of their total order. Tag: product, delivery.",,,,
306,im not sure if seller is color blind or what i ordered pink but i received orange excited pa naman ako mareceive yung item tapos ganto,0,1,0,1,"Description:  The review indicates the wrong color was received, pointing to delivery issues.  It also mentions disappointment due to the issue falling under the service aspect. Tag: delivery, service.",,,,
307,grabe nagexpect ako ng sobra pero my god pagbukas ko pa lang nung fan nagamoy siya then hindi na mapindot ayaw na mapatay huwag na kayong oorder dito scam so disappointed,1,0,0,1,"Description:  The review states that the item had a smell when they opened it and its not functioning which suggests a product issue. It also mentions not to order from the shop which is service related. Tag: product, service.",,,,
308,d long lasting ok naman fast delivery pero ung pabango tlga dko type pati maliit lng sya,1,1,0,0,"Description:  The review mentions the scent of the product, the fast delivery and it not being long lasting. Tag: product, delivery.",,,,
309,at first okay naman nung ginamit ko then na lowbatt then chinarge ko 2 to 3hrs then ginamit ko after 10 to 15mins ubos agad battery eh ang tagal naka charge,1,0,0,0,Description:  The review states that the battery dies quickly. Tag: product.,,,,
310,maliit ang size nila at npkatagal madeliver but anyways thank u pa rn,0,1,0,0,Description:  The review states the wrong sizing of the product as well as it taking a long time to arrive. Tag: delivery.,,,,
311,leaking po sya promise di n ako komontak s cs nila ksi hassle din mgreturn,1,0,0,1,"Description:  The review states that the item is leaking. It also mentions the customer not wanting to contact customer service as the whole process is a hassle. Tag: product, service.",,,,
312,mali ang sukat 40cm wide and 5m long only not the same as advertised nagamit ko na at super manipis lang madali masira ginamit ko kasi sayang naman ang pera na pinang order hindi pwede gamitin over something na araw araw pinapatungan ng mga gamit like kitchen counter table etc,1,0,1,0,"Description:  The review mentions the incorrect size, that the item is flimsy and easy to break. It also states it was a waste of money. Tag: product, price.",,,,
313,maling kulay pa rin yung dumating very disappointed nakakainis napaka walang pake niyo sa customer noh,0,1,0,1,"Description:  The review says that they received the wrong color and that the seller is very irresponsible. Tag: delivery, service.",,,,
314,size 42 siya pero mukhang size 38 sa bf ko siya actually but nagkasya sa mama ko jusko sayangggg lang pero okay lang ang cheap lang naman niya and nagamit naman kaya di na rin masama k kayo bahala kayo kung ilang size yung ipapatong niyo basta yurn lang photos,1,0,1,0,"Description:  The review mentions the size being incorrect and that it was not a waste as it was cheap. Tag: product, price.",,,,
315,hindi siya worth it 010 mahina yung left side tapos palaging nag didisconnect,1,0,1,0,"Description:  The review mentions the item not being worth the price. Tag: product, price.",,,,
316,naglalag pa sad life naglalag pa sad life super gaan parang hindi durable naglalag pa sad life naglalag pa sad life naglalag pa sad life super gaan parang hindi durable naglalag pa sad life naglalag pa sad life naglalag pa sad life super gaan parang hindi durable naglalag pa sad,1,0,0,0,Description:  The review mentions it lagging and not being durable. Tag: product.,,,,
317,ang linaw ng order may check pa kuno sa waybill walang sabi sabi ship out sila kahit mali ang kulay tas sasabihin return eh di hassle pa sa customer wag na kayo umorder dito lalo if may ibang choice sa kulay baka mali din ipadala nila sa inyo,0,1,0,1,"Description:  The review says that the order was clear but they received the wrong color. It also expresses that its hassle to return as well as saying not to order at all. Tag: delivery, service.",,,,
318,wala na man siyang free stick ano to kakamayin lang,1,0,0,0,Description:  The review talks about a missing item as it needs a stick. Tag: product.,,,,
319,disappointedang panget niyamay damage paparang isang suotan mo langsize 40 order ko pero lampas na lampas paa ko prang size 7 langwaste of money,1,0,1,0,"Description:  The review states that it had damage as well as wrong sizing. It also expressed wasting money. Tag: product, price.",,,,
320,hindi siya worth it ang baba ng quality ng products sumabog nung chinarge,1,0,1,0,"Description:  The review mentions it not being worth the price and bad quality as it exploded after charging. Tag: product, price.",,,,
321,hindi complete yung order they even message me to click the received para mabigyan ako voucher pero kahit naclick ko na theyre still giving me any refund or voucher they are aware of the two missing items i even sent them a video,0,0,0,1,"Description:  The review talks about an incomplete order, the customer clicking the received button yet not receiving the promised voucher. Tag: service.",,,,
322,not happy kaloka subrang liit ng items grabie naman expected q maganda ayyy ewan kaloka,1,0,0,0,Description:  The review mentions the item being too small and expressing a lack of satisfaction. Tag: product.,,,,
323,parang tubig lang sobrang nakakadismaya di pabango binigay nyo alcohol i dont expect a lot pero yung padalan nyo ako ng alcohol sobrang bad ratings kayo saken,1,0,0,1,"Description:  The review mentions receiving alcohol instead of perfume and expressing disappointment. Tag: product, service.",,,,
324,ibang item yung dumating sakin 2l pastel motivational water bottle yung order ko pero iba yung nareceive ko 1100 ml lang sya pati color iba dinmaganda naman sana pero mas gusto ko sana yung malaki,1,1,0,0,"Description:  The review mentions receiving a different item as well as an incorrect size. Tag: product, delivery.",,,,
325,maling item at kulang yung pinadala kids ang inorder ko pang adult ang dumating irerefund daw nila ng shop voucher pano kung di na ako umorder sa shop nila edi useless lang at may expiry pa ng 30days useless ang refund ayaw naman pumayag sa gcash or shopee coin ipasok,0,1,0,1,"Description:  The review states they received the wrong item as well as it being incomplete. It also mentions the customer wanting a refund. Tag: delivery, service.",,,,
326,yung pakaging di maganda hays yupi yung karton ng tripod ang ganda sa pic pero sa personal na hindi pero all in all oks naman kaya thank you padin kay seller edit ko lang jusko sira agad yung tripod hays seller wag naman ganyan nagbabayad ng maayos sainyo,1,1,0,1,"Description:  The review mentions bad packaging and that the tripod had damage.  Tag: product, delivery, service.",,,,
327,ok nakaka badtrip ibang iba yung dumating sakin  medium na boxer orderk ko xxl ang dumating black nq shirt or order ko red na one piece yung dumating nanakakainis talaga sayang lang pera sa shop na to,0,1,1,0,"Description:  The review states that a completely different item was sent. Tag: delivery, price.",,,,
328,ganyan na sya sa loob ng pouch saklap no working naman ung item magamit sana sa ng matiwasay napakaikli ng usb cord puro gasgas rin ung item at di ko tlga ineexpect na ganito lang ung item seriously wala naman sya sa listahan ng mystery list,1,0,0,0,Description:  The review says it was damaged within the pouch and that it was not working. Tag: product.,,,,
329,supposed to be april 15 po ang pag recieved ng item but dumating xa ng april 18puro delivery failed wala naman attempt na ideliver at wala dn natawag na rider na idedeliver na at knowing na iba ibang color amg order ko pero may 2 na magkaparehing kulay,0,1,0,0,"Description:  The review mentions the late delivery, the delivery failed and receiving two of the same color. Tag: delivery.",,,,
330,disapointed nakaka disappoint sobra pano ko to gagamitin seller hays,1,0,0,0,Description:  The review says that the customer is very disappointed and does not know how to use the item. Tag: product.,,,,
331,maganduh piro blue ang benegay seller anu i2 black ang inorder q hendi blue bkt blue ang benigay nio saken ginagagu nio customer nio,0,1,0,1,"Description:  The review states they received the wrong color and accuses the seller of playing with the customer. Tag: delivery, service.",,,,
332,2l tumbler yung inorder ko pero 1l yung pinadala ibang design pa sana hindi kayo nag aadvertise ng ibang products pag hindi yun yung binebenta nyo panloloko ito eh,1,1,0,0,"Description:  The review mentions receiving the wrong size and different design from what was advertised. Tag: product, delivery.",,,,
333,ok naman yung appearance ng product though ng eexpect ako na ng pwde sya bend or ipa ikot pero hindi pala i tried it na i charge siguro 5 mins lang ng stop na sya kasi nawala yung red na light pag chacharge mo so feeling ko full na sya,1,0,0,0,"Description:  The review is discussing the product appearance, features and charging capabilities. Tag: product.",,,,
334,ito inurder ko its black kaso init na init ako kasi walang pang pen if ganito ung quality d nalang sana aq nag order sayang lng sa pera pangit pa  kaya 1 star lang sa sunod tignan nyo mona ung parcel,1,0,1,0,"Description:  The review states they wished they didn't order it and that it was a waste of money because of its quality. Tag: product, price.",,,,
335,not good di ko na sinoli kasi sabi ng anak ko akin na lang pag laruan na lang niya sayang pera ko sa item na masmalakas pa buga ng hangin ng bibig ko maingay pa sabi less noise may video ako kaso more than 3second di ko na na send,1,0,1,0,"Description:  The review says it's not good and mentions it being a waste of money. Tag: product, price.",,,,
336,sayang pera sa adaptor sumabog yung adaptor ilang beses na akong bumibili sa shopee ng charger at gumagana lahat nang maayos kaya di na talaga ako nagvivid di nyo naman ako ininform na may lahi pala tong fireworks pinahamak nyo pa ako,1,0,1,0,"Description:  The review mentions that the adapter exploded and wasting money. Tag: product, price.",,,,
337,quality is not good im using it for 3 to 4 weeks already the amount of dust accumulated is minimal,1,0,0,0,Description:  The review talks about the quality being bad and the minimal amount of dust accumulated. Tag: product.,,,,
338,pink and green color ng order ko hindi white  blue basta may mapadala lang kayo,0,1,0,0,Description:  The review mentions they received the wrong color. Tag: delivery.,,,,
339,nauna kong inorder pero huli dumating mas nauna ang huling inorder ko kaya medyo na worried at ngkamali pa ako ang gi confirm ko itong huling dumating tsktsk pareho kc ang item ibat ibang supplier yaong isa kc buy 1 take 1 at least dumating na lahat ang inorder ko,0,1,0,0,Description:  The review mentions a late delivery. Tag: delivery.,,,,
340,pki blik ung pera ko kunin nyo tong items nyo bkit kulay itim ang dumating green order ko,0,1,1,0,"Description:  The review mentions receiving the wrong item and wanting a refund. Tag: delivery, price.",,,,
341,mahina ung sa audio at pag magsasalita ako sa ka call ko wala naririnig,1,0,0,0,Description:  The review mentions the poor audio quality. Tag: product.,,,,
342,i ordered black but i received color beige maganda naman yung product kaso black kasi talaga inorder ko,0,1,0,0,Description:  The review states that they received the wrong color. Tag: delivery.,,,,
343,item was good shipped immediately also but please double check the items your customer ordered you sa case ko missing ng 2 umbrellas hopefully narefund namn din right away sana next time mas macheck pa po ang item bago iship,0,1,0,1,"Description:  The review mentions good shipping time.  It also mentions missing items, requesting to double check before shipping next time. Tag: delivery, service.",,,,
344,000 sayang ang pera sayang pera ko di man nagamit umiilaw lang di bumubuga walang lumalabas ganun na lang for display,1,0,1,0,"Description:  The review states the item did not work and that it was a waste of money. Tag: product, price.",,,,
345,not satisfied ang reason bakit ako napabili kasi maraming hair lagi sa bed namin hindi sya nakakahigop ng buhok kelangan pa nang matagal na effort sayang pera,1,0,1,0,"Description:  The review mentions being not satisfied as it does not work and that it was a waste of money. Tag: product, price.",,,,
346,ibang item po yung binigay and i ask for refund but they only returned 30 pesos like wtf160 dapat yon grabe naman po nagbabayad naman ako ng tama,0,0,1,1,"Description:  The review mentions receiving a different item and getting the wrong refund amount. Tag: price, service.",,,,
347,ung cord ok kso ung adaptor not good sayang lng,1,0,1,0,"Description:  The review says that the adapter is not good and mentions it being a waste. Tag: product, price.",,,,
348,eto yung mystery box at mystery pouch nila 2 in 1 na hahaha babala wag bibili,1,0,0,0,Description:  The review says the mystery box and pouch are the same thing so its a warning not to buy. Tag: product.,,,,
349,wrong color ipinadala ni seller sakin pero yung crocs itself is okay naman goods na for its price seller sa susunod paki inform naman po kapag wala yung kulay na gusto naming mga customers thank you,1,1,1,1,"Description:  The review mentions receiving the wrong color but the item itself is okay and good for its price. It also states to inform the customer in the future. Tag: product, delivery, price, service.",,,,
350,walang kwinta ang liit ng size himdi manlang ng rereply yung seller,1,0,0,1,"Description:  The review states that the item size is small and that the seller is not responding. Tag: product, service.",,,,
351,tignan niyo ang pinadal nakalagay 14pcs at ang ganda ng mga clip pangregalo ko sana kaso yung pinadala bukod sa 7 pcs lang ang layo sa nakapost at benebenta i need refund nagbayad po ako ng sakto ibalik niyo yung pera ko pinaghihirapan namin yung pinangbibili namin maging maayos po,0,0,1,1,"Description:  The review mentions receiving only 7 pieces instead of 14pcs and needing a refund. Tag: price, service.",,,,
352,hindi ko nga knows mhie i did not receive this item pero sige inyo na yan hahaha gbu ily,0,1,0,0,Description:  The review mentions the customer not receiving the item. Tag: delivery.,,,,
353,well cheap price comes with a cheap quality you can really feel na ang cheap ng dating nya tho i love it kasi malambot sya sa paa problema lng ang inorder ko 3839 na size pero ang dumating png size 65 or ganto talaga size nya,1,0,1,0,"Description:  The review mentions cheap quality but states it being worth it due to it being cheap. It also mentions incorrect sizing. Tag: product, price.",,,,
354,after 4days sira agad haha,1,0,0,0,Description:  The review says that the item broke quickly. Tag: product.,,,,
355,i bought 2 of these mystery box but the seller sent same item same design and same color sana man lang sir iniba mo ung isa,1,0,0,0,Description:  The review states they received the same item and design even if the customer bought 2. Tag: product.,,,,
356,ok the seller is not responsive tbh the item is okay but i suggest na mag 1 size up kayo sa normal size niyo maliit ang sizing nila 39 lang ako pero 4041 ang kasya sakin,1,0,0,1,"Description:  The review mentions that the seller is not responsive and states that they should size up. Tag: product, service.",,,,
357,may damage pasmall size 3839 parang size 5 lng pokya order p ko isatry k 3940,1,0,0,0,Description:  The review mentions receiving a damaged item and it being small. Tag: product.,,,,
358,damage items kahit ang seller is not responsive kaka dismaya,1,0,0,1,"Description:  The review mentions receiving damage item and the seller not being responsive. Tag: product, service.",,,,
359,ang baho amoy payay na uod or something,1,0,0,0,Description:  The review describes that the item has a bad smell. Tag: product.,,,,
360,maliit po siya parang medium lang podi siya 3 xl o 4xl,1,0,0,0,Description:  The review states the item being small. Tag: product.,,,,
361,maganda naman wrong color lang  order ko blueorange dumating pinkblue ayaw tuloy gamitin ng kapatid kong lalaki at may color pink  next time wag na sana maulit di baleng matagalan basta tama ang idedeliver nyo wag nyo madaliin kung hnd naman tugma sa order tnx,0,1,0,0,Description:  The review says that the item itself is good but mentions they received the wrong color. Tag: delivery.,,,,
362,mali po ung product na binigay nyo wla po ako inorder na earphones ang i order a white brallete tas d pa nakalagay sa plastic ung mga bra literal na parang nilagay directly ung product sa plastic ng jnt then wla ng platic na isa pa na pag lalagyan nung,0,1,0,0,Description:  The review states that they received the wrong product. Tag: delivery.,,,,
363,may damage may damage na factory defect tapos ayaw palitan ng seller  di na nag derapino ng seller tapos nung nireport ko sa shopee kinacancel ni shopee yung rewlquest ko ng return at refund sana sa ibang seller na lang ako bumili sobrang nakakainis iting shop na ito,1,0,0,1,"Description:  The review mentions the item having damage and the seller not willing to replace it. Tag: product, service.",,,,
364,i ordered 2 of this and itong isa damaged bakit namn ship nyo ng may defect ung isa gumagana tong isa umiinit lang sana bago nyo ship check nyo muna mabuti ksi ung box nya ok hindi sa shipment ang problem,1,0,0,1,"Description:  The review says that they received a damaged item and one is functioning while the other is not. The customer wants them to check it before shipping in the future. Tag: product, service.",,,,
365,lagi ako bumibili sa mystery pouch nagpapromo si seller sinunod ko instructions purchased 5 mystery pouches at 58 pesos each pouch 5 din na magkakaparehas na item yung mahaba na mouse pad aanhin ko ang product na ito,1,0,0,0,"Description:  The review says that even buying 5 mystery pouches, they received 5 of the same product. Tag: product.",,,,
366,hmp napaka tigas ng pindutan ng green umbrella need pa ipush bago mabuksan which is hassle all goods naman yung black pero panget ng green,1,0,0,0,Description:  The review talks about the green umbrella being hard to open and the black umbrella being good. Tag: product.,,,,
367,yung 1st photo dinivide ko yung isang roll in 2meters and 3 yung lumabas akala ko ba ay 10 meters ito manipis pa,1,0,0,0,Description:  The review mentions the item being thin. Tag: product.,,,,
368,nakakadisappoint lang kasi parang secondhand lang yung item di man lang napack ng maayos at may bend na rin sa isang paa ng tripod sana lang magtagal kasi sayang pera first time ko pa lang ma disappoint sa dinamidami ko na inorder sa shopee eto yung medyo di maganda anyways,1,1,1,0,"Description:  The review mentions that the item looks secondhand, not being packed well. Tag: product, delivery, price.",,,,
369,product lier 2l discription pro ang dumating sa ay 1l lng ata o mas mababa pa sana sa susunod mag deliver kayo ng tama ni refund ko pro ako pla mag babalik sa kung saan malapit na jnt sa amin eh di woww haist sobrang nakaka disappoint godbless na lng,1,1,0,0,"Description:  The review says the product description is incorrect and they need to return it themselves. Tag: product, delivery.",,,,
370,look at the picture nakalabas padding dun sa brown parang hindi sya sukat tsk sayang anyway yon man lang the rest okay naman sana,1,0,0,0,Description:  The review mentions the fit looks off but everything else is okay. Tag: product.,,,,
371,hindi sya balm lipstick texture sya medyo nang hinayang ako pero what would i expect mumurahin lang malayo ung ibang review sa totoong effectiveness nya,1,0,1,0,"Description:  The review mentions the item texture and the product being cheap. Tag: product, price.",,,,
372,mali ang size na dumating  nakaka dismaya  sana sa susunod check nio ng maayos ang order thank you pa rin kau kuya rider,0,1,0,0,Description:  The review states that they received the wrong size. Tag: delivery.,,,,
373,ok nman sa quality pra sa presyo nyapero sana nasunod ung sizesanyway thank you,1,0,1,0,"Description:  The review says that the quality is good for the price but they did not receive the right size. Tag: product, price.",,,,
374,i opened it and its very disappointing sira ang item hindi rin nag send ng pic si sellef before mag ship pano ba ito gift pa naman sana to,1,0,0,1,"Description:  The review says the item is damaged and they did not receive a picture from the seller before shipping. Tag: product, service.",,,,
375,ayos naman hindi 10 meters 6 meters lang per roll sa 3 rolls na nabili ko pareparehas na 6m lang,1,0,0,0,Description:  The review mentions not receiving the full meters per roll. Tag: product.,,,,
376,pinag iponan pa ng anak ko to d naman gumagana sa sa lang circle nya which is yun dapat ang malakas hayyyst pwede i return na lang or palitan nio kawawa anak ko sa kakaipon nagtiis pa grade4 ko anak na d na daw magrecess mabili lang to haaaist,1,0,0,0,Description:  The review says it is not working and wants to return. Tag: product.,,,,
377,damage item nilagyan nyo sana ng cartoon sa pagbalot para may support ung package incase mapatungan ung item especially kapag nasa whse na yan disappointed,1,1,0,0,"Description:  The review mentions the item having damage and it not being packed well. Tag: product, delivery.",,,,
378,maliit siya kaya if you are 37 order ka ng 38 maliit yung sizes nila,1,0,0,0,Description:  The review says the item is small. Tag: product.,,,,
379,good 5 star sana kasi magaganda ang design at kulay kaso kulang ung stock na i pinadala sana2345678910 etc etc i check ang stick bago ipack,1,0,0,1,"Description:  The review mentions the item having good design but receiving an incomplete stock. Tag: product, service.",,,,
380,white order ko binigay pink amp pang lalaki ba pink,0,1,0,0,Description:  The review mentions receiving the wrong color. Tag: delivery.,,,,
381,110 wrong item delivered grayblack ang order ko seller ayusin nyo naman service nyo kulang pa yung item na nareceived ko,0,1,0,1,"Description:  The review mentions receiving the wrong item and it also being incomplete. The customer wants the seller to fix their service. Tag: delivery, service.",,,,
382,not good hindi po sya nag chacharge,1,0,0,0,Description:  The review says that it does not charge. Tag: product.,,,,
383,ok n sna kya lng kulang ng isang item binyaran ko ng maaus ndi nmn lng ng double check ng item bgo ipadala wag nmn kau ganyn d nmin pinupulot yung png bbayad nmin senio nkkadismaya lng kau,0,0,0,1,Description:  The review mentions that it was only missing one item. It asks to double check next time. Tag: service.,,,,
384,good maganda quality ng payong makapal yung black part niya what i dont like is mahirap pindutin need na ulitin mo i push yung payong na i lock para mapindot mo dun ako disappointed sana chineck ni seller na in best condition yung item bago na ship and sana hindi,1,0,0,1,"Description:  The review mentions the item having good quality but being hard to push. Tag: product, service.",,,,
385,grabe si seller bsta2 nalang nilagay s pouch may naka lagay dw na fragile pro di nmn secure ang itemtas di na nka sealed ang isa tas may marka na makikita nmn s picano to ginamit muna bago nilagay s pouchkudos s shop na itokasi tinisting muna nila bago nila,1,1,0,0,"Description:  The review says it was not secured even with the fragile sticker. It also says one was not sealed and looks like it was used. Tag: product, delivery.",,,,
386,di ko bet badtrip talaga sobra basag yung bottle pagkadating sakin never again dito sa shopee,1,1,0,0,"Description:  The review mentions that the item arrived broken. Tag: product, delivery.",,,,
387,ok ibang color variation dumating sa akin chiki ng kulay,0,1,0,0,Description:  The review says the customer received a different color. Tag: delivery.,,,,
388,di worth it tignan nyo lng ibang bumili at blurred pa kung mouse pad ibibigay,1,0,1,0,"Description:  The review states it not being worth it. Tag: product, price.",,,,
389,mali yung design kahit yung 2 mystery box na mousepad d yung design na pinili ko d man lang iba iba yung design anu ba yun random wag na kayo bumili dito sa shop na ito,1,0,0,0,Description:  The review says that the design was incorrect and its all the same. It also mentions not to buy at all from the shop. Tag: product.,,,,
390,sayang sa money sira naman yong neck fan na dumatingand ayaw gumana din magchargenakakasad kala ko magagamit ko sya for my immersionsayang pang allowance pa sana sa school yong pinang order kobut thanks sa lesson,1,0,1,0,"Description:  The review mentions that the item is broken and won't charge as well as it being a waste of money. Tag: product, price.",,,,
391,trinay ko yung underarm hair removal nakakasugat,1,0,0,0,Description:  The review says that it is cutting the skin. Tag: product.,,,,
392,di gumagana ang data bluetooth at wifi,1,0,0,0,Description:  The review says that the item does not work. Tag: product.,,,,
393,wrong item black order ko pero white ang binigay sa akin,0,1,0,0,Description:  The review states that they received the wrong item. Tag: delivery.,,,,
394,sorry ha pero same lang ang scent nung lahat na receive kong perfume its not even oilbased normally mataas ako mag review sa shops dito sa shopee pero not this time nakaka disappoint,1,0,0,0,Description:  The review mentions that the scent is the same and that it is not oil based. Tag: product.,,,,
395,thank you sellerganda ng telamalambot,1,0,0,0,Description:  The review mentions the fabric being soft. Tag: product.,,,,
396,maling color na recieve ko 2l ang order ko pero ang dumating lang is 1l and my order is black transparent bakit ganon seller na disappoint ako,0,1,0,0,Description:  The review mentions receiving the wrong color and size. Tag: delivery.,,,,
397,sa susunod wag niyo ilagay na adidas ang brand kahit hnd naman ok para lang makabenta sabihin nio no brand para aware ang buyer,0,0,0,1,Description:  The review is about seller falsely labeling the product and misleading the buyers. Tag: service.,,,,
398,since ng place ako ng order di ng rereply ang seller mali ang pinadala so wala akong choice kasi nga di naman sila responsive madami sila na budol kaya siguro wala na sila pake sa complaints so god bless nalang po may balik po sa inyo yan,0,1,0,1,"Description:  The review mentions the seller not responding and receiving the wrong item. Tag: delivery, service.",,,,
399,defective po ung green namatay po bak pede ipa refundnaka charge nman pero bakit namatay,1,0,0,0,Description:  The review states that the item is defective and requesting a refund. Tag: product.,,,,
400,kulang yung dumating na order pero tama yung binayad namin weve been contacted the seller about this matter but sad to say no action nag report na din sa help center wala din sana next time kung paki check naman po para hindi po ito mangyari ulit salamat,0,0,0,1,Description:  The review mentions the item is incomplete but the customer paid the right amount. They contacted the seller but got no action. Tag: service.,,,,
401,its not 10 meters 6 meters lang sya they dont respond to queries wala sya individual wrap kaya halatang nabuksan at bawas na,1,0,0,1,Product length is wrong and seller is not responsive.,,,,
402,basta basta lang binalot ng minsanan kung alam mo seller lang seller at sa mga seller sa product nyo makikita kung gano kayo ka responsible seller dito iresponsable basta makabenta,0,0,0,1,Seller is irresponsible, focusing only on selling.,,,
403,expect ko makapal ung parang my takong peo hnd pala tpos my stain pa na black,1,0,0,0,Product has a stain. The customer expected a thicker heel.,,,,
404,im not satisfied iba naman yung dumating sakin at iba yung fakenails kesa sa picture,1,0,0,0,Different fake nails compared to the picture.,,,,
405,good quality pero yung dalawa nawala bigla ang tinta pero wofth eat tlga sya,1,0,0,0,Good quality, but the ink in two disappeared.,,,
406,k maingay xia pag gamit napinadala wala manlang bubblerafbuti nalang mabait kuya n nag dilever thanks kuya sa pag dilever,0,1,0,1,No bubble wrap. But the delivery person is kind.,,,,
407,wrong item bwesit ka seller ka sabi ko black en white iba pinadala nagagalit tuloy sakin sa tatay ko makabenta lng kayo putang ina nyo,0,1,0,1,Seller sent the wrong item.,,,,
408,item received kaso hindi naman kaisa villa to e but its working well di pa sumasagot si seller sa inquiries ko,1,0,0,1,Product is working. Seller not responding to inquiries.,,,,
409,natatanggal agad not like other gel polish natatanggal agad not like other gel polish,1,0,0,0,It peels off easily unlike other gel polishes.,,,,
410,awstu why naman walang lock walang kawitan yung bra im disappointed,1,0,0,0,No lock or hook on the bra.,,,,
411,pagbukas ko ganyan na sya parang minadali tas yung item nakabuka yung gilid pero still working pa naman sorry di sya well packed,1,1,0,0,Item seems rushed and has an open edge.,,,,
412,not good 2 stars lang since sobrang bilis malowbat nung fan and napakaingay nung hangin huhu tipong nakacharge siya magdamag then ilang minutes mo lang siya magagamit mura sana kaso epic huhu di ko rin siya magagamit for school kakaopen ko lang patay agad ang fan plus sovrang ingayyyyy,1,0,1,0,The fan has a very short battery life, is noisy, and expensive.,,
413,got my earphones maayos naman sya when it comes sa pakikinig ng music but hindi gumagana yung mic i will use this pa naman sana for my online class but hindi nangyari yung expectations ko,1,0,0,0,The earphones work for listening to music, but the microphone does not work.,,,
414,1 out of 10 is zero paxensya na po pero lahat ng items siguro sa buong mundo na sira ung item niyo ang pinaka walang kwenta sa lahat ng mga sira items mas mabuti pa magsara na kayo para di kayo nakaka agrabiyado ng tao umiilaw pero di gumagana scamm,1,0,0,0,The product doesn't work, and it is a scam.,,,
415,damage sira po ang item umiilaw pero hindi sya nag spray at sira din ang usb,1,0,0,0,The item is damaged; it lights up but doesn't spray, and the USB is broken.,,,
416,wala akong malagay sa review dahil di ko nagustuhan panget ng quality it ia not what you see what you get sabagay sakto lang sa presyo ang quality,1,0,1,0,Bad quality, you get what you pay for.,,,
417,literally you get what you paid for well mura siya so expect it na manipis seller is not responsive never nagrespond sa mga queries koi was noted to not be in the location 2x pero was never contacted by the rider kaya it took a while to come kahit stated,1,0,1,1,Thin, seller not responsive, took a while to come.,,
418,not good dissapointed ako kase parang gamit na siya and may kunting sira ganunand akala ko kasama n bat hindi pa pala,1,0,0,0,The item seems used, is slightly damaged, and did not include the expected item.,,
419,walang kwenta ni isa wlaang gumagana kung dika marinig ng kausap mo ikaw di marinig or else ngongo sana kahit mura ang paninda un useful nmn napaka irresponsible ng seller na ito nakakawalang gana sana makita ng shopee to para ma call atenstion nila sa mga ganitong scam na seller,1,0,1,1,The product is useless, very irresponsible seller, its scam,,
420,d gumagana  ung usok not working,1,0,0,0,The smoke doesn't work and is not working.,,,,
421,thought standard ang size sa lahat ng bike hindi pala kc hindi talaga magfit sa upuan ng bike ko ginawan ko na lang ng paraan halos mawarak na po haha salamat na lang po,1,0,0,0,The size is not standard.,,,,
422,nasayang lang po pera komaling size ang pinadala ni seller hindi magkapares yung sandals size 37 order ko pero nung dumating size 36 yung kapares paano pa magagamit kung hindi parehas yung size ng sandals nagchat ako ky seller pero walang respond sana naman ayusin nio yung item dapat siguraduhin,1,0,1,1,Wrong size sent, seller is not responsive.,,,
423,see throughmanipis akala ko makapal sya but as you can see ang nipis dahil siguro color white,1,0,0,0,The item is see-through and thin.,,,,
424,hala xaorder ko po black bakit po iba kulay,0,1,0,0,Wrong color was delivered.,,,,
425,not what my kids expected hindi sya yung nasa pictures i dont know if na ubusan na si seller kaya iba na lang sinend samin hindi ko nakita sa pictures yung na received namin event hough tumbler parin sya syempre kids are expecting what they saw in pictures,1,0,0,0,The item is not what was in the pictures.,,,,
426,puro mousepad panget pa yung dalawa demonslayer lang maganda,1,0,0,0,The mousepads are ugly, only the Demon Slayer one is good.,,,
427,namali order saken hahahdj mabilis narefund,0,0,0,0,Wrong order for the customer,fast refund,,,
428,tulad ng inaasahan mousepad kaso my punit sa ilalim bat naman ganun sana naman ung ok di ung ganun,1,0,0,0,The mousepad is torn.,,,,
429,white yung print ng nasa picture pero nareceive ko gray yung print ng front and back sana next time ayosin pag print ng tshirt ayun lang salamat po,1,0,0,0,The shirt printing is different.,,,,
430,baliktad yung glasses factory defect ata,1,0,0,0,The glasses are upside down, probably a factory defect.,,,
431,bakit ganon pangalawa ko ng order to pero di ako ma satisfied ang liit ng cup nya kahit size 36 na yaw ko na pangalawang beses di ko na namn magagamit,1,0,0,0,The cup is too small even though it's size 36.,,,,
432,hnd dumating yung order ko pero naka order resive sya panget ng rider na flash express,0,1,0,0,The order did not arrive, negative delivery experience with Flash Express.,,,
433,not satisfied ang liliit lang pala,1,0,0,0,The items are too small.,,,,
434,be responsible sa pagsesecure ng item pasalamat kayo at working ang item pero napaka walang pagiingat ang pagrerepack sira ang kartoni am responsible buyer so better be responsible seller,1,1,0,1,The packaging was not secure and the carton was damaged.,,,,
435,not good sira yung isa hays maganda sana kaso yan nga yung isa natanggal yung color black sa likod sayang money,1,0,1,0,One item is broken.,,,,
436,ang pangit ng item ang bilis malobat wala pang 1 hr lobat na full charge naman disappointed ako sa item na ito apat pa naman na order ko grrrr,1,0,0,0,Bad item, quick to drain battery,,,
437,low quality ordered 7 of these but unfortunately hnd pa nakakabit napunit na agad dahil manipis well its expected cuz of the price invest nlng sa mas mahal pero good quality,1,0,1,0,Low quality, tears quickly.,,,
438,310 sira agad yung power button hindi gumagana yung left side ng fan wala halos hangin yung fan right side  hindi gaano kalakas,1,0,0,0,The power button broke quickly.,,,,
439,akala ko may free na akong pang base coat yun pla kulang ng isang item sana naman matutu kayong mag complete ng item maayos akong nag order sa inyo kaka dismaya mag order sa inyo walang kwenta same kayo ng ugali ng nag deliver hindi marunong sumunod,0,1,0,1,Missing item, negative delivery experience,,,
440,nag ooverheat and need to rest for a few hrs mas matagal pa resting period kaysa sa usage,1,0,0,0,Overheats and needs long rest periods.,,,,
441,contrary to others yung amoy nya to me hindi naglalast mas naglalast pa sa damit ko yung mga fake na bili ko na perfume sa china maybe yung napunta lang sakin na perfume pero overall mabilis shipping changing my rating to one akala ko akin lang yung walang amoy marami,1,1,0,0,The scent doesn't last.,,,,
442,defective item walang lagayan ng battery sa likod magagamit mo lang pag nakasaksak sa powerbank or nakacharge will definitely not order again,1,0,0,0,Defective item with no battery slot.,,,,
443,ang layo nang amoy nya ibang iba will not order again,1,0,0,0,The scent is completely different.,,,,
444,cute po ng make up salamat seller thanks sa nagdellever,1,0,0,1,Cute makeup, thanks to seller and delivery person.,,,
445,may defect po yung ibang product niyo po,1,0,0,0,Some products have defects.,,,,
446,not working ang isang item hindi nachxharge,1,0,0,0,One item is not working and not charging.,,,,
447,akala ko for children e ang laki naman para sa bata siguro dapat nilagyan nyo ng size per age pero andito na so hindi kona isosoli kasi mura naman,1,0,1,0,The size is too big for children.,,,,
448,okey na sana eh kaso kulang yong dineliver na inorder kosana naman chineck bago ideliver kahit mura pa yong inorder or mahal kasi paano mgtitiwala mga customer kung ganyanthis is not about the price this is about the trust,0,1,1,1,Item delivered is incomplete.,,,,
449,mabilis syang malobat tapos mabilis mamatay ung light and fan pero worth it nmn ung mini mirror very useful3,1,0,0,Quick battery drain, but the mini mirror is useful.,,,,
450,color black order ko pero dalawang blue dumating,0,1,0,0,Wrong color was delivered.,,,,
451,manipis sya pero okay na din kasi yung price hindi naman ganun ka pricey tsaka yung color white malaki masyado saakin yung black okay naman kasi free size tlga size pero yung white maluwang photo and video are not relate,1,0,1,0,The item is thin but okay for the price, sizing issues.,,,
452,nice mali yung dumatingorder q ay 2liters 1liter lang dumating tapos mali sin yung kulaypero ok na din napapakinabangan din naman,0,1,0,0,Wrong item delivered,,,,
453,mali mali pinadala bear ang dumating kahit brown cat order ko refund ko sana kaso abala lang never again to this shop,0,1,0,0,wrong item sent bear ang dumating kahit brown cat order ko,,,,
454,ayos naman medyo confusing lang sya i operate kasi chinese character useless ung remote mag youtubeka pa for better understanding ng products time consuming sana talaga mag tagal yung item,1,0,0,0,Confusing to operate.,,,,
455,para sakin d maganda packaging walang doble kaya siguro d gumagana ung isang buds  i tried to get a refund dahil bayad na sya bago pa i deliver samin dami ko sinubmit na evidence picture para mkita nla pero wala palang kwenta ingat kau sa pg bili,1,1,0,0,Poor packaging, a bud is not working,,,
456,kailan po naging blue ang black sana nagmessage muna kayo na di na available ang choice ni buyer bago kayo nagdecide na palitan yung item disappointing talaga since pangregalo ko sana to hay naku,0,1,0,0,Black changed to blue,,,,
457,bad mabili malowbat nagempty bat kahit di ginagamit sad,1,0,0,0,Battery quick drain,,,,
458,ang ganda ng featured at offer sa post nyo gomo sim unli data 30 days w free 20 gb gomo sim no expiry sa price na 279 dalawa ang inorder k unli data 30 days pro yung dating 20gb na gomo sim saklap scammer kayo karmahin din kayo huwag kayo,1,0,1,0,Misleading advertisement,,,,
459,received wrong item nakakasad lng kasi 1st time ko umorder sa shop nila tapos ganito first time lng nangyari sa akin mali nadeliver sa akin na size ng order ko di nmn mairefund kasi ayaw maprocess,0,1,0,0,Incorrect delivery and failure to refund.,,,,
460,bad wrong color was sent umbrella not working cant return product dahil nasira ko na kakatry buksan faulty umbrella order somewhere else,1,0,0,0,Wrong colors, umbrella not working,,,
461,x wrong colors wrong sizes ibang iba sa inorder ko diba nakikit ni seller orders di bale sana kung iba nalang kulay basta 2l pinadala magagamit kopa basta basta nalang magpapadala ng mali disappointed naman sobra unang beses ako na scam sa shoppee grabe,0,1,0,0,Wrong colors, wrong sizes, and a different order,,
462,00 nakaka disappoint subra nagbayad ako ng tama tapos ang na received kulang is yong cord 1 month na akong naghihintay wala naman proper response si seller regarding sa concern ko,0,0,0,1,Incomplete product, no seller response.,,,
463,wala hindi samsung mga ateng sinungaling regular na android tablet lang jusko wag nyo na bilin scam lang ginogoyo lang kayo ng mga to,1,0,0,0,Fake product.,,,,
464,not the color i order po  gray black po order ko hnd po yan huhuhu sana hnd nyu nalang po muna deniliver kung out of stock hindi nmn po ako nagmamadali hindi ko sya magagamit kasi hindi ko po gustu yung kulay nya sayang lang huhu,0,1,0,0,Wrong color,,,,
465,fast lowbat only 2hrs of use mabilis ma drain yung battery un pods un case matagal naman ma lowbat pero maganda sound and appearance mabilis din naman mag charge kaso ano ngang point kung mayat maya ka mag charge ng pods,1,0,0,0,Fast battery drain,,,,
466,disappointed almost 3 months bago dumating yung inorder ko tagal nila ishipout ang item di din nagrereply sa message ko sakanila kung bkt di pa nila shiniship out maiintindihan ko naman basta mag message lang ng dahilan bkt natagalan buti kinuha ko pa yung item i am very disappointed,0,1,0,1,Delayed shipment,,,,
467,maganda sana kya lng wrong color ung dumating super disappointed,0,1,0,0,Wrong color,,,,
468,not working hnd na dapat pinapayagan mag benta tong seller na to basura palpak sayang lng pera,1,0,0,0,Not working,,,,
469,wrong item walang hiya yang si seller napakatagal na ngang dumating wrong item pa hindi pa man din cod bwisit talaga hindi man lang siniseen messages ko scammer kakarmahin kau youll see sa panloloko nyo ng kapwa,0,1,0,1,Wrong item,,,,
470,magkaiba ang item s pic sa item na narecieve ko hindi nasunod ang kulay na napili ko ayusin nyo seller ang serbisyo nyo para dumami ang suki nyo hindi porket mura lng ang presyo nyo eh iibahin nyo n ang order nmin pano kmi uulit ng pag order s inyo,0,1,1,1,Wrong item,,,,
471,di gumagana ang light at fan nya,1,0,0,0,Not working the light and the fan.,,,,
472,ayaw ko na mag order nto dto na shop,0,0,0,0,Not want to order shop again,,,,
473,hindi pantay ung hangin na nilalabas sobrang hina nung nasa right compared sa left,1,0,0,0,Not balanced,,,,
474,maliit yung sex 1star lang deserve mo yan seller,1,0,0,0,Product quality-small,,,,
475,bulok wag kayong oorder neto scam ko sayang ang pera di porket sa online sila nag bebenta malakas na loob ninyo na mang loko ng tao,1,0,1,0,Poor quality product-scam,,,,
476,nvm maganda sana ang product 2 pcs ang inorder ko isa lang may straw nagmessage ako kay seller regarding this issue pero hindi nagrereply saka ung sticker natatanggal pa d madikit ung adhesive na kasama,1,0,0,1,Product issue missing accessory, no service,,,
477,kaya nag order ako ulit dto sa shop nato kac na gustohan ko nong unangayon na disappoin ako kc kulang ng isa yong yong itemhi nko sayang pera dto una lang pala maganda yong seller dto,0,0,1,1,Product missing-Item,,,,
478,1 nakalagay sa description 10m pero nung ginamit n nmin 6 to 7m lng ung products then the seller is very unresponsive 0 star kung tutuusin sayang pera ko para sa 11 rolls,1,0,1,1,Product dimension discrepancy-Service unresponsive,,,,
479,magnda po sya  pero bakit po hindi pareho ang tela mas okay yun blue yun black hindi po sya stretchable at medyo madulas yun blue stretchable po sya okay n rin po kase sa halagng 85 plus shipping not bad thanks parin seller,1,0,1,0,product concern different textile,,,,
480,hindi naman po sya fast charger napaka sinungaling nyo po sayang lang po ung pera ko po,1,0,1,0,Product and charger is not working,,,,
481,wiw di totally functional basta all goods sya order na kayo guys bilisan nyo na bago magkaubusan po hehe,1,0,0,0,Product working,,,,
482,di ko to nareceivee tatlong items inorder q kulang ng isaaa dalawaaa lng narecieve ko,0,1,0,0,Product received is lacking.,,,,
483,ayan ohh kita nman sunog sya sa tabi ng pindutan pagdating lobat chinarge ko pagka charge ko jusko biglang nlang umamoy buti hndi sumabog grabe ang gusto pa dalin kupa ng jnt hndi namn sana ako nangloloko ayan ohh binuksan ko para makita mo seller,1,1,0,0,Broken product-unsafe,,,,
484,ok triple check po sana mga inoorder sa inyo kahit maliit na difference lang ng price yan same size ang binigay nyo sakin ok na sa ibang color sana hindi na maulit yung ganito sa ibang buyer regalo ko sana to hay naku seller sunod na order ko iayos nyo,0,1,0,0,Seller needs to doublecheck item before packaging,,,,
485,2l purpleblue ang inorder ko pero dumating 850ml pink blue sna check niyo maigi kong ano order bago kayo magpack  nakaka  disappoint,0,1,0,0,Wrong item recieved-different size,,,,
486,mahinang klase two minutes ko lang nasuot nagpunta lang ako ng tindahan napigtas na,1,0,0,0,Low quality product.,,,,
487,di na agad gumana ang hirap kausap ni seller poor service i really need this pero napaka hirap kausapin hahahahah,1,0,0,1,Product broke immediately,,,,
488,disapoint akala ko colored my camera di pala black and white tapos walang camera tapos ung box nka lagay ang mga details like may camera tapos colore di tugma sa itemwalang kwentadapat kung ano ang pinost nyo yan din ang ang pinadalaprang repair na binago lang,1,0,0,0,Not as advertised in details posted by seller,,,,
489,nag mmelt po yung design nya pag na ka bukas yung ilaw nag iinit po mgnda itsura pero pag gnmit na hndi magnda s bata,1,0,0,0,Safety of the product compromised,,,,
490,defective yung isang fan not flexible,1,0,0,0,Product has a defect,,,,
491,jusko hindi man lang nag inet sa tenga ko sira agad not worth it,1,0,0,0,Product broke easily -not worth it,,,,
492,black order ko pero dumating orange tas 2l pero yung dumating 1000ml,0,1,0,0,Wrong item. Wrong color.,,,,
493,i received the lip balm and maaga ko naman sya na received but it looks like it has been used a bit disappointed and dissatisfied it smells terrible,1,1,0,0,Product issues,,,,
494,very disappointed ako may kulang na sticker at puro maling color ang ibinigay sa iba nalang kayo oorder hindi na ako oorder dito hays,0,1,0,0,Product issue-missing and different colors,,,,
495,defective i suggest na wag nyu na isipin pang bumili sa shop na to defective naman binebenta nila masasayang lang pera nyo,1,0,1,0,defective-scam,,,,
496,maganda sana maganda sana bumili dito kaso ung unavailable na order ko na sandals ei hindi pa nai babalik sakin ang tagal ko hinihintay napaka unresponsive ni seller wag nmn kayo ganyan kung unavailable na ung mga product nyo make sure na ilalagay nyo dun kasi grabe abala samin pakibalik,0,0,0,1,Lack of response by seller-no return,,,,
497,manipis na masyado and not foamy at all parang wallpaper nalang talaga,1,0,0,0,Product quality issue,,,,
498,wrong color 2nd order ko na to sa seller na to but dis time super nakakadismayakulang ang item na pinadaladahil nga 2nd order ko na dito di ko na vinidiohan wyl opening the package kasi ung 1st order ko complete namanbut this time kulang ng 3 wipes at garbage bagmali,0,1,0,0,Product missing and wrong color.,,,,
499,30 days unli data order ko ang ibinigay ni seller 30gb,0,1,0,0,Misinformed in the specifications.,,,,
500,o hndi ok ung product peo mabait namn c seller will namn siya,1,0,0,1,Product issue- but seller is good,,,,
501,55 850ml blueorang ang order ko wrong item ang dumating na parcel 1000ml pinkbluedahil need na ng anak ko sa school dko na na return item at mabusisi papki ayos sayang ang payment namin na nag purchase,0,1,0,0,Wrong item delivered and customer need it already.,,,,
502,not good ok sana sya kaso my damage ung dalawang baunanbaka pwedeng papalitan ung dalawa kasi apat sila gagamitung isa basag ung sa takip nya at ung isa basag ung ilalimseller pwede palitan kopo kht anung kulay,1,0,0,1,Damaged items, seeking replacement.,,,
503,wrong item received rong item pinadala nakalagay 2liters tpos 1 liter lang pinadala ng seller sobrang dissapointed tpos ayaw p mg reply ng seller ayaw dn mgpakunswelo wag n kyo umorder dto,0,1,0,1,Wrong item sent, seller unresponsive.,,,
504,disappointed ako kase white yung inorder ko then black yung dumating then akala ko katulad siya ng ibang sapatos na malambot yung pinaka katawan but it turns out na para lang siyang net 39 size ko at sakto lang siya sana di sumakit paa ko pag sinuot nang matagal,1,0,0,0,Wrong color delivered, quality not as expected.,,,
505,1010 nakakawalang ganasira na yong black nung pag bukas namin sa balot tapos yong rose gold gumana sana kaso hindi naman nakakatanggal ng buhok sa kili,1,0,0,0,Defective item upon arrival.,,,,
506,sana man lang inayus nyo ang delivery package nyo yupi yupi po yong item sayang yong bayad,0,1,0,0,Poor packaging.,,,,
507,damaged bket nmn ganito pnadala nyo di nyo ba chinecheck bgo nyo iship mbilis nga dumating pro ganyan nmn,1,1,0,0,Damaged item upon arrival.,,,,
508,nakakainis hindi gumagana earphone kakaorder kolang,1,0,0,0,Defective earphone.,,,,
509,halatang madaling masira pero syempre what do you expect sa mumurahin pero hindi ko lang inexpect na ganito kapoor quality like masusuot mo pa ba toh pero fast shipping,1,1,0,0,Poor quality, but fast shipping.,,,
510,bad maling color ng tumbler ang dineliver color green dapat ung malaki pero pink ang dumating ung maliit na tumbler ok nmn kaso kulang ng straw grabe naman po kau d nyo chinechck items bago nyo bgy sa rider pangit omorder sa inyo nakakapag sisi,1,0,0,0,Wrong item delivered, missing parts.,,,
511,na ahh not so good yung ganap ng phone i ordered gray color ng dumating red battery hindi ganon natagal signal super bad niniisip ko block signal sa bahay pero hindi naman goods naman sa ibang phone ko palaging naka searching mode need ilipat almost a minutes bago magkaroon,1,0,0,0,Phone issues: battery, signal problems.,,,
512,ang pangit ng itemim very disappointed hindi sya gumaganamaganda lng sya sa pic pero hindi mn lng mg on,1,0,0,0,Defective item.,,,,
513,ang dami ko order 6pcs bench brief boxer parehas kulay doble boxer short bench body tsaka hm pero bench body pa rin pinadala pare parehas kulay anu kaya yun 1 star sa seller badtrip ka haha,0,0,0,1,Incorrect order.,,,,
514,bukod ang tagal dumating e iba iba p ung foam may mkapal at may manipis tas kapag sinuot mu ung mga foam nadedeformhaist ang ganda sana ng designsyng ang pera d worth it sorry,1,1,0,0,Poor quality and packaging.,,,,
515,not good akala ko 2l bakit 1l lang dumating tsaka green ang order ko bakit blue ang dumating paki ayus naman po sa susunod na disapoint ang pamangkin ko,0,1,0,0,Wrong item and color delivered.,,,,
516,super tagal dumating at hindi maayos ang packaging kaya yong first layer nasira ang laman nakakadisappoint hoping nextime maayos na ang packaging lalo na malayo pa ang pinanggalingan,0,1,0,0,Very slow delivery, poor packaging.,,,
517,manipis at sira sira ang diaper not recommended base on my experience believe me,1,0,0,0,Poor quality.,,,,
518,low quality nakakadisappoint sayang pera pag number 1 wala mn lng maxadong hangin bumili nlng kau pamaypay or di kaya karton mas may hangin pa,1,0,0,0,Low quality.,,,,
519,very disappointed with the item order some of the adhesive wallpaper are old hindi na siya dumi dikit natatanggal na ang papel niya sa likod at iba iba pa yung size hindi mag kapareho pinag ipunan kopa naman ito but sayang lang yung pera binayad ko not recommended seller,1,0,0,0,Poor quality, old adhesive wallpaper.,,,
520,poor quality defective sayang ang pera hindi na gumagana hindi nagamit na scam ako dito,1,0,0,0,Defective item.,,,,
521,cheap plastic material bilis masira,1,0,0,0,Cheap material.,,,,
522,very poor 1 week pa lang di na sya agad marunong lumiko then humina na din agad pag andar nya,1,0,0,0,Poor quality, stopped working quickly.,,,
523,maganda so for yung quality kaso lanh yung packaging di maayos nasira tuloy yung isang fan na binili ko durog box plus wala pa yung isang charger,1,0,0,0,Damaged packaging, missing charger.,,,
524,damaged yung device nakakatamad na lang gawin yung process nung return kaya wala na hayaan na lang minalas lang 1st time makatanggap ng device na defective buti eto lang,1,0,0,0,Damaged device.,,,,
525,di po umiilaw ng buosayang ang paghihintayvery dissappointing,1,0,0,0,Defective item.,,,,
526,nakaka dis appointed kasi di cya ang size na inorder qu 39 naging 36,1,0,0,0,Wrong size delivered.,,,,
527,good naman na sya sa price kase mura lang kaso na dismayan lang ako kase 2 colors order ko but then same color lang sya and para syang magic lipstick ganon,1,0,1,0,Wrong color, poor quality lipstick.,,,
528,bad ung left side lang ang gumaganatas umiinit ung right side n walang hangin na lumalabas,1,0,0,0,Defective item.,,,,
529,maganda naman yong items kaya nga lang kulang yong ipondala sakin ihhh exited pa naman akoo sa order ko,0,0,0,0,Items missing,,,,
530,ok nmn po naidlvr walang damage kaya lng po order ko 1 pcs 2l at 1 850ml bakit po pareho ang dumating nakakainis lng po tama nmn binayad ko,0,1,0,0,Incorrect item delivered.,,,,
531,next time svhin nio ung totoo nkalagay sa adds nio cotton wala nmn katotohana mkapagbenta lang kau khit hindi totoo wag niong gawing tanga ung mga buyer nio,0,0,0,1,False advertising,,,,
532,hindi sya natutuyo kahit i uv light mo na ang light ng color nya kahit naka 4 coat kna ganun pa din ung kulay,1,0,0,0,Doesn't dry properly.,,,,
533,lintek after ilang linggo lang biglang hindi na gumana yung row ng letters zxcvbnm at few numbers this is fvcking awful,1,0,0,0,Keyboard stopped working.,,,,
534,from 5 stars to 1 i cameback for feedback waste of time kung mag ask ng replacement twice plng ngamit di na gumana ung fan di sya lowbatt kc lakas pa ng ilaw tska amoy sunog na agad inopen ko lobo ung batt sana po my quality check po kau,1,0,0,0,Short usage, amoy sunog.,,,
535,sa napaka raming mora na aerpod ito yung worth php290 na jbl tapos basag i hate this item promise kaya di ko ginagamit dahil delay din yung bluetooth transfer ng audio wt,1,0,1,0,Worthless item,,,,
536,not responsive sellerdeffective items wag na kayo bumili ditosayang pera,0,0,0,1,Not responsive defective,,,,
537,yupi yupi yung box madali lang din ma lowbut tas mahina lang yung buga ng hangin not satisfied,1,1,0,0,Yupi, madali ma lowbat.,,,
538,check nio item niyo bago nio iship sira pareho ni ayaw ma open sayang lang pera ko abala rin kung ibabalik pa to,1,0,0,0,Sira before shipment,,,,
539,im very dissatisfied about the quality of the producthndi exactly ung makkita nyo sa picture nila kita nyo nmn jan sa picture and video na may mga puti puti sa ibang parte na parang dumi and flat ung bottom surface unlike sa pic nila na razor ung bottom surface also,1,0,0,0,Not satisfied,,,,
540,i want to request a return nagpadala si seller ng magkaibang brand ng item until now d nasagot sa concern ko the green is okay ung quality maganda sya vaneless the white one is right side ng fan d nagana i want to return this white please seller sumagot ka,1,0,0,1,May sira isa tas d sumasagot,,,,
541,5sets yung order ko tapos 5pcs na hairclip na sira sira ang dumating sobrang daming chat ko na kay seller pero ilang days bago mag reply binyaran ko ng 33 pero 298 lang ang refund sa shopee pay next time i double check niyo mga items nyoang tagal na nganga,1,0,0,1,Sira dumating tapos tagal reply,,,,
542,bat di po nagcharge sayang pera kaumay naman di nagcharge kakainis sayang pera,1,0,1,0,Di nag charge sayang pera,,,,
543,same item baited ako doon sana man lang magkaiba laman pouch and box ang ad same product din pala papadala nyo fool me once shame on you,1,0,0,0,Same item baited ako,,,,
544,sira yung item sa mystery pouch at mystery box nakaka dismaya,1,0,0,0,Sira daw mystery box,,,,
545,very poor ang service kulang ung pinadalang item wala man lng message n kulang ipapadala kahit message mo si seller hindi na reply wag na po kayong mag purchase s store na ito very irresponsible s kanyang customer,0,0,0,1,Kulang ipinadala,,,,
546,disappointed aq kasi purpleblue n hindi transparent ang orde q pero ang pinadeliver ni seller purple na transparent,0,0,0,0,Wrong color ang dumatung,,,,
547,ok sobrang na disappoint ako looking forward ako mareceive to then pgdating wrong product binigay nila facestick in cocoa ang inorder ko tapos concealer na cocoa shade dumating di ko naman magamit kasi di compatible shade sakin gusto ko sana ireturn pero paalis na ko hassle na nakaka sad kasi,0,0,0,1,Sobrang dissapointed sa color,,,,
548,pag open ko ng sealed nya ang baho ng amoy parang amoy goma na ewan but ung mismong nasa loob nya mabango nman na nkakaumay thats all thank you,1,0,0,0,Amoy gamot,,,,
549,my order has been tagged as delivered yesterday even i did not receive any item today lng naideliver napakaunclear ng explanation ng rider when i asked bakit ganun ang nangyari when in fact its their negligence obviously flash express super poor service,0,1,0,1,Poor flash express service,,,,
550,sira ung eye shadow nung dumating,1,0,0,0,Sira ung eye shadow,,,,
551,mali naman binigay mo seller nakakadismaya di tuloy ako happy nakakapanghinayang pa hayssss kainis naman seller nako walang mag oorder sayo pag ganyan,0,0,0,1,Di happy sa binigay,,,,
552,ok i already bought this product actually third time ko ng ng pirchased kay seller kaya i assure na satisfied ako sa quality the bad thing is the shipment it takes 3 weeks in shipping di ko na binuksan ireregalo ko kc yan,1,1,0,0,Mabagal pinadala,,,,
553,ok nmn ung item kya lang 2 black order q kaso ang dumating 1 black at 1 navy blue d cya parehong cottonsna next order same order poslmat,0,0,0,0,Mali item,,,,
554,terribly poor to the poorest ni hindi man lang magcomply ng maayospuro automatic mes ang sinesend hindi nman ganun kamahalan pero pera parin un na nasayangmalamang marami ng nascam ang seller na to kaya hindi na xah nagrereply ng maayos,0,0,0,1,Hindi sumasagot ang seller scammer,,,,
555,maganda sana kaso maling size pinadala pinag tiyagaan ko nalang kasi need ko na gamitin ang hassle if ibabalik pa,0,0,0,0,Maling size pinadala,,,,
556,disappointed maraming kulang na items mahal pa yung shipping fee oki sana kung pati fee sa shipping ni refund,0,0,0,0,Maraming kulang item,,,,
557,kulang kulang amp tapos same color pa binili ko pink brown and black binigay sakin black lang,0,0,0,0,Kulang-kulang ang pinadala,,,,
558,3xl order ko 2xl ang dumating tumal,0,0,0,0,Maling size pinadala,,,,
559,nakakainis napagalitan pa ako ni mama kase nag sayang ako nang pera i chacharge ko palang sira na agad ano yun gagamitin ko pa naman sa pag nag sschool akonakakainis di man lang nag isang araw sana ma refund to kasi sayang pera ko sana i check nyo muna item,1,0,0,0,Di nag charge nasira agad,,,,
560,minsan mo lang magagamit sa second time na gagamitin mo di na makahigop ng dumi hihi,1,0,0,0,Minsan lang nagagamit,,,,
561,okay naman yung quality ng dumating ang kaso lang hindi ito ang inorder ko 2l na black yung binili ko iba yung dumating 1100ml na color blue to mas malaki sana yun gusto kong product kaya two liter the pinaship ko kaso diff pinadala although upon checking same price lang,1,0,0,0,Not the color ang inorder,,,,
562,tnx sa nagdeliver napa aga ang dating pero yong ibinigay na order ko ay may isang mali na sizeang order ko ay 2pcs size 36 3pcs size 37 2pcs size 38 ang ibinigay sa isang 38 ay 37 dapat double check niyo nakaka dismaya,0,1,0,0,Mali size,,,,
563,no good late rate maganda ang feature sana kaso nagkukusang mag stop ang sa right headset gosh walang matino gadget sa shopee maorder pag 2nd order ko na same problem nagkukusa mag off power,1,0,0,0,Nasira agad ayaw tumigil,,,,
564,hindi nakakatanggal ng unwanted hair so sad,1,0,0,0,Hindi nagwowork,,,,
565,ambilis masira nung payong kakabili ko lang a month ago and thrice ko palang ata nagagamit sira na agad siya,1,0,0,0,Nasira agad ung payong,,,,
566,sira sayang ang pera dito ichat mo ang seller paulit ulit sinasabi e hard reset e wala ngang pagbabago ganun padin stock logo at ndi na maopen mas maganda kung original tablet na mismo bilhin kesa ung ganto na may factory defect na back job wala ng magagawa lalo at,1,0,1,0,Sira ung item hindi na mag oopen,,,,
567,dark blue un order ko l size grey ang dumating n ang liit m size,0,0,0,0,Mali size mali kulay,,,,
568,terrible i have to charge the fan for a long time pero saglit ko lang nagagamit also wala pang 1week sira na agad wrong color and wrong brand this looks nothing like in the picture mukang laruan ng bata terrible quality din,1,0,0,0,Terrible quality wrong item,,,,
569,hindi ko po mairerecommend hindi po gumagana ung mic dalawa pa mandin ung binili ko,1,0,0,0,Hindi gumagana ung mic,,,,
570,wag kayong bibili dto please lang kung ayw nyo masayang pera nyo madaming hidden issue sana nag inform sa description na pang wifi lng di sulit wag kayo bibili please please please pleeeeeeeeaaaaasssee,1,0,0,0,wag bumili daming hidden issue,,,,
571,hoi 15 items lahat order ko 14 lang yung dumating di kompleto,0,0,0,0,kulang items,,,,
572,ok yong umbrella gusto ng wife ko but very much disappointed sa tagal bago dumating so far ito yong pinakamatagal ma send na binili ko sa shopee,0,1,0,0,Matagal deliver,,,,
573,incomplete item hindi marunong magreply at magbasa ng message si seller need refund pero deadma lang sya hays tgal ko pa inintay tsk,0,0,0,1,Incomplete tapos hindi magreply,,,,
574,sayang ang pera sa order d2 sa seller sira nagvivibrate ang air purifier nya malakas nakakatakot gamitin baka magkasunog pa delikado,1,0,1,0,Sira natatakot gamitin,,,,
575,wag na kayo bumili scam to wala nga akong proyiba kasi di ako maka pag upload pero please dapat aware kayo sa mga ganito gagawa ng peke para ebenta sa online shop at sguradohin nyo na lagi kayong tumitingin sa mga reviews sayang lng ung pera ko di ako maka,0,0,0,0,Scam seller,,,,
576,eto ang di ok kasi unang gamot ko bali agad at msyadong maliit pala tlga akala ko tuloy naoutol pa pilik ata ko i think wag nlng po mag benta ng ganito nkakapanghinayang lang haha,1,0,0,0,Di maayos ung item,,,,
577,walang kwenta ang daling malowbat tapos ang hina pa ng volumethe product is low quality,1,0,0,0,Mabilis malowbat ung item tapos ang hina,,,,
578,hindi siya gaya nung nasa picture mali yung dumating hindi gaya nung sa picture 1liter lang ang dumating 2l ang order ko,1,0,0,0,Mali item pinadala tapos hndi pa ung katulad sa picture,,,,
579,so disappointed nko guys wag na kayo ulit oorder sa shop natoh nakkaainis,0,0,0,0,Mag oorder sa shop nato,,,,
580,maganda ang itsura nya kaso nadismaya ako mas malakas pa ang vibrate nya kesa sa hangin kahit na ka full charge na ganun padin ang hina ng buga ng hangin,1,0,0,0,MAs malakas vibrate kesa sa hangin,,,,
581,nakaka disappoint basag na agad yung ring light yupi na yung tripod stand di na magamit bagal pa magresponse very disapointed talaga,1,0,0,1,Basag agad bagal pa magresponse,,,,
582,rose gold rose gold daw pero hindi rose gold color i choose photochromic pero hindi siya photochromic little bit disappointed,1,0,0,0,Hindi ung color na inorder,,,,
583,low quality luma pa sa luma ang laman ng item imagine galing pang overseas pero ganun lang,1,0,0,0,Low quality tas luma pa,,,,
584,bad sobrang naka dismayakasi sira yung na recieve kodi talaga mapakinabangansayang ang perasa mga balak na bumili huwag na kayo mag sayang ng pera kasi pa swerte swerte lang mamigay ang sellerat di na yan maisaulibut thanks pa din kay riderso bad talaga ang seller at ang items,1,0,0,1,Huwag na bumili kasi di na mapakina bang gan tas paswerte,,,,
585,wrong color2 green ko isang orang isang green pinadala,0,0,0,0,Maling kulay,,,,
586,shipped immediately kamukha ng nasa picture may glue na kasama kaso hindi matibay yung glue wala pang 24 hrs tanggal agad kaya pala mura may punit sa video dahil sa pagbukas ko so careful kayo sa pagbukas hehe,1,1,0,0,Agad nasira ung glue,,,,
587,poor di gumagana yung mouth piece,1,0,0,0,Di gumagana ung mouth piece,,,,
588,ang gaganda ng mga sliper nagustohan ko at ang kapatid kopati anak koall item is good recoment this shop nag sent ng pic si seler baga ma sheep thankyou antill next orderdito na kayo sa shop na to mura na maganda pa mga product first tym ko nag order,1,0,1,0,Good product and good recomend,,,,
589,kahit mali size makabenta lng hay nakod nq oorder dto,0,0,0,0,Mali size binigay,,,,
590,not worth 799 kaya ako nag order dito kasi sabi nila worth 799 and up ang makukuha na price tapos cord lang pala matatanggap ko wag na po kayo mag order sa shop na to budol to not worth 799 ang product like sa sinabi nila,1,0,1,0,Cord lang ung tanggap,,,,
591,mali yung color white ang naka lagay black ang na receive ko,0,0,0,0,Black ung pina deliver tapos white ung order,,,,
592,wrong color po ang dumating i ordered pinklight blue violetblue po ang dumating,0,0,0,0,Mali kulay,,,,
593,mali yung na deliver sa akin pero the rest tama naman at maganda naman quality ng product nila di lang ako satisfied dito sa tatlong item na naibigay sa akin,1,0,0,0,The rest maayos,,,,
594,i received it earlier pero now dina gumagana nung nalobat na kahit icharge dina gumagana yung fan even yung light sayang pera ko whajwhjahhaja if i were u huwag na kayo umorder,1,0,0,0,Di nagccharge tas sira agad,,,,
595,dont buy sobrang lambot po nung table bumigay po yunf unang lagay ko ng laptop ko,1,0,0,0,Madaling bumigay ung table,,,,
596,bad jusko 2 ang inorder ko pag dating sira ang mic both tapos sira di ang volume ng mic dont buy here,1,0,0,0,Sira ung item tapos sira din ung volume,,,,
597,maliit panget ng box and sobrang hina,1,0,0,0,Panget box tapos sobrang hina,,,,
598,bulok sira sya di ngana wag n kayo bumili abala pag irerefund and return ko buset,1,0,0,0,Sira item tapos huwag na bumili,,,,
599,cra ung pangsaksak nya buti my extra kming ganon,1,0,0,0,Sira pangsaksak,,,,
600,mali din po ang item na pina ship nyo sana po nextime ipaalam nyo po sa buyer,0,0,0,0,Mali item sinhip,,,,
601,replica ganda na sana ng phone kahit imitation lang kaso di lang niya kaya i copy o ma i display man lang ang mga contacts ko from my tm sim card tsk tsk,1,0,0,0,Focuses on the functionality of the phone (product).,,,,
602,hindi po sya rechargeable madali masira di man lang umabot ng 1week periodt,1,0,0,0,Focuses on the product's battery and durability,,,,
603,basag dumating sakin yung lens hindi ko alam kung sa pagkahulog ba ng rider sa parcel ko or sa shinip na parcel na talaga yung basag black order ko pero blue dumating tamad pa ng rider na nagdeliver kaaxarpero goods naman tnx pa rin,1,1,0,1,Mentions a damaged product and wrong color delivered. Also, the rider is described as lazy.,,,
604,good iba ang binigay na design nakaka disappoint sana next time mag inform kayo but any way wala ng next i dont trust this shop anymore,0,0,0,1,Focuses on the seller sending a different design than ordered, leading to distrust.,,,
605,diba dapat every mystery pouch my lagayan hindi ung nkalagay sa isang lagayan lang ng jt na plastic pa sino ba nagpapack ng item ung shopee mall o ang jt paano maging interesting ung item nyo kung ganyan ang mystery pouch nyo walang sariling pambalot,1,0,0,0,"Review about the packaging and lack of individual wrapping for a ""mystery pouch"" affecting its appeal",,,,
606,walang kwentahindi gumagana bumili pa ko ng bagong battery eveready and energizer na battery pa wala tlga sayang lng pinambili ng battery mas mahal pa battery kesa dito s item na to ano nga nmn mapapala ko nainis lng ako next time seller try mo muna kung gumagana o hindi,1,0,1,0,Product doesn't work, and the cost of a new battery exceeds the item's value.,,,
607,please explain open na sya tas ung mittens kulang2 wala pang lagayan andami ko pang inorder kawalang gana,1,0,0,0,Focuses on missing parts (kulang) and lack of proper packaging,,,,
608,akala ko mglast for 12hrs 1 or 2 hrs natatanggal cnubukan ko xa upon received ko pinatagal kopa ng 10mims s lips ko bago wipe ng tissue natanggal lng,1,0,0,0,Mentions how long the product lasts.,,,,
609,none sobrang hina ng hangin fake na fake not worth buying diko alam san galing ung mga review neto scam,1,0,1,0,Weak airflow, likely a fake product. Mentions not worth buying it.,,,
610,good wrong color im not happy order din sakin ito kaya hind aq masaya sa maling kulay na pinadala ni seller sana nag chat muna sya kung hind available ang color,0,0,0,1,Wrong color sent and that the seller should have checked first.,,,,
611,goodevening po hindi po lahat umilaw mas madami unf hindi umilaw kesa sa umilaw lang kung pwede po palitan kac sayang din po binayad ko,1,0,0,0,Product doesn't fully light up, rendering it defective,,,
612,bad avoid sayang pera niyo naniwala ako sa ibang review dito pero mukhang puro peke reviews lang gps does not work 1 sim slot does not work charger is so slow screen response is so slow battery life sucks memory ram is not even 4gb maybe even just 2 it,1,0,1,0,Multiple product defects, GPS and SIM slot not working, slow charging, bad battery, not worth the money.
613,pwede ba 0 star 10 meters inorder ko pero 5meters lang pinadala ni seller hanggang sa nag auto received na lang chat ako ng chat sa seller walang update hindi nya nirefund pera ko kahit nagrequest ako ang bobo nakakadismaya 1st time buyer ko pa naman sa shop na to,0,1,0,1,Seller sent only 5 meters instead of 10, no response to chats, and no refund,,
614,i dont really like it napaka plastic tapos anggaan sobra sa paa akala ko nmn yung katulad sa mga gawa ng local product yung magagandang material sis no kaya nagulat ako unti lang differrence kaya ayun dun nalang ako bibili sa local product,1,0,0,0,Material is plastic, too heavy,,,
615,items defected di maganda ang tahi,1,0,0,0,Item is defective and has bad stitching.,,,,
616,too small sa size 32 ang liit sa size 32 mas kasya ko pa size 38,1,0,0,0,Item size is too small.,,,,
617,walangya kahit kinancel na shinipped out parin,0,1,0,0,Item shipped out despite being cancelled.,,,,
618,amoy rubber nakabili ako dati ng inspired perfumes pero ang bango at oil based pag bukas pa lng ibang amoy ang bumungad sakin  disappointed,1,0,0,0,Product's smell is unpleasant.,,,,
619,nakakalungkot lang 2nd order ko to pero my damage yung slipper nag remind pa ako na paki ingatan yung mga orders ko ang pangit tuloy kasi my sira hayyys,1,0,0,0,The item received has damage.,,,,
620,dont buy this i have bad experience with seller they shipped a damaged item it was so disappointing they shouldve send first the item before shipping when i requested for return they asked me to ship it myself to jnt hassle na gagastos ka pa ng pamasahe never ever buy,1,0,0,1,Seller shipped a damaged item and customer needs to shoulder shipping fee for the return.,,,,
621,good maganda syasana naman d sya ung sumisingaw pag nilakadmedyo sikip pa pero luluwag pa nman cgurothank you shoppe,1,0,0,0,Product is good but has a defect and is too tight,,,,
622,ok naman appearance and color pero yung material quality di ganun ka ok tska small yung sizes nila 38 na dipa magkasya sakin pero yung avon bras 36 lang naiisuot kuna akala ko kasi kung lalakihan ko kakasya nakaya 1 star lang sakin,1,0,0,0,Appearance and color are okay, but material quality is not good and sizes are small,,,
623,really wanted to process refund for this kaso sobrang hassle intermittent connection nya sa bluetooth it restart and disconnects on its own,1,0,0,0,Problem with bluetooth connectivity.,,,,
624,ang hirap iconnect nag aautomatic din sua nag ddisconnect at namamatay dami po naming stress tatlo pa naman,1,0,0,0,Difficult to connect, automatically disconnects and shuts down,,,
625,the product is not goodmadali masira,1,0,0,0,Product is not good and easily damaged.,,,,
626,cute lang sya pero super delay ng response ng mouse kahit iadjust and settings at masyadong maingay rin pag kiniclick halos di ko rin napakinabangan so di sya sulit kahit mura yung mousepad lang nagagamit ko kasi almost useless yung mouse due to poor performance and quality,1,0,1,0,Mouse is cute but has delayed response and is noisy, not worth it.,,,
627,ma daya hindi naman 10meter yung wall paper yung una na bili ko kala ko nag kamali lang yun pala 5meter lang talaga dapat nilagay nila 5 meters lang hindi ten,0,1,0,0,Wallpaper is not 10 meters as advertised.,,,,
628,mali ang kulay n pinadala white ang order q peo black ang pinadala,0,1,0,0,Wrong color sent.,,,,
629,works not longlasting tho this is an honest review po kind of disappointed lang i am an avid buyer here pero omg hindi consistent yung fragrance okay naman first two orders ko kaya confident ako bumili ng dalawa in one go nakakahilo yung amoy and nacompare ko pa sa una,1,0,0,0,Fragrance is not long lasting and not consistent.,,,,
630,kahapon narecieve ko ung order ko  pero di sya magkapares di pareho ang sizes chat ko agd tong seller nito pero til now walang reply kahit na nakaonline naman siya maganda sana kaso di mo din magagamit dahil maliit sakin ung isang tsinelas,1,0,0,1,Sizes of shoes are not the same and the seller is unresponsive.,,,,
631,no battery includedhndi gumagana yung fan at mirror,1,0,0,0,No battery included and fan and mirror is not working.,,,,
632,wrong size makapag benta lang tong seller na to eh,1,0,0,0,Wrong size was sent.,,,,
633,mahina audio mahina audio kahit itodo mo volume sa phone mo di gumagana yung isang side pag ginamit mo ng sabay di man lang secure yung packaging nakabubble wrap envelope lang tho di naman ako nageexpect ng super maganda quality pero at least sana maayos man lang diba,1,0,0,0,Weak audio and insecure packaging,,,,
634,this is an edited review ik nag review ako na maayos dumating yung item kasi pagdating na pagdating tenisting ko talaga to make sure kasi malayo loc ko baka na damage pero hindi naman kaya nga nagbigay ng maganda review but suddenly nung gagamitin ko na talaga siya bigla nalang,1,0,0,0,Item worked when first tested, but stopped working later,,,
635,5mins palang gamitin nagiinit na ung sakin and di ko na magamit need ko pa magwait ng 1 hr and more base sa reply ng deerma 10mins before cool down ito ung paulit ulit nila sinasabi kahit ang concern ko ay ung sakin wala pang 5mins ang init na,1,0,0,1,Item overheats quickly and seller's response is unhelpful,,,,
636,manipis yung cloth the quality is good for the cheap price,1,0,1,0,Cloth is thin but the quality is good considering the price.,,,,
637,ampanget ng service ng shop nato hindi marunong mag response sa chats ng costumer tapos nung natanggap ko yung order ko basag pa sira nagbayad ako ng tama tapos ganyan kayo magbigay ng service sirado nyo na shop nyo tinawagan ko service no nyo at nag iwan ako ng message,1,0,0,1,Bad service, broken item, seller doesn't respond to messages.,,
638,complete payment pero ang item kulang ng isa no stock  daw pero pinabayaran prin nila kahit wala ang item,0,0,0,1,Customer was charged for an item that was out of stock.,,,,
639,false advertisement hindi naman 10m ang haba,0,1,0,0,False advertisement about the length.,,,,
640,not good pink ang order ko pero yan ang dumating mga color blind ata ang mga nagpapack next time wag na kayo magpapili ng color kung kayo rin naman pala ang magdedecide di na ako oorder sa shop na to,0,1,0,1,Wrong color was sent. Customer will not order again.,,,,
641,not oily i dont know pero ang baho talaga niya especially kapag tumagal na sa balat,1,0,0,0,Bad smell on the product,,,,
642,not satisfied nakakainis ayaw makahigop at kahit anong gawin mo d talaga,1,0,0,0,Product doesn't work.,,,,
643,not worth it dalawa fan binili ko white and blue yung white gumagana pero yun blue na gusto ng anak ko umaandar pero wala namang hangin lumalabas sana bago ishipout paki test kung gumagana kht mura ko lang nabili sayang parin yun pera na pinang bili d naman mapupulot yun,1,0,1,0,One of the fans doesn't produce air, not worth the money.,,,
644,i ordered 200booklets of receipts but the seller only sent me 180pcs and some are damaged they did not also included in the shipping the rubber nipple cover i ordered i message them right away but still no reply at least namanlang magreply kayo napakadishonest niyo binayaran naman kayo,0,1,0,1,Short shipment, damaged items, seller doesn't reply.,,
645,dismaya po sayang lang pera nyo dito hindi nmn pala di chargeable  hindi rin di battery nkkainis nakakabweset png gamit p nmn sa school ng anak ko hindi naman po magagamit pwede po bang ibalik na lang yong perang pinangbili sa mini fan inyo na lang products nyo,1,0,1,0,Product is not rechargeable and has no battery, not worth the money.,,,
646,mura  oo pero seller bakit naman ganon masaya na sana e may gift na para kay mama tapos susubukan namin di gumagana chinarge pa namin di nagana higher un recommended im dissapointed not legit 100percent scam,1,0,1,0,Product is not working, scam.,,,
647,1 out 5 kase hnd gumagana walang kwenta ung inorder ko dito pagkabukas ko palang ng parcel triny ko na agad then hindi gumagana ung left side nya sobrang hina din ng hangin sayang lang talga isang beses kolang nagamit ni hnd nga umabot ng 1 hr lowbat na agad,1,0,1,0,Defective product, not worth the money.,,,
648,items returned early but no update from the seller for a week lagi magupdate pero walang nareceive kung hindi papaulit ulitin walang ganap items have different sizes though my order is 38 ung iba maliit hindi same ng sizes,1,0,0,1,Returned items with no updates. Sizes are not the same.,,,,
649,maganda sya thank you sa taga delever and sa shopee,0,1,0,0,Reviewer thanks the delivery person.,,,,
650,walang kwenta omorder dito delever na daw e wala nmn ako natanggap n item hayop kayo kakarampot na halaga iniscam nio pa halos 2weeks kong inintay hnd nmn pala darating porki binyadan kona true gcash ung item wala pa tang ina nio balik nio nlng perq ko,0,1,0,0,Item not received, despite saying it was delivered,,,
651,damaged yung wireless mouse hindi maka connect sa laptop ko light indicator nya din after you turn it on namamatay din kaagad i reached out to the seller mabait naman nag reply kaagad kaso hassle sa part ko ang mag return ng item since lalo na ngayon na may covid,1,0,0,1,Item is damaged and cannot connect. The seller replied but there's a hassle with the return.,,,,
652,dko pa nttry ang breast pump dhil d pa nmn ako nanganganaksana maganda xakaso bkit nmn 2pcs lang milk organizer tapos kawalang kwenta ng mistery koisang piraso langni hindi pqko na excite dhil ni hindi man binalot,1,0,0,0,"Missing items in the ""mystery"" box and the ""mystery"" item is not wrapped",,,,
653,sa sobrang nipis kita ang dating kulay ng wall pg nadikit na buti sana kung puti ang backgroundnot satisfied with this product,1,0,0,0,Too thin, can see the wall color through it.,,,
654,2 po ung inorder ku pero ung isa lang ang gumana  ung blue ndi gumana kahit anung charge and pindot ku ayaw talaga nya  sana lang po seller pinapansin nyo po ung gantong issue  thanks,1,0,0,1,One of the items is not working and seller should pay attention to issues,,,,
655,not good kasi kulang sinend ni seller na order kod pa ngrereply si seller kaya not recommended na mag order sa kanya,0,0,0,1,Seller sent an incomplete order and is not replying.,,,,
656,maganda napamahal ngalang dahil isa lng binili ko thank u seller thank u shopee at sa rider,1,0,1,0,Item is good but expensive since only one was purchased,,,,
657,sakto ang mga binigay nyo po size kylang yung isa hnde parehas ang design sa tapakan ang dmi ko binili sau pero lugi ako kc hnde kinuha yan dhil hnde parehas ang design,1,0,0,0,Sizes are correct but one has a different design.,,,,
658,not good maybe next time u can improve the quality even kase small amount lang ang na invest nakakapanghinayang pa rin lalo nat mahirap kumita ng pera sa panahon ngayon,1,0,1,0,The quality is not good and a waste of money.,,,,
659,manipis lang pala yung bra tsaka iba yung kulay ng isa imbes na maroon naging orange tsaka yung light brown malaki yung size kesa sa dalawayung belt mabilis rin mapud is bilis niyang nakarating,1,0,0,0,Item's color is wrong and the sizes are wrong and it had a fast delivery,,,,
660,poor quality of packing of items lahat naka open na pati yung earbuds,0,0,0,0,Poor packaging,,,,
661,napakawalang kwentang neckfan maingay na wala pang hangin di nmn nagamit natambak lang mas maganda pa awei neckfan di pa kasi yun naorder ko nakakapag sisi tuloy,1,0,0,0,Neck fan is useless and noisy.,,,,
662,sa picture lang pala maganda  disposable sya sa actual  yung delivery man ayaw pa pumunta sa given address pinaglakad pa ako ng malayo salamat shoppee nawawalan na ako ng gana sa inyo,1,1,0,0,Looks good in the picture but not in person. The delivery man didn't want to go to the given address.,,,,
663,masyado matagal mag pa ship hindi secure un item dnaka bubble wrap ang ending pag dating sakin ng item sira nka box lng sempre dadagnan yan ng iba item lumabas s kahon tsktsksayang pera,1,1,0,0,Slow shipping, insecure packaging, and item arrived broken, not worth the money,
664,juskooo naman po lowbat na dna macharge may charger peru d gumagana and trinay namn sa ibng charger ayaw padin,1,0,0,0,Product is low battery and cannot be charged.,,,,
665,maskara po yung order kohind eye liner,0,1,0,0,Wrong item delivered.,,,,
666,ang pangit lng akala ko yong pink is yong pink tlga na kulay iba pala tas d ko pa gusto yong kulay shades wala kasing naka sulat ng every lip balm kung ano name,1,0,0,0,Doesn't like the shade,,,,
667,25 madali lang siya ma lowbat gamit pa naman sana niya sa work kasi lineman technician siya mas maganda yung keypad lang dalhin naiinis yung husband ko kasi kahit di daw niya gamitin unti unting nalolowbat di rin nasunod yung color,1,0,0,0,Product has short battery life and the color is not as desired,,,,
668,not that nice i was very disappointed kulang yung dumating sakin walang eyeliner and powder i ordered 6 items but 4 lang yung dumating huwag kayong bumili dito masasayang lang pera niyo im very angry right now,0,0,1,1,Missing items and a waste of money.,,,,
669,not good ingat kayo sa seller na to nakalagay sa advertisement nila 10 meters pero ang darating sa yo ay 65 meters lang automated lang din ang reply pag nag message kyo hindi marunong sumagot sa complain mo,0,1,0,1,False advertisement and no reply to complain,,,,
670,low quality wala di ko na naasikaso to dahil wala akong time and ako pa gagastos ng pang ship back jusme bigay bigay sila ng sirang item ako pa gagastos ng pang ship back para lang mapalitan to laking abala kasi di ko na maisingit to,1,0,0,0,Too much of a bother for a refund. Also mentions low quality,,,,
671,butas butas yung payong wag na kayo magpurchase dito  low quality masyado manipis na nga  butas butas pa yung payong,1,0,0,0,Umbrella has holes and is low quality.,,,,
672,low quality sana kung nag policy kyo na may refund tuparin nyo d ung nkaorder lng sa inyo pag may aberya wala na kyong reply panu uulit costumer na umorder sa inyo ganyan kyo,1,0,0,1,Low quality and no customer support.,,,,
673,highly not recommended tong shop na to 2nd order ko na to at mali na naman pinagbigyan ko na yong isa kaya umulit pa ako kaso wala talaga eh black yong order ko kasi para sa kuya ko sana e bakit naman purple ang binigay lasing ata,0,1,0,0,Wrong color was sent again,,,,
674,maka dismaya naman seller naka buy one take one ang order ko isang onesie lang ang dumating maganda pa naman ang tela,0,0,0,1,The customer only received one item instead of two in the buy one take one order,,,,
675,akala ko mahangin sha parehas sa video at chaka hindi fit yung charger nya at ibang iba yung pic at chaka ang nakuha ko chaka yung package wlang ka ayus ayus,1,0,0,0,Expected strong airflow but it's not, wrong charger, product is different and packaging is not good,,
676,510 i only bought this kasi its so expensive to buy apple pen tho dont even have an ipad still pag open ko ng item sumama yung pinaka bilog wasnt able to take pictures kasi ang dami kong parcel that time inayos pa siya now that i have to review,1,0,1,0,Item is broken, mentions that its very expensive to buy apple pen,,,
677,asan power into sira hindi rechargeable,1,0,0,0,The Item is not rechargeable and defective,,,,
678,white order ko pero puro brown dumting 1 brown lng order ko dumting 3 na brown im not satisfied for my order,0,1,0,0,Wrong color was sent.,,,,
679,terible pa g oppo di ko magamit sa samsung ko nkalagay ay micro usb tpos pang oppo ung binigay hndi sya universal dko na ginamit,1,0,0,0,Item is not universal and doesn't work with the reviewer's phone.,,,,
680,napabili ako kasi ang ganda ng mga reviews eh hindi naman pala nagtatagal ang amoy mas maamoy pa ang bench body spray sayang pera ang mahal pa naman,1,0,1,0,Fragrance does not last and a waste of money.,,,,
681,no seal ang tuyo na onti nalang ung tubig at may crack pa refund ko nalang to,1,0,0,0,No seal, small amount of water and has a crack.,,,
682,super super bagal mag charge very disappointed,1,0,0,0,Very slow charging,,,,
683,2nd time na ako umorder sa kanila always tactics nila is kulang kulang ung pinapadala nila and at the end buyer ang kawawa,0,0,0,1,Missing items in the orders.,,,,
684,okay siya nung ginamit namin pangvacuum sa kama medyo mabigat lang and kapag more than 1015mins ginamit nagiiba yung tunog nya nakailang gamit palang kami parang humina na agad ung suction,1,0,0,0,Okay at first, but becomes heavy and the sound changes,,,
685,okay nakaka disappoint kase wala un whiteyellow light,1,0,0,0,Missing the white/yellow light feature,,,,
686,ano bayan seller 2l ang order ko yung dumating hndi tama  pati yung kulay nag sayang lang ako ng pera kasi hndi ang gusto ko at ang inorder kong tama ang dumating sana naman kung ano ang order yun ang din ang binibigay nyo kasi tama naman binabayad namin,0,1,1,0,Wrong color and wrong volume, a waste of money,,,
687,im disappointed for this product sira yung isa product na inorder ko yung kawitan ng bra,1,0,0,0,One of the items is damaged,,,,
688,i bought 2 pieces same model different color but the grey one has color red battery800mah while the black one has bl5c battery1000mah magkaiba sila ng charger at pareho pa mabilis malobat ano to lokohan,1,0,0,0,Different batteries and chargers even though same model, runs out fast,,,
689,sira na agad ang tablet nag message ako kay seller d mn lng mag reply,1,0,0,1,Broken tablet and no reply from the seller.,,,,
690,para sa price nya no good no good ou mura sya pero ma log tlga mahina sa wifi kahit malakas ang wifi maganda lng pang offline 2year old plng baby q pero nkaka intinde ng loading at downloding to kaya pag nag lolog sa online na iinis sya low spec,1,0,1,0,Cheap, but lags and has weak wifi,,,
691,paulitulit nalang mga items bebenta nalang namin not even packed properly tsk first time disappointed parang ayoko na mag order dito fat chance walang lucky,1,0,0,0,Repeating item,,,,
692,putik nayan aanhin kuyan isa dyan not recommended guyss,1,0,0,0,Not recommended,,,,
693,pwede po palitan o refund dipo pantay binigay nyo wala na adjust un isang tali papalitan po ang mahal tapos di pantay,1,0,1,0,Not in good condition a waste of money,,,,
694,dalawa order ko parehas hindi nagana yung voice speaker nya,1,0,0,0,Speaker not working,,,,
695,ewan ko ba d ko mahinuha tong product d man lang na check nang seller nag message na man ako yung material nya ewan tingnan nyo na lang yan pag isipan nyo nang mabuti lumalabas paa ko sa sa unahan hindi recommended bilhin,1,0,0,1,Seller should have checked items. Product's material is not as good.,,,,
696,pili na lng kayo ibang seller at maging mapanuri sa product minessage ko si seller na paki double check mabuti yun item na wag wrong spelling ang ipadala sa akin yes daw kaso eto ang dumating saan ka ba naman nakakita ng legend na smoker emoval nakakatawa mamemepeke lang di,1,0,0,1,Wrong spelling. Double check the item.,,,,
697,yong order ko d pariho nong sa picna enorder kod naman pala malaki,1,0,0,0,Item received not the same to pic.,,,,
698,not worth it kht 88 lang toh pera pa rin ito wews nakaka bobo ung seller pa ulitulit nalang ung tanong tsaka yung sagot deputz ilan beses kong tinanong kung anong indication pag full charge parang d rin alam ng seller nakaka gago lang ghurl,0,0,1,1,Not worth the price, the seller doesn't seem to know the answer to the question,,,
699,not good super disappointed ako 1st time ko mag order sa shop na to  obviously hindi na ko uulit pala desisyon yung seller2l grayblack  850ml greenpurple ang order ko pero ito ang mga pinadala nagmessage ako na mali nareceive kong items last saturday pero until ngayon wala man,0,1,0,1,First time and they dont want to order agian because the iteam that was sent wrong,,,,
700,maganda sana kaya lang sira wont open my worst purchase this year,1,0,0,0,Wont open and broken.,,,,
701,wrong item pinada ni seller 2000ml ang order ko 1100 lng pinadala same p din binayaran isang malaking budol tong c seller ibibigay ko sana sa asawa ko kaya lng hindi panlalaki ang kulay,1,1,0,0,,,,,
702,sira ung neck cooler pagdating dito,1,1,0,0,,,,,
703,after 5 minutes of using eto na sya,1,0,0,0,,,,,
704,dapat ang rating dto 00000 angganda ng order ko dumating madam naman maayus ang bayad ko po bakit need nyo mag ganito ng order pag wala kang ganyan item wag mona po pilitin kasi sayang naman po ang pera na binabayad sa order worst order in the shoppee ang pangit,1,0,0,0,,,,,
705,hnd maganda yong item ayaw gumana pindutan for return hnd nabalikan ng pick up hanggang sa hnd na return,1,0,0,1,,,,,
706,super tagal ng ship out nung 1111 ko pa inorder almost 1month na dko na naabutan nakaalis na qnaiwan don sa kapit bhay nmin ang parcel  seller is not responsive,0,1,0,1,,,,,
707,manloloko yeezy slides order ko hinabol ko pa isang order ko pra kay misis kc gusto nya dn daw mag karoon ng slides pero dumating potek pang bahay na pwedeng basain tigas pa ng rubber nag kakalyo pa paa ko sayang pag hihintay ko ng almost 2weeks haist,1,0,0,0,,,,,
708,very poor service ang seller 2pcs inorder ko at binayaran ko isang piraso lng dumating ni walang feedback si seller kahit nireport ko na mag ingat sa pag order sa shop na ito di marunong mag feedback kun bakit isa lang na piraso pinadala di nako uulit umorder,0,0,0,1,,,,,
709,size 41 inorder ko pero prang size 39 lang liit ng size,1,0,0,0,,,,,
710,nayupi yupi na yung product and may mga scratches and di din naka pack ng maayos parang basta nalang okay yung light mismo,1,1,0,0,,,,,
711,do not order used this for about 15 mins only and that was enough to decide that theres no point in using this any longer it heats up fast and mabigat siya okay lang sana kung totoong nakakalinis kaso puro ingay lang walang suction sobrang hina ng vaccum hindi nakakalinis,1,0,0,0,,,,,
712,ive ordered fucking phone last oct 28 2021 but just in a few days hindi na sya nagbukas i asked the seller what is the best way to do with this since 4 to 5days pa lang naman sakin nungt nagchat ako about sa concern ko,1,0,0,1,,,,,
713,not good order ko purrleblue dumating black wala manlang pasabi ung seller na black ang ipapdala niya hindi maganda omorder dito mali ung ibinibigay nila hindi na ako uulit dito,0,1,0,1,,,,,
714,plastic picture not related pero mali ang kulay na deliver sakin  ung isa tama white ung isa pink ang order ko green ang dumating nag pm ako kay seller sinabi ko na pink at white sana pero mali padin ewan ko kung alin ang d tama sa inorder ko,0,1,0,1,,,,,
715,kulang yung nilagay ng seller na items dumating lang yung bows and clips but not the aluminum foil tape i tried messaging them pero hindi nagrerespond,0,0,0,1,,,,,
716,ganito ung box nya pagdating pero ok naman ung item nagamit q nman magaan nga lng xa masyado parang plastic lahat pero ok na rin for the price sana magtagal xa kahit 6 months,1,1,1,0,,,,,
717,galing sauna bigla na lang di gumana ambilis nasira nakakaloka eh habang ginagamit ko bigla na lang tumigil like what the pinalitan ko battery pero wala di pa din naayos nakakaloka,1,0,0,0,,,,,
718,di pa nasubukan kulang ung item wala ung pinaka dulo ng straw para maka sip ng water contacted the seller wala namang ginawa sayang lang pagbili huwag na lang bumili sa shop na ito un lagi ang mali kung hindi man incorrect items at missing items naman sa orders,0,0,0,1,,,,,
719,chinachat si seller hindi nag rereply hindi gumagana yung isang fan kasi wlang elese hindi nyo ba chinicheck bago nyo ipadala i do not recommend this shop nasayang lang ang pera at na disappoint yung anak ko walang kwenta,1,0,0,1,,,,,
720,pangit ang tagal na nga ideliver ni seller amoy alcohol pa such q waste of time and money,1,1,0,0,,,,,
721,im very disappointed with my purchased hindi kumpleto wala yung maliit na fan saka maliit na panel ang ibinigay ayosin nyo naman serbisyo nyo nag babayad kami ng tama nakakadismaya excited panaman ako at ito yung una kong order sa gamit ang spaylater,0,0,0,1,,,,,
722,mali naman yung kulay na pinadala gray order pinadla pam babae pabo sususot ng baby kuyon pang girl,0,1,0,0,,,,,
723,next time paki bubble rap ok nasasayang ung pera ng customer like this itatapon ko lang dahil kalatkalat at sira na,1,1,1,0,,,,,
724,hindi 116 inches manloloko ang seller di naman 116 inches wala pang initial na charge paano ma test upon delivery disappointed ako dito shopee tagal pa dumating 7days kala mo tawid dagat eh manloloko ito iba pinapadala promotion lang nila 116 inches hindi na ako uulit dito,1,1,0,1,,,,,
725,napakawalang kwenta dto sa shop na to antagal na nga iship yung items di pa marunong mag update yung seller and worst sira pa yung mga items,1,1,0,1,,,,,
726,good thank you po seller at sa kua rider nagustuhan ko ang product nyo sakto s paa ko at tama lng sa presyo satisfied here god bless po more costumer,1,0,1,1,,,,,
727,palpak mga size huhu pero thank you pa din kasi complete,1,0,0,0,,,,,
728,ok lang naman yung product soft siya sa paa kaya lang hindi siya kamukha nong sa picture atsaka malaki rin saakin size 39 ako kay ang inorder ko 39 pero maluwag siya dapat pala 38 nalang inorder ko,1,0,0,0,,,,,
729,medyo may mabahong amoy etobg pure seduction unlike sa ibang shop na nabilihan ko,1,0,0,0,,,,,
730,2nd order kakaonti wala pa sa kalhati ng kwarto,1,0,0,0,,,,,
731,not so good i received my order but not as good as i expected mabilis din siya malowbat pero ok lang sa 3800mah na battery niya yung screen din niya nag iiba siya ng color nag request ako ng refund pero di nman na pick up ng gogo kaya pinagamit,1,0,0,1,,,,,
732,sana may kasamang battery or sana may tinda silang battery para sa device di kasi matry hahanap pa hassle,1,0,0,0,,,,,
733,nice the item was delivered fast complete and well packedbut hindi sya nakalgay sa carton gaya ng nasa sample pic nilasana kung ano ung pic ganun din ibigay para mganda tingnanpangregalo kasi,0,1,0,0,,,,,
734,3 star lang kasi wala namang pang usb charger parang 2 in 1 lang to walang usb sa taas ng humidifier ok naman sya working oero walang usb sa taas nya,1,0,0,0,,,,,
735,maganda sana kaya lang may butassana sa susunod na may oorder check muna ni supplier yong item,1,0,0,1,,,,,
736,one mystery box and one mystery pouch inorder ko sira ang nakuha kong gamepad nakakadisappoint okay naman ang mouse di ko palang na try,1,0,0,0,,,,,
737,same color  random nga pero di man lang pinag iba ang color,0,0,0,0,,,,,
738,nakabubble wrap pero sobrang loose nung pagkakawrap i was expecting na nakabukod mg bubble wrap yung mismong ring light kaso hindi nakaplastik lang sa loob ng kahon buti hindi nagkaron ng dent kahit may mga hard material inside d box like d phone holder yupi rin yung isang stand,1,1,0,0,,,,,
739,not good bakit naman tumagos na hanggang sa pagkabalot ang basa haysss ano ba naman baka paggamit nito tuyo na ngayon lang ako nag order na ganito ang dumating dati naman maayos,1,1,0,0,,,,,
740,may dumi lang bat maganda thank you bella,1,0,0,0,,,,,
741,not good its rubber and cheap kaya expected na ang quality is similar to the slippers we buy sa market ang kaso lang ay marumi ang product dirt wasnt removed from using alcohol sana matanggal pa pag ginamitan na ng sabon na very hassle kasi di naman ito thrifted,1,0,0,0,,,,,
742,bilis shipping at nakabubble wrap safe ung item ang kaso apat inorder ko pero iisa lang kinalabasan na kulaylahat pink,0,1,0,0,,,,,
743,manipis ung tela ng terno na nabili ko ngayon marami pa naman akong nabiling terno at parang di cotton ito pero ganon pa man salamat kay seller at kay rider,1,0,0,0,,,,,
744,maganda naman kaso mabilis syang malowbat mga 1hour lang kinaya nakita ko kase sa comment section e 6 to 12 mako cover nya yung pasok ko pero maganda naman yung nga lang mabilis talaga ma lowbat,1,0,0,0,,,,,
745,working 100 kaso may yupi na yung front cover nung dumating  so 35 back to you guys,1,1,0,0,,,,,
746,isang violet lang na recieve tama naman sizes keep safe to all riders,1,0,0,0,,,,,
747,dalawa earphones binili ko yung isa di gumana ang basag po yung finger sleeves ok naman po may isa manipis,1,0,0,0,,,,,
748,wrong color i ordered nude but i received what looks like an orange color mas dark sya sa nude which is yung hindi naka plastic i ordered that before i dont like the color im not sure if ill wear this,0,1,0,0,,,,,
749,sa texture parang nabawasan din yung pagka oil based niya ibang iba talaga yung mga nauna niyong benta,1,0,0,0,,,,,
750,medyo iba yung itsura niya dun sa picture sa ads mas makapal yung nasa picture at parang pininturahan lang ng kulay black sa heels para makopya yung product mukhang imitation lang,1,0,0,0,,,,,
751,kala ko naka pouch hehe d na nag abala pa wala na excitement ko hehe pero oks naman for the price,1,0,1,0,,,,,
752,35 walang bubble wrap nabutas ung pouch kaya ung handle puros gasgas color is also lighter than advertised manipis din ung tela,1,1,0,0,,,,,
753,not that good one brush was not working thank you so much sa rider ang bilis ng delivery,1,1,0,0,,,,,
754,810 kinaibihan lang magaang siya unlike sa ibang nabili kong univ pen for ipad i thought lang na magnetic yung takip nya all over cheaper price good quality naman,1,0,1,0,,,,,
755,910 quality same size lng din yung inorder kong 2l  hindi pa nagrereply ung seller,1,0,0,1,,,,,
756,usually size 8 talaga ako kaya inorder ko 3839 ang kaso parang size 7 lang siya medyo maliit sakin,1,0,0,0,,,,,
757,its working naman pero slightly open ung item malapit sa charging port mejo yupi din ung box upon receive i thought hindi na gagana pero buti nlng din gumana prin,1,1,0,0,,,,,
758,goods nadissappoint lang ako kasi gusto ko talaga brown pero dumating black wit na wit pero keri naden wala na magagawa ayun na binigay ni seller ehh,0,0,0,0,,,,,
759,3 kasi di sya parehas ng lakas ng sound masmalakas ung kaliwa kesa sa kanan pero ayus naman nc seller,1,0,0,1,,,,,
760,ok sana kaso may damage may tahi in front mukha nabutas den tinahi bakit nmn may damage ang binigay makikita nmn agad un kc nasa harap 1st time mag order sa shop bka never na bumili,1,0,0,0,,,,,
761,she is beautiful i feel good magada sya pero yung color mismong salamin color green sya at kahit wala sa araw color green parin sya,1,0,0,0,,,,,
762,okay na sana fast delivery and packed properly the bad side is that it has a wrong information sa product description ang sabi ay rechargeable and the keyboard comes with a lithium battery however the keyboard itself is just battery operated,1,1,0,0,,,,,
763,packaging is good naka bubble wrap pero may defect lang yung isa yung mismong chord ng lights natanggal kaagad,1,1,0,0,,,,,
764,ok naman kaso sira ung isang payong na dumating sana double check muna bago iship,1,0,0,1,,,,,
765,next time please check the item before shipment all working but may kalawang yung cable for computer table,1,0,0,1,,,,,
766,fast delivery but got the wrong color ordered black but got the light gray instead is there a way to replace this without shipping cost,0,1,0,0,,,,,
767,yuping yupi yung box  baka sa courier nato nagka aberya kaya ganyan pero sana initiatives na ng seller na ganyan mangyayare at sana pina secure agad packaging kaya 3 star lang tinetest ko pa kung matagal maubos pag nka 3  so far all goods naman mukang matibay sulit,1,1,0,0,,,,,
768,maganda yung products kc c rider n mona ng chat o nag message kung darating na yung parcel,0,0,0,1,,,,,
769,oky naman antagal ng shipping dzae it takes 2 to 3 weeks bago dumating,0,1,0,0,,,,,
770,its not long lasting 30 minutes siguro wala na or 20 second di sya amoy cloud may nabili akong 100 pesos na oil based din sa bangketa lang and mas maganda pa yon 24 hours mabango,1,0,0,0,,,,,
771,maganda sya kaso maling kulay yung dumating violet inorder ko tapos kulay pink ang dumating pero oks,0,1,0,0,,,,,
772,5 star sana e kaso sa pasaway na rider na unang humawak ng parcel ko yung 2nd rider medyo pasaway din kasi gusto pa ipagpabukas yung deliver kahit nasa area na sya kaya ako na lang nag effort na makipag meet up sa kanya dun mismo sa hub anyway 3,0,1,0,0,,,,,
773,ok naman yung item you get what you pay for mejo na disappoint lang kasi walang fragile tag tulad ng nirequest ko may scratches yung light pero gumagana kaya pwede na din,1,0,1,0,,,,,
774,ok naman yung pants maganda sya but when it comes to t shirt mali yung na deliver na color then mas manipis sya di si seller nag send ng pic before ship out nag msg ako para double check pero mali pa din,1,1,0,0,,,,,
775,may pagka alcohol yung amoy tapos parang may goma na amoy lalo yung vanillas idk di ko ma explain amoy nilang tatlo pare pareho konti lng difference but its good na for 78 pesos may 85ml ka na oil based perfume pero if ur looking for a perfume na head,1,0,1,0,,,,,
776,not satisfied ang daling malobat wala pang 7 mins lobat kaagad ang tagal icharge hindi cya mkalinis pero may konting fur ng aso nakuha,1,0,0,0,,,,,
777,bad sana di na lng sila ng benta real budol talaga ang ganda sa pictures pag dating ang pangit ng quality ng materials malalaman mo talaga na cheap pero anong ma eexpect mo sa 188 lol worst is hangang 4 mins lmg ata low bat na so beware sorry sa,1,0,0,0,,,,,
778,got it magsnda po siya tsaka affordable,1,0,1,0,,,,,
779,45 masarap sa paa its nice but i dont think the sizing is correct add 1 or 2 sizes,1,0,0,0,,,,,
780,good quality nmn sya kaya lng next time paki ayus po kasi yung product dumating dto na gupi gupi then may gisi na yung lalagyan,1,1,0,0,,,,,
781,ok a parcel everyday keep the sadness away a parcel everyday keep the sadness away yay  more budol in 2022,0,0,0,0,,,,,
782,3 star lang wrong color e,0,1,0,0,,,,,
783,complete order arrived so far gumagana naman siya kaso nga lang hindi secured pagkakabalot mabuti nalang at wala siyang yupi thank you seller at sa rider na nagdeliver godbless,1,1,0,0,,,,,
784,manipis d gaaning na press tyan q need q yong medyo stronger na binder thanks,1,0,0,0,,,,,
785,nice item is well packed lumalabas yung lamig nya sa takip sa cover kaya di sya ganun ka vacuum insulated,1,1,0,0,,,,,
786,1010 hindi siya 10 meters misleading sa description palitan nyo yan para sa mga nag susukat di pwede yung kulang ang inyong ipapadala thanks okey sana pero mali ang sukat,1,0,0,0,,,,,
787,okay naman sya u get what u pay hindi masyadong nagana ang remote sana tumagal buhay nito pasensya na tropa akoy na late si jokjok aking ka date jok wag kang magalala pag ako kasama mo safe na safe,1,0,1,0,,,,,
788,nakaka disappoint nag bleed ang dye ng black na bra nude color doesnt look like nude more like tan siya whereas old rose looks like dark purple,1,0,0,0,,,,,
789,good okay namn po siya mali lang ng kulay yung binigay pero over all po goods naman salamat po,1,0,0,0,,,,,
790,may lag yung response niya cute size pala to manipis and di yon maganda kung matagalan ang gamitan akala ko mejo makapal naman siya kahit papano bawi naman sa appearance cute lang,1,0,0,0,,,,,
791,nice cute ang lalagyan pero mabipis kable merong mga mas mura pero makapal naman ang materials thank you,1,0,0,0,,,,,
792,not so good item received in good condition delivery time was fairly good however the sizing is off para sa xl also yung tela makapal hawakan but manipis lang talaga as shown in the video i shared and parang madaling mapunit i hope hindi naman sana neat naman stitching,1,1,0,0,,,,,
793,thank you shopee thank you seller  deformed ung green hayyys ok na sana e now lang ako nakaorder dto na may deformed ung bra ang dame ko na naorder na bra s shop nato ngaun lang may deformed so sad sana s nxt order ok na lahat,1,0,0,0,,,,,
794,good thank you thank you thank you gumagana na nman linagyan kona ng battery pero di koa na try na try ko lang ang linagyan ng batterysalamat shoppe naka buble wrap siya cesured ang packing,1,1,0,0,,,,,
795,good quality pero maling item yung isang pinadala,0,1,0,0,,,,,
796,good quality magaan  comfy sa paa item shipped immediately very affordable wellpackaged accommodating seller,1,1,1,1,,,,,
797,good makapal nman po tela niya kaso po yung print po may na babaklas po agad at naka tupi ang iba lalo na po sa part ng h at a,1,0,0,0,,,,,
798,dumating n cya knina ok nman un pgkapink nya d cya masyado dark or depende nlng s pglagaydq p natry kung long lasting tank u,1,0,0,0,,,,,
799,thank you okay naman sya di lang ganun kalakas ang hangin pero pwede na po order ulit ako,1,0,0,0,,,,,
800,i give this only 3 stars im not satisfied kasi dahil parang bumili ako ng tag 100 pesos di siya accurate sa review na nababasa ko dito mabilis siya mawala as in parang dumaan lang yung amoy then after ilang minutes wala na maganda lang yung lalagyanan,1,0,0,0,,,,,
801,may damage po yung dumating sakin,1,0,0,0,Product had damage,,,,
802,710 it is functioning di ko pa nattry kung nagchacharge but sa quality ng sound is basag sya pero pwede na rin pagtyagaan lol,1,0,0,0,Mentions sound quality is poor,,,,
803,kala ko buong charger cord lang pala wala yung charger head  di ko pa na try kung ok  well pack nmn and no damage,1,0,0,0,Missing item,,,,
804,ok na rinkaso maluwang sakinfeeling ko mahal xa para s price nyasalamat na din kc mabilis naman naideliver,1,1,1,0,Delivery was fast but price is expensive for the quality.,,,,
805,910 i thought it was 10 meters but sad to say 5 meters lang pala e replace nyo naman sa 5 meters ang description para walang umasa but anyway salamat parin kasi ang bilis dumating,1,1,0,0,Product length is incorrect but fast delivery,,,,
806,hindi tinupad ni seller request ko na iship inside a box but its very nice and comfythanks seller,1,0,0,1,Comfy product but service requested was not fulfilled.,,,,
807,good ok na sana kaso hindi na late na dumating yung items for almost 3 weeks ko na bago dumating sakin,0,1,0,0,Delivery was late,,,,
808,madali lang sya nasira kaka received ko pa lang after a few minutes nasira ka agad sayang ang pera huhu,1,0,1,0,Product easily broke and was a waste of money.,,,,
809,the light is not that bright maliit lang sya parang dim lang but its functioning,1,0,0,0,Product is not bright,,,,
810,hnd q na pinicturan naiinis aq may basag un salamin balot na balot nmn feeling q hnd nmn sya nabasag dhl sa rider alm ng seller na may basag n yon at dhl nga maliit lng go pa din pang exchange gift p nmn ng ank q,1,0,0,0,Product is broken,,,,
811,maybe good sa halagang p154 di gaano ka lakas yong bugang hangin,1,0,1,0,Weak product but worth its price,,,,
812,all goods kso anong purpose nng isang pen sa d nmn gumagana,1,0,0,0,Product is not working,,,,
813,wala namang extra ear cups,1,0,0,0,Missing item,,,,
814,nakakadisappoint yung earpods di gumagana di umiilaw pati pag chinarge di umiilaw parang laruan lng yata nareceived ko yung mouse di rin gumagana hayst edit ko po pag gumana na lahat,1,0,0,0,Product is not working,,,,
815,i know i am no longer able to return this item at first malakas sya after 2 days mahina na tapos ngayon may tumutunog na daw sa onoff button thankyou anyways nice product,1,0,0,0,Product not working.,,,,
816,maganda siya kaso ang tagal e deliver,0,1,0,0,Long delivery time,,,,
817,very good ok naman sana kaso may damage na di magpapatagal sa item makes the quality poor,1,0,0,0,Product has damage.,,,,
818,ok green was replaced with yellow without noticesana tinanong ako kung anong kulay ang gusto kong ipalit incase for unavailable colors sa purcahse ko disappointed,0,0,0,1,Incorrect color and lack of communication from seller,,,,
819,i thought it will be oversized for my size di umubra ang s 53 65kg ako eh yung size chart ng s equivalent sa size chart ng xl sa regular fit nag order ako ng regular fit sa kanila na xl sakto naman so choose at least 1 size larger,1,0,0,0,Size not accurate.,,,,
820,maganda naman po ang quality kaso maling sapatos po ang dumating i was expecting that it would look like po sa first picture,1,0,0,0,Wrong design.,,,,
821,ok nman sya magandakaso di kasya sakin dpat talaga add1 size  kc size ko 3637 pero maliit pala dpat 3738  hahais sayang yung order ko diko tuloy na gamit pero ok lang nag order nlng ako ulit sana tama na sa paa ko,1,0,0,0,Small size.,,,,
822,810 medyo amoy alcohol siya pero goods paden namn,1,0,0,0,Smells like alcohol.,,,,
823,kinda disappointed di kasi maayos pagkakabalot di katulad nung first order ko buti nalang di napunit yung plastic kungdi damaged talaga yung items,0,0,0,0,Poorly packaged,,,,
824,sobra palang nipis hindi katulad nung nasa picture ni seller at lukot lukot na nilagyan ko lang ng matigas sa loob kaya naka umbok baka sakaling mawala yung lukot,1,0,0,0,Quality is too thin and wrinkled,,,,
825,dis maya ako sa square pants sabi sa post challis daw pero di pala 1 star lang sakin,1,0,0,0,Wrong fabric,,,,
826,beagh medyo nkkainis lng kase first wear ko ayy nppasukan pla ng tubig di ko nman sya bnbasa ingay nya suotin,1,0,0,0,Leaking and noisy,,,,
827,complete naman ang items as ordered worth the quality as per price  mainit nga lang ung tela pag sinuot kahit medyo manipis,1,0,1,0,Hot and thin material.,,,,
828,fast shipment in just 3days naka rating agad na biliran province from manila ito lang muna rate ko for now ill have to check the durability edit this in few days,0,1,0,0,Fast shipping.,,,,
829,mdyo nalalayuan aq sa amoy sa cloud ni ag yung isa okay sya pag open kaso hetong isa may leak sa bote may nga oil sa paligid ng spray kaya sayang then tnry q punasan pero pag open q parang andun paren i dont know baka bote na problema,1,0,0,0,Leaking bottle,,,,
830,masyadong manipis di maganda pangflat although super fast shipping din in less than 3days natanggap agad ang parcel maayos din ang pagkabalot,1,1,0,0,Poor quality but fast shipping.,,,,
831,mali ang pinadala ni seller black n gray ang order ko naging orange ang layo ng kulay sa order ko and 2l po ang order ko bakit 11l lang to,0,1,0,1,Wrong color,,,,
832,hindi nmn ito ang kulay ng inorder ko  pero ito ang dumating sorry seller pero nakakadisappoint lng sana maging sana sa susunod maging maaus nmn,0,0,0,1,Wrong item,,,,
833,too small small size pero parang pang new born usa brand pa nakalagay di rin maganda quality kapag nababad sa ihi parang lumalabas yung laman nya na gel like material nakadikit sa pwet ng baby ko  hirap pa naman alisin may ilan din piraso walang garter yung waistband ambilis,1,0,0,0,Wrong size and bad quality,,,,
834,some of the product is one size smaller than the size indicated other than that the product is good makapal naman the seller also shipped it immediately,1,1,0,0,Smaller size than indicated,,,,
835,thank you selleralthough nd sia origpede na dnsana magtagalsobra haba nung video kaya iba nlagay kopero salamat na dn,1,0,0,0,Not original.,,,,
836,maayos 3stars lang kasi mali ung kulay na pinadala nila my order is pinklight blue pero ung dumating is orangebluethough will serve its purpose d na kinuha ng buyer ko dahil lang sa kulay,0,0,0,1,Wrong color,,,,
837,ang layo namn sa inorder ko bench tapos dumating hm plsss po paki sigurado namn nang inorder customer nyo tignan nyo po mabuti bagu nyo e balot mali2 po kasi bigay nyo ma order maganda sana tela sa ulitin siguraduhin nyo ang ino order namin kung sakto ba,1,0,0,1,Wrong brand,,,,
838,okay the sound is fine and madali syang malowbat yung freebie is useless,1,0,0,0,Battery life and freebie useless.,,,,
839,ang liit pala nya and mahina sya so a bit disappointed medj matagal din shipping since overseas sya so understandable naman,1,1,0,0,Small and weak,,,,
840,sayang maganda sana quality pero ang liliit ng sizes  medium ako pero sinadya ko na 2xl kasi im preggy  pina alter ko nlng,1,0,0,0,Too small sizes,,,,
841,camel khaki inorder kodumating khaki ang seller dito hindi marunong magupdate kahit na iisa lang yung inorder ng customer sana next time wag mag marunong sa customer pakitriple check bago ibalot at iship ok,0,0,0,1,Wrong color and seller is unresponsive.,,,,
842,good quality salamat sa product po maganda po ang quality at ang kulay po at nka rating din po khit malayo nasa bicol po ako thanks po,1,1,0,0,Good quality,,,,
843,minus 1star po sa seller sa hnd pagtupad sa chat namin minus 1star din sa product na yung isa ang baba nung part na hook,1,0,0,1,Did not follow order,,,,
844,malamig 1hour lang battery time kahit anong speed pero malamig pero mabilis masira,1,0,0,0,Battery issues.,,,,
845,same color received at walang straw ang isang tumbler,0,0,0,0,Missing item.,,,,
846,madaming gasgas di well pack wala man lang plastic yun mismong product sa loob ng kahon kaya puro gasgas na pero gumagana naman siya kaya ok na din,1,0,0,0,Scratches,,,,
847,good di ko pa nagagamit sa ulan pero ok naman siya so far kaya lang di ata nacheck ng maayos and mukang matagal nang nakastock yung nabigay saken at may gasgas pa sa handle,1,0,0,0,Has scratches and old stock.,,,,
848,maganda iyong items thank you seller,1,0,0,0,Good product.,,,,
849,ang sabi hindi mag mo molds pero yong black ko mag molds talaga siya  pag e lagay mabasa talaga,1,0,0,0,Product is molding.,,,,
850,malaki po ang mg sizes bakit lahat xl po please naman paki 3x check nyo po muna before ninyo po e packed ang items po paano po ito e refund,1,0,0,0,Large sizes,,,,
851,so ayun kumpleto nareceived ko at tama naman kaso kakadisapoint lang kase mukhang hindi pinag effortan ni seller na ayusn yung packaging para sa mga fragile item sana manlang maayos pagkakasalansan ng mga item kaso hindi kaya basag basag na ni hindi manlang nidoble ng bubble wrap nagtitipid ka ba,0,0,0,1,Poor Packaging,,,,
852,maganda sana kaso sira ung power botton inayos q nng irefund sana kaso need n ng anak pki ingatan nlng next salamat,1,0,0,0,Power button issue.,,,,
853,quality is good for its price comfy to wear din naman but what i find uncomfortable is natunog sya habang naglalakad di naman basa or what,1,0,1,0,Noisy.,,,,
854,nagulat ako kase sobrang nipis nya nung sinuot ko bakat na bakat yung foam sa loob kaya hindi ako sigurado kung maisusuot ko ba sya in public kasi hindi ganon kaganda yung qualith and okay naman yung packaging nakakatakot lang kasi manipis walang damage yung damit,1,0,0,0,Poor quality is too thin.,,,,
855,masyadong matapang yung amoy ng jo malone english pear tapos yung meow hindi sya katulad nung ibang nabili ko sa ibang shop parang di sya oil based tsaka yung amoy nya hawig lang ng konti pero di sya ganun kabango compared ng sa iba yung sa pagkabalot naman ng item,1,0,0,0,Not oil based,,,,
856,fair first time to order in this shop at hindi na mauulit knowing na maulan ang panahon sana bago nyo naman pinaship eh sinecured muna yung item hindi yung ganto nabasa na ang loob plus yupi yupi na yung edges ng mga sticker hindi man lang naka cartoon kahit bubble,0,0,0,1,Poor service item arrived wet.,,,,
857,maayos naman ang packaging at mabilis din ang deliver kaso lang yung sizing parang same lang ang large at xl kalerks yung large parang small lang yung laki pero anyways thank you pa din sa seller,1,1,0,0,Fast delivery,,,,
858,mukhang magtatagal naman but the size is smaller than you actual size better give an allowance,1,0,0,0,Smaller size than usual.,,,,
859,nag stick nalang sana ako sa totoong size ko kase tama naman pala sabi ng ibang review get size bigger pero for me stick to your size ok naman siya for the price pero hindi yung sobrang nakakatuwa sa ganda at tibay mukang flimsy malambot ang material,1,0,1,0,Flimsy and soft material.,,,,
860,kumpleto at nakapacked ng maayos yung items na inorder ko good job po sa seller  order ulit ako next,0,0,0,1,Packed properly.,,,,
861,black and white order ko mali kulay dumating ehh black black to ehh seller andaya para sakin to ehh panglalaki namn tong puro black rhh,0,0,0,1,Wrong color.,,,,
862,sobrang dissapount naman nung maroon at black na paranv sando sya akala ko mahaba yun naman pla maiksi parang bra talaga hayssss,1,0,0,0,Not the correct item,,,,
863,i bought 3 pero isa lang yung malakas ang hangin the other two is so mahina kinda disappointed hehe,1,0,0,0,Weak,,,,
864,poorly packed no bubble wrap in packaging other than that the item is good,0,0,0,0,Poor packaging.,,,,
865,madumi yung bottom part i dont know why mura items pero sana maayos at hindi ganto pinadala pang gift pa naman to pako ireregalo kung parang gamit na,1,0,0,0,Product is dirty.,,,,
866,sakto pang sa presyo ibang colors ang dumting white po ang order ko pero green ang pinadala nila for me complete naman po 20 pcs pero dipo ganun ka ganda ang quality sakto lang po sa presyo nya na mura po di makapal ang foam at di madikit masyado ang,1,0,1,0,Wrong color,,,,
867,okay naman siya pero may damage yung dalawang beige and parang gamit na siya but yung black is  thank you,1,0,0,0,Damage item.,,,,
868,bakit fan expect ko mouse or keyboard,1,0,0,0,Wrong item,,,,
869,manipis ung white wall paper and can easily be tearedoff a bit expensive for its quality,1,0,1,0,Thin and expensive.,,,,
870,madali ma sira ung wallpaper and ang dali nya mag stretch not good quality it has nice texture tho delivery was not bad all came in complete and safe unq quality lng mejo hirap nya install compared sa previous puchases ko thanks and keep safe,1,1,0,0,Easy to break, delivery on time.,,,
871,okay naman yung item pero sa description sabi may builtin battery ang pwd icharge o mali,1,0,0,0,False info in description,,,,
872,ok po sya kaso may mga konting stains sa paligid nya sana sa susunod paki check nyo flawlessness ng product ninyo para di kayo mawalan customerspero ok good quality paren para sakin test ko lang after several days if ok sya then comment ulit ako,1,0,0,1,Stained,,,,
873,ang tagal niya dumating higit 15 days ayun lang yung hassle pero okay naman gumagana yung earbuds edit ko to pagmabilis maglowbat hehe,0,1,0,0,Late delivery.,,,,
874,bat naman po ganun wrong color yung dumating sana sinabihan niyo muna ako bago niyo shinip yung asawa ko kasi ang gagamit and hindi mukhang panlalaki yun kulay niya sorry 3 star lang,0,0,0,1,Wrong color and lack of communication,,,,
875,not really good madali malobat,1,0,0,0,Battery drains fast,,,,
876,ok na man ung phone wla damge kaso madali lng malowbat pero ok na dn sana magtagal thanks seller,1,0,0,0,Battery drains fast,,,,
877,good quality well packaged item shipped quickly will order again kaya lang hindi masyado maisara anyway maganda syathanks,1,1,0,0,Quality is good and shipped quickly.,,,,
878,sira yung stand ng ring light di ko tuloy magamit na baba bigla ano ba yan seller sana chineck nyo muna product nyo bago ideliver loose thread na yata yung mga screw nakakairita hindi na ulit ako oorder dito grabe sayang lng pera ko nakalock na yan,1,0,1,1,Product broken, and waste of money.,,,
879,box nayupi in transit when i open item looks nawarak i have to assemble the cover and insert the filter myself again luckily wala nman damage no manual to guide paano ilagay yun filter as to wc side face front its good my nephew uses also this brand kya ngpaturo,1,1,0,0,Box is crushed,,,,
880,seller not responsive kulang items ko nakailang message nako sa seller online sila pero d ako sinasagot d man lang binalikan wala talagang reply 1 star dpat to eh ayaw lang ng shopee,0,0,0,1,Seller is not responsive.,,,,
881,510 ang tagal po mag iceyes 5 minutes pa bago nakagawa ng large pero sobrang liit na ice ang daling matunaw may nakalagay pa na icefull warning lightpero malabo po ma full ito ng icefirst ice 9p c s na cucute hinliliit size then after 5minutes again lusaw na ang,1,0,1,0,Long ice,,,,
882,manipis kaya mejo nadisappoint ako sa quality nea,1,0,0,0,Too thin.,,,,
883,good pinahi nyo yung size kasi malaki sya  i order size 37 tas yung pinadala nyo mga 3839 sya  buti na lang nagkasya sakin although medyo malaki sya ng konti,1,0,0,0,Big size,,,,
884,510 i dont know sobrang diff nya sa last purchase ko ngayon is parang alcohol na sobrang lamig sa balat pag inispray tapos hindi na sya long lasting good for 30 mins lang,1,0,1,0,Difference with the last purchase,,,,
885,wrong color dumating,0,0,0,0,wrong color,,,,
886,not that bad 3 stars lang di sya gaanong magstay sa lips kapag pinunasan iba sa nabili ko  tapos parang may wax lang sya,1,0,0,0,Doesnt stay on lips,,,,
887,wrong color the seller said the blue is the new light purple paano yon lol,0,0,0,1,Wrong color.,,,,
888,orange naman yung kulay nga brown cat,0,0,0,0,Wrong color.,,,,
889,magaganda ang mga medyas kaso unang una ang tagal ideliver kailan ko pa inordor ngayon lng dumating pangalawa kala ko yung white strawberry is kulay nya white and red hindi nmn pla kaya im dissapointed,1,1,0,0,Long time to deliver,,,,
890,ok ni hindi manlng nag abala c seller n maglagay ng bubble wrap buti hnd nasira ung fan sana magtagal ung item,1,0,0,1,Poor packaging,,,,
891,safe naman nakarating a g product good condition pero hndi sya nakaka paypay,1,0,0,0,Arrived in good condition but product not functional,,,,
892,sobrang tapang ng alcohol niya sakit sa ilong masyado pag unang spray thankyou parin seller happy new year,1,0,0,0,Too much alcohol scent.,,,,
893,di masayadong sturdy pag pinatayoso im just hoping it will be standing for gatting a selfiebut then it will tumble down buti nalang hindi mataas pianaglagyan ko,1,0,0,0,Not sturdy.,,,,
894,may lamat po yung item working naman siya,1,0,0,0,Crack item,,,,
895,not same sa kulay na pinili ko ung pink lng ang nag tugma white at pink ang inorder ko black at pink nmn ang binigay nag pa pili pa kayo ng kulay kung ndi nmn na sunod ang gusto nmn,0,0,0,1,Wrong color,,,,
896,the quality is cheap but reasonable for the price not a real jbl the audio quality is not bad for the price masasabi kong sulit na din pero expect it to be low quality,1,0,1,0,Sulit na din pero low quality,,,,
897,sakto lng yung size niya sa price niyamaliit lang siyaparang light pink lang siyatnx sayo seller walang damage yung items,1,0,1,0,Small, worth the price.,,,
898,received the product but im so disappointed so with my kids kc hindi yun ang expected n kulay ok n sana kung nagtanong c seller kung ok lng b sakin dinelay lng nya ship out nag extend lng ako d man lng nag abiso n hindi available yung color,0,0,0,1,Item not the color order,,,,
899,sorry f 2 star lng d ko gusto quality walang dikit thanks,1,0,0,0,Quality is not good,,,,
900,good maganda nman sya at okay sa presyo mura na po sya hindi ko pa nagagamit d ko pa alam if pag nalabhan na okay padin thank you seller thank you din kuya rider at salamat din shopee,1,0,1,0,Good value for the money,,,,
901,its ok di masydo maganda bagkabalot pati damit may tape pilit pinagksaya sa plastic sa 10 na order ko nagupit ang ddalawa sa pag tanggal ng balot halos kalahati ng item tape ang nakabalo direct sa product,1,0,0,0,Damage from opening due to packaging. Mentions product quality is not good,,,,
902,thank you it was nice but it is not what i expect pang bata ung item and hindi ko magagamit the item was well packaged and it was shipped within 2 days thank you,1,1,0,0,Product is not what was expected; well packaged and fast shipping,,,,
903,not satisfied coz the case is broken although gumagana nman ung item,1,0,0,0,Item is broken but functional.,,,,
904,good what you see is what you get mukhang matibay and legit shop mbilis dumating,1,1,0,0,Good quality, durable-looking, and fast delivery.,,
905,youll get what you paid for sizing of sole is good but the strap doesnt match maluwag siya i think ilang suotan lang to pwede na pang jan2 lang sa tabi pacute lang sa picture pero yung lakarang malayo i think bibigay to i like the color and hindi masakit,1,0,1,0,Sole sizing is good, but strap doesn't fit; cheap,,,
906,hanep sa 1215 na pagorder dumating 1227 di tuloy umabot pang gift ko ng pasko haiisstt panoorin nyo nalang video para sa quality btw thanks pa din kah seller salamat shopee,0,1,0,0,Delivery was late.,,,,
907,same color ang binigay,0,0,0,0,Same color was given,,,,
908,napakatagal iship thinking na local lang siya dinaig niya pa ung galing ng overseas and unresponsive ang seller for the size maliit ang sizing,1,1,0,1,Very late to ship, unresponsive seller, small sizing,,
909,i am a bit disappointed may crack yung item pero functional padin naman sya ang panget tuloy tingnan natrigger pagiging oc ko hays wellpackaged padin naman sya,1,0,0,0,Cracked item, but functional, well-packaged.,,
910,maganda medyo may amoy lang yung air n nalabas siguro kasi bago patapos concetn ko lang hindi ko alam kung sa seller or sa rider napingkot ang box niya buti nlang hindi nasira ang laman,1,1,0,0,Good, but the box was dented; possible odor,,,
911,ang ganda ng product na natanggap ko at ang bilis din ng delivery but may problema ung order ko i ordered 3 items pero i recieved only 2 items sana maideliver ung kulang na item sayang din kasi nabayadan ko na kaya please seller sana maideliver sakin ung kulang na,0,1,0,0,Good quality, fast delivery, but missing one item.,,
912,matagal siya icharge then mabilis malowbat,1,0,0,0,Takes a long time to charge, battery drains quickly.,,,
913,so cute magandakaso manipis langthankyou kuya raider sa paghatid kahit ma olanlakas pa naman,1,0,0,0,Cute and good, but thin.,,,
914,not that much honestly medyo mahina ung hangin konti lang talaga lalabas tapos very loud ung sound then ung vibration nya binili ko to for my son kaso prang di ko nalang ipagamit nakaka distract ung ingay  un lang,1,0,0,0,Weak airflow, very loud,,,
915,medyo manipis for smooth surfaces only matte at may texture sya which is nice,1,0,0,0,Somewhat thin, matte with texture,,,
916,good black silver order ko pero dumating black gold ok na sana kasi naka dim na agad yung lense kahit wala pa sa araw,1,0,0,0,Good; wrong color but ok due to dimming lense,,,,
917,some products were a bit dirty parang nakastock ng matagal the product works great though so ill give it that,1,0,0,0,Dirty products, but works great.,,,
918,okay lang sya maganda naman yung size sobrahan dapat ng isa para mas maganda tignan sa paa mashado sya mabilis masira baak na agad yung likod nung akin di ko naman sya araw araw ginagamit ewan ko baka sa material lng din,1,0,0,0,Okay size, but breaks quickly; possibly material.,,,
919,3 stars lang sobrang tagal ng delivery d nyo agad ako ininform na out of stock ang designs na inorder ko pinapili nyo uli ako pero d rin nasunod nakaka disappoint po tlga parehong design pa ang dumating na dapat ay magkaiba next time update your display para,0,1,0,0,Very slow delivery, out-of-stock designs, incorrect designs.,,
920,nangati legs ko sa shorts,1,0,0,0,Itchy shorts,,,,
921,you get what you pay for i cant blame them cheap lang eh pero hindi presentable parang worn out nakakasad,1,0,1,0,Worn out and cheap, but expected for the price.,,,
922,its lightweight and not that sturdy but small siya goods siya for small bags pang mainit lang talaga siya feeling ko konting lakas nang hangin magigiba na talaga,1,0,0,0,Lightweight, not sturdy, small, good for small bags.,
923,cute siya kaso pandamay 4 na mystery pouch yung binili ko dumating naman 4 completo kaso pandamay same item lahat same design pa kahit design nalang sana ang ibaiba anong gagawin ko sa 4 na mouse pad same pa ang mga design maganda naman kaso bakit mouse pad lahat,1,0,0,0,Cute but all identical items in mystery pouch.,,,,
924,color  size do not expect too much with the quality given its price na super mura hehe di masyadong maganda yung texture and deflated din as seen in the picture super tagal din pala ng shipping but im still gonna give 3 stars for the effort,1,1,1,0,Bad texture, deflated, super late shipping ,mura-super cheap,
925,mahina yung audio i expected it to be sooo good but its not,1,0,0,0,Weak audio,,,,
926,ayan makikita po jan sa picture na kulay black at dark grey yung order ko pero black at maroon yung dumatingso nabago na pala ang kulay grey ngayon naging maroon na sana mg inform nmn kayo na wla ng stock etc kesa nmn umaasa yung customer niyo,0,0,0,0,Wrong color,,,,
927,ok naman kaya lang konti kc yung mystery box at mystery pouch parehas lang ng inorder ko hahaha pero goods nmn ung quality,1,0,0,0,Small amount of mystery box, quality is good,,,
928,good tjank you seller maganda at kumportable sootinmaganda syadi sy branded pero ok syaipaatahi monalang para pang matagalan nasalamat sin kay manong rider na lage naghahatid ng mga parcel ko dito sa bahaygod bless you all guysna enjoy kodin kasi may less pa sa voucher ko dito sa shopee,1,0,0,0,Good and comfortable to wear; not branded but okay,,,,
929,hindi pinadala ang mga ballpens i chatted this seller pero hindi man lang nagrereply sayang laang ang peraaaa akala ata basta nalang pinupulot,0,0,1,1,Ballpens were not sent; seller doesn't reply.,,,,
930,naka bubble wrap naman sya pero may damage baka dahil sa pag ship pero at least gumagana and malakas ung hangin nya thumbs up for this,1,1,0,0,Damage despite bubble wrap, but working well,,,
931,sakto lang ung lakas,1,0,0,0,Just right- Strength is moderate,,,,
932,oks sya mabilis madeliver yupe lang yung karton ng phone,0,1,0,0,Fast delivery, dented box.,,,
933,watery pag ilalagay mo siya sa pilikmata medyo hindi maganda tignan pero based on its price wag nalang kayo magexpect,1,0,1,0,Watery when applied, but expected for the price.,,,
934,ang ganda ganda ang ganda ganda niya sakto lang sa paa ko not photo or vediorelated but thankyouuu seller,1,0,0,0,Very nice fits my foot perfectly,,,,
935,ok i ordered clear green and clear black but ibang variation yung pinadala,0,0,0,0,different variation send not according to the color that i order,,,,
936,the quality nice but the problem is the air emerut anyways its nice tho the pic r not related tinatamad si em,1,0,0,0,the quality nice,,,,
937,malakas nman pro d maganda speaker nya,1,0,0,0,malakas naman not good speaker,,,,
938,gumagana naman and all pero ibang variation yung dumating nag eexpect ako nung pig version pero itong bear dumating saakin,1,0,0,0,Gumagana naman Wrong version that comes.,,,,
939,ok naman po ung item,0,0,0,0,The item is ok,,,,
940,maganda naman yung quality nung pen and yung camera cover kaso sobrang tagal lang na ship nung seller almost 1 month bago ko na receive,1,1,0,0,Good pen and camera cover, but very slow shipping,,,
941,parang madali masira and wrong size i ordered size 9 pero size 8 ang dumating,1,0,0,0,Seems easily broken and wrong size.,,,,
942,i thought it was waterproof kasi yun ang mga nasa reviews,1,0,0,0,Not waterproof,,,,
943,mahina ung buga ng hangin sa likod i dont think effective to,1,0,0,0,Weak airflow in the back; ineffective.,,,,
944,fast delivery pero hindi talaga nakakakuha ng mga balahibo sa unan,1,0,0,0,Fast delivery, but doesn't remove pillow hairs.,,,
945,items not properly packed but its okay for the price expect nyo na manipis,1,0,1,0,Poorly packed but expected for the price/cheap.,,,,
946,manipis lang pala pero all goods naman,1,0,0,0,Thin but otherwise good.,,,,
947,white order ko pero gray pinadala sakin pero okay lang naman maganda naman sya,1,0,0,0,Ordered white, but gray was sent; however, it's good.,,
948,three lng kc walng manual at medyo madaling masira charger pero ok nmn packaging wala lng manual,1,0,0,0,charger is easy to broked but packaging ok. Manual is missing,,,,
949,maayus ang pagdeliverkaso yung binigay sakin matigas hindi tulad ng isa kong inorder naadjustbuy again ko sana kaso baka ganun din ibigay sakin,1,0,0,0,Proper delivery but hard, unlike other ordered product,,,
950,okay lang good quality thanks selleroorder ako ulit sana wlang nang kulang kasi kulang isa,1,0,0,1,good quality thanks seller. kulang isa,,,,
951,yung order ko purpleblue yung dumating blue pero ok na lang yun nice naman and maganda,1,0,0,0,Blue was delivered instead of purpleblue,,,,
952,magkaiba po ang pair paki check po muna bago i ship,1,0,0,0,different pair, please check before you ship,,,
953,deformed lahat ng edges ng naka roll thus pag nilapat mo na sa wall klarong klaro ung dents on every inch cguro,1,0,0,0,Deformed edges when rolled-up,,,,
954,okay naman kaso medyo late sa order received date but maganda naman quality nya,1,1,0,0,Okay late to order received but good quality,,,,
955,ang ganda sana nung item kaso may mga problems sa package at may sira yung ringlight siguro dahil umuulan ng malakas nung deniliver ito kaya okay lang maganda naman ang light sapat na ito sana hindi maulit pag magoorder ulit ako o yung iba,1,1,0,0,Ringlight is broken but overall is good; problems with package and damaged due to raining while delivery,,,,
956,hear me out the product is actually good judging the price ang kaso ang mabilis niyang malowbat at theres time na bigla na lang siya madidisconnect i know mayroong limit ng distance yong bluetooth pero ito kahit katabi ko na ganoon parin still useful naman,1,0,1,0,Quickly drains battery and sometimes disconnects, useful naman,,,
957,ok sana quality kaso may damage ang grayinorder pa nman to sa akin ng buyer kosayang hindi na kinuha ng buyer,1,0,0,0,The quality is good but grey is damage,,,,
958,tinry ko to and nung ginamit ko nung gabi tas numg pinatay ko is may red nang kasama pero ok parin sya,1,0,0,0,there is a red light but it is ok.,,,,
959,random disappointed kasi hindi nasunod yung color na order ko buti na lang mabait yung nagpaorder kaya pumayag wala naman ako prob sa quality kaya lang sana inote yung order ni buyer kung wala sa selection yung order since may sumasagot naman agad sa pm thank you anyway,1,0,0,0,Disappointed bec wrong item delivered but the customer is mabait. There is no problem with the quality,,,,
960,wala after maopen gumana naman pero nung nalowbat hindi na hahahahaha ilaw na lang gumagana kinabukasan after icharge taps after a week wala na talaga sira na hahahahaha,1,0,0,0,Does not work after drain the battery it has light in the morning,,,,
961,super dissapointed sa customer service ng shop na ito pls before you buy check the review na nagsasabing poor ang customer service nila because i see many buyers have the same concern that they ignore they reply to you but never answer your concern but still thank you the quality,1,0,0,1,dissapointed sa customer service ng shop. Quality of product,,,,
962,complete orders pero hindi masunod ang kulay na gusto ko fast transaction though ordered last october 28 received by november 2,0,1,0,0,hindi masunod ang kulay na gusto ko, Fast transaction.,,,
963,3star mukhang di pinag isipan yung kulay expect ko magkakaiba ng kulay kaso 4 out 6 same lang ng color sana same same nalang lahat para uniformed,1,0,0,0,Color same. Not expect color design,,,,
964,naka angat ung sa power button kaya madali matanggal no changing of color,1,0,0,0,The power button is angat. Cant change color.,,,,
965,didnt expect it was rubber typed na sandal kase di ko na basa yong details pero okay naman cheap naman kase hopefully this will last ng ilang months cheap and comfortable naman isuot,1,0,1,0,Sandals is rubber type. Cheap.,,,,
966,maganda naman kaso nga lng ang ingay diko toh magagamit during class kasi may tunog,1,0,0,0,The product is maganda but ingay,,,,
967,makadismaya bakit non wire to  ang nkalagay dun wireless ok lang maganda nmn tela nya salamat seller  kuya delivery,1,0,0,0,Makadismaya  non wireless and tela is maganda.,,,,
968,not so good maingay sya masyado not recommended forkinder papagamit ko sana kaso maingay sya for school malapit kasi sa tenga yung fan,1,0,0,0,Not so good kasi maingay,,,,
969,natry ko na sa stuff toys at tuwang tuwa ako to more home buddies budols to come sana tumagal at masulit bukas try ko naman sa kama namin nagtry ako sa kama pero biglang huminto wala pang 10mins na nagagamit nagstop na nilinis ko na yung dust bin at pina,1,0,0,0,Nagtry ako sa kama pero biglang huminto wala pang 10mins.,,,,
970,received within a week ang hindi ko lang nagustuhan ay manipis yung padding nya at parang maliit sakin kala ko free size pero bukod dun parang manipis din yung bra,1,0,0,0,ang hindi ko lang nagustuhan ay manipis yung padding nya at parang maliit sakin,,,,
971,what you see is not what you get yung tissue sabog pa 1 pack order ko pero parang binutas hindi man lang inayos yung mga tissue,1,0,0,0,Yung tissue sabog pa. What you see is not what you get,,,,
972,ahm good nmn ung item na natanggap q pero bat wlng bubble wrap and or something anyways thanks,1,0,0,0,Ung item is good. Wala bubble wrap,,,,
973,hear me out kala ko makapal ang sole nya di palasobrang layo sa picture mga 12 inch lang sobrang lapad din ng slippers pero ok na rin u get what u pay for,1,0,1,0,Slippers is makapal and super lapad, But u get what you pay for.,,,
974,ordered on 22nd received on 28th ano na nangyayari sa inyo shoppe haiissst ok naman yung baby bed manipis nga lang yung net hope tumagal,1,1,0,0,Baby bed is OK, but net is manipis,,,
975,maganda xa kaso ibang size pina delivered sa akin 2l order ko pinadala 1 l lang,0,1,0,0,Maganda Ibang size ang pinadeliver,,,,
976,okay naman daw sabi ng abcde ifg q kaya ayun satisfied customer naman daw sabi ni daddy at ni nanay haha joke lang thank you po so mats,0,0,0,0,OK and satisfied customer.,,,,
977,its an okay quality you cant see any text or display just a color na its on or off per setting so u wudnt know the level of the fan and timer which i tot meron timer sayang its cheap plastic,1,0,1,0,Quality is okay. Cheap plastic.,,,,
978,bat ganon okay na sana yung mga ballpen kaso kulang binigay sakin sana next time kumpleto na yung mabigay 20pcs order ko 17 lg dumating sakin,0,0,0,0,Wala kumpleto na mabigay,,,,
979,working mabilis malowbar it take only 1 hour to use continuously masyado ring bulky yung earphone,1,0,0,0,Mabilix malowbat, masyado ring bulky yung earphone,,,
980,too big and heavy doesnt work well for me looks heavy duty pero hindi masyadong nakakatanggal ng dirt and dusts on the bedsheets maliit na lang di pa mahigop not worth the hype buy at your own risk,1,0,0,0,Too big and heavy,,,,
981,ok but hndi sya same quality compare sa mga nauna kong nakuha,1,0,0,0,Okay but not same quality compare.,,,,
982,i received jodsone e wala naman ako order na ganon tsaka yung color white na gel polish may leak and wala yung parang brush nya i think sa seller na mismo may prob,1,0,0,0,Gel polish has leak with issue,,,,
983,til now nagana pa  malakas namn sana ang hangin kaso hnd q maramdaman kapag suot na  hnd tumatama sa leeg ung hangin kht baligtarin ko sa mukha in lang na daplis pa ewan koba hnd tuloy magamit kht ng anak ko manage ur expectations nlng,1,0,0,0,Product is working properly but does not direct in need portion,,,,
984,ang daslawa kong inorder ay nsa kapatid ko bingay ko na kase d ksiya saken ang leit ng pea ko pang bata ata size ko pru okay,1,0,0,0,Size is too small,,,,
985,malambot ok sa paa may defect yung isa tska parang di magka partner yung isang pair second order ko na to yung first order ko no problem naman etong pangalawa lang,1,0,0,0,There is defect. Malambot,,,,
986,i ordered 2 neck fans the pink one mabilis magcharge mabilis din madischarge,1,0,0,0,Madischarge is mabilis magcharge,,,,
987,thank you so much seller medyo marumi ung beige and parang gamit na the rest ok naman godbless,1,0,0,0,Medyo marumi. And parang gamit na,,,,
988,i can say okay naman yung product but not worth for the five stars complete dumating yung orders at dumating on time thank you,1,1,0,0,Okay product pero not worth 5 stars.Dumating on time and complete.,,,,
989,ang laki nung sa garter area,1,0,0,0,Too big ung Garter area,,,,
990,gumagana if looking for cheap bluetooth earphones eto na goods ka na dito pero if around 175 hanap ka nalang ng 200 sa iba na maganda built and sound kasi tingin ko hindi tatagal sakin to,1,0,1,0,Gumagana. Cheap, build does not look durable.,,,
991,maganda ung item malakas ung sound at matagal ma lowbat,1,0,0,0,The item is beautiful and Malakas ung sound at matagal ma lowbat,,,,
992,for its price kasi na super affordable expected na di sya dorable and madali syang ma lowbat it only takes 30 mins lang na kung gagamitin charge nanaman ulit ayon na nga dahil rin sa super affordable nasira yung saksakan ko nang pang charge na,1,0,1,0,Madali maglowbat. Super affordable.,,,,
993,okay naman quality ng item kaso nga lang hindi naman yun ung inorder ko i ordered the smaller size ng socks compare sa inorder q 2 days ago lang pero un dumating same lang  same pa ng design okay sana kung malaki tapos iba un design compare sa nauna,1,0,0,0,hindi un ung inorder,,,,
994,kinda disappointed kase ang daming dents i understand na baka at fault ang courier but i wish the seller would put an effort on protecting the item anyway super comfy and perfect for flatchested peeps may or may not but again,1,0,0,0,kinda disappointed kase ang daming dents and super comfy,,,,
995,dapat naka indicate unisex kala ko kase panglalaki di tuloy kasya sa bf ko,1,0,0,0,Not kasya,,,,
996,color and its wireless mejo ngalay lang pag gamit pero maganda naman kaso not good for me nangangalay ako,1,0,0,0,Color and its wireless mejo ngalay,,,,
997,good ok ung items super tagal lang dumating,0,1,0,0,super tagal lang dumating and good ok ung items,,,,
998,ok lng thank you seller thank you kay kuya rider,0,0,0,0,ok lng thank you seller thank you kay kuya rider,,,,
999,mabango maganda naman siya pero hindi ito yung kung ano ang nakikita mo ganun din sa personal parang lipstick lang hindi siya katulad ng nasa pic pwro pwede na rin,1,0,0,0,mabango maganda pero iba sa pic,,,,
1000,mali ang kulay nman order k dati sabi k grey black dmating umorder ulit ako grey ulit black nman ano b nman kayo hndi b ninyo alam ang kulay,0,0,0,0,Wrong Color,,,,
