Review #,Review,product,delivery,price,service
1,cute ng item sobraaaaaaa hindi din sya damage kudos seller thank you so muchhhhhhhhhh goodluck sa business niyooooo,1,0,0,1
2,kararatimg lang maganda naman ung item at mabilis any delivery nasunod din ung kulay na gusto ko medyo my dumi lang pero wala sa akin un basra good any quality na sya naman dapat magandagooooooooooood quuuuaaaallllliiiiitttttyyyyyy,1,1,0,0
3,ok naman sya mahina lng yung fan nya pero yung light lng nmn need ko tas ang cute nyapa hindi lng ganun ka ayos yung packing pero ok na video not related,1,0,0,0
4,maganda naman po sya malakas yung fan kaso maingay lang gamitin ko po sa school and good quality po mali po color but its ok maingay lang po talaga sya,1,0,0,0
5,hindi po nagana kahit matagal po i charger po,1,0,0,0
6,excellent sobrang cute ng item nato and so far wala namang damage malakas din yung air magagamit ko talaga to sa galaan hahahahhahaha btw mama ko nag video di ako yung nakareceive ng package,1,0,0,0
7,ang ganda malakas yung fansana mag tagal pwde charge pwde rin battery super like,1,0,0,0
8,sobrang gandaaa sobrang worth it para sa price gumagana naman,1,0,1,0
9,salamat po okay naman po lahat at gumagana po ng maayos sana po magtagal yun lang po salamat po seller godbless po,1,0,0,1
10,ang cute nito ang galing may adjust button for light and fun love it so much excellent quality tas ang cute,1,0,0,0
11,sobrang cute nagsend ng pic si seller bago ipack fast delivery,0,1,0,1
12,super nice po talaga lakas pa ng hangin ng fun nya mura na worth it pa,1,0,1,0
13,maganda ang itemang cute kase mirror with fan thank you sa good quality seller,1,0,0,1
14,okay naman po lahat ng item nagana at mukang wala namang defect ang issue ko lang po yung mga boxes yupiyupi na ipapang regalo ko kasi tapos ganon nga itsura ng mga boxes nya hindi na presentable sana next time maayos na boxes naman pag lagyan,1,0,0,0
15,ang ganda nito sobrang nagustuhan ng anak ko super useful nito lalo pag nasa biyahe kami salamat seller highly recommended,1,0,0,1
16,maganda working naman lahat kaso hindi ko lang alam kung paano malalaman if charging ba yung yung baboy kasi walang ilaw pag chinarge,1,0,0,0
17,i like it ang lakas din hangin nyakaso pag echacharge dq alm kung magcharge kz wlng ilawall n all maganda prin i rcve my parcelvery niceokk lng ung laki nya kh8 saan madadala moakala q pdi lgyan battery ndimas okk zna kung pdi lagyan ng battery kesa ee charge,1,0,0,0
18,good super cuteee malakas din ang fan kaso feel ko madali lang siya masira kasi nasa labas ang fan niya ang cute ng appearance and size pati led,1,0,0,0
19,maganda po sya kaso di ko po alam kung paano sya gamitin need nya pa pala po ng battery pa tutorial naman po kung paano gamitin di ko pa kase alam thankyou po,1,0,0,0
20,gumagana naman siya malakas yung fan at yung ilaw walang gasgas kaso hindi ko siya irerecommend dahil umiinit siya habang chinacharge at nasunog pa yung part ng sapin namin sa sobrang init niya nasira rin yung product,1,0,0,0
21,maganda ang product nila kaso nadisapoint ako sa pandurog ng paminta basag basag ang bote 5 star padin kasi nakita ko naman buo pa nung nagsend ng picture si seller sa susunod lang sana pakidagdagan ang bubble wrap ng bote ang ganda din ng ring light malakas ang ilaw,1,0,0,1
22,ang cute kaso maliit lang cya at bulky,1,0,0,0
23,maganda ung white at pinkung blue ang bilis malobatt,1,0,0,0
24,maganda sana yung mga items yung mirror na may lagayan ng battery d nmn mallagyan tapos lukot2 na yung karton bbgay ko sa gf ko yun eh pero workings nmn overall ok nmn salamat pa rin,1,0,0,0
25,dumating na po cute sana kaso sira yong isa hindi omilaw hindi rin mag charge,1,0,0,0
26,maganda sya kaso maghahanap kapa ng chargerdepende sau kse yng sskin di nag chacharge,1,0,0,0
27,ang cute at working sya sana magtagal,1,0,0,0
28,okay naman sya i like it mali nga lang ang color na naibigay but its still okay as long as hindi sya sira and mapapakinabangan thank you for these sorry for the late review,0,0,0,0
29,standard qlty ayos naman ung item kaso anliit pala kaya mura pero nice na rin nagbiblink ng red pag nagchacharge,1,0,1,0
30,nice overall is maayos naman kaso nakita niyo naman po sa picture may sira na yun lang naman po thank you,1,0,0,0
31,ok sna kaso nacra sin kgad sa wire nya cguro usb cable kc pinili q,1,0,0,0
32,ok nmn malakas nmn ung hangin kaso nung binuksan ko ung lagayn ng battery wala batterycra din ung pindutan nya,1,0,0,0
33,slmat maganda at maayos po product po thank u din po sa nag deliver,1,0,0,0
34,maganda sya kaso ngalang mabilis ma lowbat kahit overnight mo pa syang icharge,1,0,0,0
35,maganda naman sya kaso mabilis ma lowbat even though mag umaga na naka charge mejo ok naman malakas number 3 malamang nag eexpect kasi ako ng mejo mataas since the price mwehehhehe so mali ko naman okiee thats all over all maganda naman mabilis din na ship so yeahhh,1,0,0,0
36,maganda ung item salamat seller at kuya rider,1,0,0,0
37,good quality and cheap hindi lang gaano kalakas yung hanginpero magagamit ko sya sa school pwede din sya pag nag lalakad ka sa mainit sasabit mo lng sya sa leeg mopero ang ganda nito,1,0,1,0
38,thank you seller for the smooth transactiontuwang tuwa ang daughter ko hoping it will lastsakto lang sya for 6yo girl pang school thank you,0,0,0,1
39,thankkkkkk youuuuu veryyyyy muchhhhh sooooo cuteeeee satifieddddd iiiii orderrrrr againnnnn  fasttttt delivery kahit may bagyo,0,1,0,0
40,nice fan kaso one hour lang sya gumagana and then need to charge again i will try icharge sya ng matagal if matagal din ba aandar thank you so much,1,0,0,0
41,thank u po sana po magtagal at di mdaling malobatsalamat at wla po naging damage sa itemunlike before na inorder q sa shop natothank u kc bumawe kau ngaungodbless sulit na ang bayad kodi nyo na aq na disappoint god bless po,0,0,0,1
42,good legit seller cute and affordable my order is correct and well packed received just in time sana lang tumagal at hindi masira agad given its price thank you seller,1,0,1,1
43,good 3 out of 4 fans working hindi ko na isasauli at masasayang lang lalo pera ko sana may quality check bago iship,1,0,0,0
44,okay naman mabilis din dumating ang kaso yung isa nagtataka ako kung bakit di masyadong umiilaw may problema kaya plus iisa lang naman binili ko dalawa yung dumating tapos yung shipping fee iisa lang naman yung store bakit parehas kailangan bayadan,1,1,0,0
45,910 okay naman siya walang issue mabilis ma lowbat pero ayos na kase mura na yung price niya so okay siya very satisfied naman ako kase nagagamit ko tlga siya sa f2f kaso kailangan may dala kang power bank lagi hahaha,1,0,1,0
46,nice bilis ng deliver well package magagamit ko to sa classroom namin kaso blue order ko pero white dumating,1,1,0,0
47,i ordered white pero blue ang dumating pero oks naman lakas ng hangin,1,0,0,0
48,ang cute nakuha ko sya for 1 peso kaso ayaw gumana ng free shipping but okay lang mura padin at maayos ang pinadala ni seller thank you,1,0,1,0
49,all items are working kaso ung sa white dumikit ung charger kaya nagka stain pero overall nakakatuwa sana magtagal to thank u,1,0,0,0
50,its very cute and very handy working well nmn medyo mahina hanging pero d ko lng sure kung may ilalakas pa ba pag naka full charge pero im happy with my order thank you seller and rider,1,0,0,0
51,good pretty and nice po and mabilis dumating thankyou seller and courier,1,1,0,0
52,inorder kopo white dumating po pink pero ok nmn po sha at mabilis pag deliver,0,1,0,0
53,nagustuhan ng sissy ko kaso yung lace nya why po blue ayun sana mag tagal sya thank you seller,1,0,0,0
54,working legit at affordable pero 4 stars lang kasi blue and white order ko kaso wala yung color blue,1,0,1,0
55,maganda po sya at maayos dumating may bubble wrap po kaso yupi yupi po ang kahon pero ayos at no damage po ang item salamat po seller at kay kuya rider more sales po,1,1,0,0
56,okey na din kaso yung blue madali malobatpero okey na dinthank you,1,0,0,0
57,okay naman siya dumating agad and pag testing is gumagana ang kaso lang low battery agad sinubukan ko siya icharge mga almost 2 hours din yon pag testing ko wala pang 1 minute low battery na agad siya,1,1,0,0
58,goods oks naman kaso white dumating pink order ko,0,0,0,0
59,9 complete item tama lahat ng color kaso yung isang mini fan eh hindi gumagana hanggat hindi siya naka charge pero yung ibang item is ok nmn,1,0,0,0
60,goods nman x lahat i love d handy fan kaso ung maliit na usb lyts d xa tumatagal na off x mgisa goods nman lahat un lang ung light,1,0,0,0
61,inorder ko nung 315 dumating agad sya ng 318 super happy kase excited talaga akong makita yung items kaso eto may mga konting yupi kahit grabe na yung bubble wrap,1,1,0,0
62,thankyouu it is well packaged delivered fast ang ganda ng quality kaso may defective na isa nakatanggal yung isang part niya god bless,1,1,0,0
63,ok naman yung quality well pack din naman kaso kulang ang items though ang ginawa dinagdagan naman ang bilang sa iba disappointed pa din kasi wala yung iba na kailangan ko,1,0,0,0
64,video for coins only grabe ang hirap buksan sobrang daming tape at naka bubble wrap ng makapal kaso kita naman sa pic na nayupi pa din ung isa,0,0,0,0
65,maganda kaso putol putol yong mga glue stick ko hinde siguro naayos ng packaging,1,0,0,0
66,okei naman yung productsmalaki pala siya kaso medyo manipis langpero okei namanmadali uminit yung kaldero kase kulob ang apoythank you shopee at sa sellerswak naman sa product yung price nya,1,0,1,0
67,okay na sana kaso di sha swak sa gas range ko it would have serve its purpose sayang,1,0,0,0
68,okay lang maganda sha kaso nga lang parang dali masira yung sa gitna may damage pero gumagana naman still thank youuu,1,0,0,0
69,bkt ganon brand new ung item pero bkt faded ung kulay at my mga gasgas,1,0,0,0
70,ok ok lang naman may hangin naman kaso hindi pantay yung hangin yung isang side d nahangin yung 6holes,1,0,0,0
71,okay naman kaso yung sa liko parang sira yung adjustan niya like sa pic na inano ko tas may nakita din akong ganto sa mall try ko iadjust di naman nagkakaroon ng space pero its okay nagamit ko naman na siya and okay siya thankyou,1,0,0,0
72,35 ok naman sya functional naman kaso yung pagkaka assemble ng unit di masyadong fit nag lose agad yung switch button,1,0,0,0
73,ok nmn as for now kaso hindi nmn pala flexible kasi plastic siya,1,0,0,0
74,good quality kaso yung isa mali ng kulay wlang inform si seller pro overall ok naman nagplaced order ulit ako for my pamangkinsssss,1,0,0,1
75,ok nman kaso ind cia katulad ng nasa video na flexible ung nsa leeg,1,0,0,0
76,verygood ok lang sa price nya salute malakas din hangin number one nga lang gamit ko kaso 40min lang tinatagal fullcharge pa yun kung sa price nya ok na ok kaso pag sa time limit bitin hehehe pero dahil mura ok na ok na rin,1,0,1,0
77,good maganda sya for my school ftf kaso sa leeg lg ung hangin nya indi umaabot sa mukha pero para sakin goods na sya di na ako maiinitan sa schoolmay electricfan naman kami sa school but di umaabot sakin kaya bumili ako neto at di na rin tagagtak ung pawis,1,0,0,0
78,ok kaso ang tagal dumatingshoppee express 4 days nakatengga sa san fernando hubmore a week nadeliverpgdating ung box yupi yupiung isa may konting damage dahil s packaging sana lagyan ng bubble wrap at ipackging tape ng maayosnakabukas both sides nagsilabasan na ung neck fan at charger3 pcs inorder ko,1,1,0,0
79,nice nman ung productkaso d q lng alam qng full na sa pg chrge,1,0,0,0
80,mabilis na ship out working yung item maayos dumating kaso di ko sure kung normal lang ba na parang mahina un hangin kahit naka max na pero gumagana naman thnkyouuu seller worth it naman po sa price,1,1,1,0
81,received complete items kaso may mga dents ung air purifierencircled with red its working naman maayos din ang packaging cguro sa mismong company na galing ung mga dents,1,0,0,0
82,nice quality siya and so far ok naman yung air purifier medyo may yupi sa gilid part maayos ang packaging kaso baka sa courier handling na rin sa warehouse nila chinese character lang yung remote so ikaw nalang mag check isa isang button thank you seller and kay kuya rider,1,1,0,0
83,okaayy ang product quality kaso wala dun yung remote namessage naman agad si selleer guudss thankyouu pa din shopeee,1,0,0,1
84,ok naman sa price kaso di gumagana remote pinalitan na battery ayaw pa din at chinese pa remote,1,0,1,0
85,okay naman kaso chinese characters yung remote o di lang ako nagbasa ng description dito pero working naman xa,1,0,0,0
86,i recieved the product kaso wlang remote sa ad niya with remote sana klarohin sa seller pra nman hindi mag expect ang customer,1,0,0,1
87,ok nmn kaso mabilis lng sya mag off pag siniset mo sa timing  pero the rest ok nmn at pati packaging plus napakabait ng driver  kudos kay kuya edito kundiman wala or meron tip maayos syang kausap god bless sayo kuya  ride safe,1,0,0,1
88,yupi yupi ung box working nmn kaso ang gaan nia parang laruan,1,0,0,0
89,ordered last 0909 safe naman syang dumating malaki pala sya and mabigat hehe kaso parang hindi malakas yung paghigop nya ng dumi or baka may mali lang sa paggamit ko,1,1,0,0
90,maganda po ang item arrived na wlang damage kaso lang yung dust box nahihirapan ako see 2nd photo for reference,1,1,0,0
91,first home buddies budol bilis dumating ng item and secured yung packaging it comes with an english manual madaling gamitin kaso mejo mabigat lang pala siya but very effective nakakakuha talaga ng dust very satisfied with this purchase,1,1,0,0
92,maganda siya working naman kaso ang bigat pala niya anyways nabudol lang ako sa isang fb group pero okay na rin mukang nakakalinis naman pero kailangan tagalan or ulit ulitin para lang masisip yung mga dumi,1,0,0,0
93,super ganda ng item dami nakukuhang dirt perfect sa may rhinitis na katulad ko palpak lang shipping via shopee express sobrang hassle legit naman ung item and seller order was shipped immediately kaso bulok shopee express sana pede kayo magshift to jnt para mabilis ang shipment,1,1,0,0
94,super nice packaging safe na safe ang item well package talaga kaso nung pagtest ko nagamoy sunog d ko alam kung normal lang talaga yun hahahaha,1,0,0,0
95,di ko pa siya naggmit hehehe mag llinis pa kaso ako ng kwarto at gusto ko sa bago kong kobre kama unang ggamitin hehehe sobrang laki pala neto sa personal and safe namn siyng dumating may bublle wrap at naka kahon siya with manual kaya di nakka kaba gamitin thank,1,0,0,0
96,received my order in good condition ginamit ko agad ok naman madali gamitin kaso sobra ingay pala nya pero effective naman,1,0,0,0
97,product is good kaso nagkakaron ng not sure kung amoy sunog kapag ginamit sya for like ng tuloy tuloy so ang tip wag sya dire diretso gamitin ipahinga for a couple of secs then gamit ulit,1,0,0,0
98,magnda ya kaso may stain ung isa shoes all in all ok nman lalo kung wala ung stain nya mganda quality malambot sa paa,1,0,0,0
99,white thank you so much seller ang ganda niya kaso nanghinayang lang ako nag alangan ako sa 32 yun pala sakto lang sa kanya yung 31 pero overall maganda,1,0,0,1
100,maganda ung sapatos  kaso mali ung isa at ung size mali din  ang order ko is ung boots at ung unang pic na blackwhite  so mali ung isa at ang liit pa ng size ng pure white next time bago niyo iship sabihan niyo muna kami lalo,1,0,0,0
101,so cute im happy with my purchase ang cute nya kaso maliit sa anak ko kaya benenta ko nalang oorder nlang ulit ako ng bigsize thankyou seller napaka quality nung shoes,1,0,0,1
102,nice my son likes it kaso malaki sa kanya hehe thanks seller,1,0,0,1
103,good ok sya maganda sakto sa baby ko yung size 26 i suggest mag adjust sa sizing kasi maliit ang size nya dalawa nga nabili ko yung una size 21 nakalagay kasi good for 14 cm so size 21 order ko para may allowance sya 13cm size ni baby kaso,1,0,0,0
104,nice sana kaso di kasya pa pala sa baby girl ko sa kuya niya kasya but overall ganda ng shoes bili ako ulit para sa girl ko,1,0,0,0
105,worth the price okay n okay nah for its pricemganda ang lakas mkasosyal sakto lng sa paa ng baby kohmeron n xa pngpictorialhehe ang bilis naship and ndeliverthank u so much,1,1,1,0
106,good quality medjo malaki pala sa anak ko dat pla size23 kaso dina available pero goods yung shoes maganda tama lang yung color,1,0,0,0
107,maganda po ung product love it kaso medyo malaki naorder ko di bale tago ko nalang muna pero all in all 5 star,1,0,0,0
108,white maganda xia kaso maliit sya sa 3 years old qu dapat pala ng dag2 aqu ng allowance thank you din kai kua rider ang bait,1,0,0,1
109,super goods ang ganda niya at super bet ko para sa baby girl ko kaso malaki nga lang ung naorder ko na size pero ok lng thank you seller,1,0,0,1
110,1010 ang ganda sobra kaso maluwag sa baby ko order ulit ako sana bago mag pasko dumating na sya para may masoot baby ko salamat seller,1,0,0,1
111,sobrang ganda ng shoes kaso malake pa sa baby ko na 1yr old super worth it ganda ganda,1,0,1,0
112,ok perfect na sana kaso d nasunod ung size nong pink shoessize 25 po order ko selller pero ang binigay size 23makaibang bata po pagbibigyan ko sayangpero overall ok xa at magandathank u parin seller,0,1,0,1
113,very good maganda sya kaso maliit mukhang matibay nman kaso ung sizing nya ay maliit bumibili den nman akmi ng sapatos na ganun size sakto lang sa kapatid ko pero ung size neto maliit talaga,1,0,0,0
114,okay naman siya for its price kaso lang napakanipis tlaga ng sheet at unan nag expect ako better na yung net nalang bilhin tsaka bili na lang ng ilalagay sa loob nga foamsheet at mga unan,1,0,1,0
115,thank you po maganda naman siya kaso manipis yung foem nya halos wala ngang laman pero ok na rin po,1,0,0,0
116,okay maayos naman kaso punit yung unan tinahi na lang manipis lang siya pero pwede na yung mosquito net lang talaga mahalaga salamat po,1,0,0,1
117,yung baby mosquito ok naman kasu yung towel na 5set hindi maganda yung tela  hindi told sa picture saka hindi iba yung design parehus lang ng design lahat tsaka ang ninipis pa at ang liit hindi told sa picture sa 5pcs set towel fast delivery naman kaso ang quality,1,1,0,0
118,perfect verry good quality po siyaat ska safe talaga c baby makakatulog ng mahimbing kc nd na xa dadapuan ng langaw at lamok c baby,1,0,0,0
119,maganda xa saktong sakto lang kay baby protected xa sa lamok at iba pang insectsmahimbing xang matulog now dahil janthanks seller,1,0,0,1
120,nice quality maagang dumating yung bedsheet di bumukad masyado pru all in all ok sya,1,1,0,0
121,nagustuhan xa ng binigyan ko kya 5star hindi din masyado matagal dumating tnx seller nasunod un kulay na gusto ko since girl yun pqgbbigyan,0,1,0,1
122,good uke lang maganda sa pricemalamok sa aming lugar,1,0,1,0
123,great item perfect mapapawow ka talaga ganda bagay na bagay sa baby boy namin godbless sa inyong business salamat shopee,1,0,0,0
124,ang ganda at ang laki pala talaga super excited na magamit ni baby pagkalabas nya sobrang bilis din mashipout thank you seller,1,1,0,1
125,super nice and super laki din nya magagamit up to 6months ni baby  must have for those mommies dahil na fo fold sya,1,0,0,0
126,nung una hirap na hirap ako isara tamang pagsunod lang sa instruction excited n ako magamit to ni lo ko,1,0,0,0
127,ang gandathankyou seller nagustuhan q tlga syadq dn iniexpect n malaki pla syai will give 5stars,1,0,0,1
128,maganda quality malaki din thank you po nahirapan lang ako e balig sa pag ka fold nya haha panu ko kaya to ma wrap pang regalo to for december salamat po,1,0,0,0
129,ang gandaaaaaa ang laki and ang bilis dumating solid to para sa baby ko thankies po seller for fast transactions and napaka gandang quality,1,1,0,1
130,good nice nmn cya tsaka ang mura din malaki din cya parang kasya sa 7years na bata thank you shoppee,1,0,1,0
131,ang bilis ng shipping and very affordable pa will definitely recommend this shop ang ganda ng quality ng product,1,1,1,0
132,wownice ang ganda niya at tunay na malaki ung item dhil pati kapatid ko na 14 yrs old kasya thank you for the good condition delivery,1,1,0,0
133,supper gandakaya paulit ulit me mag orderkc na reseller den po ako,1,0,0,0
134,ang ganda ang laki niya di ko expected gift ko to sa pamangkin ko hehe,1,0,0,0
135,ang gandaaa sobrang laki kasya siya hanggang 2 years old thanks seller,1,0,0,1
136,so cute nitosna matagal masira thank seller worth it nman sa price,1,0,1,1
137,high quality okay lang nmn yung items yung moskit ng bb is okay lang malaki sya pero yung bib lang diko nagustuhan kasi ang liliit baka di magkasya sa leeg ng bata,1,0,0,0
138,ang ganda po ng item na inorder ko sa shop na toang gaganda po ng kulaykaso hindi nasunod yung isapink yung inorder ko na kulay ng tent kaso orange dumatinganyway maganda naman yung kulaythank you po,1,0,0,0
139,ang cute ng folding bed hihi lalo ako naexcite sa pagdating ni baby thanks seller,1,0,0,1
140,good quality ok narin s price nya labhan muna bagu ipagamit s bby ndi kc maganda amoy nya,1,0,1,0
141,thank youuuuu ang ganda ng items sulit na sulit very affordable pero maganda at matibay sya,1,0,1,0
142,good grabeee ganda nya malaki rin bilis din dumating thankyou po,1,1,0,1
143,ganda ang cute sa baby order na kayo dito di kayo bibiguin,1,0,0,0
144,good super nice excited na ko magamit ng baby ko ito ang ganda nia although medjo manipis un bed okey narin sa price,1,0,1,0
145,maganda sya at malaki worth it nman ung bayad ko  naship nman saken ng maayos at wla nman damage kya 5star saken thanks,1,1,1,0
146,di ko inexpect yung laki niya kala ko sakto lang hehe medjo malaki din siya and sure makokomportable ang aking baby girl thank you seller its my 3rd time order sa store na ito responsive sila sa chat highly recommend 5,1,0,0,1
147,maganda po at tama ung ordrr na dumating saken ang happy ko pp salamat sellr d moko binago sa order ko mapagkakatiwalaan ung shop at si seller kase tama ung order na binibigay nila order na den kayo guyssss ganda pa at ang lake nya,1,0,0,1
148,kahit tent lang inorder ko sulit naman mgnda ang quality at malaki na size niya kasya ang turning 4mos kong baby tuwang tuwa siya sa bago niyang mosquito net sure na hindi lalamukin si baby,1,0,1,0
149,good bilis dumating order ko 2days lang meron na maganda yung product magagamit ni baby very satisfied thanks seller,1,1,0,1
150,wala man ako nung video at pics ng product pero supper worth it po ngg product di ka magsisisisuper legit sya maganda tila sa murang halaga lamangthank u seller,1,0,1,0
151,malaki siya  can be infant until toddler age,1,0,0,0
152,super comfortable si baby love this shop pang 2nd order ko na to pero ang ganda padin,1,0,0,0
153,goods na goods po ang ganda at ang laki nya,1,0,0,0
154,salamat seller and shopee got this baby mosquito net set for only 1 pesos  26 sf  sobrang sulit ang ang ganda at ang laki responsive din si seller told me naubos itong beige set at pinapili ako ibang color pero the good thing is nagkaroon agad sila stock,1,0,1,1
155,ang cute ng design  excited nko magamit ng baby ko,1,0,0,0
156,grbe ang ganda akala nmin tama lng cxa pang newborn baby pwede pa cxa kahit 2years old namalaki po cxa at maganda thankyou so much seller,1,0,0,1
157,well delivered nice product i am excited to pyt my baby asleep here salamat rider na mabait na binyaran ko thru gcash kasi wala ako cash thank you seller for fast shipping,1,1,0,1
158,thank you dumating na item ko kumpleto sya nung una kinabahan ako kc akala ko walang net ayun pla foldable sya hehe salamat po,1,0,0,0
159,salamat seller exited n kmi na gamitin to sa pag labas ng anak ko ang ganda nya po at wala pong damage yung item salamat po ng marami at kay kuya rider sa pag hated dtu mismo sa bahay,1,1,0,0
160,ok i really love this item for my babyit is great and super affordablepwede mo cyang e fold kapag di mo na magagamitthank you seller at maayos ang pagkabalot well recommend this to my sister na preggy dn,1,0,1,1
161,sobrang ganda talaga hindi ako nag hihinayang sa binayad ko ang laki sa personal magagamit hanggan 1years old sguro ito good quality order ako ulit sa shop nato nang iba pang gamitsalamat seller,1,0,0,1
162,super ganda at worth it ng item po satusfied client here i will definitely order again for big baby naman po thanks po ng marami for fast delivery,1,1,1,0
163,nareceive ko na po thank you seller and thanks sa nagdeliver god bless po thank you thank you thank youuuuuu so muchhhh poooooooooooooooooooooo,0,1,0,1
164,thank you seller ang ganda ng kulambo ng apo kotapos ang laki pala netokasya pa sya hanggang mag isang taon 5 ka sakinsulit ang bayad ko,1,0,1,1
165,okay naman malaki at prang secured naman c baby cant wait na gamitin,1,0,0,0
166,the item arrived ni good condition i did not expect na ganito sya kalaki as in na amazed ako nung pag open ko excited na akong ma try ng baby ko soon,1,0,0,0
167,thankyou seller  rider no damage yung kulambo nya medj manipis ang foam sa higaan at unan ng baby may mga tastas so dapat tahiin na lang para sure n di masira hehehe nasunod naman color at design ng gusto maraming salamat,1,0,0,1
168,thankyou seller super ganda nya nagustuhan sya ng sister ko for her baby i will order again soon thankyou so much love it,1,0,0,1
169,maganda naman sya hindi lang ganon ka kapal yung higaan pero pwede na malaki din pala sya thank you seller worth it naman sya,1,0,1,0
170,sobrang ganda nya po tas ang laki nya din super happy ako tama po pinadala ni seller ang bilis lng din ng dating thank u so much po,1,1,0,1
171,ang ganda at ang laki po talagano stain no sira  no butas excited na ako para sa baby ko khit 5months plng tummy kowla kasi budget kaya pa isa isa munahehethank you seller  godbless,1,0,1,0
172,maganda quality super laki kasya pamangkin ko na 2 yrsold matagal magagamit ng baby ko ito order na maganda quality super laki kasya pamangkin ko na 2 yrsold matagal magagamit ng baby ko ito i like it super 101,1,0,0,0
173,parcel received in good condition well packed and no damage ganda pang gift for baby shower thank you seller thank you rider and thank you shopee,1,0,0,1
174,maganda at malakikaso ang hirap ifold nd ko alam,1,0,0,0
175,good very nice quality po in actualkakainlove po tingnan thank you seller,1,0,0,1
176,thank you seller i received my order in a good condition sulit talaga at super satisfied po ako legit,1,0,1,0
177,received all the items in good condition magaganda lahat okay naman ang tela will order again satisfied customer here,1,0,0,0
178,maganda yung item wala namang sira medyo manipis lang yung foam nung higaan compare sa picture niya pero maayos naman akala ko rin may dalawang unan pa sa gilid maayos din yung packaging worth it naman sa presyo kahit paano salamat sa seller may less din siya nung bumili ako,1,0,1,1
179,ok nmn siyakaso expected ko n my bolster siya d ko n basa n 1set niya unan kulambo at comforter lng,1,0,0,0
180,super cute and malaki yung mosquito net ni baby,1,0,0,0
181,maganda sya and malaki sya sulit sa price first time ko umorder pero nagustuhan ko sya and mabilis din sya maship at madeliver nice one seller and sa rider po na alam na ang bahay namen dahil sa kakaorder ko sa shopee,1,1,1,0
182,ang gandamalaki pla akala komaliit hehehhehthank you seller,1,0,0,1
183,maganda ang item malaki xai assemble pa po ang net niagood ang itemmay magagamit na ang baby ko paglabas niathank you,1,0,0,0
184,nice po net niya  maganda siya yung nga lang yung pillow at bed foam niya manipis  salamat po,1,0,0,0
185,thank you shopee thank you po seller and thank you po rider keep safe and godbless po satisfied customer is wavingsa susunod po ulit,0,0,0,1
186,dumating na din sa wakas ok na man sya for its price cute din ng design excited na ko gamitin sa baby girl ko thank you so much po,1,0,1,0
187,thank you seller malaki siya at maganda buti naman at pang babae nadating hehe salamat din sa tropa ko na ang rider hahaha halos lahat ata sila hahaha thank you thank you thank you so much,1,0,0,1
188,didnt expect it to be this big ang ganda lalo akong naexcite kay baby,1,0,0,0
189,nice product ang ganda po malaki unexpected po well packeditems shipped immediately quality was goodvery nice po,1,1,0,0
190,wellpackaged tama yung color na binigay nashock ako kasi di ko ineexpect na ang laki talaga nya nakakatuwa sulit yung money ko thank you seller and kuyang courier,1,1,1,1
191,ang ganda ng quality nya and anlaki pala hahahahaha goods na goods yung item  walang damage thankyou seller,1,0,0,1
192,ang ganda ng quality at ang laki subra pa sa expect ko worth it po sya thank you so much seller,1,0,1,1
193,ang cute nyasobrang sulit ang bayadhindi kayo magsisisisobrang thank you kay seller at syempre din kay kuya rider,1,0,1,1
194,ang ganda nya at malaki  thanks po,1,0,0,0
195,thank you seller ang bilis nyang dumating and naka balot sya ng maayus ang ganda ng color,1,1,0,1
196,ang ganda malaki kaso pink yung order namin ang dumating is orange oky parin kasi ang ganda subra,1,0,0,0
197,all good soft ang higaan walang sira kaso yun nga lang may stain sya pero other side qala namam thanks to the seller parin,1,0,0,1
198,maganda at maayos pakaging ng item para po sa akin 5 star po sa shope na ito,1,0,0,0
199,first time ko ngorder dto sa shop nato at satisfied nman ako tent lang kinuha ko at malaki nadin sya,1,0,0,0
200,lahat maganda lalo na yong baby mosquito net malaki sya pang matagalang gamit ni baby,1,0,0,0
201,very nice po yung product di ka mag sisi,1,0,0,0
202,thankyou seller well packed at kompleto naman i didnt expect na malaki talaga sulit,1,0,1,1
203,thank you seller complete lahat ng items  ang ganda ang bilis ng shipping  thank you,1,1,0,1
204,thank you so much seller satisfied costumer heremedyo manipis ang baby bed pero tama lang kc mura lang nmn sya excited na ko magamit ni baby ang mga ito,1,0,1,1
205,ang ganda po ng item sulit n sulit ang price m malaki dn syathank you seller at kay kuya rider,1,0,1,1
206,ang order ko po is color pink bkit po hnd ganun baby girl po kc pamangkin kobut ok naman,0,0,0,0
207,malaki sya manipis lang yung comforter at ang unan pero okay nman sya,1,0,0,0
208,satisfied costumer here what you see is what you get bait pa ng seller nagrereply ng maayos definitely will buy again,0,0,0,1
209,thanks seller complete nman lahat and in good condition thanks you,1,0,0,1
210,very good maganda siya sakto sa budget,1,0,1,0
211,maganda yung product at mabilis dumating thank you seller will order again nice quality,1,1,0,1
212,thank you sellermaganda yong item thank you den sa rider,1,0,0,1
213,i like it so much thank u shopee mtagal dumating pero worth it nman i love it,0,1,1,0
214,malaki sya kasya ang set na binili ko no damage thank you seller,1,0,0,1
215,thankyou po ng marami shopee legit po talaga mag order dito maganda po yung order salamat po godbless,1,0,0,0
216,thank you po sa nag deliverang gaganda po ng designedso ill give a five starthank you seller,0,0,0,1
217,sobrang maganda sya kung ano yung nasa picture yun talaga din sya sa actual thank you shoppee,1,0,0,0
218,so far okay naman sya maganda yung item thank you kay seller magugustuhan to ng kaibigan ko,1,0,0,1
219,ang ganda super nice worth na worth it ang price i recommend this seller,1,0,1,1
220,okay ganda ng quality l mabilis dumating love it much thanks seller,1,1,0,1
221,thankyou shoppe salamat kasi worth it yung 249 pesos ko salamat,0,0,1,0
222,thank you so much po maganda po bet nung mag asawa,1,0,0,0
223,nice ang packaging and wala syang damage thank you seller,0,0,0,1
224,thank you seller ganda po at ang bilis dumating,1,1,0,1
225,oops sorry for late rate but its super nice i like it so much love it medyo manipis lang iyong pillow but its fine good job thank you seller and delivery man of shoppee,1,0,0,1
226,ang good ng nung product tas maayos ang packaging secure ang pagkakabalot walang damage nung dumating,1,0,0,0
227,shipped immediately maganda quality ng mga products sulit for its price will definitely order again thank you seller thank you shopee,1,0,1,1
228,thank you so much seller ang bilis madeliver ng product and it is well packaged no defect and ang ganda ng product hihi 333,1,1,0,1
229,thank you seller though antagal nila naideliver worth the price thank you seller though antagal nila naideliver worth the price,0,1,1,0
230,thankyou seller and kay kuya driver sobrang ganda legit na legit mabilis din po syang dumating,1,1,0,1
231,good satisfied tlga kse expectation vs reality tlgaat thank you kase good packagingsaka no damagenapakaganda tlga yung itemthank re sellersa good quality nyo,1,0,0,1
232,sobrang sulit sa price napaganda thank you seller more power sa shop niyo,1,0,1,1
233,verry good sana may pa freebies kahit konti,0,0,0,0
234,worth it po yung pag aantay ng parcel dahil ang ganda sobraaa,1,1,0,0
235,okay nman pero mahal pra s price nya compare sa ibang store,0,0,1,0
236,verygood anlaki nya personal kala ko maliit lang sya sa lahat ng na orderan ko ito talaga ung the best ang ganda ng item nya,1,0,0,0
237,nice siya malaki pala thanks seller at kuya rider,1,0,0,1
238,sakto lang sa price nya maganda po and satisfied buyer here,1,0,1,0
239,ang bilis ng shipping ang ganda thank you seller thank you rider,1,1,0,1
240,ang ganda at ang laki pa nagustuhan ng kapatid ko salamat seller for good product,1,0,0,1
241,ang ganda po at malaki ung product thank you seller,1,0,0,1
242,so cute naman po neto maganda at malaki din sya thank you shoppe thank you din po seller,1,0,0,1
243,maganda po sya thank you resseller thank u po kasi sulit yung binayad ko di sya sura thank you po,1,0,1,0
244,maganda sulit ang bayad thankyou seller,1,0,1,1
245,maganda ung quality at mabilis dumating ung order q ty,1,1,0,0
246,all goods naman sana kaso yung unan may punit tapos di ko lang sure ah basta walang hotdog na unan yun kasi yung nasa picture eh pero goods naman sya at legot,1,0,0,0
247,good ganda ng pagka package no damage yung item,1,0,0,0
248,maganda siya sulit na sulit 100 ko thanks seller,1,0,1,1
249,maganda naman overall sira nga lang isang zipper pero super cute thanks po seller,1,0,0,0
250,ang cute po halos kasya pa ang 1 year old ko hehehe kaso napansin ko may konting damage na po siya,1,0,0,0
251,subrang thank you poo ang laki po pala salamat po ng maramii,1,0,0,0
252,good quality mabilis dumating ang itemthank you seller,1,1,0,1
253,ang ganda po ng quality nya  satisfied customer hereeee,1,0,0,0
254,napakaganda napakalaki napakasulit thank you seller,1,0,1,1
255,right color no damage di man nagsend ng pic tulad ng request ko kay supplier pero goods naman dumating sobrang mura nya sa quality nya malaki rin sya kaya sulit na sulit talaga til next time po,1,0,1,0
256,excellent medyo matagal sa pag deliver pero worth it nman super ganda sulit na sulit ung pag order ko,1,1,1,0
257,thank you for the complete items seller ang ganda,1,0,0,1
258,maganda kaso medyo manipis ung mga materials niya pero pwede narin pothanks shoppeee,1,0,0,0
259,maganda sya thankyou shoppee,1,0,0,0
260,thank you ang ganda 5,1,0,0,0
261,maganda pwd dalhin pag nag travel will buy again,1,0,0,0
262,thank you po  nagustuhan ko po,1,0,0,0
263,maganda ang item at sulit salamat seller,1,0,1,1
264,ang ganda nya promise at ang bilis ng delivery thanks sa seller,1,1,0,1
265,super duper ganda wala din damages and malaki siya,1,0,0,0
266,sobrang ganda promise thank youuuuuuuu thank youuuuuuu seller,1,0,0,1
267,sobrang ganda for its price po,1,0,1,0
268,bilis ng delivery thank u seller sa uulitin,0,1,0,1
269,ang ganda po at malki tnk u po,1,0,0,0
270,thank you ang ganda po,1,0,0,0
271,maganda sya thank you,1,0,0,0
272,thankyouuu seller super gandaa and ang laki nyaaaa,1,0,0,1
273,thanks po ang ganda nya,1,0,0,0
274,thanks seller ang ganda niya,1,0,0,1
275,ang ganda pothank you,1,0,0,0
276,maganda sya tsaka malaki super love it,1,0,0,0
277,ang ganda po thank youuu,1,0,0,0
278,ganda thankss seller natuwa ung pinagbigyan ko,1,0,0,1
279,ang gandaaaaa thank you seller,1,0,0,1
280,ang ganda nung item thank you,1,0,0,0
281,good quality ang ganda,1,0,0,0
282,ang ganda ng quality thank you seller,1,0,0,1
283,thank you seller ang gaganda lahat  godbless,1,0,0,1
284,ang ganda nya thank you,1,0,0,0
285,ang ganda slamt seller salmt shopee,1,0,0,0
286,it so big i never expect sa laki niya,1,0,0,0
287,ang ganda thank you sa mabilis na shipping,1,1,0,0
288,salamat shopee seller and rider,0,0,0,0
289,ang ganda thank you seller,1,0,0,1
290,thank you po ang ganda niya,1,0,0,0
291,maganda po maayos na deliver thankyou po,1,1,0,0
292,thank you po  maganda ang quality,1,0,0,0
293,super soft ng tela,1,0,0,0
294,gandaa worth it yung ilang days na pag aantay,1,1,0,0
295,ganda ng items and safe ang pagkakabalot,1,0,0,0
296,worth it sobrang ganda at malaki siya,1,0,1,0
297,maganda sya at malaki thank you po,1,0,0,0
298,ang ganda niya worth it po,1,0,1,0
299,maganda siya worth it nman po sa price,1,0,1,0
300,ang ganda nito thank you seller,1,0,0,1
301,maganda sya good quality,1,0,0,0
302,thank you po subrang ganda ng item,1,0,0,1
303,ang gaganda walang odd na amoy ung mga mask complete lht ng items gustong gsto ng anak ko ung hair clips thanks seller,1,0,0,1
304,nice super suliti will order againsana maraming design na pwede pagpilian,1,0,0,0
305,ok the product are nice and good and also pack well thank you for that ate seller mabait din si kuya delivery thank you,1,1,0,1
306,super cute and mabilis magship si seller very affordable price marami pang choices na pwede ilagay sa hair thank you shopee,1,1,1,1
307,ang ganda po supee cute thank you seller and kay kuya rider godblesss sa inyo buy ulit ako dito ang cute kasi para sa kapatid ko to,1,0,0,1
308,1010 order received thank you kay seller at kuya rider ang cute ng mga clip kaso di na sunod yung isa yellow order ko pero violet naka rating,1,1,0,1
309,very good nagustuhan ng anak ko thank u seller ka mga cute,1,0,0,1
310,very vivid worth sa price niya isa nga lang magkapair,1,0,1,0
311,violet thank you seller ang cute ng mga design at thank you rin sa mabilis na pag ship lalp na pag couirier ay jt nagamit po agad ng anak ko pagpasok sa school thank you po,1,1,0,1
312,ganda ng mga hairclipsnagustuhan ng mga anak kowellpackagedgood quality will order again,1,0,0,0
313,yan siya sana sinama yung lagayan gaya sa picture ipang reregalo ko kasi sana to so ngaun magiicp ako pano ko ito nlng ibabalot ng maganda ang pagbukas kesa ganto lang ibigay ko baka sabhin pinaglumaan lng pero magaganda naman,1,0,0,0
314,complete order po and first time ko umorder dito salamat po sa seller sa uulitin po and sobrang mura po okay naman sya ganda po thank you,1,0,1,1
315,thank you kumpleto at maganda lahat wala din kulang sa order sana makaordrr ulit ako sa sunod ibang kulay naman ng mga ipit,1,0,0,1
316,1010 thanks sa seller ang gaganda ng item kaso nag taka lng ako sa yellow bakit walang kasamang karton hehe pero over all maganda at thumbs up po,1,0,0,1
317,ganda ng designlove it,1,0,0,0
318,10 quality product in affordable price ang ganda ng mga designs and color same na same sa picture i will order again in the future,1,0,1,0
319,very pretty thanks seller  napakaganda lahat,1,0,0,1
320,1010 legit complete at may pasobra pang 1 wipesthank you po,1,0,0,1
321,correct received correct and complete items and variations got them after 7 days after 2 days nagship out okay naman sana kaso may sira yung 1 clip need to improve and packaging ni walang carton for protection,1,1,0,0
322,kompleto naman kaso kakaloka yung pang brush ng toilet mag kaiba ng kulay tapos yung cliff meron gasgas pero buti nalang iyon lang ok nadin atleast kompleto siya at mokang ok naman lahat gamitin po at mabilis din naman ang pag delivery nila at salamat kay kua god bless sa,1,1,0,0
323,goods and cutie naman kaso may isang clip na may damage,1,0,0,0
324,cute po ang mga clips kaso putol lng po ung isa sayang nmn,1,0,0,0
325,ok naman syakaso parehong kulay ung pinadalayellow and purple inorder ko parehong purple dumatingpero maganda nman,0,1,0,0
326,complete order maganda ang quality kaso ang face mask storage sira ang ziplock kay 4star lng muna,1,0,0,0
327,ok nah sana kaso kulang yung mask na inorder ko but ok lang thank you seller,0,0,0,1
328,ok na sana kaso hindi nakabubble wrap buti hindi basag dapat po nkabubble wrap pag ganitong item fragile items ito thank you pa din,0,0,0,0
329,thank you po  kumpleto naman po sya kaso sana hindi po sya siniksik masyado kase nag moist po sya nasiksik sya kaya basabasa tuloy but ok padin naman po still salamat seller and rider,0,0,0,1
330,first time kong mag order sa shop na ito and super legit mga items nilacomplete lahat ng order kowhat you see is what you getmaganda po yung wipes  best for my baby kase wala syang amoy and very soft din syathank you seller and kay kuya ridergodbless po,1,0,0,1
331,cheap but good aanhin mo ang mahal ipampupunas lang din naman as long as hindi nagkakarashes si baby kaya ok po to wipes na to mura and good quality hiyang baby ko kaya salamat seller,1,0,1,1
332,mura na maganda pa at handy dinmalock papang praktical na nanay itong wipes na totnk u seller lahat nakawrap ng maayos,1,0,1,1
333,nice maayos packaging mabilis din thanks seller affordable and sulit talaga more power sa inyo kuddos ng maramiiiii,0,1,1,1
334,tama yung dumating na 5 wipes walang damage medyo natagalan lang sa pagdeliver pero all good naman kaya salamat po love it,1,1,0,0
335,good na good matagal dumating pero ok lang mahalaga walang butas ok naman yung wipes goods naman hindi nagleak yung salamat pa din seller,1,1,0,1
336,goods okay naman po ang items thankyou seller kase complete and safe naman naka dating thanks po seller and rider,1,0,0,1
337,what you see is what you get naman mura pa mabilis ko din na receive ang item responsive si seller kaso kuoang ang item,1,1,1,1
338,1010 oks siya for me mabuti na lang wet pa rin yung wipes may iba kasi na natutuyuan na super helpful nito for sure,1,0,0,0
339,maganda yung product satisfied ako kaya bumili ako ulit ng ganito ang seller naman ang 5star talaga,1,0,0,0
340,salamat po at dumating agad agad na ang munti kung order kahit hindi sya super dami ang bilis lang ng transaction thank you mukhang may nasamang free item pa,0,1,0,1
341,thank you poooo seller tnx po sa uulitin maganda po yung product and mura lang din thanks so much will order again,1,0,1,1
342,ang gaganda ng mga item i will surely order again soon thanks seller and rider keep safe and god bless,1,0,0,1
343,okay naman sya for its price kaso lang wala syang ka amoy amoy hahahahaha mura lang kasi pamahid lang ng kung ano ano,1,0,1,0
344,good product will definitely order again ambilis dumating ng item more discounts in the future thank you seller,1,1,0,1
345,maliliit lang ang sheets nya sobrang wet wipes din sulit sa presyo at ok din naman madami kesa sa iba bibili ako ulit,1,0,1,0
346,secured ang packaging ng wipes kaso such a waste of money no fragrance and poor quality gamitin ko na lang pang punas ng laptop di pwedeng pang face,1,0,0,0
347,thank you ulitkumpleto pa din mga order ko ang gaganda kaya dito na kayo magsipag order madaming product sa store nila,1,0,0,1
348,thank you so much seller securely pack talaga xa kahit isa lang order ko sobranfg affordable tlaga will order more thank you din sa nagdeliver,0,0,1,1
349,ok naman for its price,0,0,1,0
350,okay naman po sya yun nga lang unscented parang tubig lang yung basa nya but still nagagamit pa din naman mura pa sya kaya okay lang,1,0,1,0
351,ang mura lang ng wet wipes pero maganda quality ng product nila fast shipping din kaya perfect salamat seller complete orders,1,1,1,1
352,ayos naman and dependable tlaga everyday,0,0,0,0
353,mabango naman at sulit na para sa presyo thank you seller,1,0,1,1
354,safe na safe yung item at walang kulang order ako ulit pag naubos,0,0,0,0
355,okay nman mura lang po sya eh kaso hindi ko gusto amoy nya eh parang hindi po good for face or for self care kaya ginamit ko na lang sya panglinis ng shoes thanks po,1,0,1,0
356,well packed when i got the item and in goooood condition naman po sya i just hope okay yung mga wipe quality sa loob di nakaka allergy,1,0,0,0
357,dumating n din sa wakas pang everyday use para sa mga anak ko try q pa lng to lung ok sa skin nila mgorder aq ulit kung ok xa,0,0,0,0
358,satisfied with my purchase the baby wipes were very sulit no strong scent plus cheap price pa sakto lang din size,1,0,1,0
359,thankyouu seller naka bubble wrap yung 3psc kong order na wipes super mura ok naman yung ganto g wipes eh sa mga nagtitipid na wais,1,0,1,1
360,good quality and walang scent mabilis din dumating and kumpleto naman lahat ng inorder ko wala ring damageee or butas yung item,1,1,0,0
361,grabe ambilis ma deliver thankyou so much po seller maayos din pag ka pack  secure na secure 2nd time ko na na umorder sa shop nila hehehe,0,1,0,1
362,very worth it for its price at ang bilisng parcel kala ko aabotin ng 2 weeks till next order po salamat ng marami seller at shopee,0,1,1,1
363,cheaper kaysa nabibili sa mga supermarket pero same ng quality very happy with my purchase surely i will add this again to my cart,1,0,1,0
364,sulit sa presyo mabilis madeliver and maayos ang packaging ng mga product thanks seller til next transaction,0,1,1,1
365,lagi akong umorder ng ganitong wipes super sulit and guarantee talaga para sakin satisfied ako sa product na to thank you seller and shopee,1,0,0,1
366,well super satisfied sa binili ko sa murang halaga may baby wipes na grabe the best to ang bilis pa madeliver recommended,1,1,1,0
367,ngayon lang po nakapag rate anyways thank you seller napapangalhati ko na po ang gamit order po ulit next time thank you again,0,0,0,1
368,maganda yung masks although manipis pero good for fashion siya kasi bagay siya sa shape ng mukha yung wipes naman mura and complete thank you seller,1,0,1,1
369,sobrang nakakatipid tlga ko kay shoppee plus mura pa ang products ng seller na to highly recommended i will order again,0,0,1,0
370,thank you po kay sellermaganda po ung mga item na inorder ko oorder po ko ulit sa shop na ito thank you po ulit,1,0,0,1
371,what you see is what you get hindi sobrang mabango pero di naman mabaho used it to clean keyboard phones and salaminn,1,0,0,0
372,thank you shopee and seller for the complete order and good service mabilis ang shipping and okay ang products walang damage hindi ko na maalala kung ilang beses nako umorder sa shop nato super dami na ata legit salamat,1,1,0,1
373,thank you napakaresponsible nyo pogood packaging poh siya walang damage yung order ko at kumpleto pai will order again,0,0,0,1
374,good for its price since mura lang din and medyo hindi ko gusto ang amoy fast delivery din kudos to seller and sa riderrr thank youuu,0,1,1,1
375,maganda yung wipes soft siya at walang amoy very affordable for its price and 80 pieces na siya matagal siyang magagamit nh baby ko,1,0,1,0
376,got my orders wellpacked siya secured na secured makapal yung bubble wrap kaya maganda nice quality thank you seller and kay kuya rider,0,0,0,1
377,excellent quality finally dumating na siya worth the price naman kasi mura lang might buy it again maybe next time thank you seller i loveeeeee iiiiiiiitttttt,1,0,1,1
378,received items complete and accurate nagustuhan ko lahat though socks are medyo manipis pero ok lng for its price may ibang mask pala na putol yong loop but overall ok naman thank seller and rider,1,0,1,1
379,good 5stars as always sa shop na to npaka bilis maq ship ayos pa lahat nq items  order ulit ako late nq maq rate npaka busy lanq,1,1,0,0
380,received items in good condition okay naman dumating lahat ang items complete medyo mahal lang shipping fee thanks seller and shopee,1,1,1,1
381,thanyouuuuuuu shopee and sa seller maayos naman pagkabalot at mabilis din nakarating samin hehe will order again pag naubos,0,1,0,1
382,completee ang orders kooi recommend this wipes natural lang magoorder ulit ako sa susunod medyo matagal lang ang pagship pero okay naman ang items,1,1,0,0
383,madami na naman wipes matagal na ulit to sakin highly recommended shop murang mura lang ang mga products nila maganda pa ang quality thankyou seller order ulit ako sa sunod,1,0,1,1
384,thank you so much sa uulitin napa ganda bilis ng delivery good seller good product and quality,1,1,0,1
385,ok sana ang item kaso pagkabukas ko ng parcel ang dumi ng cover parang may mga uling na dumikit pero ok naman ang laman thank you parin,1,0,0,0
386,ewan ko po kung nalito or naging freebie yung isa pero thank you so much po sulit na sulit bayad sure na oorder ako ulit sa shop na to thank you,0,0,0,1
387,thank you po duntaing ng maayos yung product will order uli,0,0,0,1
388,maganda quality nitong wet wipes ginamit ko na agad sa kung saan great buy nag leak lang yung tubig sa parcel kasi ang higpit ng pagkakapack ni seller pero ok lang basa padin naman sya hahaha 5,1,0,0,0
389,complete and in good condition naman siya nung dumating for our fur babies po ito sakto dating paubos na yung huling pack namin ng wiper thank you seller,1,0,0,1
390,ang ganda nung item sobra at saka eto legit na matibay magaan at hindi talaga saya yung pera mo i highly recommend this product sobra,1,0,0,0
391,mabilis naman mg deliver kaya lang nasisiksik masyado sa bubble wrap kaya gusto gusot na ng dumating di ko pa na try gamitin  pag maganda order na lang ulit mas ok pag hindi maramihan kasi mas mataas ang shipping fee pag dumadami,0,1,0,0
392,maganda po syaaa tamang pamunas lang ng pawis at mainit ahahahaha salamat po mabilis din dumating sa uulitin po thank youuu,1,1,0,0
393,kompleto orders sana yung wipes walang tagas kasi yung nauna ko nabili tumatagas kapag nakatagilid eh salamat seller at shoppe,1,0,0,1
394,2nd time ko na magorder dito and i will order again soon thank you sellerrrrr ang ganda ng product at mura paaaaa,1,0,1,1
395,ok ang order ko kumpleto naman mabilis pa ang shipping salamat seller salamat shopee sa voucher will order again,0,1,0,1
396,malambot yung wipes tapos alcohol free and scentless talaga siya got this for 13 pesos lang mabilis din na ship out at na deliver thank u seller will order again,1,1,1,1
397,super ganda bheeeee bibili ako ulit dito,1,0,0,0
398,order recieve ok po ung items nka bubble wrap and walang leak bait din ni kuya rider thank you sellerorder po ako ulit pag naubosworth it ung 13 pesos,1,0,1,1
399,what you see is what you get quality wipes for its price also very nice kapag gamit kasi just like expensive ones,1,0,1,0
400,for very affordable price thank you so much magorder ulet ako nito for everyday use ko to lalo na sa mga puppy pangpuns sa kanila thank you po,0,0,1,1
401,items received are complete no damage dahil maganda ang pagkabalot mura na at mabilis pa ang pagship ng order thank you po sa seller i will order again soon god bless po,1,1,1,1
402,thank you dahil maayos at tama ang item na pinadala sa akin sa susunod na order ko ulit sana ganto pa rin maayos at tama ang maibigay na item,1,0,0,1
403,wellpacked excellent quality maganda po yung items na na received ko in its lowest prices thank you seller will order again soon,1,0,1,1
404,well packed at walang leaked secured din ang pagkakabalot order ulit ako pag naubos mabait din rider salamat seller,0,0,0,1
405,item received na kumpleto walang labis walang kulang sakto lang maganda ang quality order to nang kapatid ko okay daw sa kanya,1,0,0,0
406,yey thanks seller ang ganda ng item oorder po ulit ako sa susunod order na din kayo dito sa shop na to sulit salamat po,1,0,0,1
407,nakabubble wrap po at complete order received mura lang at mabilis din naideliever maraming salamat seller at sa ngdeliver,0,1,1,1
408,affordable as in and wrap pa so secured talaga although wala syang amoy since mura lang naman sulit na will order again,1,0,1,0
409,been using this wipes for months pero ito parang iba yung packaging pero ok lang ok pa din qualoty when i checked,1,0,0,0
410,very nice at subok ko na po tlga itong brand ng wipes para s mga anak komaayos at complete ang order ko,1,0,0,0
411,sobrang mura pero mganda hnd xa dry ok nman ky baby ko no need to buy expensive na wipes salamat seller salamat shooppeee,1,0,1,1
412,sobrang ayos ng packaging i havent used the item yet,0,0,0,0
413,murang mura pero maganda ang quality bibili ulit ako sa susunod sa shop na to ang bilis din mag ship kasi nila more orders to come pa po sa shop nyo,1,1,1,0
414,na received ko na lahat ng order ko na mask and everything is complete talaga walang kulang ang ganda ng quality ng mask talaga oorder ako ulit soon thank you,1,0,0,0
415,mura at soft maganda po,1,0,1,0
416,ok naman po yung item sulit po sa presyong murang mura thank you sa seller at kay kuyang rider,1,0,1,1
417,this product is good for its price murang mura thank you seller dahil ang mura po ng mga items ninyo will order again soon,1,0,1,1
418,thank you so much seller i will order again hehehehe ganda ng pagkapackage nya balot balot god bless to the store mga madaammm,0,0,0,1
419,ganda ng mga mask na nabili ko and correct color din mga dumating recommended shop ko to thank youu for fast delivery seller,1,1,0,1
420,maganda yung product sulit sa price,1,0,1,0
421,mura at fast delivery dito ulet ako oorder next time thanks seller at delivery man kahit maulan naideliver bago mag gabi,0,1,1,1
422,okay naman kaso hindi nasunod yung order ko wala ung wet wipes na order ko tapos pinalitan ng flash light and dinagdagan ng face mask parang yun yung pinalit sa order kong wet wipes kya 4 star lang at matagal madeliver halos abutin ng 2weeks bago makarating sakin,0,1,0,1
423,ok ung quality sa price kaso may isang may crack na glass container pero keri na kasi hassle pa ipapalit thanks seller,1,0,1,1
424,platic sa labas maganda din naman sya kaso plastic sa labas parang happy diaper na nabili sa labas pero absorbent sya at maganda kasi d naman nag rashes si baby ko yun lang na chat ko si seller na pang girl ibigay sa akin at magkaiba sanang design kasi blue,1,0,0,1
425,okay naman yung diaper kaso mali lang ng size yung nabigay ni seller ang liit na sa baby ko sana next time double check nalang,1,0,0,1
426,ok sna sya ksi hnd plastic kaso lng mdli sya mapuno ksi manipis lng tpos ntatagosan dn si baby pero ok n rn for the price,1,0,1,0
427,ok n sana ung presyo nia kaso nde mabilis matnggl ung magic tape,0,0,1,0
428,ok po yung quality sakto din ang bilang na send sa akin kaso yung brown cat iba sa pic pero ok lng pang boy pa din kasya toh sa 2 months baby boy ko,1,0,0,0
429,second time to order in this shop mabilis naman ang shipment a bit disappointed kc mali ung isang order ko yellow bee ang order ko pero orange tiger ang dmting tho pede naman sya ibalik kaso hassle pa at sayang oras d rin maasikaso pero ok ang quality sulit na,1,1,1,0
430,okay naman ung baby sock kaso di nasunod gusto kong kulay and wala man lang abiso si seller na magpapalit ng kulay blue talaga gusto ko,1,0,0,1
431,cute mali yung isang design i order pink bear ang pinadala ay yung bunny na may heart maganda naman kaso di lang nag inform si seller na may pinalitan siya,1,0,0,1
432,ok nman sana kaso dpat red and blue ang order namin na footbal socks pero puro red ang dumating,0,0,0,0
433,nasunod naman ung mga color ng order ko maliban sa isa yung sock na frog style iba ung nabigay na style and design na frog dun kasi sa pic na order ko green ung color and stripe ung design nya kaso ang nabigay sakin is polka dots naman ung style,0,0,0,0
434,mganda ung mittens at shoes kaso ung cap ang pangit wla nmn yun s choices at basta basta lng nlagay ndi man lng pinlastic ng maayos gusot gusot pa,1,0,0,0
435,ang cute po kaso red dumating blue un inorder kowell anyway maganda na mn xa,1,0,0,0
436,nice all items ordered are completely delivered cute designs nya and sakto lang tela kaso parang maluwag lang ung sa garter part parang hindi sya kakapit sa legs ng baby,1,0,0,0
437,nice ung itsura kaso di inside out ung design,1,0,0,0
438,inorder ko sya 05152022 dumating sya 05182022 3days ako nag hintay ganda naman sya kahit mumurahin kaso ung black na sunglasses may gasgas e sya na kaonti salamat kay seller nag send muna sya bago shipping at kay kua rider salamat din po,1,1,1,1
439,good maganda ang sunglasseskaso na dismaya ako sa rider dahil tamad mag hatid sa door3th floor ako binaba ko nalng at i niwan saglit ang baby ko para kunin ung order kosabi pa nya tumawag maam kanina pa ako nag antay s babakaka luka,1,0,0,1
440,love it kaso may isang sira na glasses pero okay na din hehe nabasag ata while in transit,1,0,0,0
441,maganda naman quality kaso gusot lang saka may kunti tapos may butas yung pag ka package nung dating pero all goods naman,1,0,0,0
442,i already recieve my parcel and maling size yung dumating yung color violet 39 kasi dapat yun kaso 40 dumating malaki sakin tas yung color red ang laki din di kasya sa kapatid ko hahaysttt pero salamat paren,0,0,0,0
443,ang bilis dumating kudos kay seller kahapon ko lang sya inorder and eto naaaa ok naman po sya kaso super nipis if you are going to use this for running hndi kaya maybe for light jogwalk ok na and for aesthetic too i think haha sana maglast until makabili ng,1,1,0,1
444,sobrang ganda yung sapatos complete orders pati yung free sock nya meron din thank you shoppe thank you seller salamat ng marami oorder ako ulit,1,0,0,1
445,thank youu seller and kay kuya na nagdeliver,0,0,0,1
446,im satisfied with the products kasya nman lahat and maganda yung item thank you kay seller mabilis yung delivery,1,1,0,1
447,super maganda ang shoes nato i love it,1,0,0,0
448,magaan sakto lang sa price comfy and true to size,1,0,1,0
449,it was delivered so fast kesa expected ko po maganda at masarap in our feet kapag isinuot sakto ang size for me recpmmendable this store definitely will order again,1,1,0,0
450,9 thank you ang bilis dumating at nagustuhan k tlga mura lang sakto lang sa price niya cute siya nag send pa si seller ng picture before shift,1,1,1,1
451,good ang cute tama lang gamitin pangwork maganda kc di masikip sa paa thank u seller and rider,1,0,0,1
452,good tnk you seller and mr rider s mbilis n delivery,0,1,0,1
453,so far ok naman maganda magaan syang dallhin comfortable naman ako and gusto ko yung pagka black nya sakto sa sized ko ung inorder ko,1,0,0,0
454,good first time kung omorder at maganda siya thank you seller,1,0,0,1
455,very good domating na po items ko sulit pgkabili ko ang mura nya pero ang ganda ng product salmat seller at suki na rider,1,0,1,1
456,710 so acceptable namn kasi sa price hinde mahal sakto rin ang parang white parang styrofoam pero upgraded hahaha basta uy palita lng,0,0,1,0
457,sa tingin q parang magaan at presko syang isuotthank you seller at sa shoppe and also to courier,1,0,0,1
458,maganda yung shoes as you can see po,1,0,0,0
459,manipis syaperu maganda sa paa magaan tsaka malambot swak n swak pa sa budget thank you seller and kuya rider,1,0,1,1
460,ang ganda worth it ang 80 pesos mo my pang duty na ko sana lang mag tagal to pra di palit ng palit ang bilis dn napadala ni seller,1,1,1,1
461,thank you seller and sa rider 2nd order ko n ito comfortable suotin mura pa,1,0,1,1
462,thank you seller ang ganda po ng shoes magaan lng sa paa saka ang bilis po mag deliver thank din kay kuya din rider,1,1,0,1
463,thank you to the reseller nice shoes very comfortable also to the delivery man thank you for the deliver na maayos full pack,1,1,0,1
464,pwede narin maganda siya nagustuhan ng anak ko sa uulitin seller thanks at sa shopee,1,0,0,1
465,ganda po thanks sa seller and kuya rider order ako ulit,0,0,0,1
466,maraming salamat seller at tama yung colors and sizes,0,0,0,1
467,thanks seller ang bilis 1day lng nasa aken n itemthanks rin s riders,0,1,0,1
468,maganda talaga siya at perfect panggala thank you seller sa uulitin,1,0,0,1
469,okay namn sya kaso medjo may konting sira pero all in all sulit namn for its price,1,0,1,0
470,910 bilis nya dumating thank you seller and godbless,0,1,0,1
471,tela pangteen ager dating jope matibay ito though mura naman thanks po,1,0,1,0
472,ok ok nman sya maganda kasyang kasya sa akin salamat shoppee at sa delivery rider,1,0,0,1
473,seller gudeve ok naman mga items at saka maganda ung package kaso my isa na mansa discoloration pero overall ok naman,1,0,0,1
474,maganda yung shoes kaso mali lang yun color na deliver yung inorder ko po black red pero nakarating sa akin black violet pero ok lang naman po nagustuhan ko yung shoes sana magamit ko ng matagal hehe thanks,1,0,0,0
475,maganda sya at mabilis na naideliver kaso ganon ba talaga ang packaging napitpit kasi yung sapatos dapat sana lagyan ng papel sa loob o anything para mas maging maayos but to sum it all it was good,1,1,0,0
476,white okay naman kaso yung e no order ko ay black tapos ang dumating white pero okay lang na gustohan ko naman yung white,0,0,0,0
477,goods naman siya kaso black ang order ko ang dumating whiteexpected ko talaga ay black hindi po whitenext time po pakiayos po ng productoverall naman po ay goods siya sa color lang po talaga nagkataloand mabait po ang sellerthank you po,0,0,0,1
478,okay naman sana kaso mali ang color na naideliver thank you pa rin seller sana next tama na po,0,0,0,1
479,maganda malambot maayos dumating ang item kaso mali ang isang size ang order ko 2 medium ang dumating isang large 1 medium pero ok lang maganda naman thank you pa din seller at kuya rider,1,0,0,1
480,best mtibay png mall 2nd time na tomganada tlgakso ok na sana kaso mali ung size nung isa dpat puro medium lang kso large napadala buti nlbgn mdyo ksya panamn,1,0,0,0
481,okay naman yung quality kaso maling kulay ang pinadala sakin imbes na pink black ang pinadala,1,0,0,0
482,good okay langgggggg kaso medyo maluwag wll buy again,1,0,0,0
483,great okay na sanakaso mali yung binigay na stock imbes medium lahat may large na nilagay and maliit waistline ko medyo maluwag na sya next time make sure your stocks are still available para sakto ang order,0,0,0,0
484,good ang ganda nung mga items and ang mukang comfy suotin yung underwear kaso si seller ang sungit although nagsabe lang ako na wala pang attempt for deliver kasi naka marked as attempt to deliver na si courier,1,0,0,1
485,silk okay naman quality for its price kaso di man lang nag inform yung seller na ibang color pala darating,1,0,1,1
486,very nicee maganda quality niya kaso mali lang yung size nung isang item order ko medium kasi yung isa large,1,0,0,0
487,received oks naman siya kaso lang hindi maayos packaging,0,0,0,0
488,710 its fine kaso not for long walks talaga kasi mabilis magkaroon ng dents mabilis din dumating nung parcel may box din kaya walang dents pagdating medyo manipis nga lang and not advisable to wear daily if you dont want it to look overused overall its cute it rocks any,1,1,0,0
489,black super duper ang ganda po thank you so much seller,1,0,0,1
490,nice kaso mahirap lumakad awit na yan natutupi pero yeah sure nicee thanksss,1,0,0,0
491,9 fast shipping approved kaso yun box gutay gutay na and hindi masyado protected yun shoes incase mabasa tapos may white dust pero buti di sya nadikit exceeded my expectations naman with the product may onting lukot lang na part pero magaan sya suotin size up kayo if gusto nyong,1,1,0,0
492,maganda sya may zipper side by side white po yung order ko pero black po yung dumating mahina signal namin kaya di ako palaging makaonline pero okay naman po sya gusto ko lang kasi yung white para malinis at ang lakas ng dating makaelegant,1,0,0,0
493,ahmmkasya namn sya sakin kht di na nagadd ng size yun lang my yellow stain syaat black na dumi aun,1,0,0,0
494,maganda namann yung shoes kaso yung sole nya di ganun katibay pang 300 lang talaga sya good for pormahan na din pero wag masyado isuot lagi kasi di sya ganun tatagal meaning pweding madaling masira sa mga nag hahanap lang mg cheap boots pwedi to pero kung gusto mo,1,0,1,0
495,may little dents siya sa harap kitang kita pero maliit lang naman so goods pa din,1,0,0,0
496,its cute tho but i got disappointed abt na hnd masyado protect i paid it pa but hopefully the boots didnt damage at all,1,0,0,0
497,good maganda naman sya and magaan sa paa nice quality also so far so good cant wait to wear it on my ootd thanks seller,1,0,0,1
498,good thank you seller maganda naman yung product kaso lang masyadong malaki pala yung xl but lahat okay naman siya,1,0,0,1
499,intact ganda ng items thank you seller as requested ng brother ko bench na boxer brief ang mura pa sana makaabot next time sa sale,1,0,1,1
500,sobrang nice affordable and pwede na quality tama din sizes na pinadala glad i found this shop bagay na bagay din sa jowa ko,1,0,1,0
501,goods na goods pwede na sa murang halaga hindi ka na manghihinayang okay na siguro yung tela sabi naman na 100 cotton so goods na yun thanks,1,0,1,0
502,maganda yung tela and sakto yung size hndi kagaya sa iba na iba ina yung size maganda din yung garter nya kaya 5 star sakin to salamat sa seller and kay kuya rider salamat din shopee,1,0,0,1
503,mganda super gand po pangalawang beses ko nang order dito makapal po sya at malamig na tela po super ganda dito na kayo mag order thank u po complete yong order ko god bless u,1,0,0,0
504,great thankyou po ang bilis dumating sulit sya na meet nyo yung expectation ko will order again,0,1,1,0
505,good quality nkahnap rn ng underware n kasya ky hubby eto sakto tlga at hndi msikip will order again for sure,1,0,0,0
506,3 colors lang binigay sa 6 pcs photo and video not related mejo manipis yung tela pero pwede na recieve in 2 days,1,1,0,0
507,super high quality ang ganda ng quality 3 weeks ko na sya gamit matibay at ang gaan suotin thank you seller,1,0,0,1
508,astig maganda ang product walang naganap na pagkadismaya hindi naman din ako nag expect hindi na ako natutuwa sa kaartehan ni shopee sa pagrirate repeated symbols daw kahit wala naman,1,0,0,0
509,received my order thank you shopee at kay seller nagustuhan ng partner ko ayaw niya n gumamit ng brief thank you din kay kuya n nag deliver,0,0,0,1
510,cotton thank you so much shoppee and seller napakaganda more power god bless us all sa uulitin uli photo and videos not related,1,0,0,1
511,super fast delivery superb di ako makaget over hehehe thank you seller and yung packaging the best pa sa the best super dami ng bubble wrap and may karton pa sa uulitin seller thank you ulit,0,1,0,1
512,items received complete and in good condition ang ganda ng quality nkakatuwa po kasi ang mura lang i will order again thank you so much seller,1,0,1,1
513,mapagpalang araw sayo seller dumating na ang order ko sayo maraming salamat po at more power,0,0,0,1
514,maganda ung tela makapal at tama lahat ng sizes mabuti ito tama lahat pakicheck po ng mga sizes at colors bago nu po iship kong tama pra po d pumangit ratinga nu sayang gaganda ng item quality,1,0,0,1
515,received the items in good condition and in a nice packaging i will definitely buy again from this seller thank you,0,0,0,1
516,good quality mukhang ok naman ang tela smooth and silky sana di madaling mabutas tulad ng iba na ilang laba lang butas na pero eto mukhang ok naman thank you seller,1,0,0,1
517,ok nman siya kumpleto yung binigay pero magkaparehong brand yung binigay sakin ang order ko eh hm at bench kaso puro hm,0,0,0,0
518,okay naman na yung tela kaso yung mga kulay parepareho 2 dark blue 2 brown next time seller assorted sana lahat ty,1,0,0,1
519,good pwede na kaso yung iba medyo maliit dalawa lang yung size na sakto lang saken pero all goods pwedeng pwede na,1,0,0,0
520,maliliit yung sizes then dapat 2 briefs kaso 2 boxers yung dumating pero okay naman yung quality,1,0,0,0
521,nung una ang ganda ng telakaya nag order ulit akokaso yung dumating ibang iba sa una kong ordermanipis tapos yung tahi nababaklas anyway thank you padin for fast delivery,1,1,0,0
522,nice naman yung mga quality nila pero ang tagal dumating saakin thankyou seller,1,1,0,1
523,maganda ung shirt but yung bilog sa dragon may patche patche di ko sure kung design yun,1,0,0,0
524,maganda yung tela kaso ung print may butas butas idk if design yun pero okay na din,1,0,0,0
525,okay naman kaso ang panghe baket po ganun,1,0,0,0
526,medyu nadismaya lang aku kasi yung unang nabili ko sa ibang shop makapalmahaba sya pati yung bakal sa belly side unlike itung nabili ko ditu na manipis tas masikip pa sa bandang legs ehand yung bakal nya maliit lang din4 stars parin kasi kumpleto not sure kung oorder aku ulitthanks,1,0,0,0
527,the item was good shipped immediately makapal ang tela and good for 3xl nga talaga siya kaso yung packaging is directly sa jt na plastic agad wala man lang siya packaging na mas maayos tho maganda naman,1,1,0,0
528,ok naman siya kaso di man lang siya naka wrap ng plastic whatsoever yun lang,0,0,0,0
529,ok naman yung quality kaso hindi naka individual plastic diretcho lang sa courier pouch,1,0,0,0
530,ok nman quality nya para sa price ang ganda po ng girdle very comfy and ang lambot ng tela,1,0,1,0
531,maganda po siya talagang nag flaflat yung tyan and breathable problema ko lang po yung banda sa hita medyo masikip pero over all nice sya,1,0,0,0
532,thank you po sa pagdeliver ulit,0,1,0,0
533,ang cute ng facemask and ang mura pa sulit na sulit ang bayad yung square pants 9petot ko lang nabili so cheap pero ang cute nya sobrang nipis nga lang pero pwede na din ang maganda yung mga brief parang bench brief talaga na nabibili sa mga store nila,1,0,1,0
534,good quality accommodating seller wellpackaged item shipped quicklykaso po yung isang inorder ko na red may mancha pano po yun,1,1,0,1
535,ok nman yung mga items sakto lng sa quality yung price nya kaso medyo matagal lng talaga magship almost 2 weeks bago sya dumating dun sa probinsya namin will order again next time god bless,0,1,1,0
536,chiffon talaga yung tela kaso manipis halos see through na magsuot na lang ako ng pangilalim na short okay naman po salamat seller,1,0,0,1
537,really loved this one medyo maluwag lang yung garter pero pwede ko namang palitam para sumakto yung fit bet ko pang bumili ng other color,1,0,0,0
538,ok naman yung item tama din yung kulay na dumating sakinkaya lang ang tagal bago dumating mag travel pa ata yanok naman din ung qualitythanks seller,1,1,0,1
539,manipis pala sya akala ko kasi makapal pero okie na quality nya sa price nya magkasya kahit medyo malaki ang body moheheh,1,0,1,0
540,bilis dumating although may hindi pantay n pagkakagupit sa pinakalaylayan nun pants ok naman na nagawan ko n ng paraan mejo manipis pero dark colored kc kaya d mxadong halata all in all ngustuhan ko naman thank you so much seller at shopee,1,1,0,0
541,pweden cya s price n manipis kc eh ang bilis din ng nagdeliver,1,1,1,0
542,ok naman mabilis deliver kudos jt kaso nag note naman ako kay seller na sana iba iba design nung board short meron pa rin mag ka parehas gawin nalang namin couple short  ty,0,1,0,1
543,thank you responsive ang seller nagsesend sila na picture bago pinapadala,0,0,0,1
544,okey naman po medyo manipis lang yung square pants,1,0,0,0
545,fast deliverymanipis nga lng ang tela pero ok nman presko suotinthank u po lalo na kay kua jt na super bait,1,1,0,0
546,mabilis ang delivery  maganda ang items kaso ung faceshield na pambata mukhang luma na at mali ung isang salamin na binigay  i already told the seller na for boys pero color pink pa rin ang pinadala hays,1,1,0,0
547,dito sa more black iba ang tela nya para hindi sya chiffon or iba ang pagka chiffon nya pilipit din sa binti i think factory defect ito pero okay na din di naman ako choosey,1,0,0,0
548,mabilis naman dumating kaya lang may konting defect sa tahineeds improvements thnk u seller,1,1,0,1
549,okay lang po yung ibang items kaso yung isa is my butas sa bulsahan but all in all okay po yung service thanks,0,0,0,1
550,2nd order ko na 2 black 2 navy blue kaso ang dumating 3 black 1 navy blue anyways maganda pa rin naman siya,1,0,0,0
551,2nd order ko na ng item nagustuhan dn ng kaibigan ng mama ko thanks po ulit hnd na na picturan ih,0,0,0,0
552,sobrang nipis iba sa napurchased ko dati repeat order ko na ito kasi ok lang sa akin yong previous orders ko pero ngayon ang nipis sobra,1,0,0,0
553,ok lang di na xa pareho nong inorder q dating blackyung black kasi nong inorder q dati e mas malapad at mahabadi katulad nong ngayun,1,0,0,0
554,wellpackaged need mg shot ng double panloob kc manipis tela d xa mkpal but will order again,1,0,0,0
555,manipis lang talaga perfect for summer outfit lagyan niyo na lang cyclings para di masyadong showy,1,0,0,0
556,i ordered 2pcs f21 sando 1square pants and 1 hm leggings pero walang nakarating na leggings sakin ang nakarating sakin tatlong sando at isang square pants lang maganda naman yung item kaso dapat bago niyo ipadala double check sa order at item,1,0,0,1
557,wellpackaged kaso manipis tela anyway will order again,1,0,0,0
558,medyo manipis lang talaga kailangan mo magdoble pero okay pa din naman sa price since mura lang thank you,1,0,1,0
559,black try nyo rin sobrang ganda nito,1,0,0,0
560,ok bakit ganun ang ganda na sana eh comfy sa paa kaso may sablay sa coloring ng design sa harap nagmukha tuloy syang maruming tignan hindi pulido madaming sablay na pintura sa white portion pa nman pero salamat narin kay seller at shopee sana next time linisin nio muna bago,1,0,0,1
561,okay lang maganda sya and maganda thankyou seller kaso nakakainis lang yung isang inorder ko mali kulay binigay yun lang,1,0,0,1
562,item shipped immediately mabilis lang din siya dumating mga ilang araw lang rubber siya and good quality thank you seller,1,1,0,1
563,black ok sana kaso may ganito sa isang part ng slipperssana hindi agad mapigtalchineck po muna sana bago po pinadalathanks,1,0,0,1
564,okey naman  nagustohan ko  pero yung brown maliit lang d kasya sa paa kobut still satisfied thank you reseller,1,0,0,1
565,mganda sya kaso rubber pala yung design nya kala ko may pagka leather also maliit size nya saktong sakto sa paa ko gusto ko pa nman may onting allowance pero pwede na ganda design,1,0,0,0
566,maganda yung quality nya makapal at lakas maka sosyal sa murang halaga kaso di ko nagamit sa lakad ko kase late yung dating pero goods yung quality sana next time mas maaga yung dating lalo na maaga yung pag order hihi kaya 4star pero para sa quality 5star,1,1,0,0
567,ang solid neto ang ganda thankyou seller,1,0,0,1
568,mura for its price maganda sya tignan very classy kaya lang kung yung paa mo ay yung mabilis magsugat like mine hindi sya pwede sayo kase hindi sya ganon kalambot pero okay naman sya kung di naman mabilis magsugat skin mo,1,0,1,0
569,super better thank you so much po for the fast delivery and super nindot na product po,1,1,0,0
570,thank you seller ang ganda talaga nung sandal  satisfiedtalaga ako,1,0,0,1
571,plastic goods sana and maganda talaga kaso di ko sure if pwede png maikabit at maayos yung isa na natanggal yung design niya but maganda siya mali lang din ako nung kinuha ko na size kasi 3637 size ng paa ko pero medyo masikip siya for me so siguro para,1,0,0,0
572,maliit sya sa actual size binigay ku nlng sa kapatid ko,1,0,0,0
573,plastic but good maganda sya ang kaso lng mejo maliit sya sa akinsaka para sya sa payat ang paa yung akin kc parang paa ng lalake pero maganda syamabilis pa ang datingthank you seller,1,1,0,1
574,good maganda yung product yun nga lang maliit ang size order ko 40 maliit parin add 1size dapat thank you happy ako sa product,1,0,0,0
575,ok naman yung quality ng flat sandals till next order thanks,1,0,0,0
576,ok nmn at mgnda my dumi lng un isng black nxtime chck nyo po mbuti,1,0,0,1
577,sana tumagal thanks po,1,0,0,0
578,thanks sa fast delivery seller kaso hindi nasunod yong color na nairequest ko sayo kala ko pa naman umagree ka kasi nagreply ka sa chat ko but the item is good and cute sakto lang sakin thanks uli,1,1,0,1
579,kagaya ng ibang reviews may mga wrinkled parts po parang di maayos pagkakadikit ng gagawan ko nalang cguro ng paraan maganda pa naman sana im size 38 usually pero 39 kinuha ko di naman sya maluwag,1,0,0,0
580,pareho yung kulay pero d ako sure kung pareho ba naorder ko kasi parang d naman pero ok lang sana kaso yan nga parang dinikit lang cya na plastic may mga kulubot pero thank you parin po,1,0,0,0
581,okay naman sya kaso parang mabilis lang sya masira tapos may crack yung isa makikita naman sa picture pero okay narin naman sya considering its price thank you,1,0,1,0
582,cream maganda naman bagay sa paa ko kaso may dumi siya sa gilid na hindi natatanggal okay na for its price dahil mura lang kaya plastic thank you seller i ordered nung 99 sale september 13 dumating na,1,0,1,0
583,dito namn tama nmn nabigay kaso siza problema haha but sge oorder ako ule no choice pero if di nanamn tama  dina tama yon hahahaha,1,0,0,0
584,mas better toh dun sa rubber na nabili ko rin diro kasi soft and light kaso sana may bubble wrap kasi yung 1st purchase ko nagkaroon din ng parang ganyan since soft medyo madali magkaroon ng gasgas,1,0,0,0
585,gandaaa kaso halatang madali lang masira pero buy naaaaa fghdfbjgfvnjvgh hurhue bbmghhgfgjjhgggfxdvbbnngoooooooo,1,0,0,0
586,maganda naman siya kaso super lambot niya feeling ko mabilis siyang masisira yung bottom part is same sa feeling ng malambot na tsinelas medyo nakakatakot suotin for long walks true to size naman siya and sakto sa paa ko medyo maluwag lang yung straps for me all in all okay,1,0,0,0
587,its made of plastic but still look presentable its nice naman kaso may mga minimal scratches and parang kapag nilakad ng matagal it will ripped off may weird noise din kapag nag lalakad i dont know if that shoes suppose to omit those kind of noise still thankyou sa mabilis,1,1,0,0
588,ang ganda ng sandals ang cutie daw sa paa ko hihi 5 stars sana kaso ang tagal tagal nga lang nashipnadeliver kahit tru shoppepay naman pero worth the wait hindi ako binigo ni seller kahit hindi sya nagsend ng picture ng item before shipment thank you seller thank you shopee,1,1,0,1
589,nagustuhan naman sya ng mom ko bagay yung kulay sa paa nya kaso medyo weak lang dun sa gilid pero keri naman sya for its price mabilis din shipping,1,1,1,0
590,classic thank you shopee good to go sandals kaso parang may konting sira sa gilid i hope magtagal to kht mura,1,0,1,0
591,ok namna yung item for casual and formal pwede kaso may mga slight damages sa mga gilid may mga excess na parang di natanggal kaya kita sa lines but worth the price pa rin since mura lang naman siya di na masama overall ok namn sa packaging sana maimprove pa,1,0,1,0
592,order received 4 star lang maganda naman kaso rubber pala siya pero tama yung items kaya salamat padin,1,0,0,0
593,nice naman kaso need mo mag size up kaso maliit pala siya thank you god bless kajaksuhds akkahsjshs djsjsjs jsksjjsksj dksikshs,1,0,0,0
594,magaan pag sinuot plastic sya kaso medyo madumi at medyo may damage yung taas thank you pa rin po,1,0,0,0
595,okay naman mabilis dumating kaso medyo may damage sya sa gilid okay na naman for the prize and malambot sa paa thank you shopee seller courier and rider,1,1,1,0
596,ang mura hehe ganda rin sa paa yung kulay na napili ko kaso nahihigpitan ako sa gawing dulo masikip sa paa pero sa toes all goods lang may space pa,1,0,1,0
597,photo and video for points only  receive items  kaso bakit ganun mukang madumi tapos may uka  pero pede na pagtyagaan kase mura lang naman sana lang tumagal salamat padin,1,0,1,0
598,ang ganda ng itemmssss bilis pa dumatinggg kaso i will just give you 4 stars dahil may butas yung isang item still thank youuuu seller kayo lang yung nakita ko na mas muraa ang items sa shopp,1,1,1,1
599,okay naman sya for its price kaso may dumi at may gasgas sya ewan ko kung matatanggal pa yung dumi pero sana matanggal pa pero mura naman sya kaya okay na rin,1,0,1,0
600,ok lng ok namn xia kaso lng yung pinakatapakan ung problem ko medyo d xia gaanon kaparehas ng nasa picture disappointed lng ng konti pro ok nalng din sakto namn sa size and ung color  thank u pa din,1,0,0,0
601,good maganda siya for its prize pwedeng panlabas at panloob kung masinop ka sa gamit at lagi mo tkng nililis mukhang bago kaso mabilis kumapit ang dumi,1,0,1,0
602,maganda naman yung slippers pero yung color lang green kako kaso yellow green naman pero okay lang maganda naman,1,0,0,0
603,brown hays maganda sana sa paankakaputi ung color kaso sna dapat dinagdagan q ng isai mean 36 order size q tas hnd kasya sakindapat 37 pla kc masikip ung 36but anyway thanks pdin seller and kay shopeealso sa delivery rider,1,1,0,1
604,maganda sana kaso ung sizing lang ang prob if i were you add 1 more sa size mo kase hindi sya accurate tho my mama still like it i recommend and thank you seller,1,0,0,1
605,nice quality medyo mabigat  okay ang appearance ny kaso add 1 size mas maliit xa sa size,1,0,0,0
606,keri na maliit pala ssize netokorean sizepalpak nanamanhahapera san nag advice po kayo na need mag add ng sizedi po kasi sya standard sizewell kasalanan ko na din kasi di aoo nagtanong,1,0,0,0
607,ok maganda po sya nagustuhan ko po thank you,1,0,0,0
608,maganda sya makapal yung kaso yung parang natatanggal sya agad parang madaling masira but all goods,1,0,0,0
609,good ung sandals anytime kapag natapilok ka pde mapigtas hndi ayos ung pagkakapasok nung mga straps sa butas,1,0,0,0
610,sa wakas dumating nadin kaso ang liit pala sakin huhu sayang so no choice ako binigay ko nalang sa anak ko pero thanks pdin sa seller pati nadin sa nag deliver hehehehe muah,0,1,0,1
611,1010 maganda nagpasobra ako ng 1 size and sakto lang sya nung sinukat ko so i suggest kung kukuha kayo better magpasobra kayo kasi medyo maliit ang sizing nila pero all in all goods yung item thank you seller,1,0,0,1
612,not sure pa kung matibay maganda lalo na ung black sakto lng sa size na 38 pero ung pink nakalabas naman ung tahi maganda sana kaso baka mapigtas agad,1,0,0,0
613,correct color ganda ng quality ng item love the color too,1,0,0,0
614,iba sya sa picture second order ko na kasi ito kaso sa ibang store pero okay lang naman mura lang naman,1,0,1,0
615,maganda sya tama yong size nya nagustohan ko kaso yong parang sticker nya na may tatak na fashion madaling matangal kay kay langang lagyan ng shoes glue,1,0,0,0
616,dirty white maganda naman sya kaso maliit sya sakin huhu supposedly 38 to 39 ang size huhuhu no return no exchange pala,1,0,0,0
617,true to size wel packed nmn ang mga items kaso my prang hiwa ung camelkhaki n slippermy mga dumi dn ung wyt sna matangal pgnilabhan o nilisanmanda s paa at malambot sna mgtagal thnk u seller at ky kua courier,1,1,0,1
618,rubber goods naman sana kaso mali yung color na binigay sakin cream ang order ko pero ang binigay iba haixt and ang size maliit size up kayo,1,1,0,0
619,45 maliit ang size but it looks good kaso maliit talaga size 7 ako so i ordered 3637 yon di talaga kasya,1,0,0,0
620,good but ung size nya tlga nag add na nga ako kc sabi sa review maliit sya hahaha instead of 3637 ang kinuha ko 3839 kaso shooot ang liit pdin hahahah,1,0,0,0
621,masakit sa paa yung strap na part nya kse matigas and maliit ang sizing nya maganda naman sya kaso masakit sa paa yung sa strap na part kse siguro maliit ang sizing at matigas yung part na yon siguro next time mas malaking size nalang kse di accurate ang sizing,1,0,0,0
622,good media not related goods naman sya kaso di na batatanggal yung pagiging photochromic kineme nya ket anong tagal nya na nakatabi,1,0,0,0
623,maganda sana sya kaso may gasgas yung salamin at maluwag yun turnelyo nya tapos naipit pa yung lalagyan sana sa uulitin pag order ko ayusin naman yung items bago nyo po ipa deliver kasi sakto po bayad ko para sa items pag dating dito may sira thakkk youuu seller and,1,1,0,1
624,silver good naman sya maganda kaso ang deniliver syang may yupi at ang sabi mayy box pero denwliver wala naman,1,1,0,0
625,safe and good condition naman maling color yung sinend samin white ang order namin pero pink yun dumating gusto sana papalitan kaso need na nya ng tumbler tomorrow,0,1,0,0
626,4 stars lang kasi wala yung brush its my second time ordering in this shop with the same product the first one is a gift for my bf and merong brush yung kanya so i decided to order for mine as well kaso wala namang brush,1,0,0,0
627,yas maganda naman kaso ibang color dumating black color instead of dark blue pero its okay maganda parin naman,1,1,0,0
628,maganda sya matagal mawala yung lamig nya kaso sabi may free brush wala nman,1,0,0,0
629,maayos naman iyong item para sa medyo malalapad ang mga paa ito which is not that suitable for me ang kaso lang dito ay malaki siya sakto sana kung hindi na ako nagdagdag ng isa sa usual size ko still thank you for the service though,1,0,0,1
630,for me its so soft sabi sa review true to its size kaya di ako ng nag add up kaso pagdating maliit sa akin ang sarap pa naman sana suot sa paa napakalambot nya,1,0,0,0
631,rubber plastic cute yung sandals kaso so lang yung strap medju mukang madalinlang mapigtas pero okay lang d nmn everyday gagamitin thanks pa din po,1,0,0,0
632,ganda kaso medj maliit ata sakin size 40 hays pero oks na rin nga pala wag natin sayangin si atty chel diokno para sa senado ganon din si carmen zubiaga para sa mga pwd representative sa senado,1,0,0,0
633,order received i ordered it last 1010 siya pinakauna nagdeliver hahaha anyway ang liit ng 40 hahadapat 42 kinuha ko kaso wala sila nun hahaha may print ng fashion ung black nauwe kela mudra ung binili lol,1,1,0,0
634,order received  worth the price and super ganda  perfectly fit on me tama din ung size na naibigay  will order again soon thank you seller,1,0,1,1
635,thank you seller super ganda at malambot s paakaya lang mali ung size nung isang pinadala,1,1,0,1
636,suki na ata ako sa shop na to magaganda nman kasi ang mga items at mura complete orders as usual thankyou so much seller,1,0,1,1
637,sa murang halaga okay sya syempre wg mag expect na sobrang ganda ng quality pero super nice na nito for its price thank you,1,0,1,0
638,parang ordinary lang na sandal tamang pambahay lang thank you seller at sa nagdeliver salamat shoppee god bless all,1,0,0,1
639,5 starts para sa maayos at magandang quality ng slippers thank you po,1,0,0,0
640,super ganda thank you so much seller sa uulitin thank you din sayo kuya rider kahit gabi na ng ddliver ka pa godbless both of you,1,0,0,1
641,i got my 5 orders thank you seller kudos to mabait na kuya riderhappy new year everyone,0,0,0,1
642,subrang ganda po ng product niyo nagustuhan po namin will surely buy again po thank you,1,0,0,0
643,mabilis aya actually dumating and very quality product thank you seller well packed din sya definitely will going to order again,1,1,0,1
644,mganda yung quality khit tag ulan pwde xa suutin thank u shoppee,1,0,0,0
645,received ko na po i love it and satisfied po ako sa product maganda thank you po,1,0,0,0
646,medyu natagalan lang sa pag dating pero ok naman yung item thank you seller,0,1,0,1
647,ang gaganda po ng items thank you seller thank you shopee at thank you rin kay kuya na nagdeliver sulit talaga ang pera mo dito,1,1,1,1
648,ang cute thabkyou seller nice product excellentquality pasok sa price nya super nice i will order again next time iba design naman thaks,1,0,1,0
649,ayun natanggap qo na din mga orders qo kumpleto nman lahatsana lng mgtagal thank you seller thank you shopee,0,0,0,1
650,maganda naman po magaan lang den sya sa paa thank you seller,1,0,0,1
651,mabilis ang dating ng items worth it naman sa price nia na less than 200 including shipping fee i think d cia masakit s paa dhil rubber nmn,1,1,1,0
652,malambot sa paa at maganda thank you shopee second order ko na to sa shop niyo talagang maganda siya till my next order,1,0,0,0
653,okay naman for its price did not expect much kasi 59 pesos lang naman received in good condition well packed thank you po,1,1,1,0
654,good on its price maliit ang zise so i suggest mag add ng 1 size to your actual maganda naman sya nothing to worry mukang matagal masira since its material is flexi and fast delivery din very accomodating si seller,1,1,1,1
655,perfect po talaga medyo mabilis ngayon ha nauna pa ito dumating kisa mga nauna kong order thank you so much complete orders konext time againkeep safe,1,1,0,1
656,marami pong salamat sa shop na ito dumating na po parcel ko lahat kompleto at maayos pati choices ng kulay ko ay nasunod po ni seller marami pong salamat din sa gift na jogger nakakatuwa po at masaya po ako sa parcel ko marami po talaga salamat sa inyo salamat,0,0,0,1
657,sobrang saktu po salamat po talaga seller youre such a great seller ive know at nag sisend pa po kayu nang picture before you ship subrang bait nyo po akala ko mahirap mag assemble simple lang pala complete na complete po walang labis walang kulang salamat po talaga subrang salamat,0,0,0,1
658,maganda ang tsinelas naka dalawang order naku dito sa shop natomatagal masira manawa ka nalang pangbahay at panlakad worth it ang presyo love this shop highly recomended at bilis shipping din sila salamat seller salamat shopee sa free shipping,1,1,1,1
659,affordable price peru ganda nya,1,0,1,0
660,second time ordering super ganda ng quality good for the gift this xmas thank you seller and sa ridertama ang mga color and ilang pieces super worth it for the price,1,0,1,1
661,super cute and comfy what you see is what you get gusto din ng mama ko so i will order again ibang color naman thank you seller and shopee,1,0,0,1
662,good quality yung product and low price which is pasok sa budget my costumers like it thank you shoppe thank you seller thank you jt,1,0,1,1
663,beautiful colors and design nakarami na din ako ng nabenta nitonagustuhan din ng mga costumer kosarap nman kc sa paasuper comportable at hindi masakit sa paabibili uli ako sa sunod,1,0,0,0
664,super ganda ganda nang item at mabait pa ang seller nagbibigay nang freebie every order ko thank you so much god bless sainyong business,1,0,0,1
665,ang product na nabili ko po dito ay okay naman po di ko lang sure if magtatagal ung products nila mabait po ang seller na ito,1,0,0,1
666,mabilis dumating maayos ang packaging salamat po pag naubos na po o order ako ulit sana mag sale po ulit,0,1,0,0
667,quality in a low pricethank you seller and kuya rider mabilis ding dumatingi will order againhighly recommendedthanks,1,1,1,1
668,this time kasya na sakin yung size 39thank you seller for this wonderful not so cheap slipperswill order again,1,0,0,1
669,thank you  ang gaganda tlaga nila maliban sa maganda complete orders at tsaka tama yung mga sizes niya,1,0,0,1
670,dhil kulang stock nila hinaluan nia ng nd nia ka presyo hayy piro legit naman ang items nila,1,0,1,0
671,thank you napaka bilis naship maliit nga lng skn add 1 size pala dpt pero ang ganda,1,1,0,0
672,thankyou po super bilis dumating maganda po siya napaka mura pa po,1,1,1,0
673,napakaganda naman ng sandal na to hindi ako nagkamali sa pagbili tsaka mura pa sya kahit mababasa hindi masisira thank you shoppee,1,0,1,0
674,maganda maganda at mura lang bili ng delivery thank you,1,1,1,0
675,thank you seller well packaged ang items at maayos ang pagkakalagay niya walang sira pang ilang beses kona nag order dito still satisfied customer ako will order again,1,0,0,1
676,rcve item today super sa ganda sa murang halaga may pag yayamanin slippers kna bongga pa sa ganda pag 4th order sa shop na ito at di ako nag sisi sa mga naorder ko una sa nanay ko at nagustuhan nia kaya order kmi ulit ibang kulay at gaganda mga,1,0,1,0
677,all items complete what you see is what you get good for its price di ganun ka superb yung tahi but it will do nice shop for affordable korean goods keep up the good service,1,0,1,0
678,ang ganda po very affordable and nice quality thank you seller,1,0,1,1
679,ang ganda promise worth it bilhin ang bilis ng shipping what you see is what you get ty recommended shop talaga go,1,1,0,0
680,excellent super ganda di sayang ang pera,1,0,1,0
681,pero cutie naman po siya and nagustuhan naman po siya ng binigyan ko po thanks po sa seller and rider po,1,0,0,1
682,apricot hindi ko namn expected na ganito sha kaganda may god  super satisfying buyer hehehe  thankyou seller,1,0,0,1
683,maraming salamat po sa mga order o receive completely at walang damage recommend always your shop godbless po,0,0,0,1
684,grabe super ganda mukhang matibay at mamahalin ang datingan ng sandal na ito excited na ako gamitin sa lamyerda ko pag di na ecq sa lugar na pupuntahan koadd 1 size kasi ako 37 sukat ko pero buti 38 inorder ko kaya swak na swak,1,0,0,0
685,so nice mabilis n deliver order ako ulit as in today na,0,1,0,0
686,good parcel received all items are good at kumpleto naman will order again pag nakaipon na ulit ng paorder salamat sa freebies na socks ang cucute thanks to seller and kay kuya rider god bless po,1,1,0,1
687,all order are complete grabe sobrang bilis din na dumating gulat nga ako dumating agad thanks so much seller more power  will order again soon,0,1,0,1
688,received item earlier than i expectedmaganda and comfy sa paa and the seller super approachablethey informed me before shipment ng itemthank you,1,1,0,1
689,tama lahat ng order ko thank you sa shop at nasunod ang kulay at design na bet ko will order again next time,0,0,0,1
690,maganda at malambot very affordable hindi kagaya ng dati kong binili na flat nito ang tigas sa paa thanks seller bilis pa ng shipping,1,1,1,0
691,thanks seller lahat order ko walang mali lahat nasunod sana lahat ng seller katulad mo god bless,0,0,0,1
692,thank u po maganda po mga item nnyo salamat shopee and ky kuya n ng delivergod bles po,1,0,0,1
693,ang lambot sa paa nagustuhan ng mother ko ang bilis din dumating basta jt thank you seller and kay kuyang rider,1,1,0,1
694,very nice ang quality ng sandals tsaka isa lang order ko na white na slipper pero dumating dalawa so far di naman naging tatlo binayaran ko e claim ko na din siya as a freebies ni seller i recommend this shop might order next time thanks again,1,0,0,1
695,thanks sellerat sa delivery boy comfortable sa paamalambot sia,1,0,0,1
696,super gaganda ng slippersnakadami na rin ako ng nabili ditonagustuhan nman ng mga buyer kotama lahat ng color at sizes ang pinadala ni seller kaya hindi nakakadalang bumili,1,0,0,0
697,medjo maluwag lang yung sa may strap para sa mga malalapad yung paa maganda sana kaso nga medjo maluwag fast delivery din,1,1,0,0
698,high hello seller natanggap ko po ng kompleto walang sira order ako ulit sa susunod thank you so much more sales to come,0,0,0,1
699,super nice nung sandals tama din yung kulay at size ng bilis din dumating recommended thank you seller,1,1,0,1
700,ang gnda ang sarap sa paa slamat seller at ky kuya nag diliver,1,0,0,1
701,maganda sya pero its better to add one size kasi parang 39 lang yung size 40,1,0,0,0
702,thanks po sellernagustuhan ko talaga ung itemmalambot s paawell packed upon deliveredthanks din s ngdeliver,1,1,0,1
703,thank you posupersulit yung nabili ko godbless,0,0,1,1
704,ang ganda nya  add one size tlga sya  will order again  mabilis ang shipment  thanks and god speed  love the item very much,1,1,0,0
705,item received in good condition quality is good simple but so cute maganda at masarap isuot sa paa,1,0,0,0
706,okay naman po yung item nareceive ko naman po ng maaga and tama naman yung items nasunod lahat,0,1,0,0
707,thank you po ang ganda po ng mga in order ko sa inyo god bless,0,0,0,1
708,maganda po ang sandal very comfy sa paa at ang nagdeliver mabait po,1,0,0,1
709,very light weight masarap isuot kaya lang di match ang tapakan,1,0,0,0
710,super ganda niya po talaga sa personalthank so much seller,1,0,0,1
711,maliit sakin pero maganda siya thanks seller and rider,1,0,0,1
712,ang gandaang bilis pa dumating thank you seller,0,1,0,1
713,ang ganda sobrang pretty ng quality at sure ako na makakabili ulit dito sa shop na ito mabilis ang transaction at maayos,1,1,0,0
714,maganda pokaso ang sizes po hindi po tugmasize 38 ako pero ang dumating pang size 36siguro depende sa designsayang maganda pa na mndi lng kasya sa paa ko,1,0,0,0
715,maganda po yung item maayos ko rin nareceive mabilis rin po ang delivery thank you seller keep up the good work more sales to come din po i will surely order again god bless po sayo seller at sa shop mo act like you cant afford the bread until they,0,1,0,1
716,thankyou seller  ang ganda kaso mali po color nung isang sandals brownkhaki ang inorder kong kulay pero white yung pinadala ni seller  next time pakinote nmn po kung wala yung color na inorder ko ksi ngexpect po ako eyy thankyou,0,0,0,1
717,thank you  ambilis dumating kumpleto nmn kaso yung isa nga lng prang na nakaangat ang isang unahan ng sandalas pero ok n rin,0,1,0,0
718,maganda nman kaso maliit lng ung size na nakuha ko dapat pla mg add ng plus one sa size  thanks seller and thanks shoppee,1,0,0,0
719,okay naman ang item good product thumbs upokay naman kaso di lang stretchable pero good namanthanks kuyang driver at seller,1,0,0,1
720,maganda naman cia kaso pure rubber ung item sana man lng ung pag cut eh inayos para kahit rubber eh pulido ung pagkakayari,1,0,0,0
721,magabda naman sya kaso maliit yyng cup comfy deb sana sya kasi foam lang sya walang bakal kaso nga maliit yung cup pinaka malakig size naman pinili ko pic and vid not relate,1,0,0,0
722,goods naman siya at ito na rin yung 2nd time ko na nag order kaso may dumi nga lng,1,0,0,0
723,well packed manipis lang ung bra,1,0,0,0
724,super cute ng size kaso nahirapan lang ako pag ipapair na sya tsaka pag walang music kusang namamatay like 1 min lang ganon tsaka medyo mahina yung sounds nya yun lang nagandahan lang ako sa size nya,1,0,0,0
725,good thank you kay kuya rider kahit may bagyo but still hinatid pa rin niya order ko maganda naman cya kaso nawawala wala yung connection sa bluetooth,1,1,0,0
726,got my orders completely kaso yung bakit parang di ko na search ang bluetooth name please help me how to use the black one thats it thank you,0,0,0,0
727,maganda sya malakas rin pocket friendly kaso ung touch nya delaye lng pero ok lng well packaged,1,0,1,0
728,fast delivery kaso na lukot ung box nya pang regalo ko pa nman ito,0,1,0,0
729,maganda amoy nito tumagal sya nung gamit ko tester so nirecommend ko sa sister ko kaso sabi nya hindi raw tumatagal,1,0,0,0
730,okay naman sya mbango at long lasting kaso yung isang scent eh sira yung pinaka pangspray ayun tuloy tuloy ang paglabas ng pabango kahit di iniispray natulo sya pero long lasting pabango nla makapit sa damit  amoy pa hanggang kinabukasan,1,0,0,0
731,okay well you cant really expect anything more from a 200peso worth na bluetooth earphones it serves its purpose naman kaso compared to my old bluetooth earphones mas mahina yong volume nito kahit maxed out na from both ios and android devices 4 stars for working i guess the delivery,1,0,1,0
732,good sound quality siya kaso medyo magwowork around ka lang kasi nasa main thing yung sensors niya so medyo awkward kapag tatanggalin mo siya matagal rin balowbatt over all nice,1,0,0,0
733,maganda sya maliit lang malakas din ang sound nya malinaw kaso kapag hinahawakan ko yung earphone pag aayusin ko sa tenga ko lumalabas si google nakakainis then nagkukusa sya magdisconnect pero over all ok namn sya thankyou seller,1,0,0,0
734,pwede na the images are not related the item is good never thought that it looks small kala ko big e but this is i want so it satisfied me ang kaso nga lang sensitive sya tumutunog na lang si google and konting tama lang ng hair nag popause na,1,0,0,0
735,ok ang cute kaso napansin ko na parang mas better yung white kesa sa purple lasi yung white na ilaw na green and ren pag inopen tyaka sinawa di kagaya sa purple tyaka yung tyaka yung takip medyo maluwang compared sa puti nag woworry lang ako baka di tumagal kasi,1,0,0,0
736,volume ang lakas ng sound makikita mo rin yung battery health pag connected via bluetooth kaso pag hahawakan yung earpods napapause yung song kasi natotouch yung parang sensor keme pero love itmaliit lang din so cute,1,0,0,0
737,pwede na pwede na sya dahil sa affordable naman at mukang matibay natry ko na din ibagsak kaso nahiwalay yung speaker nya hahahahaha 1 week na to sakin overall rate 610,1,0,1,0
738,pwede na maganda sana kaso minsan basag yung audio at mahina di nagconnect ng maayos di marinig yung sounds,1,0,0,0
739,maganda naman sya affordable kaso medyo mahina yung right yun lang but still love the item,1,0,1,0
740,810 for its price ok ung quality yung sound maganda din ok na to kaso ang tagal lg ma deliver more than 15 days ko sya na rcv cguro kasi flash sale kaya natagalan happy nman ako sa na receive ko thank you kht po medyo natagalan ko na rcv,1,1,1,0
741,ang cute at hindi mahirap gamitin super ganda kaso faded ang color at yung lights nya di maliwanag peeo still maganda pa din,1,0,0,0
742,its cheap so lower your expectations not exactly the best but its good enough to use for daily use if youre looking to find smth cheap no damages whatsoever medyo na weirdan lang ako kasi 100 siya dumating and then tinry ko kaso bigla nag stop yung right ear,1,0,1,0
743,madali lang dalhin para lang syang barya kaso hindi sya pwede sa games delay sya okay nmn sa tunog malakas n din,1,0,0,0
744,good na goods maganda siya pero d medyo maliit pala siya kala ko malaki laki pero goods siya maganda pagka bubble wrap i mean maayos best feature para sakin yung touch function bayan kaso mahirap parang late react or d ko pa ata makapa,1,0,0,0
745,ok naman ung sound kaso lang madali ma lowbat umaabot lang ng 2 to 3 hours so far pwedi nalang tyagaan tnx,1,0,0,0
746,makapal naman yung pagkabalot niya kaso bawas parin yung pabango pagkabukas namin ng kapatid ko kasi sabay kami nag order parehong nabawasan pabango namin buti nalang di nahati thank youuu seller mabango siya pero di ko pa nata try if long lasting,1,0,0,1
747,nag leaked siya kahit nabalot ng bubble wrap ng super huhu mabango naman siya kaso hindi lang tumatagal sakin ang amoy anyways thank you seller,1,0,0,1
748,pangalawang bote ko na to naubos ko na yung una i love the scent at very affordable kaso hindi siya ganun ka long lasting huhu pero pwede naaa,1,0,1,0
749,malagkit sya secured packagemedj mabilis dumatingmaganda packaging and maganda tignan kaso ayoko nung amoy nageexpect ako na yung amoy nya sweet pero mga be hindi ko ma describe yung amoy nyaplus long lasting nga sya pero idk di ko bet yung amoy,1,1,0,0
750,watery 4 days sya bago dumating kaso nag leak huhuhu smells good maarte talaga kasi ako pagdating sa pabango and ayon bet ko na to haha,1,1,0,0
751,mabango kaso medyo may leak yung bottle pero ok na din thankyou seller,1,0,0,1
752,mabango naman sya kaso pag dating saakin naka bukas na yung bottle and natapon na yung perfume,1,0,0,0
753,its good po kaso ang tapang thank you po seller,1,0,0,1
754,the product is very affordable at ayun nga okay siya gamitin kaso lang nahirapan ako nung una sa pag connect nung bluetooth pero all in all naman okay naman siya at sulit yung 196 mong na gastos,1,0,1,0
755,haist kala ko ba clear bottle  bat parang iba sa order ko  ok naman sana kaso di ko nagustuhan kulay,1,0,0,0
756,thank you  maganda nman n sunod ang kulay n gusto koagain thank you,1,0,0,0
757,durable ayos din ito very big na sakto 2 liters it also reminds you that you should drink your water every hour so to be not dehydrated thanks so much,1,0,0,0
758,grabi ang ganda worth it ang gamay worth it rin gamitin,1,0,1,0
759,nice thank u shoppee at thank u rin sa seller at sa rider ambilis dumating ng item ko nagustohan ng pamangkin ko i give 5 star,0,1,0,1
760,fair for the 2nd day ng gamit at pinuno ko yung bottle nagloose yung kabilang hawakandi sya ganun kahigpit kaya dapat ingatan din sa pagbitbityung delivery ambilis sobra thank you for thisgagamitin namin ng mga kawork ko since we will travel next week,1,1,0,0
761,good thank you seller very satisfied customer ako kc super safe yung bottle bubble wrap pa saka kompleto pa walang damage may kasama na yung tumbler ko yey,1,0,0,1
762,the bottle seems to be very sturdy tatanong ko lang po sana kung san pwedeng ireklamo ung mga kapit bahay kong malakas magpatugtog pagod na pagod na po kasi ako kakasayaw salamat,1,0,0,0
763,super ganda at makapal pasobrang nagustuhan ni hubbynagustuhan din ng mga kaworkmate nayaorder aq ulit nxt te,1,0,0,0
764,well packthank u seller ang ganda sobra and thank u kuyasa pag chachaga sa paghanap skin,0,0,0,1
765,seller sobra mo na ako pinasasaya tama yung kulay second order ko na to pero jusko yung mga products mo ang gaganda and tama din yung color thank u seller keep it up,1,0,0,1
766,ok magandaang laki tama lng sa anak ko ubos nya 4liters buong araw 2lsa umaga at 2lsa hapon tubig tama tlga bumili ako nito salamat sa free stickers my konteng tanggal ng kulay sa my upper nya pero ok lng,1,0,0,0
767,good ang gandawell order againthank u sellerthank u din sa mabait na rider,1,0,0,1
768,maganda naman  items complete nasunod ung colay so far so good kaya okay na rin po fast delivery din naman compare to other couriers,1,1,0,0
769,sobrang mura ang kapal pa nakakatuwa may free sticker pa,1,0,1,0
770,ang ganda tuwangtuwa mga anak ko sa bagong tumbler namin excellent quality,1,0,0,0
771,very good thank you seller maski hindi pink yung binigay nyo ok lang nagustuhan naman ng anak ko ang block no damagelegit sya thank din sa courier dahil iningatan nya yung parcel,1,0,0,1
772,ang ganda at talagang malaki may magagamit na anak ko kapag nag laro ng basketball salamat seller rider and shopee,1,0,0,1
773,good ang ganda at sobrang balot na balot talaga siya thank you seller,1,0,0,1
774,good ang ganda nya may free sticker pa tsaka 7pm na naideliver n rider at ang lakas ng ulan ngaun  thankyou seller safe talaga sya and rider,1,1,0,1
775,ok nmn thank you po may mgagamita na po papuntang batangas,0,0,0,0
776,i ordered 6 tumblers i only received 4 no one is answering my messages about this until now sana maipadala p ung 2 missing,0,0,0,1
777,kudos seller thankyou po  sa murang pang 2liters na water bottle,0,0,1,1
778,pangalawang order kuna to same sa pic parin salamat seller rider and shopee,0,0,0,0
779,ganda po ng tumbler at may dim light nakami napakamura lang salamat po seller may frebbies pa po kau sticker,1,0,1,1
780,ang ganda my freebies paslamat seller,1,0,0,1
781,very veryyy fast delivery and good quality with freebies too thank you sorry nagamit ko na agad tinanggal ko lang straw hihi,1,1,0,0
782,as described ganda with stickers and other pangdecor but decided not to put any with straw din at very secured ang closure,1,0,0,0
783,thank you seller ang ganda nagustuhan ko cia ang laki pala d ko expect makkainom na ako ng maraming tubig,1,0,0,1
784,super thanks po sa shppee at sa r8der na napakatyagang magpabalik balik sa bahay para lang makuha ko ang items,0,0,0,1
785,it will serve its purpose ang laki niya at ang mura ang gaganda pa ng kulay tamang tama pang regalo i will order again soon,1,0,1,0
786,good thank you so much may magagamit na ko sa work ko,0,0,0,0
787,mgnda po mggsthan ngbreregaluhan q thank u seller and ky kuya rider,0,0,0,1
788,malaki pala toh hehehe thankyouuu seller may mgagamit na ako para sa check up at need ko din talaga mamonitor pag inom ko ng water tamang tama lang saken itong dalawang litro sa isng araw lalo nat preggy ako,1,0,0,0
789,wrong color only green and black po yung order blue and black yung dumating hehe pero all goods naman ang item,0,0,0,0
790,maganda sia at secured wala basag nag order ako for my hubby kaso ung sticker pang girl kaya akin na lng overl all maganda naman satisfied naman ako,1,0,0,0
791,nice all good good quality complete order din good packaging wonderful delivery what can i say it is all good yall thanks,1,1,0,0
792,maganda nice ang productang ganda pang gift perfectorder pa ako ulit sana may pa freebies c seller,1,0,0,1
793,star dame nagandahan pati mga kawork q order aq ulit tnank you po,0,0,0,0
794,good the smell is not that good amoy plastic pa sya kc bago super big good for the price and nkaka motivate uminom ng water,1,0,1,0
795,maganda sya nakakatulong lalo sa my uti i order againq,1,0,0,0
796,seller ship the items fast good quality and very affordable mabait din kausap si seller sulit po ang mga items thank you,1,1,1,1
797,what you see is what you get  mejo may onting amoy goma lang sa straw but okay naman worth it sa cheap price niya,1,0,1,0
798,sobrang ganda sulit ang bayad at ang bait pa ng delivery thank you shoppee gustonggusto ng anak ko,1,1,1,0
799,ang cute saka ang ganda ng qualitylove it thankyou seller at sa nagdeliver,1,0,0,1
800,received my order today fast transaction kinabahan ako nung una bka kulang o kya may damage but thanks to seller kompleto lahat meron man isang ndamage s delivery n cguro guys order na kayo dito highly recommended this shop,1,1,0,1
801,ang ganda nya nagustuhan ng anak ko tamang tama walang damage legit tlgathank you kay kuya sa nag deliver,1,0,0,1
802,maganda namn sya pero i ordered black po eh pero overall maganda namn din yung quality its just that wrong color po yung dumating sakin,1,1,0,0
803,maganda maganda kaso mali yung kulay na binigay pink inorder ko black dumating,1,1,0,0
804,very goooood proooduct and helpful thaaaaank yo7uu seller,1,0,0,1
805,ok pink ung galing sa shop na ito ung 3 sa ibang shoplahta sila ok naman maganda,1,0,0,0
806,ang ganda mukhang matibay super duper nagistuhan koang laki for sure sa maghapon sapat ang maiinom kong tubig,1,0,0,0
807,10 what you see is what you get ang ganda ng bottle at wellpackaged sya ng bubble wrap at karton nung dineliver para talagang masigurado na hindi magkaroon ng any damage upon shipping thank you din seller sa free design na pandikit saktongsakto itong bagong tumbler ko lalot summer need,1,1,0,1
808,ang ganda po nya maayos po pagkakapack nakasecure ng karton and makapal bubblewrap nya thank you po seller order po ulit ako sa susunod,1,1,0,1
809,ok love it like ng pamangkin ko magagamit nya sa school maramjng salamat sa seller super protected nakabalot sya ng bubble wrap and box bait din ng magasawang rider salamat po ng maramj,1,1,0,1
810,sobrang laki pla pro super ganda thank you po,1,0,0,0
811,good quality maganda ang product mukang durable malaki sya with measurements good packaging with bubble wrap,1,1,0,0
812,deserve nito ng 5 star ganda may pa free sticker pa huhuhu,1,0,0,0
813,very good quality napakamura pero maganda,1,0,1,0
814,1010 maganda malaki at mukhang matibay thank you seller,1,0,0,1
815,sarap pagtimplahan ng lemon at calamansi,1,0,0,0
816,good thank u seller and kuya ridertama po dumating sa order kothanks,0,1,0,1
817,goods anlaki kaya ice tube ipasok,1,0,0,0
818,magugustuhan to ng anak ko thank you so much,0,0,0,0
819,satisfied customertuwang tuwa mga anak ko po,0,0,0,0
820,ang ganda  may freebies pa thank you seller,1,0,0,1
821,nice na gustuhan ng kids thank you,0,0,0,1
822,wow ang ganda niya thank you po,1,0,0,0
823,thank you ang bilis ng shipping good quality,1,1,0,0
824,very secured xamganda ung tumbler mgagamit ng anak ko s skul lalo n ngaung sobrang initgood job seller,1,0,0,1
825,good maganda siya at low price pa sulit,1,0,1,0
826,thankyouu seller 2nd time ko ng umorder and kompleto ang pangalawang order ko sa una lang kulang waa straw pero dito kompleto,0,0,0,1
827,actually si seller pi ay very very responsible hehehe i love it dahil naka bubble rap talaga siya as in naka safety at may pa cartoon pa i dont have pic dahil sa excite enopen kona siya agad diko na picturan but still worth it heheheheh sorry sa na rate,0,0,0,1
828,very good ang gandaaaa must buy talaga thank you seller,1,0,0,1
829,napaka laki pala ng 2l hahahhaa para akong nasa outing pag gamit ko,1,0,0,0
830,okay na sana tatlo inorder ko pero basag yung isang dumating hndi manlang na make sure ni seller kung okay pa ba yung parcel,1,0,0,1
831,ang ganda po thank you,1,0,0,0
832,maganda ung mga item na naorder ko lalo na ung water bottle sana pag bili ko ulit same quality,1,0,0,0
833,good ok nmn ung order kala ko po matagal umabot siya kaya magagamit kaso clear po ung pinili ko para simple lang binigay ni seller ay may kulaypero ok na din magagamit din po tnx kay suking rider,1,1,0,1
834,cutie po tysm po nakaayos na po yung straw yung last time po kasi na bumili ako mali pala yung pagkakaayos ko ng straw kaya ayaw niya mag sara hshahahahh thank u,1,0,0,0
835,1010 wrong color but buti nalang gusto ko yung pinalit,0,1,0,0
836,highly recommended this shopsuper ganda and quality nung item and well packed pa makakaasa kayong walang damage at safe na darating yung order nyothankyou verymuch seller ang cute din ng mga stickers,1,1,0,1
837,ok naman mgandaksu order q cleargreendumatng clearpurple,1,1,0,0
838,so nice super po ngustuhan s nirigaluhan ko tnxmuch po s deller s mbait po n rider god bless you more,0,0,0,1
839,ok nmn at dumating na no damage correct color,0,1,0,0
840,super laki pala hehe pero ang ganda matibay din kase binalibag mg anak ko hindi nasira thankyou seller,1,0,0,1
841,all in good conditionim so very happy na dumating dinthank you seller,0,0,0,1
842,1010 i love it akala ko maliit lng pero anlaki pala love it will buy again for sure,1,0,0,0
843,good i loved it my favorite color  malaki sia at maraming mailalagay na any kind of drinks suits for outing travel and even at home for everyday use thanks seller shopee and courier until my next purchase,1,0,0,1
844,kakarating lng po ng order ko sobrang ganda po may sticker pa saktong sakto lng po sa gusto kong tumbler thank you thank you so much po sa seller dto po ulit ako mag ooordernding ndi tlga sya masisira dahil nakabalot sya tlga,1,1,0,1
845,good quality thank you po seller quality is good and thank you din po sa rider sa pag delivery palage ng order ko,1,0,0,1
846,very nice po nagustuhan po yung nagpa order sakin,0,0,0,0
847,naka bubble wrap order uli ako kasi maganda at kumpleto ang item thank you seller sobra akong natuwa talaga,1,1,0,1
848,good quality 1010 salamat seller salamat din sa stickers,1,0,0,1
849,nice thank you po seller i like it  baka mag ordwr po ako ulit sa shop niyo,0,0,0,1
850,love it ganda nya lalo na stickers i rcommend this shop,1,0,0,0
851,highly recommended maganda bili ulit ako isa para sa bunso ko nmn,1,0,0,0
852,super ganda at all safe nung product ganda din ng mga freebies thankyou diko na na pic at vid sa sobrang excited,1,1,0,0
853,excellent maganda ang quality though mali ang color na napadala ni sender pero goods na,1,1,0,0
854,excellent thank you seller ang ganda ng pagkawrap safe talaga mura pa mabait pa ang seller tuwang tuwa ang akin makulit,1,1,1,1
855,maayos ang item at mganda sna mgtagal thank you seller at sa nag deliver dko na pinicturan,1,0,0,1
856,good super nagustuhan ko talaga diko lang napicturan maganda ang quality di ka magsisisi,1,0,0,0
857,fast delivery pero may kulang n item sa isang order ko d ko mgagamit ung pinaka straw nya,0,1,0,0
858,sorry late rate ang laki pala ayun bitbit ng anak ko sa school haha pero ok nman maganda thank you,1,0,0,0
859,very nice nabinta ko agad kaya order ulit ako salamat seller at ky kuya rider na hintid nya pa salamat po,0,0,0,1
860,good 2nd time makapag purchase ng tumbler maganda xa kaya bumili ulit kami ng bago,1,0,0,0
861,well packed and delivered in good condition ganda i will order againthank you seller,1,1,0,1
862,wow thanks seller ang bilis dumating ng order koganda ng itemsthank you din kay kuya rider,1,1,0,1
863,wowang lakiang ganda ang tibay nyathnk u seller and ky kuyan ng deliversuper safeand well pack,1,1,0,1
864,good for its price gandaaaa ang laki may free stickers pa siya,1,0,1,0
865,thank you seller secured na secured ang water bottle ang kapal ng bubble wrap tas im super satisfied sa nabili ko,1,1,0,1
866,thank you seller at iningayan mo ang order ko sobrang safe nyaat maayos ng donating sakinworth it ang pag hihintay,0,1,0,1
867,thank you may magagamit na ang anak ko ang ganda ng item,1,0,0,0
868,good quality mura pa mabilis din dumating thank you,1,1,1,0
869,verygood natuwa talaga asawa kosalamat po seller at shoppi,0,0,0,1
870,amazing i buy again good 100 pra sakin kya bumili na kau hnd kau magsisisi malaki pa sya,1,0,0,0
871,excellent superb ang quality worth it ang pag order ko ng items hindi na nka pag pic excited kasi yong anak ko ginamit agad,1,0,0,0
872,good item maganda maganda tatagal ang item natoorder ulit ako pag free shipping ulit,1,0,0,0
873,nice 100 salamat shoppe for my ordernagustohan ng ank ko kaya 5 star akoat sa rider salamat,0,0,0,1
874,next time pakipack po ng hiwalay yung tumbler para di magasgas  good quality btw,1,0,0,0
875,good maganda sya and aesthetic tingnan purple binili ko worth it thank you din kay kuya driver favorite na kita,1,0,0,1
876,thank you so much ang ganda at ang lakinnya pala kala ko maliit lang thank you very much walang gas gas,1,0,0,0
877,ive never been so hydrated in my life ahahahaha this is pretty useful talagang mapapainom ka ng tubig love the color may free stickers pa,1,0,0,0
878,thank u shopee thank u din s seller at s rider cguradong mtutuwa ang anak ko nito s inorder kong thumbler hndi n cia mbibitin s tubig n baon nia,0,0,0,0
879,okey nman ung tumbler kaso lang mali ung dinating na colorpink ung pinili ko black ung dumating,0,1,0,0
880,katagal bago dumating pero worth it naman dahil maganda at walang basag,1,1,0,0
881,satisfied maganda po pati pag balot safe na safe po sya thank you seller,1,1,0,1
882,very nice except kulang po ng isang stick on,1,0,0,0
883,ang cute ng mga sticker sobrang nagustuhan ko din ung water bottle wala nman syang amoy plastic sa loob,1,0,0,0
884,salamat seller and salamat shoppee pasenxa na po kinuha agad yung may ari kaya walang picture,0,0,0,1
885,d ko inexpect na sobrang laki pala niyathank you seller,1,0,0,0
886,verry good quality ang ganda super cute ng mga freebies will buy again thank u,1,0,0,0
887,2nd ordersatisfied talagamaganda ang qualityoorder ulit,1,0,0,0
888,maganda nmn po cia kaya lang po ung mga sticker nia ayaw mga dumikit,1,0,0,0
889,maganda po nksealed ng maayos,1,0,0,0
890,thank you mganda xa,1,0,0,0
891,tq seller maganda yung item salamat,1,0,0,0
892,ang ganda ng product sulittnx po seller,1,0,0,0
893,maaga dumating thanks shoppe,0,1,0,0
894,ang ganda po subra,1,0,0,0
895,thank you po ganda pati sa sticker,1,0,0,0
896,super nice ng quality bili na kayo,1,0,0,0
897,napaka ganda po seller maraming salamat po,1,0,0,0
898,thank u po omorder po ulit ako dalawa,0,0,0,0
899,bet na bet ng anak kothank you,0,0,0,0
900,okay naman po and very affordable sa uulitin thank you seller and kuyang rider stay safe and godbless   3,0,0,1,1
901,ang ganda nagustuhan ko thank you po seller,1,0,0,1
902,ang ganda nito promiseeee order na kau,1,0,0,0
903,maganda ang quality at matibay sya salamat po,1,0,0,0
904,na receive ko na un parcel ko xnxia na nga un lng nkapag rate maganda un quality sakto lng un size nya kya lng sana sa susunod i magkka iba un kulay pero ok naman un quality thank you sellerthank you shopee,1,0,0,1
905,magtatagal ito sobrang satisfied ako sa item na ito magoorder ako ulit para sa anak ko namannakapack ng maayos at mabilis lang nedeliver sobrang salamat po kay seller shopee at rider,1,1,0,1
906,maganda yong parcel ko at ang bilis dn dumatingkasyang kasya sa akin yong size na order ko actually nakaorder na ako ng pangpangalawa na po thank you sa uulitin,1,1,0,0
907,ang ganda at ang bilis din dumating nag sesend din si seller ng picture bago iship thank you seller will order again,1,1,0,1
908,super duper ganda pangalawa ko nga itong order nagustuhan kasi ng anak ko cyempre bigay ko nalang kaya order na ko uli gusto ko,1,0,0,0
909,maganda yung quality at sobrang sulit super accommodating din nung seller nag sesend sila ng pic bago iship will order again thank you seller,1,0,0,1
910,in fairness ang bilis ngayon ni shopee compare last order ko na inabot ng 1 week bago ko narecieved ang bilis pinaship ni seller si courier ata nagkaproblema salamat sa mabait na seller may pafreebie pa sya ngayon na pilaten order uli ako kapag may nagustuhan naman po thank you,0,1,0,1
911,100 stars ang maibigay ko sa mga bra na toh salamat seller ang ganda at mura pa bili na kayo dyan legit ang store na toh salamat coz complete po ang na tanggap ko shopee salamat at thanks delivery men,1,0,1,1
912,i recieved my orders well packaged kaya lang medyo may damaged ung isang bra pero since mabait naman talaga si seller ok narin it will not affect to wear this bra anyways next time nalang sis sana di ma doble ang colors hehehe thanks i will order again,1,0,0,1
913,maganda quality ng products mganda din ang fit ang designs pati colors mgandaat mbilis din ang response ng sellermabilis din ang shipmentthank u seller until next transaction sa shop nyo,1,1,0,1
914,okay naman yung product wala ring damage pero may konting mantsa understandable naman so overall okay naman salamat seller salamat rin sa nagdeliver,1,0,0,1
915,order received ang ganda nong quality komportable siya gamitin maraming salamat at sa uulitin,1,0,0,0
916,received complete items ok nman ung colors na binigay its worth the price mura lng pera ok nman ung quality tamang tama lng ung size na pinili ko sa color ngmessage ako na any color basta iba iba nasunod nman thanks shoppee seller at kay suki nming c kuyang tga,1,0,1,1
917,thank you kuya rider nagdeliver thank you seller and shopee ang ganda ng item nagustuhan ng nanay ko nextym order ulit ako sa uulitin mas maganda pa ang dumating sana magtagal din ito,1,0,0,1
918,super thankiee po mabait po yung seller promise tyaka maganda po yung item para sakin will buy again thank you po,1,0,0,1
919,ok naman po yung na prefer ko sa shop nato subrang saya nga ng pag bibigyan ko hahaha thank you po and god bless po,0,0,0,1
920,salamat shoppee seller tsaka sa mabait na rider napaaga ang dating maganda sya medjo manipis pero ok lng sa price nya na try ko comportable sya isuot pwde na sya pang bahay,1,1,1,0
921,no damage ang itemsswak sa presyumaganda din ang tela nya slamat seller at ok nman ang mga orders q slamat,1,0,1,0
922,i received a complete package kaso i was a bit disappointed kasi malilit pala cap niya i dont know if ako nagkamali dahil diko binasa pero haay halos lahat naman na kasi ng naorder ko ay di ko na magamit sa liit pero pwede pa rin namang ibenta hehehe,1,0,0,0
923,nice recieved the package in good conditionproblema ko langmali ang mga sizes3838 ang variation ko na nilagay pero 3680 ang pinadalaayos na sana kaso ang liit sana next time okay na oorder ako ulit soon,0,1,0,0
924,very disappointed pareparehas ang design iba iba nga e pinili ko edi sana nag stick ako sa 70pesos instead of 79 maganda naman over all kaso super disappointed talaga sa item para alam ko kung anong item yung uulitin at bibilhin ko na pwede pa irecommend kaso mo ganyan kayo,1,0,1,0
925,editing my post kasi hindi kasya yung 2 orders understandable yung isa kasi size 38 40 ako e akala ko pwede na mag extender pero masikip nga sa ate kong 36 sooo di talaga pwede yung isa naman 40 kaso pang 36 lang ata for the price pa din mabait,1,0,1,0
926,manipis smaller than expected yung shorts pero okay naman buti kasya parin yung black top iba yung sa picture pero nice quality naman with adjustable straps if semi large po hindi napo ata kasya yung items,1,0,0,0
927,pwede na sana kasi super nipis naman so medyo hindi siya nagustahan ni mama yon lang po masasabi ko thank you sa seller,1,0,0,1
928,nice po sya worth it ang pera,0,0,1,0
929,good okay naman yung product for the price if want niyo affordable na gamit keri lang to at madali din na ship all goods naman,1,1,1,0
930,mapusyaw yung gray therefore i conclude na hindi consistent ang quality ng product hindi din nag response si seler neweys tenkyu n,1,0,0,1
931,ok lang sya for its price  manipis lang pero ok lang naman  still magagamit pa din  thank you seller salamat,1,0,1,0
932,received the item in good condition and on time small sa personal salamat seller at dun sa rider na nagdeliver godbless both,1,1,0,1
933,nakuha ko na po siyamaraming salamat pomaayos at maganda po siyanagustuhan po naminthank you po ulit sa uulitin,1,0,0,0
934,nice maganda naman pero manipis pala  pero pede na  nakakatakot lang baka mapigtas pero goods na  thanks seller,1,0,0,1
935,nice got the correct item and color stretchable and manipis lang ung strap what you see is what you get so dont hesitate to buy this product from this store,1,0,0,0
936,kasya sa akin ang dalawa but the white was a little bit thinner than the picture at nakikita yung pad different from the black but still i love it,1,0,0,0
937,ayos naman sya pero magkakaiba sya nga size and mas manipis sya unlike sa inorder ko dati goods pambahay thank you po might order again,1,0,0,0
938,okay lang fit naman siya kaso parang may excess part nag uumbok sa likod ko but still very cheap so okay lang sakin na bumalik kana miss u,1,0,1,0
939,fine its loose and yung tela nya is manipis tas dmalambot mainit sa katawan,1,0,0,0
940,i dont know if the quality can be trusted but all goods parin naman among the three that i ordered from this shop this stands out the most,1,0,0,0
941,receive after 4 days na magkakasama lang sa isang plastic this is also the biggest one my only problem is ang nipis ng padding parang madali masira kaya need to buy seperate padding insert,1,0,0,0
942,i got correct and complete items okay yung item kaso hindi lang pantay yung straps niya yung isang white mas mahaba kaya nalalaglag nung triny ko,1,0,0,0
943,maganda naman yong quality kaso yong red panty hindi ko bet parang ginupit lang ba tela tapos expose yong tahi nya mukang nakati pag sinuot pero the rest good quality thanks pa rin kay seller,1,0,0,0
944,salamat shopee at sa seller thank you 2nd order ko na to liget ang shop na ito bilis pa dumating at salamat din kay kuya rider,0,1,0,1
945,good for the price pangalawa ko nata tung bili kaso naghintay2 ako nag freebies sa shop i hope sa susunod meron na kasi loyal na ako dito,0,0,1,1
946,ganda pangalawang order ko na to goods lahat thank you so much,1,0,0,0
947,ang gandaaaaa nyaaaaaa mukhang soft di ko pa na try kse ung mama ko ang kumuha at ang dali dumating ni order ko to nung january 30 tapos ngayonn dumating super duper recommended talaga tong shop na to hihihi tysm seller,1,1,0,0
948,the seller is very responssivemy order is arrived in good conditionmore buyers to comeno damageand kasya sya sakintnx,0,0,0,1
949,sobrang ganda ng quality sobrang bilis pa ideliver thank seller definitely i will buy again ang ganda sa personal ng item,1,1,0,1
950,ang gandaaa thanks seamless po talaga panty nila dito haha medyo masikip din sakin yung tube magddiet nalang ako hahahah,1,0,0,0
951,thanks so much sa complete orders ko po oorder sulit na rin pera mo dto pang araw araw use,0,0,1,0
952,thank you so much maganda siyasobrang like it at mura siya,1,0,1,0
953,salamat po dumating na mga ordes ko at may pa free pa si seller thank u thank u,0,0,0,1
954,ang gandaa gandaa gamitin lalo na at saktong sakto sa akin kaso medyo ingat lang me isarado yung likod kasi nga ay manipis pero keri naman super comfortable na gamitin hehehhehe,1,0,0,0
955,very satisfied costumer heree will surely order again worth it pa sa worth it ang 36 petot mo,0,0,1,0
956,complete orders at mabilis din na ship ni seller godbless po medyo di maganda tela ng short sobrang luwag sa baba nadapat fitted syaisang laba lang luluwag na agad and yung sa bra na foam need kamay lang di pwede iwash baka masira foamthanks sller godbless order again soon pag,1,1,0,1
957,comfy its not mainit sa skin 2 pics and the video is not related sorry thank you so much seller i love it super comfyyyy 2 days lang ata na received ko na agad,1,1,0,1
958,good naman for its price yung white na product medyo may madumi pero okay lang mabilis dumating thank you seller and rider,1,1,1,1
959,1010 maganda siya bet na bet ko comfortable pa isuot maganda ang shop na to kasi hindi niya ako binigo tama lahat na order ko thank you seller and shoppe,1,0,0,1
960,good sakto sa anak ko nagustuhan talaga niya next time iba color naman daw very affordable pa bili na kayo dito,1,0,1,0
961,salamat sellertama at kumpleto pook lng nman ang quality sakto lng sa presyo niyasalamat shopeeslamat jt godbless us all,0,0,1,0
962,maganda po yung items nagustuhan ko po ok lang din po yung quality nya worth it sa price nyathank you so much pobaka bumili po ulit ako next salehehe,1,0,1,0
963,third time to order from this shop and ilang beses na rin akomg umorder maganda ang quality makapal ang tela,1,0,0,0
964,buti pa to maganda quality ever since hay eto siguradong oorder talaga ako ulit tas oks naman ang shipping speed ganorn salamat pooo,1,1,0,0
965,hellllloooo good day  napaka good quality ng mga products nila till next shopping po bili na kayo ditto hihi thank you very much,1,0,0,0
966,maganda ang mga tela  super nice hindi mukhang mura lang i think order ako ulet salamat seller,1,0,0,0
967,thank you so much ganda talaga mag order sa shop nto never ka ma di disappoint talaga maganda lahat ng quality and always complete,1,0,0,0
968,thank you so much po natanggap ko na complete orders and no damage pp lahat thank you for sending me a good quality like this,0,0,0,0
969,ok naman po sya pang casual langthank you seller recommendable naman po ang shop nyo murah lang mga product nyothank you and god bless you all seller shopee and kuya driver,0,0,1,1
970,ok salamat maganda naman kaso walang spring pued na png bahay lang na gamitan  pero hindi pued gamitin pang lakad pero ok lng,1,0,0,0
971,all in all maganda namn siya lahat nagustohan ko thank you seller  i will order again godbless you always mabait din si kuya rider dahil naging suki ko na din yun,1,0,0,1
972,okay naman po silang lahat thank you po sa murang halaga makakabili na gantong kagaganda thank you so much po seller,1,0,1,0
973,ang ganda nya po shaka comfty sya suotin hindi and tama lang yung laki nya for me hehehe thank you po seller godbless and merry christmas,1,0,0,0
974,maluwag siya sa akin akala ko noong umoorder ako kasya kahit sa petite hindi pala,1,0,0,0
975,anng ganda ng tubenagustuhan ng pinsan komaraming salamatworth it sya bilhinbili ulit pag nagkapera,1,0,1,0
976,lahat ng inorder kong items ay nareceive ang gaganda tas super worth it kasi affordable walang damaged naman sa mga items thank you i will order again soon,1,0,1,0
977,what you see is what you get super ganda talaga sya,1,0,0,0
978,salamat po seller ang ganda po ng mga items niyo hope na magtagal ito sakin,1,0,0,0
979,maganda nman siya at okay nman ung quality nia thank you seller,1,0,0,0
980,good thank you seller at shoppee pati din pala kay kuya rider,0,0,0,1
981,okay lang naman sya kasya saken pero wala na syang plastik nakalagay nalang agad dun sa jt na plastik pero okay lang salamat,1,0,0,0
982,it arrived today finally super nicereally like itthank you shoppee sa free shipping and kay seller thank you so much po talaga god bless po sating lahat,0,1,0,1
983,ang ganda ng mga product sa shop nato hindi ko na mabilang kung ilang bisis na ako bumili dito ganda lahat thank you seller order ulit ako,1,0,0,0
984,items delivered complete and in good condition tnx seller at sa rider tnx shoppee ok nmn lahat ng products,0,1,0,0
985,sakto lang sakin tas di siya sobrang kapal at komportable lang suotin,1,0,0,0
986,salamat seller and shopee ang ganda nagushan ko talaga at salamat seller na jt ang nag delever kasi pag shopee xpress may posebilidad na hindi maedelever sa amin kasi hindi na sakop sa shopee xpress ang lugar na deleveran nila,1,1,0,0
987,wow hnd po aq ngkamali ng order for the 1st timeganda ng telamalambot stretchable ciapang malakasanat nkaka sexythank u seller sa uulit po,1,0,0,0
988,photos and video not related but the product is okay tho its kinda thin mura lang naman kasi mwehehehe ayos siya,1,0,1,0
989,wow excellentmasyadong nagustuhan ko ung product i will order next tym,1,0,0,0
990,thank you shopee and seller ang ganda ng mga items dumating in good condition ang dami ko na na order sa inyo good quality at subrang affordable pa kaya thank you thank,1,1,1,0
991,its my second time to order here in this shop maganda parin ang quality thank you shopee and thank you seller,1,0,0,0
992,ang ganda fits me well speed lang ang transaction at delivery kaso wala man lang ibang balot aside sa jt packaging ksjdjs,1,1,0,0
993,maganda syaaa i love ittt i think im gonna buy again next time ang soft ng material i really love it,1,0,0,0
994,complete item and nice ang bilis din dumating so far kasya nman sa akin kahit medyo chubby akoat worth it namn sa price niya thanks,1,1,1,0
995,d namn manipis kaso xs ako kaya malaki para sakin pero goods thank you seller at kay kuya na grave ang bait thank you,1,0,0,1
996,710 mura lang so dont expect to much manipis yung tela sa likod na part but ok na rin,1,0,1,0
997,medyo manipis mabilis dumating no damage sakto lang sa price ang quality pero mukhang di maipang aalis since may kanipisan ang tela,1,1,1,0
998,ang ganda po ng quality even though medyo manipis po yung super light colored but reasonable naman for its price thank you po seller,1,0,1,0
999,cotton thanks seller ang ganda,1,0,0,0
1000,manipis panglawang purchase ko na sa shop and they never disappoint naman expected naman na manipis mga material simce momo lang pero kung hand wash naman tatagal ang product,1,0,0,0
