Review #,Review,product,delivery,price,service,explanation,,,,,,
1,matigas sya syaka iba ang color fake sya iba ang logo sa original masyado makulay ang color,1,0,0,0,The review is about the quality and appearance of the product. Specifically mentioning the color,and logo which refers to its fakeness.,,,,,
2,sira ung item pagdating smin the other side of the neckfan is nkaangat at hndi nagana try to contact the seller pero prang hndi cla naniniwala laging nag aask ng phot and video kahit ilang bese kna nagsend and try to return pero parang nananakot pa,1,0,0,1,The item arrived broken and the seller doesn't believe the review.,,,,,,
3,mi nessage ko si seller na palitan yung color ng white kase mali nqpindot kong kulay pero d patin nyq pinalitqntapos nag leleak pa nakakainis,1,0,0,1,The seller didn't change the color as the review requested,and the item leaked which refers to product quality,which also affects the service.,,,,
4,none cant even remove smoke unlike other similar products hindi siya nag ffilter,1,0,0,0,The review is about the product's feature,stating that it doesn't filter as advertised.,,,,,
5,not sure bakit printed binigay nyo tapos ang liit pa ng size zzzzz,1,0,0,0,The review is about the product's quality since it's printed and small.,,,,,,
6,nakiusap ako na padagdag ng one size up right after i clicked place order dhil sa reviews ko lang nabasa na need mag size up sa personal pero dinedma ako ni seller at itinuloy p din,0,0,0,1,The seller ignored the review's request which means the review is about the service provided by the seller.,,,,,,
7,ok naman sya pero nakakagigil kasi dumating yung order ko hindi magagamit kasi kulang yung lock nya hindi nila chini check  hindi ko talaga ma gagamit  sabi pa nila kailangan ko daw magpunta malapit na jnt eh ang layo pa ng jnt bahala na kayo tinapon ko nalang,1,0,0,1,The order cannot be used because it is missing a lock,it indicates poor product quality,the seller also didn't check,meaning poor service.,,,
8,manipis sa susunod na magorder ung tao kung ano inorder un pa din bigay nyo di ung bbgyan nyo ng maganda sa una tapos pangalawang order panget na manipis pa  ung una makapal bat ganun kayo,1,0,0,0,The product changed from good to bad quality.,,,,,,
9,ambaho pure seduction pero mukhang d nmn maaakit ung mga makakaamoy sakin ambaho tlaga,1,0,0,0,The product's scent is bad.,,,,,,
10,isang gamot lang wala na sira agad ang top or ulo ng shaver,1,0,0,0,The review is about the product,stating that it immediately broke.,,,,,
11,i received a defective item ang ang pnng shopee hindi ako pina refund kitang kita naman sa video na nag le leak yung item if could give zero ratings lalo na shopee magbbgay ako,1,0,0,1,The review is about the defective product and Shopee did not allow the review to refund.,,,,,,
12,nakakadissapoint naman to seller i choose the random color pero bakit puro pink naman to buti sana kung pinili ko puro pink lang talaga eh jusko tapos yung 2 pcs po hindi nagana yung ring light pero yung fan okay naman,1,0,0,1,The review states that the seller picked the wrong color and the ring light is not working.,,,,,,
13,di po ngana ang charger at mahirap isaksak s neckfun,1,0,0,0,The charger is not working,and it's difficult to insert in the neckfan.,,,,,
14,sorry to say but this is not real as for big size yung cup ng bra nyo ay good for a lng kahit n yung pinakamalaki nyong size ay hindi fit sa cup b im so dissappointed as per your advertise,1,0,0,0,The size advertised doesn't fit on the review.,,,,,,
15,its not connecting theres no code it just keep on loading wat a waste  i asked the seller but still wala dedma gosh god bless na lang,1,0,0,1,The code doesn't connect and the seller is unresponsive.,,,,,,
16,cheap looking 1 month bago na received yung item manipis yung packaging lukot lukot yung vinyl wag kayo dito bumili,1,1,0,0,The item arrived after 1 month with thin packaging,and the vinyl is wrinkled. The review is about the product's quality and delivery time.,,,,,
17,none sira yung on and off button nya natanggal nakaka frustrate kasi kelangan ko pa ayusin kasi nakakahiya namang ibigay na regalo eto para kay mama badtrip,1,0,0,0,The product is broken and the on/off button is detached.,,,,,,
18,next tym check nio itemkung gagana ba or my sirakhit cra papadala nio sa buyer niomkabenta lng,1,0,0,0,The item is broken and the seller should check the item before shipping.,,,,,,
19,only 1 tumbler delivered aksidente ko sigurong napindot ang arder recieved pero guys kung katulad ko na nabudol ng mga seller sabi ng rider wag nyo pipindutin para di nila makuha ang pera lalo na kung cod nag message na ako sa seller pero no respond di manlang ni siseen,0,0,0,1,The seller is unresponsive and did not respond to the review.,,,,,,
20,grabe ordered one variation nga eh para walang problema dba ganda sana tignan for my bedroom what the hell the wall ended in different colors lyt and dark pahamak walang kwenta kaka dismaya just ruined my plans so pano to order ulit ganun wag na kau mag benta kung ganun,1,0,0,0,The wall has different colors.,,,,,,
21,scam scam na shop we order a water bottle pero ang dineliver na item is bag nag request kame ng refund and ibabalik yung item sa courier pero walang dumating hindi naibalik yung money namen and super disappointed sa shop na toh will never recommend this shop please dont buy,1,0,0,1,The shop is a scam and delivered the wrong item. They also didn't refund the review.,,,,,,
22,bad myghaddd i ordered 3 kinds of earphones lahat yun sira yung kabilang side sayang ng pera ko i highly suggest to buy original na lang talaga or find a good quality somewhere else,1,0,1,0,The earphones are broken and the review lost money.,,,,,,
23,price is not work for the quality parang kaya siya mahal dahil lang sa portable siya but the quality and durability kahit sunny days mo lang siya gagamitin hindi tatagal manipis ung telaeven the bakal used,1,0,1,0,The price is not worth the quality and the fabric is thin.,,,,,,
24,sobrang manipis order ko xxl large un pinadala at sobrang manipis pa,1,0,0,0,The product is too thin,and the reviewer ordered xxl,but large was sent.,,,,
25,may basag ng konti hindi kasi safe yung box kaya siguro nadaganan anyway mabilis ang delivery thank you seller,1,1,0,0,The product is broken because the box is not safe and the review's delivery is fast.,,,,,,
26,bakit po maluwag yung cover nya madaling mabuksan nagkaroon na po ksi ako ng ganun ding klase pero mahigpit yung cover kaya kpg bumagsak sarado pa rin at protektado yung earbuds madaling malowbat khit na matagal na charge di man lang umabot ng maghapon khit di ginagamit nalolowbat poor quality,1,0,0,0,The product cover is loose and easy to open,and it also runs out of battery easily.,,,,,
27,broken umbrella sira yung black umbrella good yung maroon naka sealed pa yung jt plasticpagbukas sira yung isanakakalungkot namanseller mapapalitan po ba yung isang sira,1,0,0,1,The product is broken,and the review is asking if the seller can replace the item.,,,,,
28,isa gamit sira agad hindi worth it,1,0,1,0,The product broke immediately,so it's not worth the price.,,,,,
29,madaling ma low batt madaling ma low batt di gumagana ung isang earbuds bagsak sa quality,1,0,0,0,The product runs out of battery easily,one earbud doesn't work and the quality is bad.,,,,,
30,bad the pair was cheap but i didnt expect super low quality kahit mura still not worth it sayang pera,1,0,1,0,The product is cheap,but the quality is low,so it's not worth the price.,,,,
31,leggings naman ata pinadala sakin hindi pajama ang liit pa ng size kasya lang sa bata jusmiyo maganda sana ang tela dapat may choices din ng sizes seller para malaman nyo kung kakasya ba sa oorder ang ipapadala nyo very disappointed,1,0,0,0,The product is the wrong item,and the size is too small.,,,,,
32,mali po yung npdlablack po order ko blue ping dumating at ang screen nya black and white hindi po colored gaya nang sa pic na nakdisplay,1,0,0,0,The product is the wrong item and the product screen is black and white.,,,,,,
33,hindi man lang talaga nilagyan ng bubble wrap binalot lang ng plastic of course masira talagasira po nakarating sa akin baliktad na po ang salamin,1,1,0,0,The mirror arrived broken and it's not wrapped in bubble wrap.,,,,,,
34,jan 31 ko narecieved ngayon ko lang na rate feb 5 umasang mag tatake in action c seller peru di marunong pumindot ng chat section nag rereplace ng items ng walang paalam kulang2x pa 10 pcs push up bra wala sayang,0,0,0,1,The seller did not take action,and they replace the review's item without informing them,and it's also incomplete.,,,,
35,pangit sya kaya pala mura putol putol 10pcs daw taus green and light violet order ko mali pa pinadala,1,0,1,0,The product is ugly and cheap,and the seller also sent the wrong item.,,,,,
36,hindi na xa d same color sa first order q pangit na ang pagka light green nya at parang hindi na xa maxado madikit,1,0,0,0,The product is the wrong color and it's not sticky enough.,,,,,,
37,what you see is not what you get kaya pala mura kasi mumurahing klase rin ang dumating hindi katulad ng quality sa pictures nila,1,0,1,0,What the review see is not what they get and the product is cheap.,,,,,,
38,not good motivational tumbler order ko tpos 2l un tpos dumating ang layp don sa order ko tpos 1000l lng nkaka disappointed excited pa nmn akodina ako oorder dito,1,0,0,0,The review ordered a 2l tumbler but received 1000l,which is disappointing.,,,,,
39,wag na kayo umorder ng mystery pouch bilhin nyo na lang sa shop nila yung mismong item na gusto nyo makakamura pa kayo,1,0,1,0,The review can buy the product at the shop.,,,,,,
40,the unit is defective maingay yung fan parang may sira sa loob nag sha shake yung buong unit raised my concern sa seller pero di daw pwede palitan akala ko pa naman okay siya kasi shopee mall,1,0,0,1,The unit is defective and the seller won't replace it.,,,,,,
41,masakit at natuklap balat sakong ko nang isinuot maayos packaging needs bandaid to wear,1,0,0,0,The product hurt and peeled the reviewer's skin.,,,,,,
42,oily sobrang tapang and then hindi sya kaamoy ng tunay na arianna grande cloud perfume if youre plan to buying this product mag dagdag na kayo original na bilhin nyo kesa dito,1,0,0,0,The product is oily and doesn't smell like the original perfume.,,,,,,
43,blackblue at grey order ko pero tatlong white ang binigay saakin nagchat naman ako kay seller pero hindi na magreplybago kayo mag order dito mag isip muna kayo kasi hindi responsive si seller tapos nagbibigay siya ng maling itemibabalik ko pa sana kaso malaking abala na saakin,0,0,0,1,The seller sent the wrong item and they're unresponsive.,,,,,,
44,rip off tangina ampangit gago ahahhahhah pero what can u expect for 75 pesos,1,0,1,0,The product is ugly,but it's cheap.,,,,,
45,huwag na kayong bumili sayang lang yung pera try another seller huwag dito am panget,1,0,1,0,The product is ugly and a waste of money.,,,,,,
46,nkkadisappoint kc dami q order pangtinda rin pero ang liit ng size nila ang large ung iba small size pinadala,1,0,0,0,The reviewer ordered many items for their store,but the sizes are too small and some large sizes are small size.,,,,,
47,kaya ko to binili para sa lola ko kase ganto dati cp nya samsung pero bakit iba iba ung home screen iba ung menu wala pang wallpaper hindi tuloy alam ng lola ko pano gagamitin  iba ung nakuha ko kesa dun sa mga nakita ko sa reviews nakakadisappoint lang,1,0,0,0,The product is different and the reviewer's grandmother doesn't know how to use it.,,,,,,
48,not good sobrang disappointed ako ng ma received ko ang items na order ko bakit namn po ganito pag open ko po sakanya aii sira na ang unany layer ng pang blush on nya  kaya po palan pag open ko ehh ang daming tapon nya sa box nya,1,0,0,0,The product is broken and the first layer of blush on is broken.,,,,,,
49,not good d tumitigas ung nail folish fake xa mantsa pa sa kuko,1,0,0,0,The nail polish is fake,and it stains the nails.,,,,,
50,ok mystery pouch ndi aq na excite ndi na sya mystery kc items agad nkta q yun inpods 12 yun left side ndi nagana ndi nag ccharge intelligence health braceler hinding hindi nagana the rest ok working,1,0,0,0,The left side of the Inpods 12 doesn't work and the health bracelet doesn't work.,,,,,,
51,lacking items wala yung wipes imbes na yun ang importante sa order ko yun pa ang wala,1,0,0,0,The item is lacking wipes.,,,,,,
52,i ordered pink pero white binigay nyo sana nagsabi kayo,0,0,0,1,The seller sent the wrong item.,,,,,,
53,wag na po kau bili dito na shopka muntikan p kmi msunugan dhl sa grounded n productso disappointing,1,0,0,0,The product is grounded.,,,,,,
54,sayang pera dhil ganun nga pag na ideliver sayo expect mo na masisira un at nd irerefund ni seller swertehan na lang na makakarating sayo ng ayos yung neckfan kaya think before you check out,1,0,1,1,The neckfan can be broken and the seller will not refund it.,,,,,,
55,first gamit pa lng madali agad malowbat hindi naman xa palaging ginagamit kasi pang retail loading ko lng xa pero ilang oras lng dapat na naman icharge not good when it comes to quality,1,0,0,0,The product runs out of battery easily.,,,,,,
56,nakakadis appoint ang sellerlarge order ko binigay sakin xxlhndi man lang dinobol check bago binalut o baka naman sinadya nyo lang para maubos ang xxl neobinalik ko ang item pero until now wala pang refundmura nga sa inyo mapapamura ka naman sa wrong item na ibibigaykata 1 star lang rate,0,0,0,1,The seller gave the wrong item which is XXL and they didn't refund it.,,,,,,
57,out of 10 ang score 3 lngfake na inspi kaasarwag lau bumili fake ung inspi nila,1,0,0,0,The product is fake.,,,,,,
58,unresponsive seller i wouldnt recommend buying this product ang pangit low quality masya unresponsive pa ang seller im unable to return it kasi walang malapit na jnt,1,0,0,1,The seller is unresponsive.,,,,,,
59,2 binili ko 1 lang dumating  tas pahirapan irefund d din ng rereply seller,0,0,0,1,The seller did not reply to the review's refund.,,,,,,
60,poor quality poor quality kasi compared sa color mint green masyadong naka angat ung takip ng red bottle causing na mag leak ung tubigsana na check muna ng seller bago pinadala,1,0,0,0,The product is poor quality and the cover of the red bottle is too high,which causes it to leak.,,,,,
61,ok dalawa nalang po order ko nag wrong size pa kyo sana po same xl nlang kahit sana ibang color,0,0,0,1,The seller sent the wrong item and they're asking that their item should be same xl.,,,,,,
62,deffective total waste of money 2days lang gumana tapos sira na kaagad nung una ambilis magrespond ni seller nung diko pa naorder receive pagka receive ng item maluwag propeller the after 2days totally dina sya gumana pati seller hindi narin nagrereply,1,0,1,1,The product is defective and only worked for 2 days. The seller also did not respond.,,,,,,
63,meron po tastas ang tahi sa laylayan,1,0,0,0,The stitch is broken on the hem.,,,,,,
64,maliit ung xxl nyo sayang ung short hm nilagay nyo eh nike ung inorder ko mali pa ng kulay hayst nipis ng shorts,1,0,0,0,The product size is small and the color is also wrong. The shorts are also thin.,,,,,,
65,poor bakit po ganito ang mouse nio may sariling buhay gumagalaw mag isa hirap gamitin tuloy,1,0,0,0,The mouse is hard to use because it moves on its own.,,,,,,
66,poor seller sent me defective item bigla nalang nagbablack screen i tried to get help from seller but nothings change and wala naitulong di man lang palitan yung item hindi magamit kasi nawawala ung display tapos 2 to 3hrs lang lowbat kagad,1,0,0,1,The seller sent a defective item and didn't help the review. The screen turns black and it runs out of battery quickly.,,,,,,
67,mahina at di gumagana ang volume button,1,0,0,0,The volume button doesn't work.,,,,,,
68,wag na wag kayo oorder dito mali mali size ung pinadala sa akin sa iba na lang kayo omorder bahalang seller to basta kumita ng pera,0,0,0,1,The seller sent the wrong sizes.,,,,,,
69,red ung order q itim nmn pinadala ng seller d mnlng ng inform nkkasura,0,0,0,1,The seller sent the wrong color and didn't inform the review.,,,,,,
70,10meters wallpaperhindi sigurohalos 5meters lang sya sobrang nipismabilis mawala ang dikit not recommended this wall paper waste of money,1,0,1,0,The wallpaper is only almost 5 meters and it's very thin.,,,,,,
71,sira po ung stand kaya dinikit ko na lng sa wall ko ung ting light sayang lng ang money ko akala ko nakatipid na ako sana nextime po paki check bago nyo ibigay sa buyer,1,0,1,0,The stand is broken and the seller should check before sending it to the review.,,,,,,
72,hindi katulad nung una kong nabili hindi sya magic lipbalm para lang syang lipstick na nilagay sa loob then yung pink hindi sya color white yung nasa loob color pink literal mura sya kasi para syang fake,1,0,1,0,The product is not magic lipbalm and it's cheap because it's fake.,,,,,,
73,ok sya para sakin sana yung next order ok din 5stars,0,0,0,0,Nothing is wrong with the order,so there's no aspect found.,,,,,
74,i bought 3 earphones ni isa hindi man lang nagana yung mic i tried to the other devices and still hindi parin nagana,1,0,0,0,None of the earphones mic works.,,,,,,
75,hindi maayos mabait si manong rider pero ung product parang mapipigtas agad pag sinuot mo though mura lang siya pero bkt parang gamit na din ung sandal,1,0,0,0,The product is easy to break and it looks used.,,,,,,
76,honest review sa scent na ito hindi siya mabango,1,0,0,0,The product is not fragrant.,,,,,,
77,ngaun lang ako nag rate kasi sinubokan ko muna sya kung madikit talaga kasi nakaka disappoint at di sya madikit wala pang isang linggo nag tatangalan na haysss kulang pa talaga ng isa ung white nakakainis,1,0,0,0,The product is not sticky enough.,,,,,,
78,naka post 10 meters sinukat ko 55meters lang parang na scam yata ako d tuloy nag kasya  sana naging honest tayo sa post,1,0,0,0,The product is only 55meters.,,,,,,
79,bwesit  i received very wrong item  square pants ba tonagbayad ako ng sakto pero look binigyan nio ako ng maling itemikaw seller ayaw pag dinanghag paano ko to ibibinta d naman ito ung order ko tangina bwesit,0,0,0,1,The seller sent the wrong item.,,,,,,
80,nakakagalit paano naman ito magagamit sa pagoonline selling kung sirahindi pa nakakalayo si kuya jelmar na nagdelivertinawagan na agad namin sya kasi inopen agad pagkadeliver nyasabi nya kay seller daw sabihinayaw palitan ni seller sayang ang ibinayad konagbayad ako ng ayos,1,0,0,1,The product is broken and the seller doesn't want to replace it.,,,,,,
81,very dissapointed ako sa nabili ko bukod sa hindi na nga pareho ang kulay na dumating yung iba dirty white yung iba sobrang white naman dipa pati masyadong madikit natatangal siya i feel like rejects yung napunta sakin yung pagka wrap hindi maganda daming nasisira sa edges ng bricks tsssk,1,0,0,0,The product is dirty,it doesn't stick very well,and the wrap is not good.,,,,
82,010 kulang ng parts yung dumating samin wala yung cellphone holder hose so pano gagamitin itape namin para malagay yung phone minessage ko yung shop magsend daw ako ng unwrapping vid eh nabuksan ko na sabi follow up daw hanggang ngayon wlang reply worst customer service ever,0,0,0,1,The product is lacking parts and the seller is unresponsive.,,,,,,
83,hindi white ang sa taas ang liit pawhite highlighter order ko,1,0,0,0,The product is not white and it's small.,,,,,,
84,not what ive expected madumi yung item pag dapint parang gamit na,1,0,0,0,The product is dirty and it looks like it's used.,,,,,,
85,maganda naman kaso d kasya pang apatan lang pala yung paa nea so ginawan nlng ni papa ng paraan nag cut nlng sya ulitsaka tupi tupi pad maayos first time ko nakatanggap ng gnito,1,0,0,0,The product doesn't fit the reviewer's feet and it's folded properly.,,,,,,
86,ang ganda lahat ng items pero ito talaga ang pnaka gusto ko dahil bagay na bagay sya sakin kaso lang parang ang dumi nia tingnan sad to say seller wasnt able to double check this one sulit din naman sa price nya pero sana next time yung hindi factory defect,1,0,1,0,The product is factory defect and it's dirty.,,,,,,
87,ang panget hindi nmn magic lipstic,1,0,0,0,The product is not magic lipstick.,,,,,,
88,mukang ok nmn ung item kaso nung tinry ko di mkapag download ng netflix sa play store un pa nmn sana ang purpose sa pag orderkahit shareit ayaw pa din not compatible dw sayang lng pera,1,0,1,0,The product can't download Netflix and Shareit.,,,,,,
89,nasira agad wala pa 1 month it was used in care pero nasira padin agad bgla nlng namtay then i charged it for hours pero sobrang hina na ng hangin parang hinihipan ka lang ng sobrang hina,1,0,0,0,The product broke immediately and the wind is weak.,,,,,,
90,bat naman po ganon sira po yung neck fan sa left side tampered pa yung boxes pagka dating sobrang sayang naman kasi ipa pang regalo ko sana,1,0,0,0,The product is broken on the left side and the boxes are tampered with.,,,,,,
91,hindi maganda yung cp na narecieve nung buksan ko siya ginagamit ko siya pero nang nglowbat siya d ngpacharge saka do run ngpaopen na,1,0,0,0,The product is not good,and it can't charge and it won't open.,,,,,
92,maganda naman pero may mga dumi ar scartches at parang luma,1,0,0,0,The product is dirty and it has scratches,it also looks old.,,,,,
93,edit ko ratings kohindi ko alam kung pabango ba to o alcohol ngyon ko lng nagamit wala man lng kaamoy amoy hndi amoy bombshell amoy alcohol ayusin nyo seller nssyang pera nmen,1,0,1,0,The product is not fragrant,it smells like alcohol and it's a waste of money.,,,,,
94,matagal ko na to natangap almost 2weeks ago na ata untill now di parin nagana ung remote bumili pa ko ng battery na mas mahal pa sa inorder kong led sana bago nyo iship paki check muna kung ok para di kayo masira salamat,1,0,0,0,The remote is not working and the seller should check before shipping.,,,,,,
95,mali yung size na binigay medium order ko pero large dumatingpero nandito na eh gagawan ko na lang ng paraannext time paayos po nung idedeliver nyo po na size hehe,0,1,0,0,The seller sent the wrong size.,,,,,,
96,pangit pangitsayang lang peraparang ginamit nahindi man lang naawa ang sellerbinigyan pa ako nang ganitoang tagal pa ng shippingnovember 25 date of orderdecember 6 na dumating,1,1,1,0,The seller is not merciful and the product looks used. The shipping is also too slow and it's a waste of money.,,,,,,
97,good maganda sya thanku po,1,0,0,0,The product is good.,,,,,,
98,ndi pla maasahan ang shoopee sa mga order disappointed mo talaga ako sa dnala nio ndiktulad ng sample n in order ko nung una dati isang pirado lng ok pero ngaun di aya nio lng kmi npaka pngit ng dinala nio,1,0,0,0,The product is not like the sample,and it's ugly.,,,,,
99,umay napakadaling malobat sayang pera nyo dto d man lang matagal ng 20mnts sarap i sakal sa seller  buyset,1,0,1,0,The product runs out of battery easily,and it's a waste of money.,,,,,
100,durog yung box and the mouse is not working sad,1,0,0,0,The box is crushed,and the mouse is not working.,,,,,
101,double mousepad okay naman sana kaso mo bumili na nga ako ng mousepad sa inyo specific tama ba naman na ang ee mistery nyo sakin mousepad din common sense naman sana okay lang kung magkahiwalay package isipin ko pang na random kaso same plastic lang eh meaning sadyaan 1 customer,1,0,0,0,The mystery item is also a mousepad.,,,,,,
102,mali kulay nude inorder ko pink dumating color blind ba kayo dyan,0,0,0,1,The seller sent the wrong color.,,,,,,
103,poor ok n sanapero nd gmagana ung head set at ung mic3 p nman inorder ko,1,0,0,0,The headset and the mic are not working.,,,,,,
104,sira sira mga items dto wag kau bibili dto sabi ni seller bago daw ehh mga luma binigay saakin na items,1,0,0,0,The items are broken and the seller said they're new,but they're old.,,,,,
105,kulay black ang inorder bakit pink ang pinadala what the h tagal pa ng shipout tapos ang ending mali pa ang binigay malayo naman ang pink sa black ah paki ayos seller check muna ng order ni client bago e ipadala nakakaloka,0,1,0,1,The seller sent the wrong item and the shipout is too slow.,,,,,,
106,pwede po ba itong palitan kasi mali ang color na ibigay nyo po i ordered light grey but i got dark grey after  i message they said the changed their color variant and the light became dark or unavailable lang please dont post you made some changes to avoid,0,0,0,1,The seller sent the wrong color and they made changes to avoid.,,,,,,
107,i received the item okay  nag o on naman sya but it cant proceed outgoing call and even text messages i tried to tell the seller but they just keep on sending me the completed product link,1,0,0,1,The product can't proceed outgoing calls and text messages.,,,,,,
108,w wrong size received instead of size 29 28 ang pinadala sana man lng size 30 n lng pinadala kung hindi available,0,0,0,0,The wrong size was received.,,,,,,
109,sira ulo shoppe na ito omoorder ako 10 pcs  nakagay bawat order 10 pcs  dumating skn 45 pcs instead of 100pcs mga scammer  no to order again  sayang kayo oorder pa naman ulit ako para sa kwarto ko  kaya big no na,0,0,0,1,The seller is a scammer.,,,,,,
110,i am disappointed in todays parcel 2nd order ko na po ito and the 1st order fits me well and i loved it that why i ordered again but i was disappointed pls see pic malaki may sira yung isa tapos iba yung size sa inorder ko at sa dumating,1,0,0,0,The product is damaged and it's a different size than what the review ordered.,,,,,,
111,okay nman to 3 colors ung light di ko lng alam kung tama ung pagkakabit ko kse wala man lang manual or what so nakadepende lang sa itsura ng pic sa box,1,0,0,0,There is no manual.,,,,,,
112,hindi po ako natuwa sa na order ko sabi niyo 10 meters 5 meters lang yung dumating,1,0,0,0,The product is only 5 meters.,,,,,,
113,look great salamat seller dahil nasunod lahat ng variation na gusto ko kudos sayo will order again keep up the good work,0,0,0,0,The seller followed all of the variations.,,,,,,
114,grabr ndi nag rereply ang seller palpak ang deliver sinhimgalinh kaundi lasya sakin dumating size 6order ko suze 38 grabe ang tagal ki inantay rapos ganito lang sya,0,1,0,1,The seller doesn't reply and they deliver the wrong size.,,,,,,
115,akala ko pwede icharge to de battery pla saka d gumagana ng ayos ung mga keys minsan nagana minsan ndi ok na rin pagtyagaan thankyou,1,0,0,0,The product uses battery and the keys don't work well.,,,,,,
116,sabi ko pang newborn e pang 1 yr old na to e,1,0,0,0,The product is for 1 year old.,,,,,,
117,1 star lang ibibigay akala ko di mapapasuukan ng hangin kaya sinabing gas saving yun pala hindi makakapasok prin pala kasi di swak ung butas s burner,1,0,0,0,The product is not gas saving.,,,,,,
118,plum order red dumating pag tinanggal sa lips walang naiiwan na color,1,0,0,0,The plum is wrong and it doesn't leave color after removing.,,,,,,
119,not recommend this shop  mali mali pinadala nila i return ko nalang daw kapag daw na receive na nila item tsaka daw ma refund item  ang galing  sobrang abala nyo,0,0,0,1,The seller sent the wrong item and they need to return the item first before they're refunded.,,,,,,
120,810 ok na man sya walang sira o kahit anong damage pero ang problem lng ang bilis nya lowbat walang pang one hour lowbat na,1,0,0,0,The product runs out of battery quickly.,,,,,,
121,di ko nagustuhan maganda but ang bilis malobat like kakacharge kolang last night then paggising ko nalobat agad,1,0,0,0,The product runs out of battery quickly.,,,,,,
122,size 40 order ko pinadala nyo size 39 ayan sa picture kita na burado ang size malabo mkita na 39 pero sa personal makita at halata pa din na size 39 ang binigay nyo ayaw nyo ireturn and refund fine iblock at report ko shop nyo sa halagang 197 pesos,0,0,0,1,The seller sent the wrong item.,,,,,,
123,3 same color mabagal ang response ng seller inabot pa ng 2days bago ma repack ang order q tapos ang dadating na mga kulay iba sa naka advertise nila dalawa sa dumating na order q hindi maganda fitting sa hita hindi stretchablepinaka masama pa tatlo dito same color,1,0,0,0,The colors are different,it's not good fitting,it's not stretchable,and 3 are same color.,,,
124,nong dumating saakin gumagana sya pero di gumagana yong remote then sinubukan naming ayusin yong remote but in the end yong sa may mismong wirings sa may puti na pinag connectan ng mga wires may isang natanggal buti nalang magaling mag inang yong asawa ko gumana naman na yong remote,1,0,0,0,The remote is not working,but it was fixed by the review's husband.,,,,,
125,ang linaw ng messages ko at note ko na 3xl order ko pero pinadala nyo pa rin 2xl di ko tuluy kasya,0,0,0,1,The seller sent the wrong item.,,,,,,
126,kung meron lang sana 0 star 0 talaga ibibigay ko i received damaged item baliko yung wire and im very disappointed the seller will not give u a refund and its just a waste of money dont try to order from this shop coz sayang lang pera mo,1,0,1,1,The product is damaged and the seller will not refund it.,,,,,,
127,30 lng dapat ang babayaran kopero 80 ang siningil sa akin n deliveryakala q kc 2 item na un kya ng bayad ako tiwala kc ako ehshopee xpress delivery,0,1,1,0,The delivery fee is expensive.,,,,,,
128,nde na maganda yng quality naun kesa sa nabili ko dto dati ang panget ng pagka tahi nde pulido nde pa pantay yng tahi sa garter sa laylayan as in pang pajama na lng at marites mode sa labas ng bhay nyo nde na pede ipang gala tulad ng nabili,1,0,0,0,The sewing is not good and uneven.,,,,,,
129,super dali ma lowbat and super sensitive na didisconnect agad,1,0,0,0,The product runs out of battery easily and it disconnects easily.,,,,,,
130,isa o dalwang beses lng sya gumana sayang money ans sayng ung oil ksw d man lang nag 34 ung nabawas ksw ayaw na agad gumana,1,0,1,0,The product only worked 1 to 2 times and it's a waste of money.,,,,,,
131,maganda sya pero nde nagana sa callvideocallgaming mic etc,1,0,0,0,The mic is not working.,,,,,,
132,lahat ng box dented sana naka box sila lahat para maavoid ung pagkasira or maglagay ng fragile i ordered 1 pc pig and the rest assorted pero ung chinat mo lahat pigs ang design i even asked why same lahat but no reply from seller,1,0,0,1,dented box,,,,,,
133,maganda xa kung sa maganda kaya lang na dismaya tlga aq kc ung enexpect ko na magagamit ko kahit walang kuryente hindi dn pala need pa dn nkacharge para magamit mo sana kung ano ung inorder un ung ibigay kc nagbabayad kmi ng tama,1,0,0,0,battery operated but you still need to charge before using,,,,,,
134,right color ordered the actual quality sandals is a bit diffrent from the sandals they use for promotion the right size was not delivered i ordered 39 you sent 40 its for my wifes birthday sana pero hindi na nya masusuot dahil malaki sa paa nya,1,1,0,0,different quality and wrong size,,,,,,
135,sakto lang still hindi pa din nila inaayos pano hindi mag tapon yung pagka oil base sa dami ng nag coment dto na nttapon yung pagka oil base nya hindi pa din nila inaayos package and den yung shipment late na dapt 0310 receive 0311 na dumating mabango naman ok,1,1,0,0,oil base spills and late shipment,,,,,,
136,cute siya onting dents but its not that obvious works good at first kaso nga lang nung na lowbat it didnt worked anymore kahit na icharge namin nang matagal or so so apparently mirror nalang siya wala nang light and fan,1,0,0,0,dents and not working,,,,,,
137,di nagamit matagal dumatimg tas defective pa ang item ayaw din mag refund ng seller pag nag chat ka na ayaw gumana ng isang side mag sesend lang ng instruction kahit naman sundin mo yung instructuin kung defective di talaga gagana,1,1,0,1,did not worked,,,,,,
138,iba yung itsura nya sa personal size 2829 yung size na na order ko pero maliit ang size,1,0,0,0,different quality and size,,,,,,
139,manipis n klase ng rubber tpos dpa accurate mga sizes dko xa mai rereccomend,1,0,0,0,thin and size,,,,,,
140,0000 hindi kayo marunong sumunod sa kong ano ang order sa inyomaling items na nga ang binigay niyo may damage pa sa ilalim yong 2000ml order ko yong dumating 1100ml sana sa susunod wag ganyan lalo na at pa order ko yan,1,0,0,0,damage and wrong item,,,,,,
141,order ko color yellow dumating red nakakadismga lang,0,1,0,0,wrong color,,,,,,
142,at first i thought may problem sa item kasi not working and manual is so small di ko masyado clearly makita ang instrucrions nag chat ako sa seller thankfully mabilis naman respond and na guide ako to properly operate it so far so good i hope it will last long,1,0,0,1,fast response from seller,,,,,,
143,mali po ng kulay yung bigay nyo color gray po yung order ko,0,1,0,0,wrong color,,,,,,
144,photos are not related but it comes to products okay naman complete siya kaso nga lang may scratches at sira yung hawakan ng tubigan i will request sana for refund pero hinayaan ko na since malalagyan pa naman ng water at hassle kase mag return,1,0,0,0,item with scratches,,,,,,
145,black  gold maluwang tapos tabingi,1,0,0,0,loose,,,,,,
146,1st time pa lang i charge umosok na yung isa ang isa nman lubog ang pindutan 1 lang napakinabangan,1,0,0,0,smoking and broken,,,,,,
147,bad ang pretty ng color kaya inorder ko and akala k maganda rin quality kaso hindi pala gumagana naman pero nag oautomatic magplay yung music at google kahit dko naman pinipindot,1,0,0,0,pretty color but auto playing music,,,,,,
148,dont buy at this shop theyre sending incomplete parcel and doesnt have a plan to give you a refund on the item that they never include on your package sent them already pictures and videos yet thrice have been cancelled for just 15 pesos refund simpleng manloloko tong shop,0,0,0,1,incomplete parcel,,,,,,
149,akala ko ok sya kasi gumagana naman sa simula ngayon 3 days pa lang ayaw na mag charge sayang pera ko para sa anak ko to ehsana mapalitan po,1,0,0,0,not charging,,,,,,
150,okay naman yung light niya pero i thought yung remote niya is 44 keys kasi nasa pic and wala naman sa description na 4keys lang pala then yung saksakan and remote na pinadala hindi siya nagwowork kaya nireplace ko ng old remote and adapter ko,1,0,0,0,not working,,,,,,
151,defective walang usok need refund wla kwenta ung product nio,1,0,0,0,defective,,,,,,
152,tsssk di naman beigi light grey ipinadala sana sumunod naman kayo haya,0,1,0,0,color,,,,,,
153,hndi nagana yung fanyung mga lights lang grabe nakakhinayang ang mahal pa nman  chinarge ko na buong araw sa araw ayaw pa rin chinarge ko nman overnight sa kuryente d parin naikot sana nman chineck nyu dba bago nyu ibenta karma strikes worst doble yung mawawala sa inyo,1,0,1,0,not working and expensive,,,,,,
154,seller pls i need a refund sira yunv pinadala niyo sakin excited pa naman ako kasi alam kong magagamit ko to dahil sa sobrang alinsangan ng panahon tapos sira ippapadala niyo sakinnn i do not recommend this shoppp may pa free kayo para ano pampa lubag loob ng buyers hindi,1,0,0,1,broken and no service,,,,,,
155,defective item yung net nya tabingi at di naistraight ganito ba talaga to yung unan at foam maganda okay sana okay na sana kaso yung net nya may sira tabingi sana bago pinack chineck muna nakakadisappoint sobra,1,0,0,0,item with defect,,,,,,
156,wala man lang po tumama sa order ko sana pag wala na tanggalin na sa option or magmessage kung okay lang ba ganitong design layo sa pic,0,1,0,0,wrong design,,,,,,
157,ayoko talaga mag explain ng at least eighty 80 character lalo na kapag di naman ganun ka commentable yung item ano sasabohin ko maganda yung pagkabasa ng wipes hay nakuh,0,0,0,0,no commentable item,,,,,,
158,anong fragrance pag dating ng package yupi yung boxwalang bubble wrap nextdefective yung itemayaw umusok nilakihan ko na yung butas wala talaga dont order here,1,1,0,0,defective and no bubble wrap,,,,,,
159,naku sobrang light nmn pala ang panget pag nilagay mo sa kamay kala mo colorless lang na peke paku,1,0,0,0,fake,,,,,,
160,thank you shoppee finally naka naibigay nio un gusto ko at tamang tama talaga cia saken dalawa un isa hnd na ako nka tiis sinoot kona kc happy ako at don kua deleviery maraming salamat po bait nio snap marame pa tulad mo na mabait mg delevier ingat po palage,1,0,0,1,good product and delivery,,,,,,
161,yung mapupunta ka sa shop na walang kwenta tngina sorry pero sobrang walang hiyang shop nato 30pcs binili ko ipapadala 27pcs 2 wrong item 2 wrong color 3 damage 3 kulang ang karma andyan lang yan pasalamat ka na lang tamad ako mag return si seller na walang kwenta,0,0,0,1,incomplete parcel,,,,,,
162,not bad nayupi ung box at wala sya bubble wrap buti nalang hindi nabasag yung salamin hindi din sya anti blue light at hindi masyado nagblablack sa araw para lng syang ordinary lens na may kulay konti pero na din para sa price nya salamat seller pa rin,1,1,1,0,no bubble wrap,,,,,,
163,maganda naman pero wrong item pa di buyers beware of this seller i ordered a 2 liter bottle as seen on the third pic pero pagdating ng order ibang tumbler ang pinadala nila 1100 mlso ayun nag order na lang ako sa iba hindi din po nagreresponse itong seller,0,1,0,1,wrong item shipped and unresponsive seller,,,,,,
164,di ko pa nasubukan wala po spring nakasamasana matugunanyung lang,1,0,0,1,spring not included,,,,,,
165,310 im disappointed mahirap siyang icharge and di mo malaman kung nagchacharge ba siya mabilis malowbat wala pang 2 or 3 mins di na siya iilaw or di na gagana yung fan pero i still give it a 510 because of the mirror and design,1,0,0,0,difficulty to charge and short battery life,,,,,,
166,cute ung case dahil cheap price sira ung binigay ni seller hindi ko alam kung maiinis ako or ewan pero sayang kc ngbayad ako ng tama tpos gnto mkukuha mo khit maliit n halaga pinghirapan prin un kitain sana wag nmn kau mg dayas mga buyer nio mging tapat kau,1,0,1,1,defect and price,,,,,,
167,i changed my rating kasi half of the pairs magkakaiba ng designs maganda ang quality pero hindi tama ang pairs na pinadala sa akin napansin na lang namin nung magsusukat na ang customer unless the seller fixes this issue i will not go back to my previous good rating,1,0,0,0,half different designs,,,,,,
168,07 departed at soc 3 station 1222  ang tagal d2 grabe delivered 1223 tagal,0,1,0,0,late,,,,,,
169,sira ung tumblersayang shipping feepa piso2 deal pa tas my damade pla ung itemtas yung shipping fee ang mhal sinayang q lng yung pera q,1,1,0,0,shipping fee ang mahal,,,,,,
170,pwede na yung order ko both pink pero dumating e iba color yung neck fan may mga scratches and mahina hangin nya,1,0,0,0,color,scratches and low air,,,,,
171,light material ang support hindi pwede sa mahangin pumabaliktad,1,0,0,0,light support,,,,,,
172,not good ang bilis maglowbat  ndi man lang tumatagal ng 34 hours disappointed ako,1,0,0,0,not good,quick to drain,,,,,
173,i thought na makapal sya kaso super manipis easy to tear so sad,1,0,0,0,thin and easy to tear,,,,,,
174,bakit naman po nakalubog yung pindutan agad nakaka disappoint excited pa naman po ako tapos ganto,1,0,0,0,lubog ang pindutan,,,,,,
175,walang charger at strap yung isa,1,0,0,0,no charger and strap,,,,,,
176,masasayang lang pera nyo ditolow quality and poor serviceung isa basag ung isa hnd tlga gumaganahindi nag rereply ng maayos ung seller400 peros ko nasayang langwag na kayong bumili dito,1,0,1,1,basag,,,,,,
177,black order ko pero kalahateng black kalahateng brown natanggap ko,0,1,0,0,color,,,,,,
178,sobrang disqppointed dko di naman pala rechargeable usb cord operated lang sya even sa lalagyan ng batter jusko wala naman lagayan ng battery,1,0,0,0,not rechargeable,,,,,,
179,basag po sya tapos sira ung tunong nyakla ko makakamura ako mapakikinabangan ko first time kong na dissapoint sa shoppe,1,0,0,0,basag,,,,,,
180,okay naman sya nung una pero di na ma charge na low bat sya nung pangalawang araw pakatapos ko makuha kaya yun i chacharge ko sana kaso di sya na chacharge sayang pera 2 days lang napakinabangan first time ko po mag bigay ng low rate,1,0,0,0,not charge,,,,,,
181,kala ko lahat is good product pero kau bahala kong bibili kau,1,0,0,0,not good,,,,,,
182,dumating na ganyan kahit maganda pala pag kakabalot ganyan parin partida po naka bubble wrap pa yan ha grabe so disappointed po hindi ko maicharge dahil damage sa may pin ng charger satisfied naman sa hangin ng pero bat ganyan may damage na dumating,1,1,0,0,damage,,,,,,
183,kaso di pantay hays expectation vs reality,1,0,0,0,uneven,,,,,,
184,may sira ang face shield pero ang iba namang naorder ko ay okay lang,1,0,0,0,damage,,,,,,
185,i want wine red not white kaloka naman po,0,1,0,0,color,,,,,,
186,nakakadisappoint puro reject ang daming sira yung tape yung iba wala yung iba isa lang nag reach out ako kay seller pero di sila nagrerespond,1,0,0,1,daming sira,,,,,,
187,dumatingnpo ang item na hindi nagfunction very disappointed po talagafirst time po na naka order dito sa shop na itokaso po sira po ung pinadala sa akin sana po sira ang ebebenta niyo sayang po ang pera,1,0,0,0,hindi nagfunction,,,,,,
188,right colors not true with the sizesparang size 8 lang sya and i ordered 4041,1,0,0,0,size,,,,,,
189,ginamit ko kagabi minutes lang to try 60 sya after a couple of minutes nag 70 nman sya ngayon knaumagahan nag 100 hndi ko pa chinacharge yan ha less than 1 min nag 90 na nman hndi rin ganun ka responsive yung airpods pag tinatouch ko for next song,1,0,0,0,battery,,,,,,
190,not goode sayang lang po pera nyo ditowag po kayo oorder sa seller na itopayment is unfair to the item that you going to received837 binayad ko pinadala sa akin cord lang po ng chargercharger connector lang po deliver scammer po itong seller na ito,0,0,1,1,charger,,,,,,
191,green nadisappointed po ako sa dumating saken maganda po sa picture saka yung iba pong reviews pero di po ganun kaganda yung quality na dumating saken,1,0,0,0,quality,,,,,,
192,mouse isnt workinghindi man lng nakabubble wrapyupi yupi pa ang karton hindi gumagana ang mousehindi man lang nakabubble wrapyupi yupi ang karton,1,1,0,0,damage and no bubble wrap,,,,,,
193,sobrang tagal ng delivery at hindi pa maayos yung packaging and worst thing is kulang yung product,0,1,0,0,kulang product,,,,,,
194,hindi naman oil based yung consistency niya parang tubig i always buy oil based pero sobrang layo ng consistency tapos yung amoy parang bulok na ulam sobrang layo sa amoy ng vanilla lace na nabili ko sa iba paki ayos ng service niyo sayang binabayad ng customers,1,0,0,1,amoy,,,,,,
195,di maayos makipag usap yung seller the seller offered me 150 pesos for the damage product,0,0,0,1,seller,,,,,,
196,not satisfied yung beige parang gamit na angbdumisa ilalimtas sira na yung sa ibabaw sana yunh maayos ayos naman binigay kasi binayaran naman ng tama anyways thank you padin,1,0,0,0,sira,,,,,,
197,sira ang one pair ng earbuds hindi gumagana  plus 2 weeks pa siya bago dumating,1,1,0,0,sira,,,,,,
198,sira ung left grabe naman kahit mura lang yung binili ko pero sana dapat working properly naman sana,1,0,0,0,sira,,,,,,
199,wasak dumating yung black umbrella tanggal yung handle pinipilit kong ireturn wala dinaman ina accept refund ko kung may zero star lang dito itlog talaga tong rate na to kainis sayang pera hindi maayos yung courier nila seller ayusin niyo pagka pack kung pwede ikarton niyo para di nawawasak payong,1,1,0,0,handle,,,,,,
200,seller wag kayu mag sisend nang items nang hindi kompleto ano akala niyo pinupulot lng namin yung pera kaya pala diniyo sisend yung picture before shipping tas ang tagal pa bago na ship wag kayu ganyan oy,0,0,0,1,Hindi kompleto,,,,,,
201,i buy 4 products on their shop and i was received just one item at pag dating pa sakin nung led sira sira at yupi ng yung lalagayan niya mismo kaya open na yung item i try to refund 34 times but they always cancelling it at wala na ata,1,0,0,1,Product is damaged,packaging is dented,and refund requests are not processed.,,,,
202,110 very bad experience in purchasing this store sira sira ang dineliver naka ilang follow up para sa returnrefund item hindi pinipick up hanggang nag expired nalang ang request sobrang sayang ang pera ko dito very poor customer service non sense ang mga autoreply,1,0,1,1,Delivered items are damaged,return/refund not picked up,waste of money,poor customer service,,,
203,more than 2 weeks na sakin yung defective na item di pa rin nagrerespond yung seller,1,0,0,1,Defective item,no response from seller.,,,,,
204,maganda yung items good quality but di responsive si seller tapos ang tagal ng shopee express the more ifollow up lalo kang aasarin and idedelay ng deliver yung parcel lalo na agents mapa chat or calls nauna pa galing china and yung inorder ko ng later date,1,1,0,1,Good item quality but seller is unresponsive and delivery by shopee express is slow,they even delay the parcel more,,,,,
205,maliit hindi nako oorder ulitmali nmn dinilever sakindapat 2 lettermalinaman yong order qtapus mali yong dumatingnakakadismaya po,0,1,0,0,Wrong item delivered,disappointing,,,,,
206,mahirap mag type kaylangan madiin e dahil madiin maingay na tuloy sana nag mechaical ka nalang maingay din pala haha habol ko kasi yung sleek and silent keys sana kaso hindi pwedeng gentle ung pag type mo kasi hindi n kiclick ng maayos sa manual din may usb charging port,1,0,0,0,Typing requires strong pressure,noisy.,,,,,
207,maganda siya di mo lang gugustuhin umorder dito kasi kahit e chat mo si seller na e double check mali parin ang darating na item sayang lang pera kasi walang bibili nito dito sa halagang 99 kasi mas gustu nila ukay,0,1,1,1,Wrong item,waste of money,seller does not double check,so it affects product itself.,,,
208,deformed nang dumating alam mo yung nilagay lang yung salamin sa parcel walanh bubble wrap gurl so anong expect mo dun edi na deformed tpos yung pinaka glass kupi na plastic lng plaa yung material ng lens negative 1zillion ang rating ko dito,1,0,0,0,Arrived deformed,packaging without bubble wrap,,,,,
209,manipis ung quality at nakakainis is almost 10 days din bago dumating dinaig pa ung overseas order ko na nauna dumating and hindi na umabot sa bday ng pagbibigay ko chinat ko si seller but hindi nagrerespondsana naman kapag my problem regarding to order magreply naman kayo,1,1,0,1,Thin quality,delivery took almost 10 days,seller unresponsive.,,,,
210,liquid honest review i dont like its smell sweet na parang may amoy goma na parang amoy ng bubbles nakakahilo yung smell nya,1,0,0,0,Unpleasant smell,,,,,,
211,arrived 4 days after expected delivery date i have no interest already at nakakawalang gana na bumili ulit dito no more pirchases to come,0,1,0,0,Late arrival,no interest anymore.,,,,,
212,disappointed ako sa quality sa picture lang pala maganda size 7 order ko parang size 5 lng sa liit,1,0,0,0,Disappointed with quality,ordered size 7 but received smaller size.,,,,,
213,irresponsible ang seller na ito kulang kulang ang sinishipped i will not recommend this shop wg n kyong bumili dito,0,0,0,1,Seller is irresponsible and ships incomplete orders.,,,,,,
214,i ordered 3 pouches came and delivered 1 parcel na may 3 pouch 3 pouch ng mousepads haha nauumay naba kung anong ilalagay 3 mousepad talaga ung packer neto maderpacker napaka misteryoso talaga hahaha,1,1,0,0,All 3 mystery pouches have mousepads in them.,,,,,,
215,1 star dahil yung 1 box ng green is walang bakal sa ilong buong 1 box yun tapos tupi2 yung box at sira di manlang inayos sa susunod paki double check para di kami lugi,1,0,0,0,No metal for the nose bridge,box crumpled,,,,,
216,item shipped quickly fit sana kaso see through kitang kita ang loob kaya pala mura lang poor quality will not order again,1,0,1,0,Item shipped quickly and fits but is see through and has poor quality because it is cheap.,,,,,,
217,mabango slight pero sobrang watery lang halos tubig lang may amoy ng konti pero i bet wont last long po huhu,1,0,0,0,Slightly fragrant,but very watery and probably won't last long.,,,,,
218,not useful it is so manipis like it will break immediately im not happy with my purchase its kinda sad to experience this thing,1,0,0,0,Not useful and is thin and will break easily.,,,,,,
219,not waterproof sya di rin kayang maging long lashes,1,0,0,0,Not waterproof and doesn't make lashes long.,,,,,,
220,not really good ho pag dating ho sakin is na wawala yung tornilyo nung isang pang sabit sa ilong pfft,1,0,0,0,Not really good. upon arrival,the screw of the nose clip is missing.,,,,,
221,310 hindi siya effected to me huhu still thank u,1,0,0,0,Not effective.,,,,,,
222,okay naman sya kaya lng mali yung isang item na dumatin sakin mascara yung order ko liquid eyeliner yung dumating,0,1,0,0,One item is wrong.,,,,,,
223,hindi yung mga color ng iba yung dumating hindi ako satisfied ibang size and colors ang dumating,0,1,0,0,Different colors and sizes arrived and not satisfied.,,,,,,
224,pang teens ang sukat ng cup ok sana ang quality ng tela malabot kaso maliit ang size nya for bustline 34 hindi sya pwede sa mga malalapad ang katawan pero bust size ay 34,1,0,0,0,Cup size is only for teens,quality is okay and the cloth is soft but it's too small,,,,,
225,sira yung isang product hindi nagoopen and irereturn bago pa irefund ok lang sana if ipick up yung item na damaged pero ikaw pa yung mageeffort mag dala sa mga courier branches because of their mistake kaya ka nga nag online shopping kasi wala ka na time for additional errands,1,0,0,0,One product is broken upon arrival.,,,,,,
226,kapangit ng dumating maliit lang akala ko 2l hindi naman pala black order ko iba pa kulay ng dumating mali mali,0,1,0,0,Small item arrived.,,,,,,
227,effective naman sya kaso di ito yung order kong color eh nude brown order ko bieee pink dumating,0,1,0,0,It's effective.,,,,,,
228,nakakainis ky0 ang panget nang kulay nang manga pinadlang mejas at ung isa dipa mag kapareho next time paki check ny0 mbuti sayang pera eh,0,1,1,0,The color of the socks shipped are ugly,and the pairs are not identical,it is a waste of money,,,,
229,sayang pera chinarge namin pag ka deliver dahil lowbat then nangamoy tapos di na gumana paki quality check po ng product nyo para di kami nag aaksaya ng pera,1,0,1,0,Waste of money because upon charging the product after delivery it smelled then didn't work anymore.,,,,,,
230,zero star maayos dumating ang parcel pero nd gumagana kahit pla not functioning na parcel ibebenta ninyo p dn nd na nga mapakinabangan sayang ang pera kahit mura pera bayad pa dn yun noh sayang ang pera,1,1,1,0,Parcel arrived in good condition.,,,,,,
231,hnd angkop ang kulay fake yung product hms katulad yung nabili ko ito fake mabilis mabura tapos yung order ko pink ang nakasulat s takip kapag inapply n kulay orange,1,0,0,0,The color does not match and the product is fake,it can be easily erased and when i apply it's orange instead of pink.,,,,,
232,not good magagamit molang pala sya habang nakasaksak pero pag nakatanggal hindi magamit sorry po pero dissapointed po ako,1,0,0,0,Product is not good because it only works when plugged.,,,,,,
233,2 pang lalaki yng items na order q tz ang dumating payong na my bulaklak,0,1,0,0,Two items for men are ordered,and an umbrella with flowers arrived.,,,,,
234,nextime paki check bago ipa ship sobrang excited ko tapos yung idedeliver na items di naman gumagana first and last order sa shop niyo,1,0,0,0,Check the items before shipping next time,,,,,,
235,mystery pouch na order ko pero ito dumating hahahahaha expectationvsreality,1,0,0,0,Mystery pouch is ordered," but ""expectation vs reality.""",,,,,
236,poor not satisfieddamaged lahat ung binigay na items sa akin pati box luma i asked for the refund lagi lng sagot sa akin follow up tpos gsto lng na irefund sa akin is 15 pesos lng may mabibili ba na ringlight sa halagang 15 pesos,1,0,1,1,Poor and not satisfied,all the items are damaged and the box is old,i ask refund they follow up only,they want only 15 peso refund,are they selling ringlight at 15 peso amount?.,,
237,hindi flexible may sira sa bandang charging port malakas ung tunog ng hangin kahit no 1 pa lang siya mabilis malowbat pero matagal naman magcharge,1,0,0,0,Not flexible,there is a defect in the charging port,loud wind sound and it has a long charging period.,,,,
238,not with this shop the seller was so unresponsive nagpadala ng damaged na item napaka hassle mag return then yung isang item nagana naman pero grabe super bilis malowbat,1,0,0,1,The seller was unresponsive and sent a damaged item and battery is easily drained.,,,,,,
239,not worth it yung mystery pouch mas mura pa kung bbli ka ng same item sa ibang shop basta may kasabay or free shipping sya,0,0,1,0,The mystery pouch is not worth the money as it is cheaper to buy the same item in other shop if there's free shipping or on sale.,,,,,,
240,poor quality ang sungit pa ni seller,1,0,0,1,Poor quality,the seller is rude.,,,,,
241,wag na kyo mag order sa shop na ito sira ung product na pinadeliver nyo sna nman next time pki ayos ung trbaho nyo dhil di nmin pinupulot ung pera,1,0,0,1,Don't order in this shop,the product they delivered is broken.,,,,,
242,not sure very good packaging naman problem lang is yung instruction manual is different from the product so hindi ko masabi if legit yung product sabi ni seller generic daw kasi yung manual pero its very different talaga wala din yung unit na to na smoke removal function hirap lang,1,1,0,1,Very good packaging however,the instruction manual is different from the product so it is hard to determine if the product is legit,according to the seller it's generic and the product does not have smoke removal function.,,,,
243,not so good napakaliit naman nang size neto parang baby bra sa kaliit napaka sikip need cu pa bilhan ng extender huhuhu pero salamat at kompleto naman cya mukhang matibay thdd hhdd jfyuj jfsy jhf,1,0,0,0,Not so good. The size is too small,like a baby bra,it is so tight that i need to buy an extender,,,,
244,iba ung kulay na narecieve ko white inorder ko blue dumating yawa,0,1,0,0,The color i received is different from what i ordered,I ordered white but i received blue.,,,,,
245,bali yung isang bakal sa umbrella kaya hindi sya nagsasara ng maayos sinabihan ko na yung seller na before na ang iship na item ay yung walang sira tapos pagdating ganyan nakakadisapoint kasi sobrang excited ka sa order mo tapos biglang ang ipapadala sayo ng seller ay sira haha,1,0,0,0,The steel bar in the umbrella is bent that's why it doesn't close properly,,,,,,
246,110 unresponsive si seller hindi matibay ang tahi tastas na agad d ko nasuli kasi malau jt 80 balikan pamasahe,1,0,0,1,The seller is unresponsive,and not durable right away.,,,,,
247,okay naman syakaya lang ung lagayan ng ring light siradi mahigpitanpag nilagay ung phone or ringlight bumababadi mahigpitan kasi sira,1,0,0,0,The ringlight's lock is damaged.,,,,,,
248,ok naman siya thank you,0,0,0,0,Okay,thank you.,,,,,
249,after 20 ddays dumating din mas daig pa ang overseas sa tagal ng ship out,0,1,0,0,After 20 days,it arrived,shipping is slower than overseas.,,,,
250,mali naman yong binigay nyo na kulay sky blue binigay nyo eh ocean blue yung order ko kakainis 80 pcs pa naman to eh ocean blue naka dikit sa wall ko,0,1,0,0,The color you gave is wrong. I ordered sky blue but you gave ocean blue and there were 80 pieces because it's pasted on my wall,,,,,,
251,palpak purple pink and yellow order ko puro yellow naman dumating,0,1,0,0,Wrong color.,,,,,,
252,sira agad wag na kayo umorder shish,1,0,0,0,Broken immediately,do not order,,,,,
253,0 wag kayong oorder dto manloloko seller na to tumblr inorder ko wipes pnadala tapos nagpparefund ako gusto ibalik muna ung wipes na halagang 10 piso parang ikaw pa magmamakaawa mabalik pera mo kahit hndi naman ikaw may mali ilang araw nako naghhntay ng refund ko wala pa dn gusto,0,0,0,1,Do not order,this seller is a scam,wanting the item returned before refund,,,,
254,hindi sya oil base perfume mas lamang ang alcohol kc amoy ng perfume,1,0,0,0,This is not an oil based perfume.,,,,,,
255,not worth the price but expect what you paid for better kung bibili kayo ng medyo mahal the first time i use it nasira agad yung stand,1,0,1,0,Not worth the price due to it's cheap product.,,,,,,
256,not really good medjo sira na yung box then ang dumi tapos nag stop sya di ko pa nagagamit,1,0,0,0,Not really good,the box is damaged and dirty and it stopped working before i even used it.,,,,,
257,kung may negative pa na star yun ibibigay ko wtf nag hintay ako for almost 3 weeks tapos kulang yung item ko wala yung headphone case at armband para sa phone kaloka kaayu kahit hindi yun mahal pjnag hirapan ko parin hanapin pang bayad dun,1,1,0,0,I waited for almost 3 weeks and my item is incomplete.,,,,,,
258,di dumating sakin ang parcel pero may proof of payment shopee ano na,0,1,0,0,The parcel did not arrive,even though there is proof of payment,shopee,what's going on?,,,
259,wala manlang pakialam c seller kung mayuyupi yung inorder sakanya sa lau ba naman ng papadalhan mo dapat sinisigurado mong maayos na makkrating ang mga inoorder sayoni d muman lang nilagyan ng carton para hindi yupi na makarating sakin i am very disappointed pangbenta ko tapos ganito ang hitsura,0,1,0,1,The seller doesn't care if the item is crumpled.,,,,,,
260,nicefast charger syanakabublewrap pa at may box thank sellersana magtagal,1,1,0,0,Nice fast charger with bubble wrap and box,,,,,,
261,the product is too expensive to its feature napakanipis at marupok ang mahal pa,1,0,1,0,The product is too expensive for its feature.,,,,,,
262,item is damage paasa nmn si seller na irerefund hindi lang raw napansin ag nlagy will definity not recommendable to shop here,1,0,0,1,The item is damaged,seller not refund and don't recommend the shop here,,,,,
263,mali mali ang product sinend pls check d orders well b4 sending out,0,1,0,0,The wrong product was sent so please check the orders well before sending out.,,,,,,
264,7 black po inorder ko gold yung dumating excited sana nakaka disappoint,0,1,0,0,7 Black orders but it come with Gold,,,,,,
265,bilis malowbat hindi rin ganun kalakas ang sound nya mnsan yung isa lang tumutunog photo not related,1,0,0,0,Drains quickly,the sound isn't that loud and sometimes only one earbud works.,,,,,
266,010 napaka panget nya at mahina ang hangin mali din yung kulay na binigay saakin sabi ko green binigay blue tas sira din yung mga gilid at not recommended tas maingay pa,1,0,0,0,It's so bad.,,,,,,
267,all size are wrong kaya naka disappoint,1,0,0,0,All sizes are wrong,making this disappointing,,,,,
268,wrong color inadala pink order ko pero gray dumating pero good quality naman yung tumbler wala lmg ung ipit na kasama kong inorder,1,1,0,0,Wrong color sent,but good quality tumbler.,,,,,
269,good pangit ng tunog ano to di pa gumagana yung sensors cute lang talaga yung design ng product pero audio quality wise hindi recommended pangit ng tungog ang tagal pa dumating ng order may inorder din akong headset sa ibang shopremax like 1 week pa to nauna ng order pero,1,1,0,0,Good.,,,,,,
270,very poor dalawa order ko pareho sira di responsive si seller,1,0,0,1,Very poor,both orders are broken and seller is not responsive.,,,,,
271,tfff not satisfied sira yung inpods,1,0,0,0,Not satisfied inpods is damage,,,,,,
272,panget ng amoy kaya pala mura kesa sa ibang shop will not recommend this shop to buy perfume,1,0,1,0,Smells bad but the price are very cheap,,,,,,
273,dalawa pants inorder ko isa lang po yung nasa pack ninyo,0,1,0,0,I ordered 2 pants but it came with one pants.,,,,,,
274,expectation to reality di sya maganda sa personal sorry,1,0,0,0,Expectation to reality is not really good sorry,,,,,,
275,ang inorder ko po at mystery box and pouchespag open ko pa lg po hindi na mysteryhindi mn lng malaman if mystery box na ba yun or mystery pouch yunat yung item sa loob is 5pcs lng dinok nmn yung products mdyu na disappoint lng ako,1,0,0,0,The order is a mystery box,it already looks not mystery at the moment it is opened.,,,,,
276,sayang ang pera sira ang item not recommended this hindi nkikipag communication si seller,1,0,1,1,Waste of money,item is damaged,this shop is not recommended,,,,
277,just check my parcel okay na sana kaso sira pala ung inpods kala ko lowbat lang pero kahit charge na di parin gumagana not expecting much kasi nga mystery siya pero wag naman sanang sira at parang gamit na ung binibigay,1,0,0,0,Okay,but the inpods is broken,,,,,
278,sira yung item na pinadala di gumagana sana bgo kayo mag padala ng item sure na ayos oo ayos nga nag chacharge di nmn nag working yung power botton pag inoopen hayss sana mabalik yung binili ko grabe ang mahal pa namn tapos sira ibibigay,1,0,0,0,The item shipped is broken so it doesn't work properly.,,,,,,
279,i pay fully but i received missing item nag message ako sa seller pero iniscam lang pindutin ko dw yung order received para ma refund pero hanggang seen mode nalang good luck nalang sa business mo seller may kalalagyan din yung ganyang ugali,0,0,0,1,I received a missing item,I messaged the seller but I was scammed.,,,,,
280,ang laki laki nang naka note na check the items before shipping to avoid error and damages pero walang paki si seller kahit ano nalang ata madampot nila yung ang pinapadala kay buyer very disappointed ako sa shop na to will never ever order again from this shop sayang pera,0,0,1,1,Big note to check the items before shipping but the seller does not care and sends whatever they pick up,disappointed,a waste of money.,,,,
281,thank you ang gnda niya,1,0,0,0,Thank you,it's beautiful.,,,,,
282,the product is great the only issue is the mystery pack i ordered 2 mouse pad and yet they have given me another mouse pad for my mystery pack isnt it laughable well they did nothing wrong tinamad lang siguro na kumuha ng ibang item para ilagay sa mystery pack,1,0,0,0,The product is great.,,,,,,
283,nag order ako ng 10meter na led strip binigay 5 meters lng madaya kayo balik nyo pera ko,1,0,0,0,I order a 10meter led strip and binigay 5 meters only,,,,,,
284,okay naman sya kaya lng maingay yung fan nya pag inopen mo,1,0,0,0,Okay,but the fan is noisy when you open it,,,,,
285,yong order ko dalawa sira naman ang isa yang color white,1,0,0,0,My order is two items but one is damage the color white,,,,,,
286,terrible malakas pa yung hangin ng utt ko sayang lang yung pera ko sana bumili nalang ako ng saillingfan walang kwenta yung item na to hindi ko magagamit to wala po talagang hangin na lumalabas parang laroan lang ewan bat kailangan manloko kayo,1,0,1,0,Terrible,the wind of my *utt* is stronger waste of money,,,,,
287,not sure kung kita po ang comparison sa video pero yung green ang nabili ko sa other shop mas makapal tapos same price range lang sila itong mga nabili ko sa shop na ito ay parang papel lang sa nipis nagtry lang ako kung may mas okay na quality,1,0,0,0,Not sure if comparison is visible in the video,but the green (item) I bought in other shop is thicker,those from this shop is thin,,,,
288,madali malowbat kht nkstqnd by lng nmand kc pwede ipacut old sim kaya kelangan ko sya,1,0,0,0,Quickly drains even on standby since the old sim can be cut.,,,,,,
289,grabe ang lag at di nagrerespond yung apps kahit fb at yt such a waste of money talaga i suggest na bibili nalang talaga ng mahal kaysa sa mura kasi di mo rin namn magagamit,1,0,1,0,Severe lag and apps are unresponsive,it's really a waste of money and should by good product,,,,,
290,poor 6 inorder ko 5 lang dumating 10 pesos nalang mang iiscam pa kayo di nyo manlang isure kung ano ipinapadala nyo pati sa rider na tamad laging di nakukuha2nd attempt ang parcel ko ang galing nyo kuhang kuha nyo inis ko,0,1,0,0,Poor,I ordered 6,but 5 arrived and 2nd attempt to take it,,,,
291,walang kwenta parang bumili ako ng basura walang kwenta as in sana si seller chineck muna product before ibigay wala pa 5 minutes hindi na gumagana chinarge namin pero di parin gumagana tinry namin sa ibang charger pero wala parin wag na kayo bumili ng product na to sayang pera,1,0,1,0,It's worthless product,doesn't work.,,,,,
292,super beyond low quality nakaka pagsisi na binili ko itonakapa liit ng size pang teenager ung size flat ung foam ska para syang goma na ginupit lang na hubog brasayang pera avon soft cup bra nlng sana binili kokung gusto nyo din makaramdam ng regret sa buhay nyo bumili kayo,1,0,1,0,The quality is terrible.,,,,,,
293,sinukat ko sya need to edit hindi mo sya masusuot pang swimming gosh kitang kita yung padding hindi ko makuhanan nang pic kase parang bastusin,1,0,0,0,I need to edit after fitting,you can't wear it for swimming.,,,,,
294,mali yung dinilever saken di naman leggings inorder ko tapos may dumi pang kasama tsk first time kong makaencounter neto im super disappointed,0,1,0,0,The item delivered to me is wrong and has dirt.,,,,,,
295,i didnt expect of what i received nadismaya ako tssk,1,0,0,0,I was disappointed with what i received tssk.,,,,,,
296,ung green ang order mo pero black ang dumating nakakadissappoint ok na sana maganda naman ung item pero ewanq ko lang kung bakit naging black ang green,0,1,0,0,The item is okay,but the order is green,the color is black instead.,,,,
297,i ordered black but i received blue nakaka dissappoint they never chat or contact us before they ship the item kung ok ba ang kulay,0,1,0,0,I ordered black but I received blue which is very disappointing.,,,,,,
298,akala ko original hindi namn pa nag iinit yung adaptor definitely not to order ever again,1,0,0,0,I thought it was original it's not.,,,,,,
299,maganda tingnan pero poor quality masyadong magaan at mabilis malowbat,1,0,0,0,Looks good,but poor quality and quickly drains.,,,,,
300,diko sure kung para saan pa message nila pwede naman mag message sa shopee bago i ship order para siguro makabenta nalang,0,0,0,0,I am not sure what is the message for they can send message at shopee before the item is shipped maybe that's why it just sells,,,,,,
301,now ko lang na kita walang laman un 1 sim 5 order ko scam ka nag babayad kame ng tama god bless na lang sayo,0,0,0,1,Mentions scam,,,,,,
302,honest review kaya pala mura mapapamura kalang din sa inis grabe ang bagal super duper delayed ung galaw ng mouse sa laptop ang ending diko na ginamit sayang pera,1,0,1,0,Mentions mura and bagal galaw,,,,,,
303,i ordered two yung isa okay ung isa hindi hindi rn nagrereply c seller syang pera,0,0,0,1,Hindi nag rereply,,,,,,
304,ka disappoint  bat kitchen tissue dumating  hairclips inorder ko  idk kung nagbabasa or inaayos nyo pagpapack nyo,0,1,0,0,Wrong product,,,,,,
305,ang cute nia pwede na sa price maganda,1,0,1,0,Maganda and mentions price,,,,,,
306,wrong color unresponsive seller i ordered black and they gave me white i messaged her to double check the color since they sent wrong color for my 1st order but still wrong color for my 2nd order walang pasabi walang pasensya na po so disappointing,0,1,0,1,Wrong color and unresponsive seller,,,,,,
307,no pomaiinis ka lang saying ang pera muh kapag bumili ka nito usad pagong ikot ikot lang mahahighblood ka kapag ganurn,1,0,1,0,Saying pera and usad pagong,,,,,,
308,walang kwenta sobrang bilis malowbat wala pa ata 30mins tpos ang ingay ng electric fan para kang may dalang helicopter pero malakas electric fan nya maingay lg talaga sobra tpos super bilig malowbat as in dalawang buong araw ko yan chinarge tpos ambilis nya malowbat,1,0,0,0,Walang kwenta and bilis malowbat,,,,,,
309,ok sana dahil walang sira pero bakit puro bench ang binigay nyu eh diba bench at hm ang order ko palpak si seller,0,1,0,1,Palpak si seller,,,,,,
310,very poor i received defective item pero as you can see pinapa ikot lang ako ni seller walang balak mag refund if willing kayo mag send balik ng item to china then buy and take the risk maganda quality ng sounds on the earbuds pero after 2 minutes nawalan na,1,0,0,1,Defective item and pinapaikot lang ako ni seller,,,,,,
311,sad may flaw yung isang eye glass,1,0,0,0,May flaw,,,,,,
312,malabo  wala pong kwenta ang daming scratches yung lense  hayss sayang pera sana naman please lang find another shop nalang kasi ang daming scratches yung kanila,1,0,1,0,Malabo,scratches,and sayang pera,,,,
313,na disappointed ako dahil sa parang old stock na yung sandals na binigay super dami pa ng dumi tsaka may maliit na scratch hindi na beige yung kulay dahil sa dumi,1,0,0,0,Old stock and dami dumi,,,,,,
314,kung pwede sana na walang star to e white ung inorder ko light gray ang binigay buti sana kung isang piraso lang e 5 piraso un tapos tagal pa magreply ng seller,0,1,0,1,Wrong item,tagal mag reply,,,,,
315,i expect more in this product but its disappoint me the sound is not really good and also hinde umiilaw yung box kaya d ko malaman kung fullcharge na or hindi pa overall this product is not really good for me but if you want to buy it then buy,1,0,0,0,Sound is not really good,,,,,,
316,naorder received ko kaagad kasi nung ginamit ko naman ayos sya though before ko gamitin yung item nakita ko na parang binuksan na yung box like sinenr na sakin ni seller na sira yung box ganon pero di ko pinansin yon kasi gumagana naman ang kaso lang natanggal yung plug,1,0,0,0,Sira yung box and gumagana,,,,,,
317,seller is not cooperative hindi man lang kino consider ang sa side ng buyer never again so disappointing seller is not cooperative hindi man lang kino consider ang sa side ng buyer never again so disappointing,0,0,0,1,Seller is not cooperative,,,,,,
318,ilan araw lng ung cp sira agad ayaw gumana ng keypad at kpag tinatwagan wla mrinigsyang lang peraminessage ko din c seller pero 1 time lang xa ngreply and after non wla na d ko na xa mamessagesna man lang plitan kht ibang item,1,0,1,1,Sira agad,sayang pera,di nag rereply seller,,,,
319,neat maliit lang and manipis ang advertised product is fully automatic umbrella pero manual umbrella pa rin dumating na hype ata masyado itong product kaya daming bumili kahit mali yung dineliver disappointed but cant complain kasi mura lang so i cant expect a lot sana matibay naman maganda color super,1,1,1,0,mali ang dineliver mura lang,,,,,,
320,0 out of 10 010 cute sana kaya lang seller anong gusto mo po gawin namin dito ilaw lang sa gabi susko naman,1,0,0,0,ilaw lang sa gabi,,,,,,
321,kulang ang napadala sa akin minessage ko ang seller gusto bigyan na lang ako ng discount voucher pero need ko pa rin bumili from the same shop husay,0,1,0,1,Kulang ang napadala,,,,,,
322,ang bilis lang sana ng delivery kaso mali naman ung dumating boxer order ko hinfi brief bat naman ganun sino naman sosout neto tapus ang liit pa ng xxl at ang nipis pa ng tela im very disappointe of this,0,1,1,0,Bilis sana delivery kaso mali,,,,,,
323,matagal sya dumating dumating sya nung meron na ako tapos maliit sizes maganda naman quality tas di nakikipag cooperate seller,1,1,0,1,Matagal dumating di nakikipag cooperate,,,,,,
324,parang di naman photochromic anti rad lng naman ata to,1,0,0,0,Parang di naman,,,,,,
325,ok yung packing tas yung lalagyan pero sira yung kanan ng headset d natunog,1,0,0,0,Sira yung headset,,,,,,
326,biglang pumutok bbksan plng nmin request for refund,1,0,0,0,Pumutok,,,,,,
327,super disappointed imagine 17 items inorder ko pero niisa walang tamang scents yung naipadala i contact already the seller pero hindi nagreply ang lala pa kasi nabayaran ko na paano naman yung mga umorder sa akin ano na lang sasabihin ko maliit lang naman tinutubo ko tapos lolokohin nyo pa,0,0,0,1,Hindi nag reply and niloloko,,,,,,
328,wala useless po delivery nyo sobrang liit di po ako baby para mag suot ng ganyan size 40 to size 41 pero bat ganon liit padin,1,0,0,0,Liit,,,,,,
329,bwiset nag avail ako ng box tapos dumating samin wala bara bara ng pagkalagay ng bag over all wag na kayo umorder dito nakakawalan ng gana sayang lang 66 pesos ko punyenta,0,0,1,0,Sayang 66 pesos,,,,,,
330,hindi magamit hindi kasya sa kalan nag chat aqo sa seller na kung pwede ibalik hindi nmn nag rereply sayang lang pera ko,1,0,1,1,Hindi nag rereply and sayang lang pera ko,,,,,,
331,kung pwede lng no star nlng kase dissapointed ako mgkaiba ng size pinadala nyo buti nlng kaliwa at kanan pero yung size isang 6 at 7 hndi n halata kpg sinuot kaya pala mura,1,0,1,0,Dissapointed and mura,,,,,,
332,mali ang nasa description  10 meters daw pero ang binibigay 5 to 6 meters lang sinubukan ko umorder ulit at para maisabay nila yung kulang sa unang order ganun pa din ang sumunod na binigay wag niyo lokohin mga buyer niyo,1,0,0,0,Mali description and lokohin,,,,,,
333,poor white yung binili ko pang regalo to kaso mukhang gamit na medyo madumi tapps may mga scratches ng kuko,1,0,0,0,Mukhang gamit na and madumi,,,,,,
334,excited akong hinintay yung item tas dadating ng incomplete nakakadisappoint but its ok next time kindly check your items before sending it,0,1,0,0,Incomplete,,,,,,
335,ok nmn ang productand di ok is i ordered 2l but ang dumating is 11l only and also iba ang design even ang colour nya excited panaman ako dahil natagalan din sya dumating but then mali pala ang umasamasasaktan ka lang,1,1,0,0,Mali ang dumating and natagalan dumating,,,,,,
336,may mga punit yung bra huhuhuh i hope next time na magbibigay kayo ng mga items check it first kase mapapa never again mga customer sainyo hahahahah,1,0,0,0,Punit yung bra,,,,,,
337,mali yung size na pinadala wlang coordinate si seller next time kya nga may chat box para mag inform sa customer if may problem sa item hindi yung kayo nag de decide binabayaran nmn yan hindi libre,1,0,0,1,Mali yung size and wlang coordinate,,,,,,
338,kulay gray inorder ko bakit color blue violet to tapos wala pang kasamang mga stickers,0,1,0,0,Wrong color,,,,,,
339,i am so disappointed my order took almost 2 weeks to arrive i ordered 4 tumblers but only received 3 tumblers 1 of the 3 tumblers is broken as seen in the picture they also sent me a wrong color i tried to contact the seller pero walang reply,0,1,0,1,Walang reply and broken,,,,,,
340,dissappointed mali yong pinadala white yung order ko di tuloy natapos yung room ko instead of white gray ang pinadala no seller,0,1,0,0,Mali ang pinadala,,,,,,
341,not a good quality at all di ko nagamit binigay ko nlng sa friend ko pangit sya tlga di matibay ibang iba sa pic nila im just wasting my money sa item na ito,1,0,1,0,Not a good quality and im just wasting my money,,,,,,
342,mali ang kulay wala ung plum red at cherry lang haissssssstttt ung dati ko pinag orderan tama magbigay ng order ung color,0,1,0,0,Mali ang kulay,,,,,,
343,no damage naman pero mali ng kulay ang pinadala at ganyan lang ang pagka package nya color blind ka ba seller o di ka marunong magbasa pala desisyon pede naman mag msg muna kung di available ang color makabenta lang tong mga to,0,1,0,0,Mali ang kulay,,,,,,
344,sng ingay ng fan d mn lng testing before shipout pangrregalo ko p nmn,1,0,0,0,Sobrang ingay ng fan,,,,,,
345,got my oreders sana same color na lang yung tali and fan para mas maganda tignan yun lang ok naman yung item,1,0,0,0,Not same color,,,,,,
346,mystery pouch po order ko di man lang binigyan ng chance to get excited walang mystery na nangyari there was no box item na agad ang bumungad pagkabukas ng parcel haiiizzztttt,0,0,0,0,No aspect,,,,,,
347,okqy i bought size 36 and it was stated thirtysix but size thirtyeight yung laki niya so hindi ko din siya masusuot,1,0,0,0,Size,,,,,,
348,110 wla png 5mins n ginagamit pg uminit n ung motor humihinto n ung suction modew8 ka ulit n lumamig pra gumana ulit anghassle di n ako nagrequest ng returnrefund bka kc lalo lng akong mastress ky seller kc upon reading 1 rates ung iba di n nabalik ung pera,1,0,0,0,Hassle,,,,,,
349,0 nang hihingi shapi evidence pano ko vivideo yung sounds ahhhhhhhahahahh di nga sira physical sirannaman yung sounds hays hirap kabonding bala na kayo jan,1,0,0,0,Sira sounds,,,,,,
350,maganda nmn po sya kaso yung pink ang gulo nang packageng saka subrang tagal dumating piro salamat  maganda tama ang order wla nmn sira nagulo lang sorry 1star lang para saakin,1,1,0,0,Sobrang tagal dumating,,,,,,
351,hindi okay sumabog po yong nabili kong isang itemyong other item sobrang nag iinit naman po akala ko maganda hindi pala,1,0,0,0,Sumabog,,,,,,
352,ang pangit ng glasses wag kayo bumili madali sya masira at napaka nipis nya at ang screen pangit nag mumukhang yellow at natatangal sya at plastic lang siya basta ang pngit promise wag kayo bumili please lang please lang wtf,1,0,0,0,Ang pangit ng glasses,,,,,,
353,ang tagal nya uminit kahit naka max nailang minutes nako nagpapainit non ganon paren tempereture di sya umuunit slight lng,1,0,0,0,Ang tagal uminit,,,,,,
354,hindi sya photochromic it doesnt changed its color when it faced direct sunlight not worth it,1,0,1,0,Not worth it,,,,,,
355,bakit iba po ang pina dala nyo sa inorder ko nag chat po ako sa iyo na my order po yan sana po pag wlang stocks nag inform po kaagad kayo diba po nag negusyo po kayo same din po tayo oh sapalagay nyo po kukunin to ni customer kasi,0,1,0,0,Iba po pinadala,,,,,,
356,ang panget po sira sira ska namumuti ung black paperpoor,1,0,0,0,Sira sira,,,,,,
357,light colors binigay skin ni seller maganda sana yung panty shorts eh kaso no response si seller kahit nag leave na ako nga message dark colora gustoko pero light colora binigay nyu hahays,1,0,0,1,No response si seller,,,,,,
358,mabilis maship naman yung item pero yung mask manipis at may maamoy na plastic diko nirerecommend to para sa references po  sayang lang tsaka yung slipper wrong design ed po yung pink  okay lang yung price sa quality ng slippers pero yung mask hindi,1,1,1,0,Maamoy na plastic and ok yung price,,,,,,
359,kulang yung item na pinadala sakin wala ung toothbrush sterilizer i was about to message the seller pero pag view ko ng profile niya there is no chat button i found a way to message her pero wala silang sagot kahit isa,0,1,0,1,Wala silang sagot and kulang,,,,,,
360,4 not satisfied sa product kasi hindi naman nagtatgal sa lips nakukuwarin agad akala ko tumatagal,1,0,0,0,Hindi nagtatagal,,,,,,
361,xx eedit ko to sakali mag reply ang seller pinalitan ung mga micro sim ng inorder ko 3pcs pa nmn  hnd po biro ung halaga nun  ps hnd ako mkaadd ng pic at vid mtgal mag submit,0,0,0,1,Pinalitan,,,,,,
362,walang sira naman nung dumating kahit hindi naka bubble wrap i tried ng ilang weeks muna bago maglagay ng ratings mabilis malowbat hindi siya tatagal for one day after 1hr of use lowbat na agad nung bagong dating lang din malakas yung hangin niya,1,1,0,0,Mabilis malowbat and walang sira,,,,,,
363,hays fake di nmn cya mkapet sa labi nattanggal din di cya original n lip balm,1,0,0,0,Fake,,,,,,
364,so dissappinted pang gift ko pa naman un tapos nakalagay sa box damage tapos ang ingay ng tunog di pala kau legit na shop di maayos ang product nyo,1,0,0,0,Damage and maingay,,,,,,
365,naka balot nga pero basang basa  inopen ko yung wee tissue parang tinubigan kaya ngleak ng ganunat ngpunit punit,0,1,0,0,Basang basa,,,,,,
366,grabe naman po kayo super bilis ma lowbat ng battery or sadyang sira lang yung battery na nabigay sakin sana pwedeng ibalik yung item,1,0,0,0,Sadyang sira,,,,,,
367,sa wakas narcv koh n dn ang orders koh thank you seller,0,1,0,0,No aspect but narcv,,,,,,
368,i ordered 3 items kaso wla ang isa hnd mn lang ako minessage ng seller na wla ang isang item or even asked me f ok lng palitan ang item na wla nakakadismaya pero ok lang dahil dumatung nmn ang dalawa,0,1,0,0,No aspect,,,,,,
369,magaganda po yung mga quality nang items ditosobrang sulit tlaga dito bumili thank you pokaya lng umabot xa nang lagpas 2 weeks bago dumatng maganda sana if s jt xpress nlng pinadala,1,1,0,0,Sulit and umabot xa nang lagpas 2 weeks,,,,,,
370,simple request not granted 1 pink 1 violet lang di pa mapagbigyan,0,0,0,0,No aspect,,,,,,
371,bokya to sakin nakakainis ayaw pa mag reply nang seller may defect pa ang headset d pa sabay malobat ayaw pa umandar pariho,1,0,0,1,Ayaw pa mag reply,,,,,,
372,dpt nga zero star ayaw lang mag sero pangit ang pag ka leader ng bag at hnde matibay ang sbitan ng bag bago nyo ibigay check nyo muna ayan rejeck pa ang binigay nyo wag kau oorder ng bag nila ang pangit at agad nasisira ang sbitan ng bg sobrang,1,0,0,0,Pangit,,,,,,
373,hindi nagana yung order ko hindi nagana yung mouthpiece nia pag may kacall ako hindi nia naririnig,1,0,0,0,Hindi nagana,,,,,,
374,i ordered color white and pink pero ang dumating green and pink hindi man lang nag inform si seller na ibang color ang ipapadala wala din bubble wrap ung item kaya yupi din ang box ng dumating,0,1,0,0,Wrong color and yupi,,,,,,
375,bibili ako around 100pcs to 500pcs ang tagal sumagot sabog kausap yung chat support nila,0,0,0,1,Ang tagal sumagot,,,,,,
376,nag order nga ako ng dalawa para different ang item pero pinackage lang sa iisa im not really required you to buy this sayang sa pera promise,0,0,1,0,Sayang sa pera,,,,,,
377,kulang yung pinadala ni seller next time po gawa ka ng list tas chekan mo po bago ilagay sa package ganun yung ibang seller i tas papdala din nila yung check list pero ayos lang po baka sticky note lang naman ang kulang,0,1,0,0,No aspect,,,,,,
378,fake fake po ito sorry po sinasabi kolang totoo ibang iba sa original walang cooling effectparang krayola na tinunaw lang,1,0,0,0,Fake,,,,,,
379,2 items in inorder ko pero ito lang nareceive ko sana maging aware din kayo na iniexpect din namin yong missing item,0,1,0,0,Missing item,,,,,,
380,dont buy anything from this shop the quality is the worst parang nagsuot ka ng papel de hapon and worst kulang pa yung item na ibibigay sayo that cause hassle for you and inconvenience kaya wag kayong bibili na dito dont recommend it may ibang shop na matino dont but,1,0,0,0,Worst quality and kulang pa,,,,,,
381,bad seller nag message ako jan sayo paki reply naman hu bigla lang kasi itong nag power off pero di namn lowbat tapos hindi na ma charge at hindi na ma open sana gawan nyo po ito nang action wala pa itong 1week nabasa ko sa description may 1month warranty,1,0,0,1,Bad seller,,,,,,
382,good purple po order ko kulay pink po yung dumating pero sulit nmn dahil affordable lng,0,1,1,0,Sulit nmn dahil affordable,,,,,,
383,napaka unsatisfying ng product niyo lalo na ung mystery box sana di na lang ako bumili sainyo,1,0,0,0,Unsatisfying product,,,,,,
384,na received ko na pero wala yung sinasabi niyong glue  gift,0,1,0,0,Wala,,,,,,
385,sabi ko kay seller na mali pinadala wala man lang action kulet mo seller pagdating dto nagchat agad ako kaloka ka mas makapal p mukha ni seller sa tsinelas sa true lang,0,0,0,1,Wala man lang action,,,,,,
386,nakakasad lang kasi mali ang kulay na dumating white ang order ko kasi favorite color ko kaso black ang dumating sana next time po check nyo yung items,0,1,0,0,Mali ang kulay,,,,,,
387,poor ang pangit ng packaging alam naman ng seller na babasagin ang gamit bakit hindi binalot ng selopin na makapal at isa pa ung na click ko ung crack screen protection nag charge agad ng 200 pero hindi ko alam kung bakit wala akong makita,0,1,0,0,Pangit ng packaging,,,,,,
388,hndi tugma sa kinuha namin purpleblack order ko ang dumating black bago kayo mag order i confirm nyu sa seller kase hndi sila susunod sa gusto nyu yun lang pis awt awit sa seller mabilis naman dumatin yun lang ang maganda,0,1,0,0,Hindi tugma,,,,,,
389,sayang pera amoy plastic poor quality,1,0,1,0,Sayang pera amoy plastic,,,,,,
390,okay sanakaso kulang pinadala nilang itemssb ko pa double check ehhd cguro binasa ng ayoshaynako,0,1,0,0,Kulang pinadala,,,,,,
391,akala kopa naman magic lip balm di pala  para siyang matte at walang naiiwan na stain pag binura asan yung magic dun  dami kopa naman binili nakakadry pa ng lips,1,0,0,0,Akala kopa naman magic lip balm,,,,,,
392,manipis sakto lang din sa price sayang triny ng asawa ko isuot sakto lang sa kanya kaso nung itry niya yung zipper sira pala natanggal din yung zipper pero thank you pa din,1,0,1,0,Sakto lang din sa price sayang,,,,,,
393,sira po yong pinadala yong mystery item nagmessage ako pero walang response sana naman cheneck muna bago iship,1,0,0,1,Walang response and sira,,,,,,
394,bakit order ko 2 litters na color gray black binigay nyo 1litter na color blue,0,1,0,0,Mali ang kulay,,,,,,
395,naship agad malambot naman but ung sides ng slippers pataas and not comfy for me kapag nilalakad tumatama sa big toe ung strap and medyo masakit sakin pero okay na since it is cheap i guess you get what you paid for,1,1,1,0,Okay na since it is cheap,,,,,,
396,may pag ka oily base thank u po s shopee at kay sellerpati rin s nagdliverngustuhan ng anak ko itonbabanguhan ciaang wla lng tlgang amoy ung inorder kokya d n ako omorder ng pbngo d2 s shop nila,1,0,0,0,Walang amoy,,,,,,
397,not good kulang nang isang item order parcel nakaka disappointed talaga,0,1,0,0,Kulang nang isang item,,,,,,
398,dumating ng buo kaso naging christmas light kumukurap kurap masaket sa mata pano to magagamet ng maayos paki ayos nmn po yung packaging siguro na alog sya or sadyang sira na yung bumbilya nya sa loob,1,1,0,0,Sira na yung bumbilya nya sa loob,,,,,,
399,010 super ingay nung neck fan pero super hina ng lumalabas na hangin hindi rin gumagana left side ng fan,1,0,0,0,Super ingay,,,,,,
400,white yung pinaka hindi magandang kulay dahil kitangkita yung detachable foam mukang maganda yung bra sa photo pero sa personal di mo siya kayang suotin ng yun lang para pang gym mukang joke yung bralette,1,0,0,0,Mukhang joke,,,,,,
401,huhu maling shade po nabigay nyo excited pa naman ako na dumating to,0,1,0,0,"Wrong color received, indicates delivery issue (related to order accuracy).",,,,,,
402,sira agad kahit 3 time ko pang nagamit sobrang nakakainis gusto ko pa namannnn yunh color huhuhuhuhu sana mapalitann huhuhu dont know,1,0,0,0,"Product broke quickly, indicating a quality issue.",,,,,,
403,wag kayo bibili sa shop na to di matino seller nag sesend ng items na di naman yon ang order tapos pag nag ask ka for refund papabayaran pa yung maling utem na sinend nya almost 700 pesos item very disappointed,0,0,0,1,"Negative feedback about seller's behavior, sending wrong items and poor refund process.",,,,,,
404,waste of time if magrereturn pa,0,0,0,0,Implies a negative experience but lacks specific aspect; returning an item is generally related to delivery (return process).,,,,,,
405,poor quality blue un order ko black binigay nyo sira p un dlwa sayang ang peratas un pink luma n,1,0,1,0,"Multiple issues: Poor quality, wrong color, damaged product, and a waste of money.",,,,,,
406,ang tagal rin dumating neto 33 ko pa inorder tas ngayon lang dumating tyaka pangit my damage sya sa bandang gilidran tyaka at a front dinn ayoko na ulit mag order sa shop neto kahit mora pangit naman nung quality sana naman seller tingnan nyo muna bago ipa deliver,1,1,0,0,"Multiple issues: Late delivery, poor quality, and damaged product.",,,,,,
407,mukha bang yeezy slides ba yan awit sa seller,1,0,0,0,"Comment on the product appearance, indicating a quality issue, with a slight negative sentiment towards the seller.",,,,,,
408,violet order pink dumating isa sira pa,1,1,0,0,Multiple issues: Wrong color and damaged product.,,,,,,
409,1 item not the color that i ordered one item is not what i ordered and gusto ni seller ireceived ko nlng at click delivered ang maling item returning the item is a big hassle hndi na uulit,0,1,0,1,"Multiple delivery issues (wrong item, wrong color) and negative seller behavior (wanting confirmation despite errors).",,,,,,
410,wala ung unang picture un sau pond ko gusto ang amoymabango p ang cologne na tag 15pesos ung 2nd photo un sa ibang shop ko binili my hawig sa orig ang amoy pro tong sau seller manlng kaht konting amoysayang,1,0,0,0,Comparing the product to something else because the smell/scent is missing or bad.,,,,,,
411,010 weak maganda reviews nya pero reality it doesnt work pero maybe panget lang yung nabigay sakin pero it doesnt work talaga,1,0,0,0,"Product doesn't work, indicating a quality issue despite good reviews (potential false advertising).",,,,,,
412,look is deceiving talaga iba sya sa picture sa actual na slippers ka sad sa picture may logo ng adidas ng dumating wala na scam na naman ako sa shopee,1,0,0,0,"Product appearance differs from the picture, feels like a scam.",,,,,,
413,not working tas matagal pa second order koto pero bat naman ganon,1,0,0,0,"Product not working and previous orders are also experiencing issues, which implies product.",,,,,,
414,scam sira yung product defective,1,0,0,0,Product is defective and it's being consider a scam,,,,,,
415,scammer ampt blush on inorder ko tsaka make up brush set ang binigay lang set ng make up brush binayaran ng buo binigay kulang,0,1,0,1,Item is incomplete being scam,,,,,,
416,thin hays  kulang ng 10pcs order ko nag payment first pa naman ako tapos ng chat kay seller na please double count my items  at eto na  naipadala na dito sa cebu pero kulang  sakto naman binayad ko tapos nauna pa yong bayad  pano na,0,1,0,1,Item incomplete with concern to the seller to double count item,,,,,,
417,black red pink kulang yung item,0,1,0,0,Incomplete order,,,,,,
418,fast delivery not true to its sizes 3885 lahat ng orders ko pero yung skin color lang ang fit talaga yung black pwede na yung pink sobrang liit talaga hindi na masuot though ang nakaprint na size is 38 even sa pouch pero mali talaga ang sukat ng mismong product,1,1,0,0,"Fast delivery, but the product size is not accurate.",,,,,,
419,good im not totally sa satisfied because the glue was spill siguro kasi maluwag ang takip neto when i open the box i saw na wala ng natira sa isang bottle ng glue yung dalawa naman is may bawas na maybe natapon din yung laman kasi kalahati na sya,1,0,0,0,Glue spilled or reduce inside.,,,,,,
420,d naman nag bblack kapag nasa arawtsaka d q naman to inorder letche ang pangittt sobraaa,1,1,0,0,"Not the item ordered, does not function as advertised, bad quality.",,,,,,
421,naka disapoint kayu hindi sya maganda nakaka disapoint,1,0,0,0,Does not look good and disappointing,,,,,,
422,nasira agad sya first try palang sa pinsan q haha,1,0,0,0,Item is easy to be broken at first try,,,,,,
423,thin wrong size i ordered xxl but i received medium only tapos yung isang nakalagay na size ginupit pa nga haaays,1,0,0,0,Product is thin and a different size.,,,,,,
424,goods un item accurate ung description  legit at swak sa budget  nag ssend ng picture bago i ship just to be sure na accurate ung item lalo na sa gnyang presyo  very responsive si seller  mabilis at maaus ung shipping  well packaged ang item eto,1,1,1,1,"Good product, legit, affordable, good communication, shipping and service",,,,,,
425,ilang days palang sira na agad hays sana po if you really checked well how about those buyers na they invest trust this kinda disappointing tho,1,0,0,1,Item is easily broken being dissapointed,,,,,,
426,bakit po ganyan lang nung binuksan all white lang po sya please answer po sira po ba,1,0,0,0,Not working and doesn't have a color,,,,,,
427,d nmn ganong epektibo yung product parang laroan lg mabilis masira pag kagamit q natanggal agad then d sya nakakahiya curl maayos,1,0,0,0,Not effective easy to be broken.,,,,,,
428,this is my 4th time buying on this shop and unfortunatelythis is the second time na defective itemlast time crack ringlightngayon naman crack ring light plus loose tripodiba pa yung tip unlike the one i ordered beforethis is too much,1,0,0,0,Defect item being received,,,,,,
429,nascam ako ng shop na ito 2 item order ko isa lang pinadalanag messege ako hindi kau nagreply inipon ipon pa ng dalawa kong anak ung pambili nila ng tsinelas ang ending isa lang pinadala nyo,0,1,0,1,Scam incomplete orders and not being replied,,,,,,
430,sobrang nipis po pala ang bilis mapunit aka ko makapal kase ganun yung sa picture tapos sobrang liit pala tapos yung white wallpaper may damages din po,1,0,0,0,Easy to tear too small has damages,,,,,,
431,1 anonto random scent lg ginagawa nyo hahaha napaka cheap,1,0,0,0,The product has different scent.,,,,,,
432,sobrang maingay nkaka sakit ng ulot sobrang hina din ng hangin sorry po,1,0,0,0,Noisy and weak,,,,,,
433,not good grabe seller nito napaka unresponsive nareciv ko item oct 31 tapos finile ko to return ung item pero hnd pinipick up ni courier puro lang text lahat gnwa q na naka 3 attemptt ako to file the return kaso ayun nga gang 3 file lang pla ng ako,0,0,0,1,Not good seller and unrensponsive,,,,,,
434,poor basang basa pagdating kita nmn sa vid masyadong sininsin pagkakapack di nakakatuwa tagal ko na naorder ng ganto not sure if same seller but this is really dissapointing,1,1,0,0,Product is already wet when it was received and has bad packaging being disappointing,,,,,,
435,panget fake news  plum yung order ko dapat purple yung lalagyanan pero ang dumating color pink then hindi naman long lasting  i am very disappointed tapos wala pa ng spatula,1,0,0,0,product is scam because it wasnt the color being order and its not long lasting,,,,,,
436,thank you poang ganda po ng quality,1,0,0,0,Thank you the quality is good,,,,,,
437,x photos and videos are not related kung hindi mahaba ang pasensya niyo wag na kayo mag order dito kasi its either sira ang item or gumagana lang kapag naka charge will not recommend this shop and i will not order again,1,0,0,0,The product received doesnt work or if it does it needs to be on charger,,,,,,
438,poor maluwag ang charging port low bat madumi muka luma n ang item,1,0,0,0,"The charging port is wide, the battery is low, its dirty and the product is old.",,,,,,
439,wrong color maganda kaso mali yung color black n gray inorder ko colorblind ba yung nag pack,0,1,0,0,The item is the wrong color,,,,,,
440,ang ganda sana for its cheap price kaso mukang luma yung stock yung sakin makikita naman sa pictures na natutuklap na yung sticker sa paanan siguro nabasa pag tuklap ko rin ng sticker may butas sa ilalim,1,0,1,0,For a cheap price the item looks old sticker are removed and has a hole.,,,,,,
441,hnd nmn nagana  hay sayang lang pera ko irrefund ko sana d nmn ako nakpag refund agad gang to rate n pla agad,1,0,1,0,Product doesnt work,,,,,,
442,my son love the item but the lock was already damaged pls see video attached i chat the seller but wala parin response,1,0,0,1,Seller's lack of response,,,,,,
443,ang pangit maliit ung size 9 will not order again,1,0,0,0,The size is small,,,,,,
444,wrong color bingay accept q na lng kc ang hussle ng return process,0,1,0,0,The color received is the wrong,,,,,,
445,item received will test kung okay talaga based on reviews  wasnt able to use the product  not working properly overheat bad customer service with no resolution wasted money,1,0,1,1,Item doesn't work bad customer service.,,,,,,
446,deliver pa kayo ng mga deffective item piso deal nga di nman nagana,1,0,0,0,Deffective item being delivered,,,,,,
447,maganda sya kaso sa size ko na 36 masyadong maliit sya kaya add 1 tapos yung kulay naka note isang 1white at black pero yung dumating same black hayst try kopo mag re order ulit sana sa second time di nako ma disappoint excited pa nman ako sa item thankyou,1,1,0,0,Size is too small and wrong color.,,,,,,
448,baliktad yung bulsa nung gray nasa likod pero sinend parin ni seller kahit na faulty product sya,1,0,0,1,faulty product sinend parin ni seller,,,,,,
449,maganda sana kaso maliit ang mga size nio 40 to41 order ko maliit pa din,1,0,0,0,The size is too small.,,,,,,
450,no quality wrong color i order pink pero white dumating madaling malobat mahina ang hangin in short ang pangit ng items,1,0,0,0,Product is no good,,,,,,
451,post misleading its not a samsung brand battery life last only an hour camera is very poor front camera is sooo dark sayang pera dito,1,0,1,0,product is not a brand of samsung.,,,,,,
452,tagal ko hinintay  i was so excited pero di ung isa hindi gumagana please pakichange po or refund na lang,1,0,0,0,Does not work,,,,,,
453,iba ang texture and ang bigat sa paa scam po to,1,0,0,0,Has different texture and heavy on the feet being called a scam.,,,,,,
454,yung akala mong 3 items worth 350 pero hindi pala maling mali ang advertising nyo paki palitan ang images na ilalagay nyo at iklaro nyo sa mga customer pra wala nang mabiktima,0,0,1,0,Cost 3 item but the advertisement is not the same,,,,,,
455,ibang iba ang itsura sa personal compared sa picture wag pong gumamit ng ibang photos para lang ibenta ang item lalong lalo na po ang brand ng adidas and medjo maliit ang size nia sana nag advice nman c seller na add 1 size man lang sana,1,0,0,0,The product looks different compare to the picture,,,,,,
456,wrong product ibang iba sa pic orange na pala ang bagong grey ngayon so disappointed paki ayos po ahh kaya nga may choices dba,0,1,0,0,The product has the wrong color,,,,,,
457,1 wet siya matagal mag dry at hindi water proof hindi ko gusto ang texture niya,1,0,0,0,Wet does not dry and has different texture.,,,,,,
458,wala sa ayos kausap ibang yung pinadala tapos 2l inorder ko pero binigay nila 1l lang,0,1,0,1,Seller is hard to talk to and item is incomplete.,,,,,,
459,not sure kung anong smell ng perfume toh very disappointed,1,0,0,0,Does not smell,,,,,,
460,iba kulay at swelas nung slippers na dumating maganda naman quality at comfy sa paa pero hindi ganung kulay at itsura inorder ko,1,0,0,0,The color is different.,,,,,,
461,good ang weird baliktad un lens nia ang ganda sana pero bakit baliktad ung lens nia,1,0,0,0,The lense is the wrong way,,,,,,
462,pangilang order q na to sa shop na to pero nadissapoint aq dis time since may leak then sobrang init nung bottle tas di siya mabango nahaluan ng plastik na natunaw,1,0,0,0,The product has a leak is too hot and does not smell,,,,,,
463,i could accept the unsafe packaging  lots of dents in its box but the product didnt even last long enough for me to use it where i bought it for gumana siya nung unang gamit then after malowbat di na nacharge ulit,1,0,0,0,Not lasting because its broken and not charging properly,,,,,,
464,i ordered a black and gray color pero iba na kulay dumating,0,1,0,0,Wrong color being ordered,,,,,,
465,wag kayo mag oder nitto kaka recieve ko lang ayaw umilaw,1,0,0,0,The product doesn't light up,,,,,,
466,maliit ang size l dapat xl kunin mo if 33 size ng hobby mo,1,0,0,0,The product has different size,,,,,,
467,editing my rate from 5 star to 2 star kasi ayaw na nya magwork after 2 days of being used di rin pwede lagyan ng batt kasi wala nmn connector to operate it sa battery ayaw din nya magcharge like 4hours na nkacharge ayaw pa rin sayang nmn ang cute,1,0,1,0,Product not working after two days and not charging.,,,,,,
468,not satisfied expectation vsreality ang peg akala ko malaki laki din yung foam niya pero hindi naman pala pero mura naman kasi yung price kaya given na din siguro na hindi ganun ka ganda yung quality,1,0,1,0,The product is not good being compare to the reality and price is cheap,,,,,,
469,bakit naman po pare parehas ung color buti nalang pla hindi 1 dozen ang order ko,0,1,0,0,All color are the same,,,,,,
470,maganda po sya at mura lang din po maraming salamat po seller,1,0,1,0,The product is good and affordable,,,,,,
471,defective yung product ayaw mag open ng button hindi ko man to magagamit sayang lang pera sana dinouble check nyo muna bago iship,1,0,1,0,Defective product and not working and a waste of money,,,,,,
472,wrong na wrong i needed the 2 liter bottle so i ordered one black kaso mali naman ng pinadala so i need to purchase a new one from other store what a waste of money 2 liters para isang bitbitan na lang sa office enough for my daily water consumption,0,1,1,0,Wrong delivery being a waste of money,,,,,,
473,mali ang kulay na binigay ni seller light pink order ko,0,1,0,0,Wrong color by the seller,,,,,,
474,d nagana pag may calls d ka maritinig ng kausap,1,0,0,0,doesnt work when calls,,,,,,
475,low quality super low quality parang di safe gamitin lip balm,1,0,0,0,Low quality super low quality,,,,,,
476,black yung pinili ko pero white na ship 2star lang kasi mali yung color na pinadala sakin ayusin nyu naman seller pinadala nyu ibang kulay kahit sold sold na yun available parin,0,1,0,0,Wrong color shipped,,,,,,
477,nkakadisapointed ang shop nato i minisage qo na bago aqo ng order mali padin pinadala trubblesome,0,1,0,1,Disappointing shop received the wrong order even though a reminder was sent,,,,,,
478,di mabango pang second bottle ko nato kaso parang mali ata ibang iba sya sa unang order ko,1,0,0,0,Doesnt smell well the second time.,,,,,,
479,product not worth the price super not durable ikakabit ko pa lng phone ko nabasag na sya agad,1,0,1,0,Product is not worth the price.,,,,,,
480,sayang pera ibang iba sa una kong inorder sa shop din na to kung kelan dlwa na ulit inorder ko saka nmn napaka panget anliit anu to pambata  imessage mo yun seller tatawanan ka lngso disappointed,1,0,1,1,Different product being ordered,,,,,,
481,hindi gumagana palpak mahal pa ng bili kulang ng parts late lang rating kasi namatayan kami saka senior may ari ng shopee hindi marunong gumamit,1,1,1,0,The product doesnt work is expansive and is missing items and late for delivery,,,,,,
482,010 nasasayang ako kasi mahal2 ng nabayad ko tas sira sya may missing knot may visible cracked na visible sa front and back nakikita na yung led sa loob yung packaging ang panget napaka unsafe nasira at nabasa tuloy yung item,1,0,1,0,Expensive the item is broken unsafe for packing,,,,,,
483,manipis ang tela at malinaw pag sinuot mo walang naka indicate na size iba iba ang size and cut nya isa lang size binili ko pangit din ng tahi,1,0,0,0,The cloth is thin.,,,,,,
484,caster oil lang dumating walang lip therapy kula g yung item tapos di pa nagrereply si seller,0,1,0,1,"Incomplete item, and seller not replying",,,,,,
485,sa picture colored screen sa actual na bakit black and white screenimmitation lng,1,0,0,0,In the picture has color but on the actual it does,,,,,,
486,walang dumating na item no replies from seller only automated message so disappointed buti na lang cod pero sana huwag kayong ganyan mga paasa,0,1,0,1,There was no product received,,,,,,
487,ang bilis malowbat as in pagkaopen ko turn off agad kahit 5 oras nakacharge tapos yung isang part lang tumutunog awit yun seller tapos halatang nagamit na to eh kase pag open ko ng cushioning bukas yung box hnd nakafull yung plastic cover ng item ano gagawen ko dito,1,0,0,1,The product low bat and already used and doesn't fully cover the item,,,,,,
488,nice items at maganda po salamat shopee,1,0,0,0,Nice item thank you shopee,,,,,,
489,nakakainis lang kasi pangalawang order ko na sa shop na to ng same item okay naman yung una itong pangalawa okay ang packaging pero makikita mo sa picture may sira tatabingi yung isasalang mo next time sana icheck muna yung item bago iship kasi nagbayad naman ng tama ang customer,1,0,0,0,The second time is broken.,,,,,,
490,iba ang na received ko hindi yung tulad na nasa picture scammmm,1,0,0,0,Item receive is a scam because not the same picture,,,,,,
491,order q bumawi lng s mouse pero ung isa malay q kung para san un  mat ata na ewan bsta not useful for me very risky tpos delivery very loud and stressful nagicng sa lkas ng boses,1,1,0,0,Not useful item received and scary delivery,,,,,,
492,it came broken and the seller is unresponsive sayang pera ko,1,0,1,1,Came broken and the seller is irresponsible,,,,,,
493,watery for my preference it doesnt smell good the scent is too sweet as other reviewers say it doesnt smell close to cloud the scent is very nakakasuka pero i think dahil hindi ko lng sya prefer for me it smells sweet and like pawis and rubber idk i cant,1,0,0,0,The product does not smell good,,,,,,
494,not recommended short battery life alam ko 120 lang pero sayang pa din,1,0,1,0,The product doesnt last long and a waste of money,,,,,,
495,not good sa una lang maganda nag order ulit ako 2nd time pangit ang nipis tapos umasa ako baka maganda na kaya nag order ulit ako kaso mas lumala xa wala pakinabang subra nipis na nakaka sugat pa sa baby not good to recommend this shop,1,0,0,0,the product is too thin.,,,,,,
496,not working di po siya makasipsip kahit buhok man lang lol dont waste ur money guys tagal ko pinag isipan bilhin so disappointed,1,0,1,0,The product is not working so dont waste your money.,,,,,,
497,ok naman yung fan kaso green ang order ko white ang dumating sana magtagal thanks po,1,0,0,0,Product is ok and wrong color.,,,,,,
498,di sya mabenta kc ayaw ng costumer ko kc may deffect cra pa charger niya pero ipapaayos ko nlng mabenta pa kahit mura duos pinadala skin akala ko ung samsung na gaya sa pic pero ok naman sya ipapaayos nlng para mabenta  good for its price,1,0,1,0,Product has deffect,,,,,,
499,sobrang tagal mag deliver laging unavailable for pick up not responsive seller,0,1,0,1,Too long to delivery and irresponsive seller.,,,,,,
500,2nd order ko eto kala ko ok parin ang pangalawa si seller di marunong makipag usap di panga na pick up returnrefunds ko sa status completed nadaw mahirap pong hanapin ang pera na binabayad namin sana naman maging makatao kayo eh sira nga pinadla nyo sna palitan nyo kung di,0,0,0,1,Seller does not know how to communicate,,,,,,
501,ndi q nman yan mgamit sayang lng pera q wlang kwenta mystery box nyo,1,0,1,0,Product is useless and a waste of money (walang kwenta,sayang lng pera),so tagged product and price.,,,,
502,not for person in a hurry matigas buksan sobra not recommended,1,0,0,0,Hard to open,refers to product usability.,,,,,
503,not really rhe color ok lang naman ang item walang sir pero mali ang kulay na ibinigay instead white yong inorder ko black yong ibinigayhayst,0,1,0,0,Wrong color,indicates a delivery issue.,,,,,
504,im so disappointed hindi po naka bubble wrap kaya medyo deform po sya,0,1,0,0,Not bubble wrapped,causing deformation,indicates delivery issue.,,,,
505,di ganto order ko 1 litter lang ata to will definitely not order again sa shop na to di din sila nagrereply,1,0,0,1,Wrong order and seller doesn't reply,so delivery and service.,,,,,
506,sira siya pag ino on ko tumutunog parang may naka harang ang ingay pa tapos yung dumating saakin tuping tupi yung box tapos yung neck fan naka buka kitang kita yung mga wire,1,1,0,0,Item is broken and the packaging is damaged,so tagged product and delivery.,,,,,
507,hindi maganda yung quality kasi hindi gumagana yung right bud im not satisfied kasi hindi gumagana yung isa,1,0,0,0,Not working/not good quality,so product.,,,,,
508,not working pag d nkasakska maski na charge na need na nkasaksak para umandar seller should try it first bago e deliverwe are paying for it kaya sana maging fair dn kau hnd ung mnloloko kau para lang kumita isa pang abala sa ngddeliver at sa amin pag bnalik hay,1,0,0,1,Item is not working unless plugged,so product,and seller should have checked,so service.,,,
509,810 okay lang pero nd gnun kakapal ang foam manipis masydo tapos maliit masydo ang unan nd msydo satisfied pero okay nadin kahit papano,1,0,0,0,Too thin and too small,refers to product quality,size.,,,,
510,kalungkot naman to kumuha ako dalawang mystery box na magkaiba ang price hoping maiwasan ang mouse pad parehong mouse pad pa ang natanggap,1,0,0,0,Got two mystery boxes hoping for different items but got the same. Relates to product.,,,,,,
511,manipis yung pinaka foam nya and loose thread yung pinaka garter nya,1,0,0,0,Thin foam and loose thread,so tagged product quality.,,,,,
512,hindi gumagana yung item scamer  wag kayong oorder dto scamer po ito sira po yung item hindi gumagana,1,0,0,1,Item doesn't work and seller is a scammer,so tagged product and service.,,,,,
513,yung plain black talaga order ko tas 2l pero yung dumating color blue tas dipa sya plain and 1l lang nakakalungkot lang talaga yung expectation vs reality pero atleast tumbler parin yung dumating,0,1,0,0,Wrong color and size delivered,related to delivery.,,,,,
514,2 order ko yun isa ok pero yun isa sira yun case charging,1,0,0,0,One of two items is broken,so product,,,,,
515,wrong item recieved ang layo ng order ko sa item na dumating 2l order ko 1l ang pinadala niyo,0,1,0,0,Wrong item delivered,2L ordered but 1L received,delivery issue.,,,,
516,hindi nag charge ang fan ka inis i hope seller notice me,1,0,0,1,Fan doesn't charge,and hoping seller notices,so product and service.,,,,
517,sinabihan ako na scammer eh dami kung binayaran sa shop mo  kahit gusto ko ipa cancel di ko tinuloy dahil naawa ako sau tapos ganyan i cocoment mo sa akin naka upload jan proof na di ako scammer,0,0,0,1,Accused of being a scammer,relates to seller interaction. So service.,,,,,
518,maganda ung item gumagana naman lahat sobrang tagal lang dumating dec24 aq nag check out jan 2 na dumating,0,1,0,0,Item is good,but delivery took too long,delivery aspect.,,,,
519,not good color black yung inorder ko pero coffe dumating,0,1,0,0,Wrong color delivered,so delivery.,,,,,
520,3 inorder q for 31000 pero nung dumating ung parcel 1 lang ang laman wag basta basta maniwala at magtiwala sa mga scammer,0,1,0,1,Ordered 3 items but only 1 arrived,and warns of scammers,so delivery and service.,,,,
521,bogus walang dumating na item kulang pinadala nyo na item bs nagbayad ng husto yong tao tapos kulang ipapadala nyo bastos na seller,0,1,0,1,Item did not arrive or incomplete,and seller is rude,so delivery and service.,,,,
522,maganda naman yung nails kaso puro tuyo ang mga glue so pano to ididikit,1,0,0,0,Glue is dried up,relates to product quality.,,,,,
523,sira ang items sana sinubukan nyo muna bago nyo pinadala dna ako oorder ule a inyo,1,0,0,1,Items broken,should have checked before sending,so tagged product and service.,,,,
524,mabango sa unaparang 1min wala ng amoy tssssk scamm matagal na nag titinda mama ko pabangong ganito eh mas more on alcohol to not recommend do not buy here,1,0,0,0,Scent disappears quickly,too much alcohol,so related to product.,,,,
525,please stop selling deffective items hindi naman nmin pinupulot ung pera then c seller di rin maayos magresponse do not buy from this shop kung ayaw nyo magsisi,1,0,0,1,Defective items and seller doesn't respond well,so tagged product and service.,,,,,
526,will never order again magkaiba ang sinend na sandals panget pa ng packaging yupiyupi,0,1,0,0,Wrong sandals sent,and bad packaging,so delivery.,,,,
527,sobrang bilis malowbat in just 20 minutes of using it lowbat na agad,1,0,0,0,Battery drains too quickly,so tagged product.,,,,,
528,as expected parang yung tig 50 lang na nabili sa palengke hindi din sya photochromic not sure kung anti rad siya kasi using this while dling my computer job wala pa naman akong nakitang difference,1,0,0,0,Not as described/photochromic,so product.,,,,,
529,thank you sa napakagandang product niyo ang saya saya ko worth it ang bayad oorder ako ulit bukas ng sampu christmas gift ko sayo in advance basag yung ring light kulang yung parts lumihis yung isang part ng stand ang pangit pa ng packaging butas at pitpit yung kahon,1,1,1,0,Broken ring light,missing parts and bad packaging,so tagged product,delivery,and price (worth it ang bayad).,,
530,hinde maganda ang quality at ang sabi may lagayan ng sim wala nman palasaka madaling m lowbatat madaling ma full din tssssk umayos kayu mag benta dahil binabayaran kayo ng ma ayos,1,0,0,0,Bad quality,no sim slot,so product.,,,,
531,ang bobo naman di alam ang color black bakit nman ibang kulay binigay nio sa order ko kaka disappoint di man ako naabisuhan  di ko pa nakabit sana ok sya,0,1,0,0,Wrong color delivered and not notified,so delivery.,,,,,
532,not good madali lang po masira twice lang nagamit sira na kaagad,1,0,0,0,Breaks easily after only two uses,relates to product quality.,,,,,
533,pang boy po inorder ko di po ba kayo nakakaintindi ang simple lang po ng sinabi ko hirap talaga pag tanga tangahan yung seller lagi nag aadjust customer,0,0,0,1,Seller can't understand the simple order and customer is always adjusting,so service.,,,,,
534,not good tiningnan nyo sana ng mabuti kung okay ba yong item na bininta nyo malayo po ako sa bayan para pumunta sa jt office please naman help me na maibalik ito sa sa inyo para masauli yong pero na ibinayad ko,1,0,0,1,Item is not good and seller should have checked,so tagged product and service.,,,,,
535,damage pinadala naka plastik lng wla buble wrapper tas ang gaspang ng bottle hayysss dami ko naorder mali pa damage pa,1,1,0,0,Damaged,not bubble wrapped and rough bottle,so tagged product and delivery.,,,,
536,wrong item ang pinadala imbes na light grey dark grey pinadala tapos sabi new stock daw pero halata naman na dark grey kasi nagtry ako magorder sa ibang store ng dark grey ganun nga ang kulay gaya ng pinadala ng shop na to tapos maiksi pa at medyo maliit compare,0,1,0,0,Wrong item,color sent and is short/small,relates to delivery.,,,,
537,incomplete sila magpadala ng orders then ang siste need mo umorder ulit para maipadala yung kulang nung unang order mo then di naman nila pinaliwanag ng maayos na need mag message para masabay yung kulang na order mo nagorder nga ko ulit 1 pair pero wala di pa din naman,0,1,0,1,Incomplete order and needs to order again and messaging process not explained well,so delivery and service.,,,,,
538,610 ok naman yung una ko noong order actually pangalawang order kona to pero pag tingin ko parang nabawasan at hindi pantay pagkakagunting sa una,1,0,0,0,Seems reduced and uneven cut,so product,,,,,
539,item is different from the picture im so disappointed expectations vs reality talaga ang nangyari wont order again from this shop bye judge nyo nalang nasa pic and from pic nila,1,0,0,0,Item is different from picture,so product.,,,,,
540,scam scam  scam i ordered 3 items pero dalawa lang dumating 10 days pa bago dumating i am very disappointed,0,1,0,1,Ordered 3 items but only 2 arrived and took 10 days,so delivery and a scam,so service.,,,,
541,no good ang layo sa picture talagaa pang cr tong gantong tsenilas,1,0,0,0,Not good and far from the picture,so tagged product.,,,,,
542,i dont mind the bad packaging bukas at butas yung box ng heels pero next time sana tama yung kulay na ibibigay nyo i asked for white you gave ne purple sandals poor and shitty experience you have boooo wag kayo bumili here,0,1,0,0,Damaged packaging and wrong color,so delivery.,,,,,
543,yng items po na isa may mga bakbak posana po sa sunod paki check yng mga items bago ipa ship makikita nyo sa video,1,0,0,1,Some items have dents and should be checked before shipping,so product and service.,,,,,
544,shop na ang benta e walang kwenta hmn magamit ang wall paper dahil walang dikit mga bwisit kayomanloloko sayang lang pera ko sa inyomali na nga pinadala hnd pa nadikitmagsara na kayo,1,0,1,1,Shop sells worthless items,can't use wallpaper because not sticky and wrong order,so tagged product,price,and service.,,
545,black and pink ang inorder ko tapos pink lang ang dumating,0,1,0,0,Black and pink ordered but only pink came,so delivery.,,,,,
546,idk hindi naman 10meters yung roll e umay,1,0,0,0,Not 10 meters,so product,,,,,
547,subpar quality mishandled item may dent sa gitna butas na yung kahon before nila bubble wrap ibig sabihin alam nila na may tama yung item pang regalo pa naman,1,1,0,0,Bad quality,mishandled,dented,and box damaged,so tagged product and delivery.,,
548,damage item and poor customer service fragile item but packaging is so poor that it caused the ring light to be broken upon receipt bubble wrap is thin and already popped raised the issue to the seller but they insist that the product is working naman ayaw magrefundreturn see vid,1,1,0,1,Damaged item,poor customer service,fragile item,bad packaging. All aspects covered.,,,
549,may butas yung parcel wala manlang bubble wrap so hindi secured yung items kulang pa pinadala jusko walang eyelash curler nagbayad naman ng buo pero kulang pinadala neveragain notrecommended,0,1,0,0,Parcel has a hole,no bubble wrap,items incomplete. All delivery related.,,,,
550,dalwa inorder ko pero yung isa hindi nagana i want refund,1,0,0,0,One of two items is not working,so tagged product.,,,,,
551,walang mic for listening lang talaga,1,0,0,0,Has no mic,so product,,,,,
552,di ko ineexpect na ganto ang amoy sabi kase eto mabango wag talagang bibili ng mura mapapamura ka din sa kalalabasan,1,0,1,0,Unexpected smell and cheap,so product and price.,,,,,
553,sira after 1 week working naman kaso 1 week lang sira na,1,0,0,0,Broken after 1 week,so product.,,,,,
554,poor performance is poor product quality is very poor then madaling mag lowbat and matagal mag charge on and off pa when u charge it 100 no good,1,0,0,0,Poor performance and product quality,battery drains quickly and slow charge,relates to product.,,,,
555,incomplete items nghiram na lang kami ng charger and so far gumana naman sya tinanggal ko na din yung request for return since gustong gusto tlga sya ng anak koand pra hindi na ako maabalabut please next time paki check muna yung item before nyo ipack bbli pa tuloy kami ng charger,0,1,0,1,Incomplete items,borrowed charger,and check the item before packing,so delivery and service.,,,
556,bad im sorry but im an unsatisfied costumer di nagana ung charger and pag tapos nun di na sya nailaw  wasnt sailed safely,1,0,0,0,Charger not working,and no longer lights up,so product.,,,,
557,very poor quality kaya very mura kasi very poor ang quality dapat wala n lang strap,1,0,1,0,Very poor quality but cheap and missing strap,so product and price.,,,,,
558,yukot yukot halatang walang pakialam sa satisfaction ng customer kayo kayo lang ata nagpopost dito ng good review basta makapagbenta lang paano babalik ang consumer,0,0,0,1,No care to customer satisfaction and seller is only concerned with selling,so service.,,,,,
559,manipis siya pero okay lang thank you,1,0,0,0,It's thin but okay,so product.,,,,,
560,maganda sana sya kaso kulang nag 10pcs ang pinadala ng seller  verry disssapointed,0,1,0,0,Missing items,so delivery.,,,,,
561,far from the size 36 tag 38 nope 27 inches lng nag try lang ako bumili kaya 2pcs lng binili ko pero no way na uulitin pa,1,0,0,0,Far from the size indicated,so product.,,,,,
562,very low ung nagbayad ka ng tama kaso ang wall sticker na binigay wla ng dikit tapos manipis pa,1,0,0,0,Low quality,not sticky,and thin,so product.,,,
563,okay naman yung sapatos maganda kaso 5 days bago i ship out ang tagal na non pero hindi na package ng maayos nasa box lang sya tapos yung mismong plastic na pag dating sakin wasak wasak na yung box 14 days din bago dumating,0,1,0,0,Delayed shipping and packaging damaged. delivery.,,,,,,
564,maling size wag kyong bumili dito sinayang lang pera ko anlinaw ng order ko size 28 pero ang pinadala paden size 24 pano masusuot ng anak ko to ang hirap na nga kumita ng pera pambili makakatapat kapa ng gantong seller,0,1,0,0,Wrong size and wasted money,delivery.,,,,,
565,ok po ang product kaya lng ang shopee delivery express delivery man ay hindi maingat sa pagkarga ng produkto walang fragile na nakalagay sa labas the way na kinarga ang product is 1 hand lng hindi sya worth it sa binayad na shipping fee kasi trusted ang company na makadeliver,1,1,0,0,Delivery man isn't careful and no fragile sticker,delivery. Ok product so also product,,,,,
566,hndi ko na tanggapsana ma bigyn ng action yung mga driver n tinitake advantage yung parcel na maliit yung halaga kasi binabayaran nila at kinukuha my proof of picture ng delivery pero hndi ko namn na kuhasaan mo bingay kuyashout out po sa driver kung cnu kamn tutana jade cyrus,0,0,0,1,Driver is taking advantage of small-value parcels,so service.,,,,,
567,ito sya oil based pwede na rin hindi nga lang long lasting,1,0,0,0,Oil based and not long lasting,so product.,,,,,
568,mali po yung binigay boxer po yung order at panty short ang dumating panty saka brief lahat i will not recommend this seller malimali talaga yung binigay sayang yung pera d ko magaga gamit to,0,1,0,0,Wrong item and not recommend seller delivery,,,,,,
569,100 so far this is my second order dahil napa dami ng order nagkanda gasgas dahil pinag isa ng balotim so disappointed po kasi puro gasgas na,1,0,0,0,Second order and many scratches because packed together,so product.,,,,,
570,madali ma empty batt,1,0,0,0,Battery empties quickly,so product,,,,,
571,ok sana kaya lang kulang ng 2 usb adapters the seller was not responsive never order again,0,1,0,1,Missing items and the seller wasn't responsive.,,,,,,
572,good maganda sya waterprof kaso mali yung binigay saakin kasi brown black dapat,1,0,0,0,Waterproof but wrong color sent,so product.,,,,,
573,yung pinakapili mo tas iba padin ibibigay sayo na kulay kyng ano pa pinaka ayaw ko mapeperwisyo lang ako kung rerefund ko pa to i do not recommend shops na nagbibigay ng maling order sana sabihin kung walang stock bago irelease bad service,0,1,0,1,Wrong color given and bad service,delivery and service,,,,,
574,ano ba nmn to seller baliktad yung salamin pano ko to magagamit bago sana kayo mag padala i check nyo namn,1,0,0,1,Glasses are upside down,so product and should be checked before sending,service,,,,
575,sira naman to salamin lang magagamit di pwede lagyan ng battery di pwede icharge kasi sira din need refund plss,1,0,0,0,Broken and cannot be charged,product.,,,,,
576,ok ok lng kung d masyadong curly ang hair mo magstraight talaga sya tapos yung heat nya d masyado kaya matagal magstraight,1,0,0,0,Ok if hair not curly but low heat so long straighten product,,,,,,
577,ok received products but not the one i ordered pang gift ko sa niece ko yun kaya yung nasa picture na may stickers ang inorder ko pero iba ang ipinadala si seller first time to order in this shop pero nakaka disappoint,0,1,0,0,Received products but not the ones ordered delivery,,,,,,
578,ok nmn pero sira yung isang led light strip na na tagap ko tas yung manong driver masungit nakaka inis dischashtinngsheet,1,0,0,1,One LED light strip broken,and the driver is rude,product and service,,,,
579,good yung usb charger hindi siya kasyaiba naman ang inilagay na charger but anayway maganda rin manan,1,0,0,0,Good but the USB charger is not compatible,product,,,,,
580,nadismaya ako sa earbuds kase malaki tas lagi nalalaglag sa tenga ko,1,0,0,0,Disappointed in the earbuds because they are big and always fall out of the ear product,,,,,,
581,sayang pera sana tinest muna bago pinadala kaya ko pa naman binili dahil sa bluetooth clicker hindi naman pala gumagana hahahahahaha,1,0,1,1,Waste of money and should have tested before sending,product,price,service,,,
582,wala pang 5meters yun dinideliver 3meters lang nag chachat ako sa seller hindi nag rereply,1,0,0,1,Less than 5 meters delivered,only 3 meters,and seller doesn't reply,product,service,,
583,not same quality as before plastic na sya at madaling mabali tumutungo kusa paktay na cable is so short tt sa jt hwag sinungaling sa pagtag ng delivery status its very unfair to us buyers that you blame us for failing to deliver the item twice happened to me reported,1,0,0,1,Not the same quality and cable is too short. service and product,,,,,,
584,small size ang tsinelas add 2 size s original size,1,0,0,0,Small size add 2 size original,product,,,,,
585,got my order nakaka disappoint lang kasi basag yun light sana next time paka ayos ang packaging,1,1,0,0,Light broken and packaging needs improvement,product and delivery.,,,,,
586,okay lng nkaka disappoint lng kc nkabalot lng sya sa plastic like hello  gagamitin ng baby yun sna yung maayos na pagka pack hndi yung ibinalot lng sa plastic,0,1,0,0,Packaging only in plastic,should have packed properly for baby use,delivery,,,,
587,thank you pa din seller hihihikaloka lang po nd po ako nainform ramdom po pala item nyo iba iba po kc dumating isa lang tumama pero kulang nmn po isa atleast nagtry lang muna mag order sa shop nyo hahaha dalamalala,0,1,0,1,Not informed that items are random and missing one item. delivery,service,,,,,
588,nasira agad defective item,1,0,0,0,Broken immediately so defective,product,,,,,
589,very dissapointed iba ang style ng order ko pero iba ang dumating ano nangyari hays anywayscompy naman syamalamang ibigay ko na lang sa alalay ko salamat sa kuya ridersalamat shopee,0,1,0,0,Different style than ordered delivery,,,,,,
590,mabilis nmn shipping kaso mali nmn size nung gray matanggap ko pa kung wrong color ehpero wrong size pano nmn isusuot dibasaktong sakto lng xxl eh nakakalungkot tlga sayang lng,0,1,0,0,Fast shipping but wrong size delivered delivery,,,,,,
591,maganda and mura magaan sya gamitin excellent quality very accommodating seller,1,0,1,1,Good and cheap,lightweight,good quality and seller is accommodating product,price,service,,
592,napaka layo ng itsura sa personal bogus na seller nagbabayad sa inyo ng ayos e puro kakupalan ginagawa nyo sa customer nyo,1,0,0,1,Far from the appearance,bogus seller,and bad actions towards customer product,service,,,
593,poor i followed the instruction written on the box almost 30 minutes na nga nakababad yung filter with essential oil kaso defective talaga ang product na binigay nyo working lang yung ilaw,1,0,0,0,Followed instructions but product is defective and only light works product,,,,,,
594,di gumagana yung remote control,1,0,0,0,Remote control not working product,,,,,,
595,manipis po siya and di po siya 10 meters gaya nung sabi ni seller 65 m or less po siya 21 feet or less di maganda yung wall ko kaya di siya dumikit ng maayos may bakobako,1,0,0,0,Thin and not 10 meters like the seller said product,,,,,,
596,wrong item delivered seller doesnt send a pic of the item first before shipping it out 99 pesos lang pinagpalit sa pangit na rating at review ng shop hayys sana di bumalik sa inyo mga pinaggagawa niyo,0,1,0,1,Wrong item delivered and seller doesn't send a pic of the item first delivery,service,,,,,
597,basag ang panel panu naman kasi nilalagay ang product sa loob ng other item fix your packaging style rineremejuhan nalang para magamit,1,1,0,0,Panel broken and fix the packaging style product,delivery,,,,,
598,parang alcohol lang siya and sobrang tapang ng amoy diko bet seller hope na maayos yung formula ng scent niyo,1,0,0,1,Smells like alcohol and too strong product,service,,,,,
599,maganda ung design kaso maliit pala ung item hndi pala malaki sa personal super disappointed,1,0,0,0,Good design but the item is small product,,,,,,
600,not good sira yung binigay nyo umiilaw lng bulok scammer kayo,1,0,0,1,Not good,broken and a scammer product,service,,,,
601,sapat lang may lag pa din minsan lalo na ung th40 pang movie and music sapat lng din not recommending the item to others prompts are in chinese so i dont understand what it is well china products naman siya so what to expect however may mga china products naman,1,0,0,0,Product performance feedback.,,,,,,
602,some parts are missing like my brush and the rider didnt know how to return the change lol that busty rider feeling gwapo need to educate jusqo its not fair,0,0,0,1,Issue with missing items and negative feedback on the rider.,,,,,,
603,anlayo sa pic sayang ang pera madaling mapunit mdaling mabakbak mgnda pa quality ng cartolina definitely will not biy this product again,1,0,1,0,Product quality issue and not worth the price.,,,,,,
604,may butas po ang isang jogger pants,1,0,0,0,Hole in the jogger pants.,,,,,,
605,pwede na dn,1,0,0,0,Acceptable.,,,,,,
606,okay but for calls i tried for refund but i cant prove it naman pag yung mic may sira i tried with different people to call me di gumagana yung microphone di nila ako naririnig may ingay daw even though nasa quiet place ako,1,0,0,1,Mic issues.,,,,,,
607,from 3pcs we ordered only one fits the xl size but ordered 3pcs of xl so whats the challenges seller maideliver lang buti na lang meron ako mapagbibigyan kundi sayang lang,1,0,0,0,Size issue.,,,,,,
608,kulang kulang ung items very dissapointed ung thumbler d q magamit until now maamoy ung loob nabutas ung nlalagay na papel kumalat ung chemicals dun sa loob ng thumbler hayss,1,0,0,0,Missing item.,,,,,,
609,maka stress ang product hindi siya oily like ng nasa photo tapos kay ang dapat pa na color hindi tugma sa gi order never again,1,0,0,0,Wrong color.,,,,,,
610,pangatlong order ko na ng cloud pero ngayon lang naiba yung amoy ambaho niya anlayo sa dating order ko sana icheck muna nila yung amoy bago ilagay sa bottle kasi sayang lang 2 bottles pa naman inorder ko and pang 4 at 5 bottles ko,1,0,0,0,Changed the scent.,,,,,,
611,not worth it sobrang hina ng hangin kahit naicharge ko na tapos onti lang part na nahahanginan panget ng item nakakasisi lang,1,0,1,0,Poor performance and low quality of product.,,,,,,
612,parang gamit na ang nipis po nya kumpara nyo sa photo na nakalagay sa post nila at parang gamit narin dahil maluwang at gusot gusot sa likod nya may maliit na butas narin yes mura nga pero sana naman maganda din quality hindi porket mura e pangit nadin next time,1,0,1,0,Product used and poor quality.,,,,,,
613,mali yung order na dumating im so dissapointed,0,1,0,0,Incorrect order.,,,,,,
614,hindi din magamit mali naman pinadaladi ganun kadali mag return inaabot ng 1 week ang pick up sana next time i double check nyo pinapadala nyo hassle sa part namen ng remind paku na dapat sakto ang size,0,1,0,0,Incorrect product sent and lengthy return process.,,,,,,
615,sira yung pinadala na item sayang lang pera ko di nagagamit nakakadissappoint di man lang dinouble check,1,0,1,0,Defective item and waste of money.,,,,,,
616,not recommended sayang pera nio sa shop na 2dko magamit ung back up phone na bnili q ayaw mgchargeyan ang reply nila s akn bawal palitan,1,0,1,1,Item cannot be used.,,,,,,
617,tsk panget pamget wag na kau bumili,1,0,0,0,Poor quality.,,,,,,
618,akala ko water proof hindi pala nalagyan ng tubig mata ko agad natunaw umitim mata ko huhu may iba po kasi na mascara pag malagyan ng tubig hindi nagkakaganyan sorrypo,1,0,0,0,Not waterproof.,,,,,,
619,ano bayan cra yung pang close ng mga plastic  d mn lang tinesting ng seller bago iship  yung ibng items nmn ok po maganda sya  kaso yun pa nmn ang gusto ko para lahat ng dala ko na plastic bag nakaclose,1,0,0,1,Defective product.,,,,,,
620,wrong item po type c order mali ang dumating return ko po,0,1,0,0,Wrong item.,,,,,,
621,sakto lng po pero malaki prin po tgnan ung tiyan kodapat pla small pa ung order kopero ok lng nwala ung pgkalaylay nang bellbell ko,1,0,0,0,Size issue.,,,,,,
622,di gumagana yung itemtinry ko irefund pero yung seller di agad nagrersponse nakakainiswag na kayo oorder sa shop nato magaling lg magreply pag may pakinabang like duhhkakasuraaaa,1,0,0,1,Item not working.,,,,,,
623,nd tumatagal not satisfied nd sya maganda,1,0,0,0,Item not lasting.,,,,,,
624,bakit wala po itong battery very disappointed,1,0,0,0,Missing battery.,,,,,,
625,okay naman ung product pero bat hindi kumpleto seriously 9 pcs ang nareceive kong item na dapat 10 plus the extra ballpen na kasama tapos dapat may 6pcs highlighters sya pero kahit isa wala nasa waybill naman pero wala sa parcel grr,1,0,0,0,Incomplete order.,,,,,,
626,good okay naman sya nung mga ilang days lang then nung nalowbatt yung phone di na sya magcharge po we dont know why so ipatingin na lang namin sa repair shop kung ano yung cause sayang di tumagal thanks seller and sa courrier keep safe everyone,1,0,0,0,Item has stopped working.,,,,,,
627,all black order ko pero white and black dumating and maliit size nila 42 inorder ko pero pang size 40 lng kasya,0,1,0,0,Incorrect order.,,,,,,
628,waste of money i charged it and it takes 12 hrs of charging still not full then when i used it it took only 10 mins and the battery already drained poor product sira na dalawang beses lang nagamit dont waste your money here its a trash,1,0,1,0,Item is faulty and bad value.,,,,,,
629,damaged item may butas po yung pants sana next time edouble check or triple check nyo ung item bago ipadala,1,0,0,0,Item has holes in it.,,,,,,
630,masikip yung bra hindi maganda ung quality,1,0,0,0,Poor product and has fit issues.,,,,,,
631,amoy goma sya ganern aside sa amoy goma sya mali pa yung nareceived ko next time paki ayos naman po,1,0,0,0,Wrong product.,,,,,,
632,not good but not bad nmn kasi nga sa price nia mura my damage sya at my itim sa gilid,1,0,1,0,Product has damage.,,,,,,
633,okay naman lahat ng items kaso kulang pinadala ni seller wala yung frog socks eresponsible seller ayaw mag reply sayang bayad ko sa isang mejas di nya pinadala,0,0,0,1,Missing items and the seller is irresponsive.,,,,,,
634,not good kumpleto 50pcs kaso lng un iba wala tape iba ang laki sa dating order q medjo maliit parang pang newborn dumating,1,0,0,0,Quality is not good.,,,,,,
635,different design iba ang texture ng wallpaper na naiship hindi na siya yung plain na gray na inoorder ko yung dumating sakin may design ng flowers ndi ko tuloy magamit to kc hindi na maganda tingnan sa room kapag paiba iba,1,0,0,0,The design is different.,,,,,,
636,high price low quality may sira ang napafala sakin ang chaka ng color,1,0,1,0,Product has damage and has high cost.,,,,,,
637,why naman ganon size 38 pro prang size 32 sobrang ganda pa naman huhu thankyou padin seller try ko nlng ibenta,1,0,0,0,The size is not right.,,,,,,
638,the best talaga pag jtt door to door talaga sa product namn d nmn color blue tomaputlang color blue syasayang lang,1,1,0,0,Delivery is good but product color is wrong.,,,,,,
639,poor madali mag lobat pangit ng quality fake samsung,1,0,0,0,The product has poor quality.,,,,,,
640,wrong color at may gasgas ang item sira sira ang box kahit balot na balot ang item sa seller ang fault dahil di nag sesend ng picture bago ipaship ang item sana di masira agad,0,1,0,1,The product has damage and sent a wrong color.,,,,,,
641,hindi siya clear glass yellowish siya,1,0,0,0,Not clear.,,,,,,
642,not recommmended yung inpods bukas pa tapos yung charger parang sunog pano ma gagamit yan patapon ang wala yung mga item awit sa seller easy money sa seller wag na kayo bumili dito,1,0,0,1,Not recommended.,,,,,,
643,hindi oil based scamm ampotek sayang pera ko,1,0,1,0,Not oil based.,,,,,,
644,ayun nga 3 ang order k ng dumatinh dito yun 1 item lang ang pinadla at pang 3 items ang binayaran k at yun yung seller ala paramdam d nag respond s akin,0,0,0,1,Missing item.,,,,,,
645,the product is good sadly yong labas ng mist is so mahina and humihinto every 5 mins nagtanong pako sa seller if usual lang ba ganto ill suggest bumili ka nalang ng good quality wag kana umasa sa cheap product ma didisapoint ka lang,1,0,0,1,Product has poor quality.,,,,,,
646,maganda yung tumbler pero mali ang pinadala sakin ng seller nagtry ako icontact sya ng dalawang beses walang sagot hanggang nag automated received na lang sa app ko worst service regalo pa naman sana sa lola lo sa probinsya need nya ng malaking water bottle kaso maliit dumating,0,1,0,1,Wrong item.,,,,,,
647,never again isang suot sira agad,1,0,0,0,Item broken after one used.,,,,,,
648,im so disappointed i expected that the gift if fan and adapter tapos ang dumating dalawang cable protector,0,1,0,0,Wrong order.,,,,,,
649,ok nmn pero ibanf kulay ang binigay iba sa order q,0,1,0,0,Wrong order.,,,,,,
650,i want to return pero na kabit na ng anak ko yung stickers di namin magamit ang straw maikli may kulang na isa pang yube i guess sayangi wanted to buy gor my niece and nephew pa sana kaya sa ibang shop na oang may nakita ako na complete,1,0,0,0,Item is not complete.,,,,,,
651,nag messakayo pinakita ninyo order ko na tama per pagdating saakin ibang number hai so disappointing reredund sana namin kaso na open na dahil nagbakasali ako na baka sa loob tama ang laman,0,1,0,0,The order is wrong.,,,,,,
652,wrong item maganda naman talaga yung lip balm i just need the color changing knowing anong klaseng lips ang meron pero ayan colorless nareceive ko nakabili nako noon ng ganto color changing sayang naman parin pera ay nag antay pako ng payday para makatipid sana di maulit yung ganto,1,0,1,0,Wrong item color.,,,,,,
653,ang panget po sa personal pero worth it sa price nya maliit din yung mga sizes nila,1,0,1,0,The item is poor in personal.,,,,,,
654,hindi gumagawa kapag hindi nakasaksak pag tinanggal mo kahit gaano katagal i charge hindj sya gagana smells like burning plastic too,1,0,0,0,Item is not working.,,,,,,
655,may gasgas na very disappointed po pero magagamit panaman,1,0,0,0,Item has scratch.,,,,,,
656,maganda ang qualityperfect sana kung complete strap,1,0,0,0,Item is good but not complete.,,,,,,
657,thank you sa product nyo maam kaso nabasag po sya,1,0,0,0,Item has damage.,,,,,,
658,bakit naman po ganun my butas ung pinadala ninyochinat ko naman kayo before ako mag rate eh wla d man lng nagrereply tapos nakalagay sa picture nyo pasando pero crop top palamanipis lng pala sya hndi makapalhndi sya pwedeng pang bentaganun din sa bralette manipis din,1,0,0,1,Item has wrong color,seller not responding.,,,,,
659,okay naman sana yung texture kaso ambilis po masira sumasama yung color nya nung tinanggal yung tape i dunno pero gusot gusot din and madali sya magasgas sad yun lang po baka okay naman yung ibang items malas lang siguro akot binigyan ng may diperensya pero masarap yung fried rice,1,0,0,0,The texture is good but gets ruined easily.,,,,,,
660,fake not working sira yung item hindi gumagana sira nung dumating saakin ayaw nila palitan,1,0,0,1,Item is fake and not working.,,,,,,
661,not photo photochromic yung isang lens baliktad yung kabit,1,0,0,0,Item is fake.,,,,,,
662,very low quality madali sya malowbat as in kkcharge lang lowbat agad sayang pera ko dalawa p nmn inorder ko,1,0,1,0,Low quality and item easy lowbat.,,,,,,
663,d sya gumana bebs kala ko ung battery may deperensya ung shaver tlga kc nakailang bili nako ng battery and then tinatry ko sya sa wall clock namen gumagana sya tapos nung tinray ko na sa shaver ayaw na gumana literal na,1,0,0,0,Shaver isnt working.,,,,,,
664,ok lng pero hindi samsung ang product at may kulang na pen at stand na lalagyan so sad thats not fair,1,0,0,0,The item is not samsung.,,,,,,
665,hindi naman ganyan yung kulay at design na nasa picture na inorder ko,1,0,0,0,The color and design of the item is incorrect.,,,,,,
666,bakit iba naman ung dumating hmm 2l ang order ko pero bakit ganito ang liit,0,1,0,0,The product delivered is wrong.,,,,,,
667,the product was surely nice pero after i used it twice nadetached na yung wand shaky ung wand niya nung una kong gamit akala ko ganun lang kaya binalewala ko,1,0,0,0,Item broken after used.,,,,,,
668,good ok sana ang products pero na disappoint ako sa item kc missing ang usb niya nawawala bluetooth lang available pero useless pa rin kc ayaw mag pair nakakainis lang gamitin  sayang lang pera ko dito,1,0,1,0,Missing usb of the product.,,,,,,
669,not worth it please do not order sa shop na to they sent me a defective mouse may scratches and stains yung pad na parang gamit na tas yung box sira and tampered na parang galing sa ibang tao na binalik sakanila dati tas sinend sayo the seller wont even,1,0,1,1,Defective mouse sent.,,,,,,
670,hindi gumagana i wish i can return it hindi sya gumagana waste of money,1,0,1,0,The item is not working.,,,,,,
671,parang di naman to cloud,1,0,0,0,The scent is wrong.,,,,,,
672,poor wrong color i remember yung order ko color grey tapos ang dumating color green ok lang sana kaso hindi naman ako inupdate na wala nang color grey very poor battery grabe 56 pag off ko tapos pag open ko ulit 3 nlang ang sabi 10 hours ang life capacity,1,0,0,1,Wrong item color.,,,,,,
673,very late dumating ang item i ordered the item last nov 14 and dumating sya november 26 lampas 2 weeks ako nag antay and mukhang madaling masira ang item,0,1,0,0,The item got delivered late.,,,,,,
674,incomplete orders tapos hindi responsive sa refund and all,0,0,0,1,There are incomplete orders.,,,,,,
675,mali yung kulay na binigay blue order ko gold yung binigay,0,1,0,0,Sent a wrong color.,,,,,,
676,i felt so disappointed kasi sa description 3d pero ang binigay ordinary sock langsana di na lang mgpost ng picture if hindi the same sa ipapadala,1,0,0,0,Different item.,,,,,,
677,pero napaka delay nya sa games not recommend for gaming po hindi ko alam bat recommended for gaming to grabe ang delay,1,0,0,0,Not for gaming.,,,,,,
678,manipis sya hindi sya authentic na bench boxer briefs what you see is what you get talaga you get the price you are paying for,1,0,0,0,Has thin quality.,,,,,,
679,naiinis ako kasi tagal kong hinintay dahil overseas ang product tapos  sa ibang bahay lang diniliver diba  unresponsible ng sellerat ibang adress ata ang nilagay nya dun sa parcel,0,1,0,1,Was delivered in a wrong address.,,,,,,
680,parang alcohol it does not smell like aris cloud parang alcohol siya na may shampoo aris cloud has that creamy vanilla with a hint of coconut na scent its far different from what i bought i get na its an  inspiration  pero napakalayo ng amoy from the inspiration,1,0,0,0,The smell is wrong.,,,,,,
681,low quality low quality anlayosa original sa picturedi sulit kung bibilhin,1,0,1,0,Low quality.,,,,,,
682,nakakadismaya lang po na hindi ko natanggap ang item na towla po xa sa list of orders ko,0,1,0,0,Didnt receive item.,,,,,,
683,basura damage basura ung item damage naman sayang lang pera potannaa,1,0,1,0,Item is damaged.,,,,,,
684,last day na receiv ko pang 5 transction ko sa shop na i2  4th time they fail imagine out of 5 trans 4 trans hndi perfect on d 1st 2nd 3rd i jst considr thm but now 3 pcs of my item r wrong n 1 trans,0,0,0,0,No aspect found.,,,,,,
685,malfunction disappointed buyer sira hindi gumagana ung isang buds hindi rin nag charge,1,0,0,0,One bud is not working.,,,,,,
686,wrong color black gray ang order koblue and orange ang pinadalahindi man lang mag inform ang sellerbe responsible naman po,0,1,0,1,The order color is wrong.,,,,,,
687,ilang weeks ko palang nagagamit di na nagana low quality,1,0,0,0,Has low quality.,,,,,,
688,fair its fine naman kaso not what i expected tas antagal niya na ship pero understandable namn kase overseas,0,1,0,0,Okay but item late to ship.,,,,,,
689,diko alam kung natural na to or what pero pinalitan q sa hipag kong online seller meron din sya ganito  yung sakin kc di nalolock kelangan q p itape pag ififix q sa taas  super luwag sabi ko sa seller check muna bago iship eh,1,0,0,1,The item defective.,,,,,,
690,ang order ko royal bluered at maroonang dumating navy bluemaroon at blacknu bayan,0,1,0,0,The order is wrong.,,,,,,
691,mali ang ibinigay na order 2l ang order ko ang dumating is 850ml lang mali pa color nag chat ako sa seller walang reply so disappointed sana ayusin nyo best seller pa naman pero ganto nakuha ko mahirap din buksan ang pindutan pangit,0,1,0,1,The order is wrong.,,,,,,
692,sana po sinabi niyo kung ano kulay yung available hindi yung ipapadala niyo pang babae kainis lalake jowa ko orange po na may blue hindi po violet,0,1,0,0,The color wrong,didnt inform seller.,,,,,
693,not bad dont expect too much so you wont get hurt akala mo jowa lang yong paasa seller din pala,0,0,0,0,No aspect found.,,,,,,
694,dito lang ako nagkaproblema umorder na kasi ako dati color blue at ngayon blue po ulit yung dumating though gray ang inorder ko tapos this time may tastas pa siya wearable yes pero kaya nga ako umorder ulit para ibang kulay naman di ko na pinicturean di ko naman irerefund,1,0,0,0,The item has tear,order color wrong.,,,,,
695,sana man lang yung gumagana or nagagamit ang laman ng mystery pouch pero sira ang pods mukhang nagamit na yung cord at box mukhang isinoli din ng iba at ipinadala naman sa akin not recommended seller,1,0,0,0,Defective item.,,,,,,
696,nagiinit sobra ung charger pati cordkakatakot gamitin bka sumabog di din fast charger,1,0,0,0,The charger is overheating.,,,,,,
697,very disappointed po sira ang left side ng neck fan at ang bilis mglow batt,1,0,0,0,Broken item and the battery is low.,,,,,,
698,didnt expect na mabilis masira  nagtry lng nmn ako kya not bad,1,0,0,0,Easily get damaged.,,,,,,
699,madali siyang ma lowbat lalo na nka connect sa internet 30 minslng lowbat n agadmatagal mag connect sa utube at fb,1,0,0,0,It easy to get lowbatt.,,,,,,
700,disappointed dahil sira ang isang rod hindi din madali mabuksan but i really like this umbrella dahil handy magaan sturdy naman shady totoong upf 50 xa ipapayos ko nalang ang sirang rod sana icheck ni seller ang item prior to shippingalam ko hindi during delivery na sira ito,1,0,0,1,Item has damage and it hard to open.,,,,,,
701,hindi naman adjustable pag binanat ko to madudurog ito false advertisement,1,0,0,0,Product quality is being described as easily broken and a false advertisement.,,,,,,
702,i purchased 2 bottlesyung isa lang ang maayos the other 1 my mga gasgas at yung parang rubber ng straw my parang ngatngat sa dulo hindi nman sya buy 1 take 1,1,0,0,0,Product defect and not buy 1 take 1 promotion.,,,,,,
703,kulang ng 2 hair clip set at isang vanity mirror,0,1,0,0,Missing Items.,,,,,,
704,kulang ng tatlong item ung binili q 5pcs po binili q dalwang item lng dumating sana mairefund at maibigay ni seller ung kulang na tatlong items,0,1,0,1,Missing Items and request for refund/delivery.,,,,,,
705,wrong color green ang order ko pero blue ang binigay ni seller,0,1,0,0,Incorrect color received.,,,,,,
706,first picture is the image of my order and the second picture yung dumating different color seller hanubayan kaya may stain na tuloy ang isang light order ng dahil sa red color,0,1,0,0,Incorrect color and stained product.,,,,,,
707,mali binigay sakin 210cm ang tripod na inorder q e kita naman sa picture na iba dun sa naunang naorder konasa right side ung old purchased q kahit sa ring ligh bulb at switch an iba ang laki nung bulb nasa right side ang old purchase q,1,0,0,0,Incorrect product features compared to order.,,,,,,
708,hina ng hanging wala pa 20 minutes no bat na sayang lng pera,1,0,1,0,Product performance and value for money.,,,,,,
709,black yung dineliver  black white yung order ko tas may konting sira  excited pa naman ako magkabit mali namang kulay yung dumating ayss,1,1,0,0,Incorrect color and product defect,,,,,,
710,lets see ok namn at gumagana kaso wla manlng bubble wrap kaya d ko alam kung tatagalnagmesage pa nmn ako kay seller na pls secure the item dahil delikadopero box at plastik lng wlang kaht ano na pedeng makasecure at wla din reminder na fragile or handle with care,1,0,0,1,Product functionality and service handling.,,,,,,
711,sorry seller pero ekiss po ako sainyo kasi binigyan nyo po ako ng product na ipods na 1min lng gagamitin lowbat na agad kahit halos isang oras kona in chargenext time po seller paki ayus nmn po mura nga pero mapapamura ka nmn sa product sorry seller sinabi ko lng,1,0,1,1,Product performance and low battery,service improvement.,,,,,
712,bakit ganun ung suction d effective nakailang pasada na ako andun pa rin ung dumi hindi effective hayyysss,1,0,0,0,Product effectiveness.,,,,,,
713,ok na sana fast delivery naman kaso may damage and ang dali ma lowbat as in wala pa na abot ng 1 hour na lowbat na agad and hindi matibay im disappointed ordering this,1,1,0,0,Product defect,fast delivery,,,,,
714,lupet ng design ng mouse pad kaso medyo manipis sya pero ok narin at sana next time lagay nyo muna sa pouch or box para ma excite naman kami habang binubuksan yung item kahit alam namin na posibleng walang kwenta yung nasa loob hindi yung direct shopee bag lang,1,0,0,1,Product design. Service Suggestion on packaging.,,,,,,
715,real review ba eto im quite disappointed sa item kasi parang gamit na sya madumi sya at may sticker something na natorn which is makikita nyo sa mga pics may konting opening din sa gilid and im not sure kung nabasag ba to nung dineliver,1,0,0,0,Product condition. Appears used and damaged.,,,,,,
716,waste of money item is deffective poor packaging kasi kaya may possibility talaga na masira sya,1,0,1,0,Product issues: Defective and waste of money.,,,,,,
717,nabudol ako akala ko same sa picture yung design mas maganda pa yung sa miniso sayang lang ang bili ko 23500 pa naman pangit yung quality basag yung sound not happy mukhang 1 month lang tatagal sa akin yung quality ng charging pod parang 35 laglagan masisira agad eh,1,0,1,0,Product expectations design not met,quality and price not worth it,,,,,
718,so bad pang 3rd ko nang order to pero now lang ako nadismaya mali na yung kulay mali pa yung liter nya 2l inorder ko na black pero ito yung dumating sobrang nakaka dismaya talaga naki order lang sakin yung bayaw ko,0,1,0,0,Incorrect item color and liter.,,,,,,
719,madaya si seller iba inorder iba pinadala d nag rereply sa chat nag bbyad ng tama pero maling items pindala kung walang stock d nag sasabi,0,0,0,1,Incorrect item sent and seller unresponsive.,,,,,,
720,ang tagal dumating halos two weeks ako nag antay bago maideliver,0,1,0,0,Long delivery time.,,,,,,
721,2 star only paulit ulit nalang ang item sa mystery pouch na toh okay naman dahil ang real price nyan ay mahal kesa sa mystery pouch na toh thank you parin sa seller pero sana ibahin nyo rin po minsan,1,0,1,0,Product. Recurring Items.,,,,,,
722,1010 ang ganda sana kaya lang ang liit liittz di pa magkatugma tugma yung designsana conect conect nmn yung designnhihirapan kaming pagdikit dikitinsus me iba yung sa advertisment na picture nila kasaya sa personali know my nakaindicate dun na size nung products nila but sana palitan nila yunits a prank,1,0,0,0,Product design and mismatch.,,,,,,
723,para saan pang pwedeng makamapili ng kulay kung ibang kulay din naman pala papadala nagnote pa ako ah na kung pwede icheck muna bago ship pero hindi ata marunong magbasa itong seller na to or sadyang color blind naging seller ka pa kung hindi ka naman marunong sumunod sa instruction,0,1,0,1,Color choice ignored,Seller Instruction follow issue,,,,,
724,dalawa ang inorder ko isang white and isang pink kaso itong pink sira paano mai cha charge nag message ako kay seller kung pwede ba palitan kaso di manlang ako nireplyan,1,0,0,1,Product defect and seller unresponsive.,,,,,,
725,pala desisyon kayo green po yung order ko hindi light green di man lang nag message muna,0,1,0,0,Wrong color and no prior contact from seller,,,,,,
726,grbe ditohndi po tenatae ang perasira yong square pants nyonkawalang gana dtodiyos na bahal sau wag na kau mag benta kong kanito lang namn item nyo,1,0,1,0,Product,Defective Square Pants and Money Wasted,,,,,
727,matapang na hindi kaamoy ng cloud im so disappointed po kase hindi po sya kaamoy ng cloud tapos ung amoy nya is paaang alcohol tapos katulad lang din nu vanilla lace pag pinisit mo sayo aas mamasa masa pa amoy alcohol tas pagtumagal mag aamoy cloud na pero ung pagka,1,0,0,0,Product smell not matched expectation,,,,,,
728,pangit cya parang nagamit na ung eyeglasses kasi nahuhulog sa taenga ko pgnilalagay ko marami nadin akong nabili na ganyan pero d katulad ngayun as in pangit talaga im disappointednakakainis my gasgas pah nextime see to it na okay ung items sayang pera koh,1,0,1,0,Product,Defective Product Wasted of Money and scratched,,,,,
729,sobrang nakakadismaya basta maka deliver lng at kumita lng c seller hindi muna chineck kung ok ba kung gumagana ba,0,0,0,1,Service - Seller did not check if product works before shipping.,,,,,,
730,anyare bakit ganyan very disappointed,0,0,0,0,No specific aspect identified,general dissapointment,,,,,
731,plastic so yun nga no response from the seller  as you can see theres a sign of usage havent tried to wear it pero ganyan na ichura,1,0,0,1,Product is plastic,sign of usage with no response from seller,,,,,
732,di gumagana na item nag request pako ng return refund wala din nangyari apakabulok mag assist ng seller pareport sayang p397 ko,1,0,1,1,Item doesn't work,bad customer service and waste of money,,,,,
733,hindi po namin nareceive ang order na ito pero nakalagay sa shopee acct ko na na deliver na at may picture pa ang rider sa gate na d nman samin iba ang kulay ng gate namin sana tunawag o nagmsg muna ss amin kung d sure at inalam muna name,0,1,0,0,Delivery issue,,,,,,
734,royal blue yung inorder ko kaso pag dating black sana man lang nag update si seller na wala ng stock yung royal blue,0,1,0,0,Wrong color shipped,seller did not update.,,,,,
735,we received it na already opened and medyo madumi as if already used,1,0,0,0,Product Quality issue- Received used item.,,,,,,
736,amoy alcohol di ganto smell ng cloud s,1,0,0,0,Product smell not matched expectation,,,,,,
737,mukhang matibay hindi ko pa nagamit just give it a try but thanks anyway coz its free,1,0,0,0,Product,Appearance Good.,,,,,
738,i ordered 3 mystery pouch pero yung dumating dalawa lang so disappointing lang kasi ayaw mag reply ng seller kung may concern ka sa kanila ka dismaya lang official store pa naman sana,0,1,0,1,Missing item,Seller no response.,,,,,
739,walang kwenta yung pinadala hindi man lang umabot sa 5h pesos yung worth ng item sana nman sa susunod kahit hindi jackpot at least aabot nman sa halaga,1,0,1,0,Item Not worth the price Paid,,,,,,
740,yung isa damage at ang daming gasgas  then yung isa walang charger cord sana kung may damage na yung item wag na ishipout akala ko kasi okay sya kasi fully sealed naman,1,0,0,0,Damaged item without charger,,,,,,
741,napakaiksi nito halos di nga macover yung isang plywood compare dun sa nabili ko sa ibang shop which is umabot 10m long sobra pa nga buti nalang isa lang binili ko ditowill not order again,1,0,0,0,Not enough length compared to other shop,,,,,,
742,sira ayaw gumana ng mouth piece hindi worth it sira sya tapos ayaw pa ipa return test nyo muna paninda nyo bago iship  dapat no star sa product quality e  haaayyyyssstttt,1,0,1,0,Defective product not worth the cost.,,,,,,
743,di ako sure kung ano ba ung sinasabing mystery pouch kasi eto yung dumating sakin i asked the seller pero d naman ako inasikaso sana ng sumagot man lang si sellr to explain thanks,0,0,0,1,bad customer service,,,,,,
744,sira lahat ng power button also ayaw mgcharge sayang pera,1,0,1,0,Defective no power,wasted money,,,,,
745,ang daming butas na maliliit sana bago niyo ideliver icheck niyo muna,1,0,0,0,Product defect holes,check before shipping,,,,,
746,maganda ang dating ng productpro ang dali nya mag lowbatlakas sana maka socialhehehpro thanks sa rider ma bait,1,0,0,0,Product appearance is good,but battery life is poor,,,,,
747,sa totoo lang ang hirap nya gamitin hindi sya pwede pang bata kasi sobrang selan ng sensor nya pramis mabubuwisit ka lang sa bluetooth earphones na to,1,0,0,0,Product difficulty to use.,,,,,,
748,black order ko pero white ang dumating,0,1,0,0,Incorrect Color of the product,,,,,,
749,dont like it dko gsto yong amoy at nagleak pa amoy prang kulob na simapay,1,1,0,0,Product,Leak and Bad Odor,,,,,
750,looks pambalot ng tinapa sorry for my word maliit din compare sa mga naorder ko n i dont recommend this shop,1,0,0,0,Product is small and resembles wrap of tinapa.,,,,,,
751,wala akong natanggap na product pero to rate na agad desisyon yarn di responsable si seller,0,1,0,1,Delivery and Seller is not responsible,,,,,,
752,sira ung item nung dumating hindi nailaw ung kulay blue meron kaso dalawa lang edi red at green lng tuloy colors na napakinabngan,1,0,0,0,Product is not working when arrive,,,,,,
753,first time kong umorder at hindi na mauulit apat inorder ko tatlo lang pinadala nyo ang galing nyo,0,1,0,0,item missing,bad service,,,,,
754,good pag bukas ko ng parcel nayupi yung right side ng glass tapos di angkop sa inorder ko di photochromic i was so disappointed,1,1,0,0,Product is damaged and not as ordered.,,,,,,
755,mabango nman sya walang kwenta tlaga mag order sa shop na toh i even instructed the seller na wag syang mag send ng may leak but then again all the bottles has leak non sense na naka bubble wrap pa,1,0,0,1,Product,Seller send with leak despite request.,,,,,
756,should have at least given a mystery item worth the price i paid binigyan lang ako ng tag 39 pesos portable game pad meron pa biak sa gilid yung joystick di pa nagdidikit sa screen di tuloy maka function ng maayos di ma gamit2 buti yung order ko mismo maayos,1,0,1,0,Value is not worth and not functioning,,,,,,
757,again its also not matte glossy din siya and hindi maganda ang texture kasi parang sticky na ewan,1,0,0,0,Texture Not matte glossy,,,,,,
758,manloloko ang store nato bumili ako 4 pairs of slipper ang dumating 1 green1 white lang rerefund ko sana kaso hindi ko na nagawan picturan or videohan ang pag open ng package isang pang abala plus pinapalipasan muna namin ng ilang araw ang pagbuksan ng parcel para iwas sa cross,0,1,0,0,Incomplete items delivered,,,,,,
759,nakakainis size 42 6pcs pa pinadala at yong isa may sira pagrabe kaka stress hindi nyo check before nyo i shipnagbabayad ng tama panloloko ginagawa nyoseen pa message konag pm ako before nag order need ko size 38 and 40 lang,1,0,0,1,Incorrect size is given out with damage,and also not checked before ship.,,,,,
760,hindi gumagana medj disappointing like i waited for it for 2 week then di pla gagana,1,0,0,0,Product not working,,,,,,
761,the quality is terrible very dispointed i was very excited to see my order pero dko inexpect na sayang lng ung binayad ko,1,0,1,0,Terrible Product quality and waste of money,,,,,,
762,wala ako masabe unang gamit palang ng products not working na sana po sa susunud kung alam naman pong hindi na gumagana ang products wag napo ipa deliver,1,0,0,0,Product not working,,,,,,
763,kinabit na 3 days ago2 days gumana ng maayos pero last night hndi na cya lumalamighanggang 26 na lng cyahndi na umaakyat pa  i thought it was good buy because its cheap and nice looking but now im disappointed kasi hndi na cya lumalamigwala man man kahit 1 week,1,0,1,0,Product Malfunction.Disappointed for not cold,cheap,,,,,
764,not good very disappointed super nipis ng cloth as in see through talaga sya,1,0,0,0,Product is too thin,,,,,,
765,may punit yung iba gumamit sila ng tape para iseal ang roll kaya bumabakat sa wallpaper yung tape mark scam fake ads hindi totoong 10 meters ang haba more or less 6 meters lang kada roll seller does not responded,1,0,0,1,Fake ad and tape marks seller does not respond,,,,,,
766,good sana kaso sira dumating siguro dapat ibubble wrapman lang para naman secured ang product kasi nag eexpect ang customer e,1,1,0,0,Product is damage and shipping should be secure,,,,,,
767,sira namam d macharge ayaw na gumana agad,1,0,0,0,Product is broken,,,,,,
768,ang tagal bago iship yun pala walang size 8 kaya yung pinadala size 9 hindi manlang kinansel or ininform sakin wasted money ang laki ng shoes,0,1,1,0,Shipping is long and wasted money,,,,,,
769,worst shop ever sa lahat ng na orderan ko ang tagal mag shipped tapos mali pa pinadala 2 lng tama yung tatlo pa talaga ang mali hindi responsive si seller worst customer service,0,1,0,1,Long shipped,incorrect item and bad customer service,,,,,
770,wag kayo bibili sa shop na to 2pairs ang order ko isang pair lang dmating bayad ko na sa shopee pay pero ayaw irefund sa halagang 70 pesos hnd nagparamdam ang shop sana karmahin kayo lahat kyo jan ukininam,0,1,1,1,Bad service,not refund,,,,,
771,disappointed naka remarks pa correct color please pero yun mali pa den pinadala auto palit ng color si seller without asking the buyer kung hindi pa ako nag chat ng ilang beses hindi pa magrereply,0,1,0,1,Wrong color and bad service,,,,,,
772,dumating po siya na hindi po naka safety po  nakakapanghinayang po pero ok naman nailaw siya di ko lang alam kung hanggang kelan salamat po pasensya na rin,1,1,0,0,product good but shippinh not safety,,,,,,
773,sa picture lang maganda yung payong low quality at sira pa yung order ko nde man lang nag quality check,1,0,0,0,Low quality product and damaged,,,,,,
774,im so disappointed hindi na follow yung color na inorder ko at may damage pa yung isang bottle,1,1,0,0,Product damaged wrong item,,,,,,
775,very disappointed bakit ganun yung dumating manipis sya tapos iba yung pagkaitsura nya kesa sa una kong binilicompare sa una kong binili maganda sa padalawang picture use ko na yan 1year ko na sya ginagamit maganda pa din kaso itong dumating saakin ngayon di ko alam bakit ganito maliit pa,1,0,0,0,product disappointed diffirent from what they show and what she bought,,,,,,
776,definitely not ordering again sa shop na to di ka nagkulang ng pag follow up pero ano pinadala nyo kulang tapos ayaw nyo irefund kakapal ng mukha follow up ka any updates ayawag reply un pala may isa out of stock tapos ayaw process refund ko kapal,0,1,0,1,Not complete product and refuse refund and irresponsive,,,,,,
777,not recomended para sa mga may sensitive skin na kagaya ko i dont know ha kasi gumagamit naman ako ng ganyan noon pero hindi sya mainit sa mata yung ginamit ko sya mga 2 hours na ya nasa eye lashes ko and init nya na tas ambigat sa mata,1,0,0,0,Not good for sentive skin,,,,,,
778,damaged  defective item huwag na kayo magbenta kung sira lang din ibebenta niyo plastics were very soft may crack na sa likod feet extension not that effective mabuay i wont order again,1,0,0,0,Not effective and damage,,,,,,
779,plastic lang yung pinaka glass nya hindi tlaga sya glass tapos palubog pa yung plastic and subrang luwag pa,1,0,0,0,Not a glass,not glass and its plastic,,,,,
780,kulang po dalawang sandal na white tapos nag request ako for refund kaso ayaw tanggapin po sayang pa naman yun liit nalang nang kita tapos kinulangan pa,0,1,0,1,Missing white sandal no refund,,,,,,
781,kulang kulang ung pinadala saken wala po ung ice cube maker bakit nman ganun seller,0,1,0,0,Missing item ice cube maker,,,,,,
782,order pinkgreen dumatinggift q p nmn s bunso q yunnkakawalang gana umorder,0,1,0,0,order diffirent color,,,,,,
783,isang xl mouse pad lang natanggap ko but i ordered 2 pouches,0,1,0,0,item missing one item,only received one out of two,,,,,
784,poor quality and hindi gumagana ang airpods,1,0,0,0,Product not working,,,,,,
785,sayang lang pera mo wag na mag check out hindi gumagana ang item na received ko open na ang sealed ng box halatang ginalaw na at may dents pa pa swerte2x lang bahala na kayo,1,0,1,0,Product is dent and not working sayang pera,,,,,,
786,delivered damaged tapos kami pa maghahatid ng items nyo sa napakalayong lugar what the fuck alam nyong mahirap magreturn sainyo sana maayos naman ang item na dinideliver nyo,1,1,0,0,Product delivered is damage,,,,,,
787,sana po hindi nu na pinadala kasi alam ninyong may sira na ang bra at madumi ang bra extenderkaya pala nakatago ang kulay pink kasisira na nung nagpadala kayo ng picsayang ang pera i will not recommend this store please do not use the name jesus because you are not,1,0,1,0,Bra damage dont recommend this store. Sira at Madumi,,,,,,
788,kulang pinadala nla s amin n panty order ko tag 1dozen n small at medium ang pinadala tag6pcs lng kulang sla ng 1 dozen d nla tinitingnan ang pinapadala nla kng complete nagrefund ako d nla pinansin ang pangit s kanila walang number nla nkalagay,0,1,0,1,Incomplete item shipped dont look the shipping order no number,,,,,,
789,good ang kulay not good too ka nga plastic ung lense,1,0,0,0,color is good but the lense is plastic,,,,,,
790,very nice 30 inorder ko tapos ang dumating 10 tas ang binayad ko 109 for 10 pens mygodd maganda sana yung pennnn,0,1,0,0,Wrong Item is receive,,,,,,
791,black order ko ganito ibinigay lalaki gagamit ganito kulay pambabae,0,1,0,0,wrong item shipped pambabae,,,,,,
792,10 wag kayo mag pa hype sa nakita nyo sa home buddies wala pang 1 week sira na agad ambilis umiinit kya di ko tinatagalan pag gamitpero nasunog prin sya na deform yung plastik nya sabi ng seller para ma palitan need pa mismong ipadala sa kanila para ma,1,0,0,0,Product is burnt plastic,,,,,,
793,pangit yupi yupi yung box parang di brandnew sobrang low quality madaling masira ang dalu pa maputol sayang lang 300 ko dito pero mabilis delivery order ko kahapon received ko agad ngayon taga province pa ako,1,1,1,0,low quality,yupi yupi box,mabilis delivery,pangit,,,
794,edited my rating from 5 star to 1 kasi after 1 week of using sira na kagad ang button although maganda naman yung cloth and ribs but yung button nagstucked na,1,0,0,0,The product is sira and button is nagstucked,,,,,,
795,selller is good but the courier is so slownakakadala na bumili tapos jnt ang courier nilasobrang tagalkung may zero star ilalagay koabout sa product di ko pa natetest pareho,0,1,0,1,Slownang courier,di pa natest ang product pero good seller.,,,,,
796,why 1 star becuase po mali ung color na dumating sa amin and wla npong reply si seller about sa request nminmdyo mtagal p nmn namin ito hinintay dumatingbtw good nmn ung products wlang damage but dissapointed padin,0,1,0,1,item delivered wrong color,dissapointed,,,,,
797,panget mali kulay pinadala dear seller ng chat po ako sa inyo regarding na pinadala nyo na mali na nga ang kulay mali pa ung size 2l order ko pinadala nyo sa akin 800ml lang tpos hindi po kayo ng reply kagabi pako ng chat till now wlang reply kahit,0,1,0,1,bad seller,,,,,,
798,napaka pangit ng item nyo low quality nanga sira pa tssk,1,0,0,0,item is low quality and sira,,,,,,
799,bought 2pcs hindi gumagana ang isa chinachat ko si seller nung una nag rereply nung huli wala na so disappointed they dont check aiguro bago iship,1,0,0,1,defect product seller doesnt care to reply,,,,,,
800,wrong size naman binigay nyo order size 31 size 30 naman binigay nyo,0,1,0,0,receive wrong size,,,,,,
801,i received the order complete yesterday quality was not really good medyo manipis isang item may butas sa likod message ko so seller walang reply nextime pocheck muna bago e pack kasi nagbabayad ng maayos yung customer niyokawawa naman di pa nagamit butas na,1,0,0,1,,,,,,,
802,sana naman po ayusin ninyo ang pinag gagawawa ninyu pag walang stock mark sold out na sana ninyo  hindi yung ibang ang ibabalot ninyo yung order ko inang model po dumating,0,1,0,0,,,,,,,
803,napakalinaw po ng order ko dark grey and black color pero kayo po ang nasunod blue at maroon sana inindicate nyo na bawal mamili ng kulay,0,1,0,0,,,,,,,
804,same color yung inorder pero nung dumating iba na yung color nung isa and yung may issue din sa size kasi 44 yung size dapat ng isa pero 3839 yung dumating hindi man lang umabot ng 40 so sayang yung bayad kasi hindi naman magagamit yung isang item nakaka disappoint,1,0,1,0,,,,,,,
805,maayos naman at mabilis shipping pero di ko inexpect na ganun yung item bluetooth earphones na nga lang na recieve ko di pa naka sealed although okay naman yung item eh sana naman eh mas ginandahan ni seller yung oag bibigay hindi yung mukang gamit na,1,1,0,1,,,,,,,
806,wrong item i order 2l pero an ibinigay 1 1l lng at ibang design din please make sure na tama ang ibinibigay niyo na item sa mga customer niyo nakadismaya talaga,0,1,0,0,,,,,,,
807,2nd order ko na to yung una palpak  mali yung napadala  tester yung napadala and super bango niya kaya nag order ako ulit ng mas malaki  problema nga lang  aside sa may leak sya  wala pang amoy tas parang tubig lang ang layo ng,1,1,0,0,,,,,,,
808,naglileak tas small order ko binigay pang newborn anong gagawin ko sa diaper na to hindi kasya sa baby ko  kung kailan pangalawang order ko na dto mas okay yung una,1,1,0,0,,,,,,,
809,wala power and off button 1 day lang di man lang nagamitwag na kayo bumili ang bilis masira nito,1,0,0,0,,,,,,,
810,maganda medyo maliit and maganda din yung packaging kaso ang hindi lng maganda at nakakasama ng loob ay expired na kaya pala mura lng kase expired na yung malaki nmn ayos lng hindi expired and wla din damage kaso may problema nanaman hindi nya kaamoy yung dati kong binili,1,0,1,0,,,,,,,
811,not good same as other cheap umbrella kala ko maganda at mas makapal ang quality ng payong di pala hahahaha,1,0,1,0,,,,,,,
812,will not order again very disappointed with the product the quality was not good hindi pa nagagamit sira na agad,1,0,0,0,,,,,,,
813,d xha same nung nsa picture expectation vs reality nkaka disappointed lng pa order lang dn kc skin 2,1,0,0,0,,,,,,,
814,daw po pero nung nakadikit na sa wall nagtaka ako bat onti lang ang nacover na area sinukat ko 52meters lang po lahat sa isang roll sana maaddress po ito if youre willing to risk it then buy if 10meters talaga hanap mo i wont recommend this shop,1,0,0,0,,,,,,,
815,not good wag kayo oorder dine mura man sya pero ung seller sarap murahin ehh pero im a good girl kaya diko ggwin un sa iba na lng kayo umorder,0,0,1,1,,,,,,,
816,diko gusto ung mali na diniliber nyo baby nose cleaner pump order ko pero ayan dumating,0,1,0,0,,,,,,,
817,not the same as what is shown in the picture gusot ayaw ma fix yung gusot,1,0,0,0,,,,,,,
818,kung meron lng 0 star yan ibibgay ko grabe sa ilang ulit kong nag order 3x d nalang naisip ni seller na good buyer ako unang pinadeliver madaming reject magaspang yung loob pangalawa plastic hnd magic tape etong last mahigit sa kalahati walang tape salamat nlng sa 3 beses na,1,0,0,1,,,,,,,
819,sira ung iba pero ung iba pwede ang dali masira halos kakarating lang sira na agad hnd na nagana at tsaka sobrang low quality sia pero sakto lang sa price naibagay naman thank you paren,1,0,1,0,,,,,,,
820,the mascara is okay but the eyeliner tuyo sya kahit baliktarin kopa ung tip,1,0,0,0,,,,,,,
821,namamatay po yung rightchinarge ko xa mga 2 hours kc akala ko lowbat lng pero ganon parin yung kanan namamatay after a seconds yung left ok nmn sana magawan nyu ng solution kc sayang pera i change my rate later if you do solution for this,1,0,1,1,,,,,,,
822,good sobra liit grave  first ko umorder dito hindi talaga kasya skin liit nya sayang ung pera hindi ko magamit ung items hindi din kasya sa mga kasamahan ko malaki ung cup pero ung strap sa likod wow ang eksi sobrahindi ko enexpect na ganito cya kahaba,1,0,1,0,,,,,,,
823,huwag na po kayong bumili dito once lang gagana wala pang ilang oras malolowbatt na siya then kapag ichacharge mo na hindi na gagana talaga sana naman seller truthful ka sa mga binebenta mo hindi yung nagsesend ka ng mga defective items,1,0,0,0,,,,,,,
824,bumili kami ng mystery pouch at mystery box for excitement para masaya ung exciting habang binubuksan mo sana khit alam namin posibleng walang kwenta ang laman nya pero eto na nga hindi nakabox hindi nakapouch basta nasa shopee bag lang nadefeat ang purpose ang corny ni seller ang kj,0,0,0,0,,,,,,,
825,at first okey sya maganda tunog hindi basag at hindi mabilis malobat pero after ilan gamit ayan na sya hindi na sya gumagana ayaw ng mag power on at ayaw nrin mag charge so disappointing,1,0,0,0,,,,,,,
826,maayos naman buti hindi nasira at walang shock absorber,0,1,0,0,,,,,,,
827,not worth it sira po ang binigay tapos unaccommodating ang seller sabi lang eh return eh kung malaki magagastos pa pag binalik pa nu ga yun kung ayos sana ang binigay in the first place edi wala problema dapat kasi chineck muna bago ideliver para wala problema,1,0,1,1,,,,,,,
828,fvckk i dont know baket ganun ung amoy first para syang alcohol malamig and the spell not really sure kung long lasting pero kase nde sya maamoy and medj wlang amoy im tryinh to shake baka ganun but no im really really disappointed for this product dont buy ariana guys,1,0,0,0,,,,,,,
829,im so disappointed una sa lahat nung nareceive ko sya prng gamit na kasi walang plastic nakabuka pa mismo yung harap tpos ung filter wala rn plstic ang pangit sayang pera sana bumili na lang ako ng original sa mall sobrang nakakainis tpos unh remote chinese pa leche kakainis kabwisit,1,0,1,0,,,,,,,
830,maling size naman po ung pinadala nyo large po ung order q hnd smallsana sa susunod kung wla kayong available nong ino order sa inyo sabihin nyo nlang hnd ung magpapadala kayo nang d ayon sa order,0,1,0,0,,,,,,,
831,not good sya sa aking kasi kapag mag charge ka indi kasya yong charger sa mini electrifan,1,0,0,0,,,,,,,
832,wrong color received i ordered 2nd time dahil nakulangan ako kaso ibang kulay yung dumating,0,1,0,0,,,,,,,
833,low quality hindi sya nagana nung dumating kaya naicharge muna kasi akala namin lowbatt lang then ilang araw na naka charge hindi talaga gumagana nakaka disappoint ng sobra,1,0,0,0,,,,,,,
834,not good too hindi ito yung inorder ko okay lang sana kaso madaling mapunit yung sa sintasan ganyan na pagdating sakin next time ho kung ano yung nakalagay sa picture sana ganun din ibigay niyo bakit sa iba okay naman first time ko omorder dito sa shopee na naloko ako,1,0,0,0,,,,,,,
835,dont order here comp mouse ang inorder ko tsinels ang dumatingupdate ako ng update pero walng sumasagot,0,1,0,1,,,,,,,
836,malamig sya just like an ordinary alcohol worst purchase nilagyan lang ng oil2 pro parang alcohol dahil malamig sya sana mabasa ito ng mga future buyers this make sense bakit 79 lang sorry but ang layu sa orig scent parang nag purchase ka lang ng alcohol literal,1,0,1,0,,,,,,,
837,bobo ng seller hindi ata alam ang kulay ng black o baka color blind ang seller ang order ko black pero ang dumating gray  ang bobo mo bumalik ka nga ng grade school nakakagigil ka,0,0,0,1,,,,,,,
838,sayang lang ang pera sira p ung charger haha kainis gsto q sna ireturm kso ntapon qna ung box kainis tlga sira n cxa agad isang araw plng tpos kupas p ung print ng mukha ng pig d recommmend,1,0,1,0,,,,,,,
839,ang layo sa inorder ko kulay nung inorder green tas ung wipes na inorder ko pangsapatos hindi pang mukha,0,1,0,0,,,,,,,
840,pagka open ko ng handle crack sya ang panget dumating syang may crack tas ka bukas ko ng handle sira sya so diko manlang nakagamit kahit isang beses,1,1,0,0,,,,,,,
841,hindi po type c pwedi po ba return palitan nyo po,0,0,0,0,,,,,,,
842,excited pa nmn sana ako kasi ang bilis lng dumating ang problema my damage yung items na pinadala sakin at hindi rin yung color na gusto ko sanani replace nga ng iba kaso may damage paano bayan dissapointed talaga akook lng iniba ung color pero dapat ok rin ung,1,1,0,0,,,,,,,
843,sayang naman ng review kung di ako magpapakahonest dito sira yung dalawang payong na binigay sakin pati yung earphone di man lang triny bago iship im very disappointed tapos nung chinat di man lang nagrereply kahit active naman nakapa irresponsible hays,1,0,0,1,,,,,,,
844,not recommended to buy masasayang lng pera nyo dito,0,0,1,0,,,,,,,
845,not satisfied ung bayad mong maayos dadting sayong di maayos di gumagana,1,0,0,0,,,,,,,
846,ka dismaya naman hinaloan ng isang pang girl yellow flowers pa sabi ko pang boys eh ramdoms for boykainis kayo,0,0,0,0,,,,,,,
847,i already received the parcel maganda yung product kaso yung natanggap ko na items ay d magkapareha yung size d ko parin sya magagamit,1,0,0,0,,,,,,,
848,i dont think so i think it is not 10meters long i think it is just 8 or 9meters and its wide is only 40cm not 43cm nor 45cm its just 40cm nabulag aq sa presyo akala q makakamura aq well sorry to me lugi,1,0,1,0,,,,,,,
849,dont buy it wag nyo bilihin nasira agad fan a few minutes after using it,1,0,0,0,,,,,,,
850,wala ung yellow bee na socks please double check the item kung kompleto lahat sayang lang,1,0,0,0,,,,,,,
851,okay naman siya considering the price kung medium size ka dapat large orderin mo mas maganda tela ng dark gray kasi yung black naghihimulmol siya pina ayaw ko lang hindi responsive si seller at yung rider siningil ako ng sobra pasalamat siya lowbatt ako kaya wala tuloy proof na 243,1,0,1,1,,,,,,,
852,why po white  black po order ko para po sana hndi madumihin,0,0,0,0,,,,,,,
853,disappointed nasa message na nga 2 3 pareho padin pinadala nyu sana ng memessage ka seller d yun disisyon ka ng disisyon 2 ka lng saken,0,0,0,1,,,,,,,
854,item is not in good condition when received understood that in could be the courier but the seller must take note to at least put a carton or more bubble wrap on the box of the light itself ung stand naman naka box na so dapat mas protected ung light,1,1,0,0,,,,,,,
855,mali yung design na dumating sakin excited pa naman yung panganay ko kasi sya pumili ng design sana next time kung ano yung design na nakalagay ayan pa din yung ipapaship nyo or pwede kontakin nyo kami order ko 2 liters hindi 1 liters,0,1,0,0,,,,,,,
856,not good ndi maganda kompara sa mga nauna ko ng naorder nahiwalay ang 1st layer sa diaper,1,0,0,0,,,,,,,
857,not good very disappointed masyadong madaya si seller ang order ko ay small sinulatan nya yung plastic ng diaper ng small pero ang nakalagay sa diaper ay newborn kaya pala nakakapagtaka na maliit yung diaper tapos ang presyo nya ay pang small napaka galing no seller masyado kang matalino,1,0,1,1,,,,,,,
858,im very disappointed kasi di gumana ang dalawa kung order,1,0,0,0,,,,,,,
859,not good kulang po yung item na nareceived ko nakakalungkot lang anyways sana next time naoorder ako complete na yung items na ibibigay sakin hehehe,0,0,0,0,,,,,,,
860,wrong color hassle pa ng refund wag nlang,0,1,0,0,,,,,,,
861,yung isang fan walang chargerhindi kumpletosana next time i check pls,1,0,0,0,,,,,,,
862,kaya naman pala mura matagal syang mamaga sa eyelash mo kaya kapag naglagay kyo wag kayo pipikit kasi kakalat yung mascarra so ayun 2 star poor quality lang hehe,1,0,1,0,,,,,,,
863,na kulang ung dumating may maling item instead of mascara eye liner ang dumating hindi maganda ung fake nails masakit at wala pang glue,1,0,0,0,,,,,,,
864,sira nmn gilid very poor quality,1,0,0,0,,,,,,,
865,not recommended mali ung size mali ung color pati ung itsura hnd naman yeezy to,1,0,0,0,,,,,,,
866,hindii kasama ang wallpaper flattener sa pack kailangan ko pa naman iyon dahil di ko pa nailagay lahat ng adhesive wallpaper na binili ko rin sa inyo lakip ko siyang binayaran paano na iyon,0,0,0,0,,,,,,,
867,i am not happy with their service i ordered 2 umbrellas with bag pero walang bag ung pinada sabi ni seller baka pwd na daw un kasi magagamit ko din naman daw un tsk tama ba un kaya ka nga umorder ng tamang item na gusto mo tas marunong pa,0,0,0,1,,,,,,,
868,ok na sana yung item kaso ibang color lang ang dumating royal blue to green wew,0,1,0,0,,,,,,,
869,maganda po ang product sana keyboard na lang at mouse maganda pa sana yun very very useful,1,0,0,0,,,,,,,
870,sira po ung gilid pagka open qd q navideohan dhl twala nmn aq n ok ung itemnxt time po pacheck ng items bago ishiptpos pki picturan send sa client para sure,1,0,0,1,,,,,,,
871,mga hayop akala nu ba magtatagumpay kayo jan na niloloko ninyo ung buyers nag order ako tv taz olo ng cp charger ang pinadaka ninyo nag tagumpay kayo kc ung anak ko nag claim sa jnt at hinde ako hende ako ang naloko ninyo kundi mismo sarili niyo,0,0,0,1,,,,,,,
872,bad its so iritating i apply sis napaka tagal matuyo sa eyelashialang minute na pero waley nasa parin tapos ayun nag sasabog sa matanot waterproof,1,0,0,0,,,,,,,
873,okay na sana eh yuung nakuha ko pero di functional btw wireless earpods pala nakuha ko mabilis rin delivery,1,1,0,0,,,,,,,
874,poor quality mabilis dumating almost 2 days lang mabilis siyang mapunit hindi maganda yung pagkatahi at wala siyang plastic nung dumating,1,1,0,0,,,,,,,
875,ganito pala laman 3 mystery pouch pare parehas lang pala,1,0,0,0,,,,,,,
876,alcohol ang amoy super bilis mawala ng amoy bili na lng kau sa ibang store ung tig 160 ang price mas ok pa un nagtatagal amoy sa bagay what do you expect sa price,1,0,1,0,,,,,,,
877,ok thank you so much seller and to the rider ang bilis ng delivery hindi maayos ang pagka pack walang bubble wrap basta nlang pinasok sa plastik kaya ayan sira buti nlng isa lng ill definitely not purchase again god bless,1,1,0,0,,,,,,,
878,mabilis malowbat at samsung ang kinoha ko mali ang bibigay,1,0,0,0,,,,,,,
879,very disappointed may crack yung gilid hindi man lang inaayos ang pagpack para hindi sana nadamage,1,0,0,0,,,,,,,
880,pink po inorder ko tas red po yung dumating,0,1,0,0,,,,,,,
881,kala ko ba fit to sa lahat pota hindi naman fit sa gas stove namin 2 pa naman binili ko,1,0,0,0,,,,,,,
882,not good mali binigay nyong order 2l order ko bingay nyo 32oz,0,1,0,0,,,,,,,
883,ok complete package tama ang item at color na napa bigay kaya lng di ata nakaka pag check c seller may damage yung color white well packedvery mabilis ang dating ng parcel at mabait c delivery man,1,1,0,0,,,,,,,
884,sana kung may gasgas at unpleasant visible stain or marks huwag ng isend sa buyer 2l ang inorder ko 1l ang dumating nakakalungkot experience ko sa seller na ito,1,1,0,0,,,,,,,
885,hnd sya talagang pink kulay para syang maroon sa lips at hnd sya pigmented natatanggal din sya agad,1,0,0,0,,,,,,,
886,very disappointed 1 day lng gumana pag 2nd day n nag blurd yung lcd ng cp at tuluyan ng di gumana haist,1,0,0,0,,,,,,,
887,tang  na talaga nakaka gag kulang at sira binigay nla ang hussle pa need mo ibalik sa jnt bago nla refund kuno walang remote walang manual defective pa item wag kayong bumili dto sinabhan pku order ko ulit isasama na nla ung kulang dumating nxt order ko wala napaka,1,0,0,1,,,,,,,
888,its not a real samsung its not first time buying on a low price and i was like shock when i saw how cheap this product is not until i received the product to those who want to buy this i tell you na po na its not a real,1,0,1,0,,,,,,,
889,mali ang dumating na items nakaka disappoint i paid right amount you should ship the wrong order wont order again in this shop,0,1,0,0,,,,,,,
890,nakakdisappoint lang kasi extended mouse pad na nga yung order tas pati mystery pouch mouse pad din ang din pero all goods naman thankyou rin seller,1,0,0,0,,,,,,,
891,mali ang product na binigay i ordered intelligent sweeping robot pero ang dumating air humidifier na maliit nakakainis sobrang hassle,0,1,0,0,,,,,,,
892,very disappointed hindi po gumagana ung item we already charge na pero not working parin,1,0,0,0,,,,,,,
893,so i2 n nga vry disapntd tlga aq kc inorder q i2 ng dec 28 2020 tapos kara2ting lng ngaung jan 30 2020 ide wow grbe npktmad ng courier jan sa tacloban porket umabot lng ng 304 order ko dna maihatid at nagchat pa aq ky seller na ipacncel nlng,0,1,0,0,,,,,,,
894,no good baliktad ang pagkaka kabit ng pinaka glass s frame as u can see in the pictures hindi sya fit s frame may parang lukot ung pinaka main purpose qng bakit q to binili at kung ano ung naka advertise is not what i get this is trash waste,1,0,0,0,,,,,,,
895,mali nmn ang dumatingbkit nmn gantoportable neck fan bladeless order qbakit dumating cotton budsbaby wipesface mask etc,0,1,0,0,,,,,,,
896,idunno so dissapointed hindi nag iiwan ng stain pag winape na at ang layo layo ng pili kung shade sa personal ang layo layo ano bayan,1,0,0,0,,,,,,,
897,sa pagkakaalam ko wala akong order na may tatak na fila ok na sana e kaya lang yung kabilang side ng print e reverse ang pagkakadikit manlolokong seller huwag kayong oorder dito ng marami kasi mafrufrustrate lang kayo walang kwentang kausap dapat hindi ka nagnegosyo babalik syo ang karma,1,0,0,1,,,,,,,
898,defective earbuds  sawi sa unang try,1,0,0,0,,,,,,,
899,okay naman sana sya kaso manipis pala see the picture kungnag hahanap kayo ng makapal i guess this product is not for you pero okay na,1,0,0,0,,,,,,,
900,di marunong mag double check yung seller  kulang yung pinadala wag nalang kayo bumili dito di rin marunong mag refund kahit gcash nalang  sayang lang pera nyo,0,0,1,1,,,,,,,
901,sakto lang sa quality thinking na mas mura pa sa ibang shop deflated din sya makikita sa picture not worth it sa price parang mabilis na ninipis kudos sa delivery 3days lang dumating na,1,1,1,0,Product(quality,deflated,nabilis na ninipis),Price(not worth it),Delivery(kudos,3days),
902,napaka bulag ng taga tingin ng po nio ang order ko puti pero blue binigay nio ang pangit ng store nio,0,0,0,1,Service(pangit ng store),No product mentioned.,,,,,
903,pangit grabe ka naman seller expectation vs reality ah lakas ng amats mo po hay nako ka po buti may nabentahan ako at nabawi ko ang nabayad ko putol pa ang tali ngvtumbler mo,1,0,0,1,Product(putol pa ang tali ng tumbler),Service(grabe ka naman seller).,,,,,
904,we ordered 2item but we received 1item only yung binayaran namin amount is amount ng pang two item kaloka awit dipa nag reresponse yung seller hahaha bogos yarn for todays video sana masaya kayo,0,0,1,1,Price(binayaran namin amount is amount ng pang two item),Service(di pa nagreresponse yung seller).,,,,,
905,anlitttt anlittttanlittttanlittttanlitttt sobrang liiy naman ng size niyo 40 na yun pero parang 36 lang sa paa ko jusko,1,0,0,0,Product(sobrang liit naman ng size).,,,,,,
906,ang nipis madali mapunit white wallpaper very low quality ang nipis mabilis mapunit at visible yung mga bakat ng walls mo however for the table maganda sturdy for its price makaka save ka talaga,1,0,1,0,Product(ang nipis,madali mapunit,very low quality,maganda sturdy),Price(makaka save ka talaga).,,
907,wrong item ang dineliver 2lt yung order ko pero 850 ml lang pinadala wrong color din unresponsive pa si seller wag na kayong oorder sa shop na tao bogus,0,1,0,1,Delivery(wrong item,wrong color),Service(unresponsive pa si seller).,,,,
908,hindi siya nausokk sana next time bago man i deliver sana subukan muna kung gumagana para yung mga bibili ay ganahan ulit bumili sa shop im very disappointed pag dating saakin excieted ako makuha agad yung item pero pag dating saakin hindi na gana i mean yung usok lang problema,1,1,0,0,Product(hindi siya nausok,hindi na gana),Delivery(bago man i deliver sana subukan muna kung gumagana).,,,,
909,pagkaubos ng initial charge ayaw na magcharge,1,0,0,0,Product(ayaw na magcharge).,,,,,,
910,d nmn sia fast chargermdjo nkktkt s una kse kla q d sia mg chargepro gmna nmn,1,0,0,0,Product(d nmn sia fast charge,pro gmna nmn).,,,,,
911,hindi humahawa sa baso thank you shoppe saka mabilis pang dumating thank you sa nagdeliver next time po ulit pg ubos,1,1,0,0,Product(hindi humahawa sa baso),Delivery(mabilis pang dumating).,,,,,
912,not good madali masira hindi nagana yung lights nya tinary ko icharge pero wala tlaga nangyari yung fan nagana pero yung ilaw hindi kinda dissappointed on the item ang cute pa naman nya diko na lang nirefund atleast magamit ko man lang yung mirror at fan,1,0,0,0,Product(madali masira,hindi nagana yung lights nya,yung fan nagana pero yung ilaw hindi).,,,,
913,napakapanget ng cp na ito ibang iba sa personal good for 1min wag na kayo bumili,1,0,0,0,Product(napakapanget ng cp na ito ibang iba sa personal).,,,,,,
914,the lense are both plastic wala sa ayos yung lensestagal ng shippingkya pla nahilo akosayang lang pera nyoung rider lng maayos kausap,1,1,1,1,Product(the lense are both plastic,wala sa ayos yung lenses),Delivery(tagal ng shipping),Price(sayang lang pera),Service(yong rider lng maayos kausap),,
915,maliit pam bata hindi ng inform c seller,1,0,0,1,Product(maliit pam bata),Service(hindi ng inform c seller).,,,,,
916,for its price mura pero ang tela di cottonmukhang mainit sa katawan itoat mukhang madaling masisiradi na po ako order ulithindi po maganda sorrypero mabilis naman po dumating yun itemsalamat pa din,1,1,1,0,Product(di cotton,mukhang mainit sa katawan,mukhang madaling masisira,hindi po maganda),Price(mura),Delivery(mabilis naman po dumating).,
917,wala sa ayos maayos so its been 5 days at di pa rin ako nirereplyan ng seller mali ang ipiladala nilang item hindi na sana ako mag rerate pero grabe talaga wala man lang nag reply,0,0,0,1,Service(wala sa ayos maayos,di pa rin ako nirereplyan ng seller,mali ang ipiladala nilang item,wala man lang nag reply).,,,
918,picture not related hundi maganda klase iba kulay pa nilagay,1,0,0,0,Product(hundi maganda klase iba kulay pa nilagay).,,,,,,
919,di siya kasing amoy ng ariana grande cloud more on baby powder scent siya,1,0,0,0,Product(di siya kasing amoy ng ariana grande cloud more on baby powder scent siya).,,,,,,
920,mali mali ang pinadala mo seller kulang kulang pa dalawa ang inorder na purple tpos isang green iba na nga ang pinadala mo na item kulang kulang pa wag kana magtinda kung pasala sala ka namemera ka lang e mabayad ng tama sayo tapos ganyan gawa mo wag kayo magorder,0,1,0,1,Delivery(mali mali ang pinadala mo seller,kulang kulang pa),Service(wag kana magtinda kung pasala sala ka namemera ka lang).,,,,
921,not good kahit fully charge xa wala png 1hour low battery na agad nakakadisappoint gustuhin ko man ireturn para makuha yung refund hindi ko magawa dahil need ko pa bumiyahe para iresend to sa seller mejo busy p nmn tpos ilang days lng ang palugit ni shopee para maireturn goodluck,1,0,0,0,Product(kahit fully charge xa wala png 1hour low battery na agad nakakadisappoint).,,,,,,
922,binawasan ng 1 sapatos pinalitan ng freebies kuno eh nakihati naman pala sa shipping fee before placing our orders we made sure of our items and we payed exact amount it was not our fault that the items were returned to sender wrong color wrong style wrong sizes palpak lahat,0,1,1,0,Delivery(the items were returned to sender,wrong color,wrong style,wrong sizes,palpak lahat),Price(nakihati naman pala sa shipping fee,we payed exact amount).
923,super tagal nya dumating like feb 24 ako umorder then dumating sya ng march 6 and may isang maling naibigay saken,0,1,0,0,Delivery(super tagal nya dumating,may isang maling naibigay saken).,,,,,
924,size 44 to 45 na kinuha ko pero ang liit pa rin sa paa ko lumalampas yung daliri ko sa paa maganda design maganda rin siguro quality pero problema ko lang maliit talaga sya sa kin kahit size 43 paa ko,1,0,0,0,Product(ang liit pa rin sa paa ko,maganda design,maganda rin siguro quality,maliit talaga sya sa kin).,,,
925,masakit sa tinga  maayos sana ang sound kso masakit sa tinga di fet sa tinga,1,0,0,0,Product(maayos sana ang sound kso masakit sa tinga di fet sa tinga).,,,,,,
926,maganda para din syang air nike over all maganda naman kaso maling size ang pinadala nila expected ko pa naman na may magagamit bukas sa birthday party baby ko kailangan pa namin mag hanap sa bayan ngayon ng gagamitin nya sana naging mas maingat kayo next time,1,1,0,0,Product(maganda,para din syang air nike,over all maganda naman),Delivery(maling size ang pinadala nila sana naging mas maingat kayo next time).,,,
927,hindi tama yung color na pinadala iba na pala yung camel color saknila white na ang ayos ayos ng order eh mali mali naman yung binibigy na color very much disappointed hindi ulit uulit bumili dito hassle lang,0,1,0,0,Delivery(hindi tama yung color na pinadala,mali mali naman yung binibigy na color).,,,,,
928,super liit i ordered 42ab na nga kahit 38a lang ako but its too small and tight yung cup lang ang malaki,1,0,0,0,Product(super liit,its too small and tight).,,,,,
929,xxxx di po natutuyo agad and panget gamitin honest review thanks po,1,0,0,0,Product(di po natutuyo agad,panget gamitin).,,,,,
930,fast delivery naman  ung sizing ang request ko ay 36 months may naligaw na 12 months and gray pa 3 out of 5 gray sa romper chinecheck nyo naman cguro ang item bago ipadala,0,1,0,0,Delivery(fast delivery naman,may naligaw na 12 months,chinecheck nyo naman cguro ang item bago ipadala).,,,,
931,i dont have pictures and vid ng product pero yung packaging medyo nakakakaba na baka basag yung product or sira sobrang tagal pa ng shipment i ordered it august 8 dumating lang siya ng august 25 although preorder siya pero para sa akin napakatagal nun super unresponsive pa ni seller,0,1,0,1,Delivery(sobrang tagal pa ng shipment,napakatagal nun),Service(super unresponsive pa ni seller).,,,,
932,iba sa picture white na white kala ko hnd puti dko type hnd p maayos yung tahi lumabas kailangan pang tusukin pra pumsok sa loob,1,0,0,0,Product(iba sa picture,hnd p maayos yung tahi).,,,,,
933,maganda sya  yun nga lang may mantsa yung banting nung tsinelas pero over all maganda naman thank you shopee and sa seller at kay kuya rider,1,0,0,0,Product(maganda sya,may mantsa yung banting nung tsinelas,over all maganda naman).,,,,
934,di ko naaprecaite texture niya kc mdli mtanggal sana kung ano ung video clips niyo totoo kaso hindi khit svhin mo p n mura ung items or mahal kaso ung paniniwala ng seller buyer niyo nwawala dahil pagdating ng ptoduct samin ung eniexprctbnmin ei walang wala sa katotohanan dissapoint,1,0,1,0,Product(di ko naaprecaite texture niya,mdli mtanggal,ung eniexprctbnmin ei walang wala sa katotohanan dissapoint),Price( mura ung items or mahal).,,,
935,not recommended nakakadissapoint lang po ung mystery gift kong inorder 3 order po iyon pero ung dumating sakin isang package lang tapos 3 pare parehas pang item at parehas ng design pa parang hndi nmn sya random sana ginawa n lng individual ung packaging para nmn individually ko syang bubuksan,1,0,0,0,Product(nakakadissapoint lang po ung mystery gift kong inorder,3 pare parehas pang item at parehas ng design pa,parang hndi nmn sya random).,,,,
936,madaling macharge at malowbat cguradong hindi magtatagal,1,0,0,0,Product(madaling macharge at malowbat cguradong hindi magtatagal).,,,,,,
937,okay naman ung isang tsinelas na order ko ung kulay black pero bat itong kulay white sana chineck mo muna seller kung maayos at malinis ba ang ipapadala mo,1,0,0,1,Product(okay naman ung isang tsinelas na order ko,itong kulay white),Service(chineck mo muna seller kung maayos at malinis ba ang ipapadala mo).,,,,
938,so ano na seller disputed yung request refund return ko so yabg 3 pcs na sira at isang pa dito na ayaw mag detect ang sin wala na din akong refund marami pa naman akong binili sa inyo sinira nyo tiwala ko bibili pa sana ako ng mas marami pa,1,0,0,1,Product(yabg 3 pcs na sira at isang pa dito na ayaw mag detect ang sin),Service(disputed yung request refund return ko,sinira nyo tiwala ko).,,,,
939,purple blue ang inorder pero pink blue ang dumating mali mali ang denideliver,0,1,0,0,Delivery(purple blue ang inorder pero pink blue ang dumating mali mali ang denideliver).,,,,,,
940,hays okay naman sya pero di talaga masyadong natatakoan yung tummy but still thank you,1,0,0,0,Product(okay naman sya pero di talaga masyadong natatakoan yung tummy).,,,,,,
941,masyadong low qualitysira pa ung pinadalandi gumagana haystttkakabwesit,1,0,0,0,Product(masyadong low quality,sira pa ung pinadalandi gumagana).,,,,,
942,juskooooo nung isang bwan ko pa to inorder ngayon lang dumating palibhasa binayaran ko na thru gcash nung pagka order ko pa lang omg,0,1,0,0,Delivery(nung isang bwan ko pa to inorder ngayon lang dumating).,,,,,,
943,sabi ko icancelled na yung item tas dumating sakin wrong item pa karaoke microphone order ko tas dumating sakin 6pcs na correction tape kuhang kuha mo gigil kong seller ka,0,1,0,0,Delivery(sabi ko icancelled na yung item tas dumating sakin wrong item pa).,,,,,,
944,napakapanget po ng mga items sa shop na to as in lahat ng inorder ko di tugma i gave them a chance to settle sana kasi kulang din ng pinadal but no response si seller nakakainis lang sa lahat ng shop na inorderan ko dito ako nadisappoint ng sobra may,0,1,0,1,Delivery(kulang din ng pinadal),Service(no response si seller,dito ako nadisappoint ng sobra).,,,,
945,if i were you do not buy to this shop please do double check the reviews kulang ang items na binili ko dito the seller is not accommodating very irresponsible,0,1,0,1,Delivery(kulang ang items na binili ko dito),Service(the seller is not accommodating very irresponsible).,,,,,
946,lima lang ang nilagay akala ko set na 6pcs dahil yon naman ang nakalagay oks naman yung quality for its price pero kulang lang talaga sana next time paki double check will refund sana kaso ang hussle lang,1,0,1,0,Product(oks naman yung quality),Price(for its price),Delivery(kulang lang talaga sana next time paki double check).,,,,
947,ang dali lang pala niya malowbat like hindi umaabot ng 1 hr nalolowbat na kahit nakalow yung set niya,1,0,0,0,Product(ang dali lang pala niya malowbat hindi umaabot ng 1 hr nalolowbat na).,,,,,,
948,wrong item ito tinag nyo lang na xxl pero pang medium ang size sana maging honest po kayo sa sizes bumase kami sa sizing ninyo na nakalagay sa discription ano yan leggings kaya nga jagger eh edi muka ng leggings sa magsusuot kahit mura sana ayusin ang sizing,1,0,1,0,Product(wrong item,tinag nyo lang na xxl pero pang medium ang size,ayusin ang sizing),Price(kahit mura).,,,
949,dalawang pouch inorder ko tapos 1 lang nareceive tapos yan lang laman saka isang item na wala sa list nung pwedeng makuha,0,1,0,0,Delivery(dalawang pouch inorder ko tapos 1 lang nareceive tapos yan lang laman saka isang item na wala sa list nung pwedeng makuha).,,,,,,
950,ang liit ng size pinagcompare ko yung old ko na same size pero ito ang liit,1,0,0,0,Product(ang liit ng size pinagcompare ko yung old ko na same size pero ito ang liit).,,,,,,
951,mali ung size nung benchbody imbes na 3xl 2xl lng binigay,1,0,0,0,Product(mali ung size nung benchbody imbes na 3xl 2xl lng binigay).,,,,,,
952,maganda nmn xa kaso sira na pag deliver saken bad for you seller labas na pinaka loob nung parcel hindi tlga ako makapaniwala na sira xa pero yung isa nagana,1,1,0,1,Product(maganda nmn xa kaso sira na pag deliver saken,sira xa pero yung isa nagana),Delivery(labas na pinaka loob nung parcel),Service(bad for you seller).,,,
953,kulang ang items na binili kokulang ng mousepad at wlang connector ang isang bluetooth mousecontacted seller but never get back to me,0,1,0,1,Delivery(kulang ang items na binili ko,kulang ng mousepad at wlang connector ang isang bluetooth mouse),Service(contacted seller but never get back to me).,,,,
954,1 beses palang nagagamit ng anak ko sa online class sira na agad namatay bigla tapos ayaw na magopen at magcharge,1,0,0,0,Product(sira na agad namatay bigla tapos ayaw na magopen at magcharge).,,,,,,
955,very disappointing hindi sinunod ni seller ung color na order ko tsk tsk kahit mura sya but still sana nagsabi man lang before shipping service is very very poor,0,1,1,1,Delivery(hindi sinunod ni seller ung color na order ko),Price(kahit mura sya),Service(sana nagsabi man lang before shipping service is very very poor).,,,,
956,hindi ko alam pano kayo irerate dahil hindi kayo matino mag bigay ng mga item niyo pang baby sun glasses inorder ko pero pinadala niyo pang adult,0,1,0,0,Delivery(hindi kayo matino mag bigay ng mga item niyo,pang baby sun glasses inorder ko pero pinadala niyo pang adult).,,,,,
957,di sya mgandamgkaibang kulay inorder ko pero prang same lngnkaka disappointi will not order againsayang pera,1,0,1,0,Product(di sya mgandamgkaibang kulay inorder ko pero prang same lng),Price(sayang pera).,,,,,
958,kulang naman pinadala nio order ko 3 2lang andto kulang ng isang black,0,1,0,0,Delivery(kulang naman pinadala nio order ko 3 2lang andto kulang ng isang black).,,,,,,
959,in less than a month nasira na siya sayang yung pera,1,0,1,0,Product(nasira na siya),Price(sayang yung pera).,,,,,
960,mabilis ang delivery pero sira yung naibigay sa akin nagrerequest ako ng returnrefund puro ichecheck at mag antay lang daw ako ang sinasabe sa akin hindi i aasikaso ng seller pagka naideliver wala na sila ata pakialam hanggang ngayon walang nangyare paano ang item na yan sayang pera,1,1,1,1,Product(sira yung naibigay sa akin),Delivery(mabilis ang delivery),Price(sayang pera),Service(hindi i aasikaso ng seller pagka naideliver wala na sila ata pakialam).,,,
961,tatlo order q yung isa dun ordinary nasira agad,1,0,0,0,Product(ordinary nasira agad).,,,,,,
962,affordable oo pero hindi sya long lasting at hindi sobrang bango actually pag inispray mo sya amoy alcohol i swear akala ko accurate yung mga nasa reviews pero hindi naman siguro aabot ng mga 10 spray bago lumabas yung scent ng perfume regarding sa packaging sobrang secured naman,1,0,1,0,Product(hindi sya long lasting at hindi sobrang bango actually pag inispray mo sya amoy alcohol),Price(affordable oo).,,,,,
963,not recommended dumating sakin frame siranasira lang tuwa ko,1,1,0,0,Product(dumating sakin frame siranasira),Delivery(dumating sakin).,,,,,
964,parang binili mo lang din yung mousepad e potek,1,0,0,0,Product(parang binili mo lang din yung mousepad e potek).,,,,,,
965,order ko black and red dumating all blackpalpak na nman si seller,0,1,0,1,Delivery(order ko black and red dumating all black),Service(palpak na nman si seller).,,,,,
966,hindi nka balot sa bubble wrap yupi ang box hindi gumagana ang right side ng isang fan at hina ng hangin sayang ang pera,1,1,1,0,Product(hindi gumagana ang right side ng isang fan at hina ng hangin),Delivery(hindi nka balot sa bubble wrap yupi ang box),Price(sayang ang pera).,,,,
967,mali ang size bwiset  42 43 order ko  dumating 3839,1,0,0,0,Product(mali ang size).,,,,,,
968,2nd time to order sana kaso 1 item lang this time then nadeliver is parang used na and hindi maayos packaging hayst,1,1,0,0,Product(parang used na and hindi maayos packaging),Delivery(1 item lang this time then nadeliver).,,,,,
969,tagal dumating mga beh almost one month na halos na una pa dumating sumonod na order ko,0,1,0,0,Delivery(tagal dumating mga beh almost one month na halos).,,,,,,
970,ang ganda ng body shaper n itoaffordable pa,1,0,1,0,Product(ang ganda ng body shaper n ito),Price(affordable pa).,,,,,
971,sira po nung dumating bumili ako nung una cod maayos at matibay ngayong 2nd order ko na spaylater sira na yung dumating di ko alam if kasalanan ng nagdeliver or sira na nung dineliver yun lang,1,1,0,0,Product(sira po nung dumating),Delivery(bumili ako nung una cod maayos at matibay ngayong 2nd order ko na spaylater sira na yung dumating di ko alam if kasalanan ng nagdeliver or sira na nung dineliver yun lang).,,,,,
972,nice i love it kaso maliit sa paa ko un pla 3637un size 39 un ni order ko,1,0,0,0,Product(maliit sa paa ko un pla 3637un size 39 un ni order ko).,,,,,,
973,tnx po sa ng diliver ng item okay naman ung item sa kulay lng ngkamali kc almost black,1,1,0,0,Product(okay naman ung item sa kulay lng ngkamali kc almost black),Delivery(tnx po sa ng diliver ng item).,,,,,
974,ayaw mag charge maganda naman ung item eh kaso ayaw mag charge aanuhin koto nag send nga ng picture si seller hindi naman gumagana ung charger wag kayo bumili dito marami pang ibang mas ok na item jan,1,0,0,0,Product(ayaw mag charge,maganda naman ung item eh kaso ayaw mag charge,hindi naman gumagana ung charger).,,,,
975,not long lasting parang tubig lng parang tubig lng parang tubig lng na nilagyan ng kunting bango na nilagyan ng kunting bangosa bagay mura lng xakaya cguro ganunpero sayang pa din pera kc hindi worth it ung bayadtubig lng xa at saglit lng ung amoy wala agad sorry seller honest,1,0,1,0,Product(parang tubig lng na nilagyan ng kunting bango,saglit lng ung amoy wala agad),Price(mura lng xa,sayang pa din pera kc hindi worth it ung bayad).,,,
976,kulang ang ipinadala will not order again,0,1,0,0,Delivery(kulang ang ipinadala).,,,,,,
977,ewan so bumili ako ng tester nila sa scent na cloud tapos nagustuhan ko kasi yung smell nya ang tamis e dumating na after 12 days yung packaging pa lang sis amoy bagoong jusme kumakain yata habang nagrerepack ang dugyot pero that aside so hinugasan ko na lang yung bote,1,1,0,0,Product(scent na cloud,yung smell nya ang tamis,packaging pa lang sis amoy bagoong),Delivery(dumating na after 12 days).,,,
978,incomplete items kulang n remote hindi ni refund mg seller ng shop n to so anyways ok lng pero 0star sana e rate koo if ever merun,0,1,0,1,Delivery(kulang n remote),Service(hindi ni refund mg seller ng shop n to,ok lng pero 0star sana e rate koo).,,,,
979,disappointed i order 2l pero 1l lang kulang sa anak ko ang 1l kaya expect ko 2l ganda ng feed back kaya ko sa inu nag order pag sken palpak haist,0,1,0,0,Delivery(i order 2l pero 1l lang kulang,ganda ng feed back kaya ko sa inu nag order pag sken palpak).,,,,,
980,pale masyado hindi tama yong dumating na order nag request ako ng maroon and yellow green e tapos parehas yellow green lang yong dumating tsk pangit pa ng kulay kung baga sa tao ang lamya tsktsk,1,0,0,0,Product(pale masyado hindi tama yong dumating na order,pangit pa ng kulay).,,,,,
981,d pweding erecommend sa ibaang liit ng sizes ng shoes i ordered size 40 peru ang liit ng sapatos niyo pomga sapatos ko size 40 bat d maliit ang sa inyo ang sikit d talaga kasya sa paa ko kung may zero star sana nag zero na akohindi rin responsive,1,0,0,1,Product(ang liit ng sizes ng shoes,d talaga kasya sa paa ko),Service(hindi rin responsive).,,,,
982,huhuhuhuhu sayang yung pera ko kasi ayaw niya gumana and ayaw mag respond nung seller and feel ko yung napunta sakin yung return na productayaw gumana and iilaw siya pero saglit lang and ayaw niya mag connect and lastly wala siyang manualone star kasi cute siya,1,0,1,1,Product(ayaw niya gumana,ayaw niya mag connect),Price(sayang yung pera ko),Service(ayaw mag respond nung seller,yung return na product).,,
983,item is not working had to wait several days for the replacement birthday gift sana sobrang late na such a hassle,1,1,0,0,Product(item is not working),Delivery(had to wait several days,sobrang late na such a hassle).,,,,
984,flashlight to garbage bag real quick earphone dalawang araw lang gumana mini ringlight di gagana ng di nakacharge beauty bearpig portable led mirror fan pocket di gumagana ang led tapos ung fan mas malakas pa ihip ko kaysa sa hangin ng fan this shop was not recommended,1,0,0,0,Product(earphone dalawang araw lang gumana,mini ringlight di gagana,fan mas malakas pa ihip ko kaysa sa hangin ng fan,di gumagana ang led).,,,
985,local po ito dinikit lang yung samsung natanggal din agad pagdiin ko ilang beses nako nagkaron ng samsung na keypad same model pero hindi ganito and interface this is not legit,1,0,0,0,Product(local po ito dinikit lang yung samsung natanggal din agad,this is not legit).,,,,,
986,wrong color received hassle na maxado ibalik pa do not order from this seller they will just send you whatever is available without even informing you that the order is not on stock anymore,0,1,0,1,Delivery(wrong color received),Service(do not order from this seller they will just send you whatever is available without even informing you).,,,,,
987,di nag spray disappointed buyer here may parts n di kasama sa pinadala nyo sana double check naman and be responsible enough as a seller paano p po ito magamit,1,0,0,1,Product(di nag spray),Service(disappointed buyer here,di kasama sa pinadala nyo sana double check naman and be responsible enough as a seller).,,,,
988,yung nokia parang old stock daming scratches,1,0,0,0,Product(yung nokia parang old stock daming scratches).,,,,,,
989,sa umpisa lang nag reresponce seller purkit bayad na ung item walang pakialam na ung seller sira ung deniliver sakin nag memessage ako kahapon pa until now walang responcesana ma ban tong seller na to nakakahiya sa shoppee mga ganitong seller ang nakaka sira sa shoppee dont order guys please,1,0,0,1,Product(sira ung deniliver sakin),Service(sa umpisa lang nag reresponce seller purkit bayad na ung item walang pakialam na ung seller,sana ma ban tong seller na to).,,,,
990,sorry but this shop is not recommended sa mga bibili i warn u na wag umorder ng base sa sukat na nailagay nila which is standard daw pero super liit naman pala ng size unfair ng shopee kasi ireturn ko daw but the sf is my shoulder,1,0,0,0,Product(super liit naman pala ng size,unfair ng shopee kasi ireturn ko daw but the sf is my shoulder).,,,,,
991,wrong item delivered wag na po kayong oorder sa shop na tokaya pala mabilis lang madeliver kasi maling item ang ipapadala sa inyosayang sa oras,0,1,0,0,Delivery(wrong item delivered,mabilis lang madeliver kasi maling item ang ipapadala sa inyo).,,,,,
992,sabi sa tiktok mabango raw sinungaling ang mga reviews hayst nanghinayang tuloy ako,1,0,1,0,Product(sabi sa tiktok mabango raw),Price(nanghinayang tuloy ako).,,,,,
993,sira yung press button nya,1,0,0,0,Product(sira yung press button nya).,,,,,,
994,sobrang liit ng sizes parang pambata di rin namin masuot super disappointed talaga,1,0,0,0,Product(sobrang liit ng sizes parang pambata di rin namin masuot super disappointed talaga).,,,,,,
995,dalawang beses ko finullcharge pero di ko pa ginamit kahit minsan nalolowbat mag isa sabi ng seller bilhan ko dw battery edi doble gastos pa ako akala ko papalitan ng iba bebentahan pala ako ulit ng another item,1,0,1,1,Product(nalolowbat mag isa),Price(doble gastos pa ako),Service(bilhan ko dw battery edi,bebentahan pala ako ulit ng another item).,,,
996,fast delivery pero not satisfied nttanggal po kc yun handle,1,1,0,0,Product(nttanggal po kc yun handle),Delivery(fast delivery).,,,,,
997,not good may sira yung item tas ayaw pa mg reply ng seller sakn,1,0,0,1,Product(may sira yung item),Service(ayaw pa mg reply ng seller sakn).,,,,,
998,na deliver naman agad yung order kylangan plus one ang size kasi maliit na disappoint lang ako sa isa may parang sira sa edge,1,1,0,0,Product(kylangan plus one ang size kasi maliit,may parang sira sa edge),Delivery(na deliver naman agad yung order).,,,,
999,kulang nang blush palette wala po akong natanggap,0,1,0,0,Delivery(kulang nang blush palette wala po akong natanggap).,,,,,,
1000,sirapocyung remote control nya bumili nako ng new battery wala padin para tuloy chrismass lite ang kwarto ko,1,0,0,0,Product(sirapocyung remote control nya bumili nako ng new battery wala padin).,,,,,,