Review #,Review,product,delivery,price,service,explanation,,,
1,good ok namn ung delivery nya maayos at napakabilis kaya lang sala ung item na pinadala ni seller ang order ko ay blue 10 ribs ang dumating is 8 ribs na kung saan magkaiba ung price nya so lugi ako don e ang binayadan kung price is pang 10 ribs,1,1,1,1,Mentions product being different from what was ordered,fast delivery,price difference,and seller sending wrong item.
2,hard to foldrestore ang hirap nya i fold or irestore not really worth its price kasi parang di maayos yung quality nya however i received naman exact product with no damage thanks,1,0,1,0,Describes product's difficulty to fold and questionable quality,plus its price point.,,
3,medyo maliit sakin next time pag bili ko ung malaki na bibilin ko xl nlng nxt time di ko expect maliit masyado ung l,1,0,0,0,States the size is small.,,,
4,okay naman pag ka pack sa size lang talaga mali di pa pwede e return or refund,1,0,0,0,Mentions incorrect size.,,,
5,medyo manipis ung wallpaper and madaling mabakbak and nahaluan siya ng light na color ng gray which is ang order is dark gray,1,0,0,0,Describes product quality and color inaccuracy.,,,
6,yun 1 neckfan mukhang loose un mga parts malakas un vibration magkaiba ng brand yun naipadala kaya magkaiba din nasunod naman yun kulay na order thanks seller will order again,1,0,0,0,Mentions product parts being loose,vibration,and brand differences.,
7,goods well packfast deliveryokey ang color nasunod pero hindi okey yun lip therapy madaling maalis lang tissue not like yun naorder ko sa ibang sellerpinamigay ko na lang sa kakilala komore improve nyo pa po lip therapy thanks seller,1,1,0,0,Positive delivery experience,but the lip therapy is not good,mentioning product quality and asking for improvement.,
8,hii sorry if late rate sobrang late haahahahahaha medjo disappointed lg kase butas pero ok lang di naman makikita tsaka kalaq di ganyan design btw tatlo yan kaso nilabhan yun lang ok naman sya nagagamit naman,1,0,0,0,Late delivery with a damaged product,,,
9,710 maganda naman siya kaso ang bilis ma lowbat pero sa sounds both sides all good thank you seller and kuyang rider,1,0,0,0,Reviews the product as good but with a fast battery drain.,,,
10,ok naman kso nd nasunod yung size nah order ko malaki naman yung binigay hndq tuloy kasya,1,0,0,0,Mentions incorrect sizing.,,,
11,color white ang order q nong dumating black nman,0,1,0,0,Wrong color,,,
12,6 na large ang inorder ko pero 4 na large at 2 small ang dumating,0,1,0,0,Delivered the wrong quantity,,,
13,maganda naman yung color pero sana hindi nyo na lang nilagay sa description nyo na long lasting kc its a prank pohindi naman sya long lasting,1,0,0,0,Mentions color but the product not living up to what was advertised,,,
14,nareceived ko syang bukas na sa gilid nya pero d ko pa totally na bbuksan sana lng ako ung items thabk you pa dn po,0,1,0,0,Received with broken packaging,,,
15,610 super light ang amoy pero mabango at firstmedyo di ko makuha ang amoy alcohol base din sya pero habang natagal nakukuha ko naman ang amoy may pagka vanilla sweet scent dont expect too much na super nagtatagal sya given 79 pesos lang naman for its priceok na din nman,1,0,1,0,Describes the scent of the product and considers the price point.,,,
16,ok yung pag bubble warp pero yung boxpackaging mismo ng ring light and stand parang deformed  used box ang ginamit may mga damage like missing rubber or stopper sa tripod yung sa ring light may nasira din na parts may gasgas yung ring light pwede na sa 199 na,1,0,0,0,Describes deformed packaging,missing parts,damage,and scratches.
17,thank you okay naman,0,0,0,0,No aspect mentioned.,,,
18,mabilis dumating yung order ko kaya lang yung lip balm hindi na naka sealed nung nareceive ko halatang ginamet na order pa naman yun saken kase niresell ko minessage ko din yung seller pero hindi responsive,1,1,0,1,Fast delivery but the product is not sealed and the seller is unresponsive.,,,
19,hindi ko sya nareceive yung flattener so 3 stars lang po pero the rest of the product is really in best quality well definitely buy again soon,1,0,0,0,Product good quality,,,
20,good quality namankaso lng akala ko yung size 40 png lalaki cya hndi pala sa png babaye palamaliit lng sa husband ko,1,0,0,0,Reviews quality but size expectation.,,,
21,kakarating lang kahapon nagcrack kaagad yung piyesa na kinakabitan ng ilaw imbis na humigpit lalong lumuluwag kaya ang ending nakayuko yung ilaw pag nakakabit yung cp ko pero maganda naman yung ilaw may konting scratches lang sya good for the price nadin naman,1,0,1,0,Reviews the product cracking after just getting it but mentions that the light is nice for the price.,,,
22,rated it for only 3 starts kasi walang pang lock yung phone holder medyo nakaka disappoint kasi im looking forward mgamit na namin ito huhu but the ring light is working fine naman,1,0,0,0,Reviews the product lacking a phone holder lock.,,,
23,you get what you paid for unable to take pictures na keri naman sa price,1,0,1,0,Mentions that the price is good,,,
24,ok nareceved kuna po sellerorder kopo nadismaya lng po aq sa size kz dapat ung size nyopo ung tama talaga examc large dapat large oh c xl dapat xl talaga po eh ang liit po c large para mediumc xl parang large nakakadismaya po nga ung mga size ay di,1,0,0,0,Received item but unsatisfied with the size.,,,
25,hinde parehas sa kulay na nasa pic inorder ko,0,1,0,0,The color ordered and the color received is not the same.,,,
26,di sya universal tols mura lang naman kaso sana maayos yung details yung plastic bag and yung latex gloves goods naman,1,0,1,0,Mentions cheap price and not universal.,,,
27,received my order not super soft hindi tulad sa nabili ko dati napakalambot masasabi ko lang ok lang yung item and medyo mataas sya,1,0,0,0,Compared to previously purchased product not too soft and high.,,,
28,maganda naman for its price maganda siya kaso nga lang walang bubble wrap and nung binuksan ko parcel yupi yupi na talaga akala ko din nasira na ang order ko dahil hindi na pack ng maayos,1,0,1,0,Reviews product as good but mentions packaging quality.,,,
29,di ko pa na try yung seller na to color blind ata black red order ko pinadala imbis na red gold,0,1,0,0,Delivered wrong color.,,,
30,honest review lang tayo dito ah mabango sya maayos at maganda at makapal ang bubble wrap at ok pero may natapon konti pero oks lang yun atsaka pala hindi gaano nag tatagal amoy nya sa katawan siguro a few minutes lang wala na yung amoy nya yun lang pero depende,1,0,0,0,Reviews smell.,,,
31,small lang pala sya pero cute in all fairness products worth is fairthank u for fast shipping bagay sa bagets kong kahit may aircon na sa school pawis pa din paguwian na,1,1,1,0,Reviews size and fast shipping.,,,
32,good quality naman kulang lang ng isang order nung diniliver sakin sana mapadala pa bayad namab eh salamat,1,1,0,0,Quality good but lacks 1 out of 3,,,
33,maganda ung laman ng mystery pouch kaso sira ung smart watch tsaka medyo sira packaging din ng watch seller response namn po,1,0,0,1,Product quality with damaged packaging and response of the seller.,,,
34,ok naman medjo malakas pero sana if ganto ang oorderinibebenta pls paki lagyan din ng bubble rap kasi baka madamage ang parcel lalo nat walang naka sulat na fragile thank you,1,0,0,0,Reviews product as ok,but lacking bubblewrap to avoid damage,,
35,iba pinadala don sa unang order qo ung una ang ayos ngaun subrang nipis at ang bilis ma puno na tagos ihi ni baby sa labas ng diaper unang order lng pla maganda ipapadala pag order ulet hnd na may mga madusumi pang ibang diaper,1,0,0,0,Compared with the first order being thin,,,
36,quality too early to tell as of now ok naman 4 orders kong bra yun 2 bra tama redcream 2 ang palpakblack  brown ang size na enorder ko is size 38 and 35 pero yung dalawa 34 dumating so maliabala naman mag sauli kaya nga online purchased pra sa,1,0,0,0,Product 2 out of 4 orders ok,,,
37,xl pero mas malaki pa yung l  bakit ganito to ok sana yung color first time ko pa naman mag shoppe tapos ganyan lang makukuha ko pero yung l ang size walang damage tapos tama pero yung xl talaga may punit na nga mali pa yung size,1,0,0,0,Incorrect and damanged order,,,
38,black dumating tong order ko knina ung tipong excited nko e sukat kaso pg suot ang bitin ung pang lock nya s taas ang pangit tingnan pg isuotthanks prin lalo n ky ate rider,1,0,0,0,Received item with wrong color,,,
39,pang kid na sticker free lang naman bigay ko nalang sa niece ko,1,0,0,0,Too small for expected use,,,
40,oily since oil based perfume naman yun lang medyo nalungkot ako malayo siya sa amoy ng cloud since ito ay minty sweet pero pwede na for 79 pesos,1,0,1,0,Difference between smell expectations and reality.,,,
41,pang second order na wala paden spatulagrabe nmn tipid ni seller,0,0,0,1,Lack of spatulafrom seller,,,
42,bilis dumating ok sana kaso xl lang pinadala and order ko po ay xxl will order again pero sana tamang size na ipadala please sana xxl na yung next order ko ty,0,1,0,0,Order size incorrect.,,,
43,finally i resive my items napaka tagal dumating aka la ko yung pony is malaki gaya ng nabibili dto disappointed ako sa ponytail pero okay narin andito na e thank you parin,1,1,0,0,The size of the pony is small and long to deliver,,,
44,baliko po sya pero yung sa una kong order hindu naman ganun pero goods naman po inayos ko nalang,1,0,0,0,Product defect.,,,
45,medyo manipis mga shirt medium quality lang,1,0,0,0,Shirt quality.,,,
46,maganda nmn sya kaso yong full brightness hindi ganon ka linaw tpos yong lalagyan din ng phone medjo hindi sakto sa ring kasi nga maliit yong ring tas yong phone holder malaki pero okay na rin to pang online teaching gawan nlng ng paraan salamat parin shopee at sa raider,1,0,0,0,Reviews brightness and the mismatch between phone holder and ring sizes,with context on its use for online teaching.,,
47,may sira yung green na slippers pero nung chinat ko si seller for refund di daw pwede full refund discount na lng daw tapos yung sa refund request ko gusto nya 10 pesos lng irefundano kaya yun eh worth 69 pesos yung slippersmay mga dumi pa na maliit yung green,1,0,0,1,Describes damaged slippers,seller's refusal to full refund,dirt on the slippers,and conflicting amounts for refund.
48,maliit sya pra sa 3xl maybe large size would fit,1,0,0,0,Size off.,,,
49,kala ko ba kcng laki ng cellphone hays expectations vs reality well okay naman ung umbrella,1,0,0,0,Not as big as what I expected,,,
50,hindi masyado matibay yupi at tuklap ung isa ung iba yupi yupi kaya natuklap at ang pag ka wrap ang duming tingnan thank you s rider ang bait nya,1,0,0,0,Product flimsy,cracked and dirty,,
51,good sana i am very sad to what i had received last week i thought i will receive the exact pcs that i had orderd 2pcs nakakadismaya sakto yung perang binayad ko pero kulang ang nareceive ko na order nasabi q sa sarili at sa rider na sana hindi nlng,0,0,0,0,Mentions that the product is incomplete.,,,
52,i was just expecting sana sa salamin yung itim cia tingnan kaso yung dumating plain lang d ko nagustuhan,1,0,0,0,Product color not what she was expecting.,,,
53,bakit ang bilis po malowbatpero yung unit okay naman po,1,0,0,0,Battery life.,,,
54,silk like accurate sizing maganda yung product my low waist size is 29 sakto lng yung medium 3 stars kasi di tama yung size na binigay i ordered 3 m yung isa is xl di ko tuloy masuot kasi malaki masyado,1,0,0,0,Ordered incorrect size,,,
55,goods ang sound niya boo ang base at kubog ng sound yun lng hindi kaya full volume malakas legit and fast delivery,1,1,0,0,Product and the delivery process.,,,
56,i dont think this is size 38 ang laki niya for me and tinignan ko yung size nakabura i dont know why i think u gave wrong size,1,0,0,0,Size expectation.,,,
57,uhmmmmm may gasgas sya at mukhang nagamit na pero okey na din kaya bawas star muna sa akin worth of 9 pesos sya with it sa proce kasi may gasgas salamat nlang,1,0,1,0,Product with scratches worth of price,,,
58,not really good mali yung color na binigay at mas maliit yung size nung green hindi rin sya flexible tulad ng nakalagay sa product description nila wala rin hangin dun sa 2 bilog at mejo maingay yung fan nya mejo mahina rin yung buga ng fan nya di rin nagrereply,1,0,0,1,Product poor due to the color and size,fan is noisy,small,
59,810 fast shippingang ingay at hnd gnun kalakas ung hangin,1,1,0,0,Product and fast shipping.,,,
60,the pants were of good quality when it came but after 1 use nagkaganito na yung damit sad sobrang ganda pa naman nya pero ganun talaga di naman ganun kamahal yung item and nag order ulit ako pero di pa dumadating ang magamda sa seller nagsend muna sila pictures before,1,0,1,0,reviews good quality product but damaged after 1 use,product is cheap.,,
61,not that satisfied,0,0,0,0,No aspects mentioned.,,,
62,the item itself is okay nmn  i like one piece  mystery pouch pero naihalo sa mystery box i mean bsta isahan na sa isang pouch ung dalawang mystery na order ko,0,0,0,0,No aspects,,,
63,first ung box nya hindi ung black which is nakita ko sa reviews na ung box nila is original box na ung black second ung remote nya na intsik which is paano ko naman malalaman alin pipindutin kung intsik sya which is un nga huhulaan ko na lang so far,1,0,0,0,Not original box,,,
64,nakakadismaya kase kala ko masusuot ko yung inorder ko kaso anliit ng size 41 parang yung size 41 size 38 e sayang pera ko kainis,1,0,1,0,Product and price.,,,
65,may damage po yung dumating,1,0,0,0,Product damage,,,
66,not good sobrang liliit lng pla nto grabe ang pangit ng items nyo,1,0,0,0,Item size.,,,
67,the mascara is nice tho it cant hold the curl of my lashes and when i curl my lashes again natatanggal yung mascara,1,0,0,0,Quality wise good but it cant hold the curl.,,,
68,quality is nice pero yung light nakikita yung padding sa loob pag sinuot hindi rin same size yung dalawa nung dumating,1,0,0,0,Product quality and size.,,,
69,35 di siya gaano ka lakas diko pa na tetest yung battery limit niya charging  lowbat time sana sana lang tlga mag tagal kulang na nga item tas baka di pa mag tagal,1,0,0,0,Not so strong battery and product defect,,,
70,manipis lng hnd n tulad ng unang lbs n mkapal at madikitpiro nfernes ha nka 2 n aq order dto s shop n ito kht manipis,1,0,0,0,Product quality.,,,
71,pangalawang beses ko nang bumili and i dont know kung bakit ganon may ibang amoy sya na halo naaamoy mo pa naman yung pagka scent nya pero may halo talagang di ko alam kung anong amoy iyon,1,0,0,0,The smell compared with previous order.,,,
72,maganda naman product comfy sya ang problema lang is sobrang unapproachable si seller hindi manlang nagrereply thank you pa din,1,0,0,1,Good product,unapproachable and unresponsive seller,,
73,i thought na mag kasing laki lng sila ng lip balm kothe violet one tsaka para lng syang lip therapyhalos wlang colorbut its okaydi nmn nasayang pera ko hehe,1,0,1,0,Expected size same as lip balm and not a waste of money,,,
74,love it sulit okay na maganda yung kulay pero obvious yung foam sa beige at whitepero overall akoy na yung item para sa price nya hueag lang magexpect ng high quality,1,0,1,0,Reviews product as good for the price.,,,
75,expected quality met but mali yung color na pinadala  we ordered grey but received blck  fast delivery tho,0,1,0,0,Delivery of wrong color.,,,
76,good oorder ulit ako,0,0,0,0,No aspect mentioned,,,
77,working naman medjo malakas din kaya lang medjo maingay nagmessage ako kay seller na pink gusto ko misleading kasi yung nasa pic pink pero green yung description oks na din bigay ko nalang sa pamangkin ko,1,0,0,1,Reviews noise and misleading ad,,,
78,okay naman sya kaso di kasha saken hahah sa kapatid ko lang nag kasha hahaha sayangg pero goods sya thumbs uppppppllolooopp,1,0,0,0,Incorrect size.,,,
79,so disappointed d sya maganda,1,0,0,0,Bad product.,,,
80,maayos naman nung dumatingsecured at naka bubble wrapbut im disappointed for product qualityparang cherry mobile yung system at samsung yung casebilis malobatyung expected m na ganon ang productfirst photo pero nung dumating ganito palasecond photo,1,0,0,0,Describes product quality and battery drain.,,,
81,may isang sira sayang lugi next time itry nyo muna bago ipadala hindi sa courier to kase ang problema ay nasa item mismo yung color ng cord hindi align magpicture pl habang nanonood at ipasa po sa akin sa messenger thansks po,1,0,1,0,Damaged product but the rider good,,,
82,maganda naman yung items na bra dkuna na picturan  second time nako nag order pero pangalang order ko may damage  pero ok naman matatahi naman siya,1,0,0,0,The quality of the product is good but there are some damage,,,
83,ang nipis tas ung automatic umbrella ang hirap buksan ang tigasd gaya ng nabili q sa ibaung manual nman mas manipis sa automatic prang plastic nlng ung covermukhang mabilis masira pag nilipad ng hanginkaya 3 stars lng mabilis lng ung deliveryat packaging maayos,1,1,0,0,Product hard to open,thin and can be damaged easily.,,
84,plastic ang gandaaa pa din thank you po seller,1,0,0,0,Material is plastic but the product is good,,,
85,sobrang nipis ang inorder ko light gray ang naricive ko dark gray mag returnrefund sana ko kaso sayang oras sana maging tama po ang binigay niyo,1,0,0,0,Product,thin and given a wrong color,,
86,ok namqn ung lip balm ang panget nga lang ng scrunchies di kagaya nung nasa disphlay photo nila,1,0,0,0,Lip balm review,,,
87,not good ayaw na umandar after first use tagal shipping okay naman unang nabili ko but the 2nd order na 2 items pa sira na agad the battery i put is new,1,1,0,0,Bad product,slow shipping,and defective battery.,
88,medyo maliit po pla ang sizepero thankyou po,1,0,0,0,Small size.,,,
89,hindi na ko bibili ulit sa shopee sa tiktok na ko bibili mas mura free shipping pa,0,0,1,0,cheap prices than shopee,,,
90,magaan lang pala its working naman po hope magtagal po thank u,1,0,0,0,Light working product.,,,
91,a good product sana in cleaning your beds but you can only use it for around 15mins at a time before it stops functioning and needs to rest for 12hours 15mins is not even enough to properly vacuum 1 single bed  paano if you have several beds to vacuum,1,0,0,0,Reviews product effectiveness and usage limitations.,,,
92,ung selfie lights po ilang oras kona ni chrge ayaw gumananakaka turn off kase peke kaya pala mura sayang lang halangan gamitin ko habang naka charge ano un tanga langnakaka sad tlga excited pa nmn ako gamitin tapos gnyn den,1,0,1,0,Reviews selfie lights being fake and cheap and a waste of money.,,,
93,mabilis dumating ang package maayos nman ang packaging nka bubblewrap gumagana naman yung lights nya magaan yung stand compare sa una naming ringlight disappointing lang yung size ng stand kasi 210cm order ko tas dumaring ay wla pang 180cm rate as 3 star lng,1,1,0,0,fast arrival with package and lights working,,,
94,3 star hindi gumagana sa cp ko ang bluetooth pero triny ko sa ibang cp okay naman sya lalo same unit lang din kami nung isang triny ko kaya di ko sure kung ang sira is phone ko or itong item na in order ko  ty,1,0,0,0,Product not working.,,,
95,may crack po yung isang pair ng sandals okay naman yung isa sana chineck po ng maayos but other than that okay naman sana matagal magamit thankyou parin seller,1,0,0,0,Product defect,,,
96,local hindi gumagana yung mouthpiece at volume button,1,0,0,0,Not working.,,,
97,great quality,1,0,0,0,Good product,,,
98,oorder pa sana ako nito kaso si seller di ngreresponse kulang ung pinadalang order s akin kya wag nlng,0,0,0,1,Seller does not respond,,,
99,i was actually disappointed kasi yung sizing is not giving literal na 2xl masikip sya for 2xl hindi sya true to size anyways maganda naman yung tela mainit hindi ka bastabasta lalamigin thanks seller,1,0,0,0,Bad sizing.,,,
100,dont much in the picture magkaiba ang design in actual but its okay,1,0,0,0,Actual design.,,,
101,pang bahay ko lang sana or panv banyo kaso ang ingay bat ganun,1,0,0,0,,,,
102,ok lng quality but disappointed ako dalawa inorder ko dalawang mouse pad na received ko pero same lang ng design hindi man lng pinalitan ng magkaibang design,1,0,0,0,,,,
103,ok nman sya kaso ung black deform ung isang foam kaya medyo dismayado ako yung pagkakalagay kasi sa plastic parang bara bara lng,1,0,0,0,,,,
104,mali ung size na bnigay kz my scratch mismo sa size indicator para hindi q madetermine ung size na bnigay nila,1,0,0,0,,,,
105,di ba tlga gumagana ung blue tpos i thought marmai tong kulay red and green lng pla,1,0,0,0,,,,
106,ok medyo yung sulat ng pen is napuputol kaya idadaan mo ulet na gulat ako kasi akala ko pang ipad lahat na pen sumusulat pala tas maganda naman magsulat gamit yung malapad na pen mas madali sumulat sa ipad pero yung isang pen na pang papel yun lang hahahaha thank,1,0,0,0,,,,
107,nipis ng tela nagiging see through tuloy pag sinuot at kitang kita yung padding sakto yung size sakin pero nayupi and nadeform yung pads,1,0,0,0,,,,
108,looks sturdy naman and so nice i am disappointed of how they packed my order it is not packed securely the handle only has the bubble wrap poor packaging po i can suggest to improve how you pack the order of your customers to avoid any damages as the parcel,0,1,0,0,,,,
109,510 tbh i dont like the design medj disappointed maganda sya sa pic pero sa personal meh also the packaging wala lng man bubble wrap the product could have been broke or damaged but luckily wala naman,1,1,0,0,,,,
110,napakasaya ko saktong sakto sa mga baby ko finally nakahanap din ng shop na tama size sa aking mga bebe napakabilis dumating at goodquality ang shoes pag dating,1,1,0,0,,,,
111,yung isa hindi gumagana pag di nakacharge or naka plug,1,0,0,0,,,,
112,alaws to guys unting hangin lang yupi agad,1,0,0,0,,,,
113,may sira sya nung dumating but it still works thankyou parin sana next time wala na syang basag yun lng po spread love haa,1,0,0,0,,,,
114,received kna po ty seller and rider kaso kulang yong order ko,0,0,0,1,,,,
115,please double the bubble wrap may dents yung outer layer ng wallpaper dahil hindi careful ang pag handle ng courier sa dulong roll ng wallpaper puro lukot na sayang hindi magamit 3 stars overall,1,1,0,0,,,,
116,ang cute nya tsaka comfy po,1,0,0,0,,,,
117,maganda naman yung quality may minimal scratch lang and medyo maliit pala yung size cause im usually size 37 but idk bakit di kasya huhu pero overall goods sya for its price,1,0,1,0,,,,
118,maganda yung headset at yung stand ng phone kaso na disappoint ako sa neck fancooler gumagana naman kaso di siya adjustable compared sa nauna kung nabili,1,0,0,0,,,,
119,panis namn na ng panis to oks namn nung una akong bumili pero ngayon,1,0,0,0,,,,
120,pangit ung itim parang nakacrochet ung tela nung itim hndi ko type mas ok ung purple mabilis nman delivery nagsend din ng picture c seller but didnt show ung mismong item i mean nakabalot n nung nagsend ng picture anyways thank you seller and shoppee,1,1,0,0,,,,
121,ang liit maganda sana saka mabilis maship kaso pa large size na ako eh hindi na kasya sakin yung ganto kaliit huhuhu ang liit maganda sana saka mabilis maship kaso pa large size na ako eh hindi na kasya sakin yung ganto kaliit huhuhu ang liit,1,1,0,0,,,,
122,thank you sellerbet ko sya kahit maliit pero cutie,1,0,0,0,,,,
123,feeling ko nalugi ako sa 233 nag expect pa nmn ako na malakas sya mas malakas pa nga buga nung tag 100 na binili ko sa tabi tabi eh cute uo pde mo sya madala kung saan tska ung sa battery bat ganun nakadikit d pde matanggal may extra batteries,1,0,1,0,,,,
124,automatic naman sya pero mabigat pala talaga may butas po ang payong sana po e check muna ang item if may damage or wala 3 po ang butas,1,0,0,1,,,,
125,not good medyo maliit yung buy ko pero yung nabili kng ibang shoes nya 26 may allowance pa saknya tung sapatos na to sakto lag walang allowance huhu maliit size nila same cm lgnama,1,0,0,0,,,,
126,hi seller yung isang product is hindi gumagana idk kung charger ba ang problem,1,0,0,0,,,,
127,2nd order ko na pero di ko nagustuhan yung strap di sia adjustable sa mahimulmol din pero kayang gawan ng paraandi gaya nung una maganda talaga,1,0,0,0,,,,
128,wrong rin nareceived i ordered pink and i received white nextime please inform the buyer first if you will send other color specially double check the item kung working properly,0,1,0,1,,,,
129,maliit naman kasya sa bag pero bulky ok lang pero kung nagmamadali ka buksan medyo hassle to kasi ang hirap buksan kasyang kaya naman sa bag which is a plus points for me,1,0,0,0,,,,
130,okay naman yung product received in a good condition although merong part sa strap na medyo angat sya and i think mabilis syang masira dahil dun hoping na maging matibay,1,0,0,0,,,,
131,damage donno kung during shipping na ito na damage sayang at maganda pa naman,1,1,0,0,,,,
132,ok lang siya for its price you really get what you paid for mura siya so you wont expect excellent quality but i hope hindi sila nagffalse advertise na makapal siya nasa title mismo na makapal so its so disappionting kasi its so thin pagdating may ilan na ding natastas,1,0,1,0,,,,
133,cotton pero di nmn ganon kakapal thanks to manong delivery sa fast deliver its good next time xl nmn kunin q medyo bitin pl pag large lungs,1,1,0,0,,,,
134,nice nadeliver ng maayos at mabilis,0,1,0,0,,,,
135,items are all in good condition well packed however hindi nagrereply si seller naka automatic response lng wrong colors ung dalawang items kaya na stock samin apricot naging white tas pink naging beige sana inabisuhan muna po,0,1,0,1,,,,
136,may scratch po yung shoes oks lang tho di naman po ako particular pero huhu bago palang kasi,1,0,0,0,,,,
137,magaganda yung damit pro yung socks iba ang pndla maling mali sa order q so dissapointed s part n yun new born mgsusuot pro ang pndla skin subrang laki at haba susko kasya n sa 3 yrs old ok lng sna n mplitan kng sa category lng dn ng pnili,1,0,0,0,,,,
138,order received correct ung pinadala ni seller thank you,0,0,0,1,,,,
139,so so i asked the seller to quality check the item first before shipping to make sure the product is working unfortunately they did not one side is defective sayang lang pera ko kasi may mas mura naman pala sa ibang shop na matibay at both sides of the fans,1,0,1,0,,,,
140,good maliit yung size nya i ordered 38 kaso parang 37 lang pero ok na din magagamit pa din pang loob ng bahay fast delivery din i suggest magdagdag na lang ng 1 size pa dun sa original size ng paa nyo,1,1,0,0,,,,
141,ok naman sya kaso not the same dun sa picture na nasa post ninyo di masyado makapal,1,0,0,0,,,,
142,received the itemin good condition walang damage o siracovenient kasi portable katagalan parang lulubog ung sa middle part medyo mahina dn ung fans kasi maliit update nabali lahat ng legs ng table ahhahaha kahit sobrang ingat mo gumamit,1,0,0,0,,,,
143,it do last but binanagsak niya yung lashes ko,1,0,0,0,,,,
144,70 overall its good naman kaso lang walang wiper,1,0,0,0,,,,
145,kala ko plain pink bakit mag star sya haist pero okay nman ang white color na gustohan ko salamat parin,1,0,0,0,,,,
146,i do received wrong item but hindi na ako magrereturn ng item since need ko na ng sandals even though mali yung nareceive ko maganda yung quality,1,0,0,0,,,,
147,medyo manipis yung item tapos sobrang tagal bago naship out almost 1 month bago na receive tapos kulang 9 meters lang yung haba,1,1,0,0,,,,
148,810 ok nrin safe nman dumting ung item good nmn sya pg dting s performance mdyo mhina ung fan nya tska madali ma low bat pro ok nrin nman sakto lang pra s price nya mas ok dn sna kung mdyo tumtgal ung battery health kc di sulit lalo n,1,1,1,0,,,,
149,skintonepink bakit mag kaiba ng size tapat kung di na avail ang size nag chat kisa di naman kasya sakin pinalitan ko nalang sana ng ibang kulay,1,0,0,1,,,,
150,nakaka inis nakakawalang gana picture ran ng maayos dinaman to order ko eh panga lawa nato ah,0,0,0,0,,,,
151,too small ordered 38 mukhang pang 34 ang size,1,0,0,0,,,,
152,3 stars kase dalawa ung inorder ko ung isa hindi nagchacharge buti nlng at narefund naman yung isa ilang araw din nakipagtalo ung seller clone lng tong phone na to,1,0,0,1,,,,
153,wrong design ang pinadala particularly red beetle  yellow bee,0,1,0,0,,,,
154,maganda yung salamin kaso pag chinacharge di mo malalaman kung nagchacharge ba kasi wala manlang umiilaw and kahit icharge mo magdamag di parin malakas hangin at light saglitan lang wala na sa ballpen ako nagandahan maganda yung sulat nya di makalat,1,0,0,0,,,,
155,thank you kya lng dq gusto un smell nya pngregalo q n lng,1,0,0,0,,,,
156,ok nmn po malambot kso mali aku ng napili ng cup any ways thank you po,1,0,0,0,,,,
157,di maganda yung nasal aspiratormasyadong malambot at natatanggal yung pinakamaliit n bilog na which is parang delikado pa sa baby kapag ginamit,1,0,0,0,,,,
158,ok nmn sya kaya lang xl ang order ko  xxl ang dumating sobrang laki  papanu yun masusuot wag nmn basta maka benta lang dapat true to size ang ibigay nyo,1,0,0,0,,,,
159,1010 color is item has cracked sa lock nya sana di matuluyan sana tinignan ng mabuti and sinecure bago iship sana magtagal,1,0,0,1,,,,
160,same color ang binigay,0,0,0,0,,,,
161,di mganda ung fake nails in person,1,0,0,0,,,,
162,ok naman sya pero bakit po blue white po yung order ko,0,1,0,0,,,,
163,hindi masyado magandatama lang sa price much better kung sa store nlang bumili pag ganitong style,1,0,1,0,,,,
164,okay nmn ung product pero but ganon seller  20 pesos ung nasa receipt na naka attached  supposedly 15 nlng dapat  kase i redeemed 5 coins,0,0,1,1,,,,
165,the quality is ok medyo maluwag lang ng konti yung strap comfortable naman suotin very disapponting lang sobrang tapang at lakas lang nung amoy na rubber nung slippers nakakasakit ng sikmura,1,0,0,0,,,,
166,good for the price  ok nman ang quality except may mga order ako na socks na hindi nasunod ang design hindi ininform sa akin na iba ang pinadala aside from thati had a smooth transaction with the store and courier  thank u,1,0,1,1,,,,
167,less than 10meter yung nadeliver which is contrary sa claim half lang wall ko ung nalagyan na 220cm220cm,1,1,0,0,,,,
168,not so happy with my purchase ordered red and blue but delivered red and white items have a foul odor as well amoy malansa parang alamang but the quality seems nice and mukhang matibay naman sana maimprove pa ang services nyo para naman satisfied ang mga customers thanks anyway,1,1,0,1,,,,
169,maliit po yung size sorry seller ibbigay kna lng sa hipag ko,1,0,0,0,,,,
170,i ask you do ineed to add one sizekaya ayan maliit,1,0,0,0,,,,
171,amoy kandila sya,1,0,0,0,,,,
172,may sira yung saksakan may crack and mahina ang buga ng hangin then yung box yupi yupi na pero ang cute p rin tlga ganda ng kulay and mura sya compare sa ibang shop thank you,1,1,1,0,,,,
173,matagal dumating pero its not the shops fault 10meters is a good length mabilis lang masira kaya dapat careful sa paglagay cheap din kasi kaya ganun ang quality still it can cover my wall yun lang medyi transparent yjng sa likod kaya nakikita yung under ng wallpaper kapag dinikit ko,1,1,1,0,,,,
174,ang liit pala may goodness i dont like it,1,0,0,0,,,,
175,ang liit sakin ng size 38 actually im size 37 pinasobrahan ko lang ng isa maliit talaga sya like hindi sya pang size 38 but it says there size 38 daw if youre size 37 you should get size 39 seriously its no joke but for the quality rubber sandals,1,0,0,0,,,,
176,not working 1 walang manual na kasama 2 sino po may manual and anong app po ang gamitin thank you,1,0,0,0,,,,
177,i hope ok cya kc png change gift ng anak q yan ska nakakainis yun ngdliver ngmmadali kloka,0,1,0,0,,,,
178,maganda ang product good for rainy days na pang fashion ang problema nga lang bakit may lobolobo na sya mga sismars and also sa brand sticker tanggal na rin yung sa dulo however thank you seller sa service,1,0,0,1,,,,
179,quality is good medyo masakit nga lang pag bagong gamitpero infairness maganda sya satisfied customer,1,0,0,0,,,,
180,so ang ganda po ng packaging d po siya tinipid sa bubble wraphahaanliit pla nigad koinexpectakala ko kaparehas niya yung mga common keypad na nakikitaanyways thank you,1,1,0,0,,,,
181,salamat seller d original ang phone but still okay na din sha pang text at call okay ang speaker nya peru masasabi pa din na sha original from battery to charger to screen mahahalata talaga na emit peru swak na din sa presyo kaya okay lang salamat pa din,1,0,1,0,,,,
182,oks lang medyo maingay lang ng onti tapos parang mabilis malobat di ko lang alam kung dahil ba sa charging time kasi 2hrs ko lang syang chinarge anyway thanks shoppee,1,0,0,0,,,,
183,hindi sya kasing amoy ng orig na cloud anlayo ng amoy huhu vanilla na vanilla ang laban neto and also ansakit sa ilong saktong ka spray amoy alcohol,1,0,0,0,,,,
184,looks cheap medyo manipis and hindi vibrant yung color not satisfied with the one style last sa vid looks extra cheap,1,0,0,0,,,,
185,may scratch at maliliit na yupi,1,0,0,0,,,,
186,okay 2nd time ordering as what ive observed in the reviews mostly ng black di ganon ka kapal ang quality compare sa colored ones kasi pinag compare ko sya sa una kong nabili iba talaga texture ng nabili ko ngayon para syang layer lang ng may color na payong di,1,0,0,0,,,,
187,ok naman sya kaya lang akala ko made of stainless steel sya yun pala made of plastic lang tsaka masyadong mauga yung table kaya di recommended gamitin yung lagayan ng inumin kasi prone matapunan yung laptop but the rest of it is ok,1,0,0,0,,,,
188,light gray ung order kopero dark gray ung binigay,0,1,0,0,,,,
189,i ordered grey pero ibang kulay yung dumating tapos manipis pa parang tape lng,1,1,0,0,,,,
190,ok naman yung item pero meron dents ung remote chinese character,1,0,0,0,,,,
191,medyo maganda cxa ok nman kso d cxa ngchacharge,1,0,0,0,,,,
192,nice tank you kay ate rider kahit na hirapan sya mag contac dakin,0,0,0,1,,,,
193,maliit pala sizing neto parang size 35 lang yung naibigay sakin pero ang order ko 37 at yung isa nasira agad which is fit naman sa presyo nya,1,0,1,0,,,,
194,ok lightweight and its kinda ok nasira ung sa ilong after hindi pa naka 1 month,1,0,0,0,,,,
195,ok naman sya lods pero may kulang na part dun sa pag lagaya ng phone saka nung unang test nag loloko yung on and off nya pero nung na video ok naman na salamat,1,0,0,0,,,,
196,maliit ang sizes parang pang bata sya but strechy naman sya and manipis din the product is completely delivered no damage thanks,1,0,0,0,,,,
197,fast delivery usable naman sya pero prang hindi ganun katibay yung paa nya ginamit ko as a fan na lang hindi na as a table,1,1,0,0,,,,
198,dlwa lng ata s order q ang nsunod sna nextime qng anong kulay ang order in ang ipdla nyo pra wla pong complainanyways thank u ok nman no damage ang item,0,1,0,0,,,,
199,mdyo malaki yung socks nyad kasya sa new born,1,0,0,0,,,,
200,2nd order ko na to 290 den pero hindi na sya kagaya date na long lasting  mabilis mawala ung amoy unlike my first order na lage ako nacocompliment ng mga workmates ko kasi ambango ko daw kahit na ilang oras na nakalipas ng paglagay ko ng perfume  saaaaaad,1,0,0,0,,,,
201,so ayun po based sa pic at video na pinadala ko now ko lang magreview  dismayado po father ko hindi naman daw po sya stainless steel at 2days pa lang namin natanggap yan dec 15 namin natanggap yan pero ganyan na po sya  sana po may magreply dito,1,0,0,1,Item is not stainless steel,,,
202,the plum is legit na lip therapy pero yung tan anu nangyari hnd sya actually tan tas parang wax lang sya myghaaad antagal pa dumating order,1,1,0,0,plum is legit,tan isn't and arrived late,,
203,goods naman yung quality nung earphones medyo mahina nga lang po yung lumalabas na sound pero okay na rin po kasi mura lang rin naman,1,0,1,0,good earphones but low sounds good price,,,
204,i ordered blue and white dumating sa akin both white,0,1,0,0,wrong item dumating sa akin,,,
205,binili ko dahil okay daw sa gaming  delay po kapag gaming pero okay naman sa music  okay naman din yung appearance yun lang,1,0,0,0,Delay during gaming,,,
206,ok naman sya di lang ako satisfied sa packaging akala ko kasi naka box but overall ok naman sya 2 hours mo din syang magagamit,1,0,0,0,Not satisfied with packaging,,,
207,3 star lang ang ibibigay ko kasi may deffect po yung binigay nyong sapatos saakin sana po ayusin nyo naman yung mga binibigay nyo kasi nakakahiya pong mabenta sa mga customer namin tulad din po sainyu nireresell namin yung mga items kaya sana check nyo muna bago nyo iship will,1,0,0,1,Defective item shipped,,,
208,nakaka dismaya kc tagal na nga po dumating preorder pa yung item pero pag dating iba namandi naman po magagamit sa motor ung pamunas ang hand towel na na para sa ref sana kung wala magsabi na lang po,1,1,0,0,different item received,,,
209,okei n sna ung item kc well package at nagana nma kaso apat n oras ko lng nagagamit ung efan kahit n chinarj q ng 15hrs s una nirefund q dun xa kaso nagbago isip q dhil mlulugi aq s spaylater pero s kabuuan ngagamit q nman xa un nga,1,0,0,0,eFan only works for 4hours despite long charging.,,,
210,ok naman  but i think di satified yung nagpaorder  so thank you nalang po,0,0,0,0,No aspect detected.,,,
211,nakakainis lang kasi may dents yung stand naayos ko naman kaso hindi na sturdy tapos damiii na dents sa bakaal tagal pa mag repsonse ni seller at mag ship out,1,1,0,1,dents and unresponsive seller,,,
212,ok lang okay naman item kaso ang daming nasayang dahil di matanggal yung tape na nakadikit next time better if balutin muna plastic bago lagyan pandikit wag mismo yung wallpaper ang itape very inconvenient tanggalin yun lang thanks,1,0,0,0,difficult to remove packaging tape,,,
213,510 maganda naman ang products and maayos ang packaging medyo matagal lang pag deliver kung di ko pa tinxt ang rider di nanaman madedeliver ang parcel,0,1,0,0,late delivery,,,
214,oily based thou inspired scent lang siya pero ang layo medyo matapang siya and not very appealing nung baho niya pero matagalan may kunting sweetness siya na parang coconut pero di nakakalingon lol may leak i thought di yun scent nung binili ko pero yun pala yun kinda disappointed yet,1,0,0,0,disappointed with the product's scent,,,
215,wet talaga siya not like yung iba na tumutuyo kaagad after ilagay pero over all ang ganda niya,1,0,0,0,Product is wet,,,
216,maganda namn tsaka malaki and saan ko gagamitin yan ih wala namn akong computer at laptop aynako btw bigay ko nalang sa bf ko gusto nya namn ng one piece ito lang ba yun wala na isang item lang nakuha ko pero thank yo,0,0,0,0,Review is about product use case.,,,
217,maganda po pero sobrang liit ng sizing add kyo ng 1 size up kapag oorder ksi maliit ung size na nakuha ko,1,0,0,0,Product sizing too small.,,,
218,sabi kasi cotton di ko inexpect yung parang spandex type pero goods parin naman,1,0,0,0,Different material than expected,,,
219,damaged product may butas po kaya hndi masyado maka suction,1,0,0,0,Product damage,hole,,
220,yung isa maayos pero yung right side hinde nagfafade na yung tatak nung right tapos nilagyan pa ng permanent marker kase may sira siguro malakilaki den saken,1,0,0,0,Item is damaged and marked with a permanent marker,,,
221,nice nman ung item   pero wrong color ung fan d q alam if color blind ehh ang layo nman ng color blue tpos naging white pero carry nman at maayos at mganda nman ung itempero xmpre bwas star na,1,1,0,0,wrong color item is nice,,,
222,mali yung 2 color na pinadala 2 black at gray dapat pinadala 2 black 1 navy blue pati maroon wrong size pa yung isa,0,1,0,0,Incorrect color and wrong size,,,
223,thank you i received my order todayi loved it thank you po sa shop sna lahat ng shop ay gnyan qng magdeliver sa mga customer what they orderthe same when they receiveagain thank u satisfied costumer here,0,0,0,0,No aspect detected.,,,
224,di maganda ang pagka print ng design comfy naman sya sa paa kaso ang liit ng sizes nila kung oorder kayi magdadag pa kayo ng 1 size up buti mura lang di nakakapanghinayang masyado,1,0,1,0,Small sizes and the print is not good,,,
225,as what i ordered maliit ang size tlgai ordered 1size larger pra skin pro nd pdn ksyai contacted the seller pra mapalitan pro wlng responsenyweiz vgy qn lng cguro s pamangkin q pra mpakinabanganthank you s rider safe n dumating,1,0,0,1,small size and no response from seller,,,
226,mali yung isang color blue dapat naging 2 yung purple,0,1,0,0,incorrect color,,,
227,kaibigan ko yan trip ko lang siya cute kasi maganda naman pero pangit ng pag kapack tuping tupi buti hndi nasira product,1,0,0,0,Bad packaging,,,
228,hindi gaanong malakas yung hangin but for its price and maliit lang sya kaya okay naman na,1,0,1,0,Low wind volume but cheap,,,
229,medyo manipis yung tela not the same sa tshirt na same brand na galing sa tiktok pero goods naman 810 parang ilang buwan naistock luma na yung sticker halos ng packaging may onting punit din yung pinakaplastic sa loob kaya nakakakaba kung may damage yung product o wala pero wala,1,0,0,0,thin cloth,,,
230,okay naman tama lang ang amoy kaso yung bottle okay naman nung dumating pero nung binuksan na defectivekada spray sobrang daming lumalabas from the cap parang nag ooverflow sya,1,0,0,0,defective bottle,,,
231,good order ko is green bakit iba ang dumating tsaka pangbabae masyado nakakadismaya masyado yung product na dumating sa akin hindi gusto yung item nakakainis lang mas maganda parin yung nabili ng kapatid ko,1,1,0,0,different product,,,
232,wala syang lagayan ng battery and mabilis malowbat may prob din sa charging port,1,0,0,0,Product lacks battery compartment and has charging issues.,,,
233,1010 maganda and good quality ung item but i dont like the delivery rider i ask him kung magkano babayaran ko he said 350 un pala 320 lang napaka dishonest niya pakisabihan po ang rider na maging honest naman sila sa price na babayaran ni customer though its not a,0,0,0,0,No aspect detected.,,,
234,610 sa automatic umbrella may kabigatan siya sa manual na payong mahirap siyang ipush pabalik hanggang mag close talagang masakit to pag tumama sa mukha mo yung manual naman pagbukas ko bumabaliktad sa may tip ng payong kailangan mo pa siyang ayosin bago magamit overall gumagana naman ikaw na lang,1,0,0,0,Heavy and difficult to use,,,
235,akala ko mystery pouch  pareho pa binigay  haha,0,0,0,0,No aspect detected.,,,
236,didnt expect it to be rubber tho but for the cheap price its understandable sobrang bilis ng shipping mas nauna pa kaysa sa nauna kong iorder,1,1,1,0,fast shipping and cheap,,,
237,dont expect na maganda since mura lang naman,0,0,1,0,No aspect detected.,,,
238,3 stars lng binigay ko kc akala ko makapal manipis lng pala sya parang yero nayuyupi,1,0,0,0,thin product,,,
239,feeling ko isang hanginan lang to di masyado quality cute lng sya pero hndi sya advisable sa malakas na ulan at hangin pang init lang sya,1,0,0,0,cheap material,,,
240,like cheap plastic its good na may extra rubber na kasama but i think madali masira considering its price reasonable naman siguro,1,0,1,0,cheap product easy to break,,,
241,nice 3 pcs ung enorder q gaganda at ang cute d na sasakit didi q sa wiresalamt seller my cute plastic kada 1 bratnx shoppe and kuya rider,1,0,0,0,cute product,,,
242,not accurate sizeordered size 4241it only fits for size 37sayang lang di magamit,1,0,0,0,not accurate size,,,
243,first order ko nito makapal yung tela pero ngayon hindi na sila same quality but wala namang damage,1,0,0,0,The item is not same quality,,,
244,ok nmn bench yung order ko pero hm yung pinadala doesnt follow your order,0,1,0,0,Does not follow the order,,,
245,doesnt support the tummy well medyo mainit ang material stitches are clean however more sa stomack under your ribs ang support not really sa lower abdomen,1,0,0,0,Item doesnt support the tummy,,,
246,product wise ok naman pero ang shipment grabe inabot ng 11 as in eleven days para sya ma ship 3x ang pick up unsuccessful placed the order sept16 na ship sya sept27 na received ko sept30 parang galing ibang bansa lang,0,1,0,0,late shipment,,,
247,so so may 3 levelspero halos pareparehas lng lakas ng hangin pero all goods for schooling ng anak ko pawisin kse sya tuwing ihatd ko sa school so sabi nia mej mahina ang b7ga ng hanginsakto lng cgro s presyo,1,0,0,0,No strong wind,,,
248,okay lang naman sya bigla lang namamatay aftew a few mins of being idle hassle lang din,1,0,0,0,Product breaks down after few use,,,
249,took them 3 days before they shipped out my orders tama naman mga pinadala yung sa silicone nose cleaner hindi sya katulad ng nasa pic na maliit butas in actual malaki sya di mapapasok sa loob ng ilong,1,1,0,0,The whole is too large,,,
250,i received already my order maganda po sa paa at sako po yong size at kulay tnx po,1,0,0,0,the size and color is correct,,,
251,will give you 3 stars kasi first thing na ginawa ko after ko magcheckout is to please check yung ipapadala para hindi wrong color pero imbes na black gray nabigay azar kita naman siguro pinagkaiba diba,0,1,0,1,wrong color,,,
252,malakas pag 3  kumpleto items na pinadala iba lang color nung 1 mabilis din ang delivery thank you seller,0,1,0,0,complete and fast delivery,,,
253,mura siya mas sulit sana kung may nakahinang nang kagaya sa picture sa dulo nung 5meters e yung dati ko kasi nabili may ganon at idudugtong nalang ung isa pang set kaya medyo disappointed isa lang ung naikabit ko ewan ko lang ung tatlo kung ganon din pag hindi ganon,1,0,1,0,Disappointed because it doesn't have certain features,,,
254,good quality salamat seller order ulit ako kase pang gift ko sa sister ko ulit,1,0,0,0,Good quality,,,
255,edit maliit yung cups nya so if wide chested kayo this might not be it for you for petite frames lang sya pati yung band size na 36 maliit din so make sure to upsize at least 2 sizes these are for my mom shes usually a 3638 sa mall,1,0,0,0,The cups is too small,,,
256,ibaiba lang ang telamay cotton spandexyung iba hindi cottonpero ok naswak sa price yung quality ng item thank you seller godbless your business,1,0,1,0,Different material and good quality for its price,,,
257,this is a good product pero d ko sya recommend sa mga parating nag papawis o ano dyan mabilis naman sya mag dry pero hindi sya waterproof pero maganda sya nakakaganda siya ng eyelashes,1,0,0,0,Not waterproof,,,
258,ako ay may story sa inyo kasi nitong isang araw we tried to find some wipes sobrang dami tinunguhan dito lang nmn pala mapunta wala masyadong alcohol content salamat shopee,1,0,0,0,Low alcohol content,,,
259,ok good quality nmn kaso maliit ang size khit plus1 na,1,0,0,0,The size is too small,,,
260,product ok but the color i order is pink and blue why is it all pinknot goodsana kung ano ang order yon ang ipadala,0,1,0,1,The color is incorrect,,,
261,maganda din malambot at hindi gaano mabigat over all maganda sya kaya lang parang maliit ang sizing size 7 kasi ako pero maliit sakin ung size 37 nila order na lang ako ulit,1,0,0,0,Good and the sizing is a bit small,,,
262,ok nmn sana kaso may yupi ing isa thanks p din po godbless,1,0,0,0,Item has dents,,,
263,not bad basag ang bass niya pero working naman three stars lang kasi poor packing akala ko nong una hindi siya kumukuha hays nakakadismaya tsaka parang anytime sasabog siya e nakakatakot gamitin,1,0,0,0,Item has broken bass,,,
264,loss na ang garter na binigay dito di pantay tuloy tas nahuhulog yung isang part gawa ng lumuwag na ang garter so disappointed dito pati sa prix na bra,1,0,1,0,Loose garter and high price of the bra,,,
265,dzai ang liit ng sizes nyo dapat nag add 2 ako sa size mygod,1,0,0,0,The sizes is too small,,,
266,salamat s magandang pag pack ng items sellerkaso ung item d tama ung color ng midyas n order qpeo ok lng nman maganda xa salamat,1,0,0,0,The color is incorrect,,,
267,nakakasad lang kse d pala sya pwede install sa malaking shower inwas expecting na pwede sya ikabit sa malaking shower pero sabe ng gumagawa d daw sya design for big showers so talagang sa maliit lang na shower pwede kung ano ung nakakabit sa knya un lang pwede,1,0,0,0,Not suitable for big shower,,,
268,610 apat yan yung black di maganda ang tunogyung blue medyo sira ang lalagyan nya yung white at pink keri lang pwede na din pero di ko alam kung hanggang kelan tatagal nito,1,0,0,0,Not good quality,,,
269,date ordered 12 12 date shipped out 12 17 date delivered 12 20 low quality siguro dahil mura lang akala ko mas maganda kesa sa una kong nabilan 5 days bago na shipped out,1,1,1,0,Low quality and it took 5 days to shipped out,,,
270,maganda yung item sakto lang sa tainga ko kaso na disappoint ako dahil yung right side ng charger is hindi gumagana,1,0,0,0,The product is okay except charger not working,,,
271,parang luma my dot n kulay cream ung isng bra at wlang tag,1,0,0,0,Looks old,,,
272,mali naman yung color ng baby clip tapos may selection pa sila ng color eh mali din nman ipapadala dpat lagay nyo nlang randomly given thanks for the complete items kahit may mali,0,1,0,0,The color is incorrect,,,
273,ok thank you sa walang damaged na item nag expect ako ng freebies sa 3 times order ko wahahaha,0,0,0,0,No aspect detected.,,,
274,okay lang naman  kaso lang iba yong kukay sa picture at sa personal may kunting butas din sya sa gilid,1,0,0,0,different color,,,
275,ok sana sya pero sana naman before i pack pakicheck ng maayos yung item thankyou,0,0,0,1,Request for more care when packing items,,,
276,sira sya naka siwang sya sa may gilid diko alam whose fault is that pero okay naman sya magagamit panaman kaya diko na chonat kay seller,1,0,0,0,The item has fault at the sides,,,
277,nagfafunction po siya ng maayos kaso may basag sa ring light,1,0,0,0,Working okay but broken,,,
278,good ang liit nang size ang size ng kalatid ko is 37 so inorder namin ay 38 baka maliit pero ket 38 na nga maliit parin pero sakto na sakto sa kanya,1,0,0,0,Sizes is not correct,,,
279,hello seller bkit nmn po white pinadala nyo ang order ko po black 40 hnd po white kaya nga po meron pagpipilian n kulay db pokaya black ang inorder dhil need ko po workhayyyy nao b yansalamat ky kuya rider,0,1,0,0,The color is incorrect,,,
280,i was disappointed kasi pinadala sakin na color white is damaged tho working properly naman siya still i paid the orig price and shouldve received undamaged product and also not recommended yung color green di maganda yung color niya pink and white na lng if oorder kayo,1,0,0,0,Item damaged and incorrect item,,,
281,bago ako nagorder minessage ko muna ang seller n bago iship siguraduhin walang damage perfect n sna lahat maganda ang tela presko kaso my isang sablay my butas ung color maroon,1,0,0,1,Item has damage,,,
282,fair enough expected ko ung sa clips ay nakaclip sya sa cardboard like nung nasa picture pero hindi nakaplastic lang sya so chances na masira ay malaki,1,0,0,0,Not in a cardboard clip,,,
283,thank you seller maganda naman ang product peeo im not that satisfied lg sa quality pero pwede naman sya pang gala if youre wearing a good top or maganda shoes mo thank you shopee,1,0,0,0,Product Quality,,,
284,ang ganda na sana kaso disappointed ako sa item na nakuha ko may parang crack siya and parang natatanggal yung footbed mas masaya pa sana ako kung nakuha ko ng freeship para kahit papano worth it sa binayad hehe pero okay na din,1,0,0,0,Item has cracked,,,
285,nice okay naman kasu mali naman bibigay nila sakin iba yun sa pic pwde na rin kasi nga mura thank you parin seller sa uulitin sana kung anu order yun dapat padala nyo okay,0,1,0,0,The product does not look same in the picture,,,
286,sept 7 okay naman yung item working naman pero not sure kung effective ba talaga lol may dents yung boxyung filter naka tagalid at may punit pag open ko tas may mga small circles sa black part,1,0,0,0,Has dents and the filter is torn,,,
287,thin material used to hold the laces are too thin so you cant pull on them too hard i had to sow it back in place also the soles tend to come out from under your feet so kailangan mo pa siya ibalik sa loob ulit minsan good enough i,1,0,0,0,The item's quality is too low,,,
288,madaling malowbat overall okey naman,1,0,0,0,low battery,,,
289,disappointed okay namn ung packaging just the color and exact appearance is kind of disappointing,1,0,0,0,disappointed with the color,,,
290,box walang bubble wrap at yupi nung dumating as seen on the pic yung cable hindi gumagana i had to use a different cable to charge gumana naman after next time sana isecure ni seller ung mga items para walang damage,1,1,0,0,the box does not have bubble wrap and the cable does not work,,,
291,mahina pagbukas ko pa lng ng parcel at pag try napigilan agad ung tsinelas na may baka,1,0,0,0,The item is too weak,,,
292,ganda po seller nice slightly better and actually natry ko na po and so suitable for us po love you too po muah,0,0,0,0,No aspect detected.,,,
293,hindi namin alam ikabit dahil wala naman saksakan na kasama pala i mean incomplete,1,0,0,0,Item is incomplete,,,
294,fair received right color and it arrived early as expected maganda na sana kaso madaling malobat wala pang 30 minutes lobat na kahit level 1 lang ang gamit anyway thank you pa din kay seller,1,1,0,0,Delivered earlier but battery is easily consumed,,,
295,using it for a few days now very sensitive mahirap gamitin the mere touch on any part affects the transmission of sound off on for the most part nagagamit ko naman wag lang laging adjust or hawakan,1,0,0,0,Too sensitive,,,
296,stretchable 1010 well di naman siya nakaka flat ng tummy pero nakaka redistribute naman siya ng fat and holding the fat in place so medyo okay na goods naman yung fit tight since shapewear nga siya,1,0,0,0,Fit is good,,,
297,parang amoy alcohol po,1,0,0,0,Smell like alcohol,,,
298,sa susunod always check yung item na ipapadala bago i shipped nakakadissapoint makatanggap na may konting sira ang item,0,0,0,1,Request for more care for packing,,,
299,good ok cya maganda gamitin at sulit ung pag order ko mura na maganda pa   tiyaka ang ang bilis ng delivery  salamat shopee at kay manong rider thanks po,1,1,1,0,good quality,cheap,and fast delivery,
300,no branding sa sample may logo nag adidas actual wala,1,0,0,0,Has no logo in actual,,,
301,awshi disappointed ako hindi maganda yung quality ang lambot at halatang mabilis magluwag hindi ito yung inexpect kong product akala ko kasi magandaa syaa push up bra hindi pala hays sayang binili ko worth 500 pa naman nakakapanghinayangg qng lambot di na reach ang expectation ko,1,0,1,0,"Product: not maganda yung quality, malambot, mabilis magluwag. Price: sayang binili ko worth 500. ""ang lambot at halatang mabilis magluwag, worth 500"" are related to product and price respectively.",,,
302,maqanda cya maququstuhan cya nq ate ko and i jst want to thank you to delivery boy cuz hes ao humble thank you po,0,0,0,1,"Service: thank you to delivery boy cuz hes ao humble. ""thank you to delivery boy"" shows gratitude for the delivery person's actions.",,,
303,the video is for coin purposes onlyy but the product is okaaayy for its priceee medyo yupi nga lang sya ayos naman pagkaka pack like mahigipit ganun pero yupi yung sa lower part nyaa para sa coins ang review,1,0,1,0,"Product: okaaayy, yupi, ayos naman pagkaka pack. Price: for its priceee. ""okaaayy"" and ""yupi"" are product's quality and performance. ""for its price"" is a direct comment on the product's cost.",,,
304,ang bango po niya i love the scent nagustohan ko naman po kaso nga lang parang di nag iistay yung kulay niya pag pinunasan mo na,1,0,0,0,"Product: ang bango po niya i love the scent, nagustohan ko naman po, parang di nag iistay yung kulay niya. ""ang bango po niya i love the scent, nagustohan ko"" are features of the product. ""parang di nag iistay yung kulay niya"" is a comment on performance of the product.",,,
305,45 may basag lang yung isang shades mas better siguro na ilagay muna sa box bago i bubble wrap kase fragile syabuti isa lang ang basag pero sayang pa dn kase,1,0,0,0,"Product: may basag lang yung isang shades, fragile, isa lang ang basag. ""may basag lang yung isang shades"" is a comment on the product's condition.",,,
306,ang bilis nia dumating and ok nmn quality kaso parang may mali kc sa description is 10 ung dumating is around 6 lang ung dati ko ung 10 ung nasira medyo disappointed lang ako kasi maliit,1,1,0,0,"Product: ok nmn quality, parang may mali kc sa description is 10 ung dumating is around 6 lang. Delivery: ang bilis nia dumating. ""ok nmn quality, parang may mali kc sa description"" and ""ang bilis nia dumating"" focuses on the product's features and delivery process.",,,
307,pero good quality,1,0,0,0,"Product: good quality. ""good quality"" is feedback about product quality.",,,
308,ang tagal bago maideliver and na delay pa yung pag deliver pero mabait naman at ininform ako ni kuya driver manipis lang siya and kulang siya sa paglalagyan ko so bala bibili ulut ako thank you seller,1,1,0,1,"Product: manipis lang siya and kulang siya sa paglalagyan ko. Delivery: ang tagal bago maideliver and na delay pa yung pag deliver. Service: mabait naman at ininform ako ni kuya driver thank you seller. ""manipis lang siya"" is a comment on the product's features. ""ang tagal bago maideliver and na delay"" is about the delivery speed. ""mabait naman at ininform ako ni kuya driver thank you seller"" is a feedback about interaction with the seller and driver.",,,
309,panget ng black manipis maliit pa yung gray lang nagustuhan ko kala ko pa namn makapal,1,0,0,0,"Product: panget ng black manipis maliit pa yung gray lang nagustuhan ko kala ko pa namn makapal. ""panget ng black manipis maliit pa"" describes features of the product.",,,
310,good working ang productkaso may mga gasgasprang nagamit na2 houres lang ang tagal niya,1,0,0,0,"Product: good working ang productkaso may mga gasgasprang nagamit na2 houres lang ang tagal niya. ""good working ang productkaso may mga gasgasprang nagamit na"" is about the product's quality and appearance.",,,
311,biggest size na pero parang size 38 lang add 2 sizes kayo dito,1,0,0,0,"Product: biggest size na pero parang size 38 lang add 2 sizes kayo dito. ""biggest size na pero parang size 38 lang add 2 sizes kayo dito"" is about features of the product.",,,
312,okay manipus yun pants yun parang masisira agad yun shirt na binili ko yun napili ko plain colored yun binigay haynako ewan ko kung nagbabasa or sadya lang talaga manipis mga product nila ayaw ko ng quality ng jagging pants nila pero pwede na rin sa price niya,1,0,1,0,"Product: manipus yun pants yun parang masisira agad yun shirt na binili ko yun napili ko plain colored yun binigay haynako ewan ko kung nagbabasa or sadya lang talaga manipis mga product nila ayaw ko ng quality ng jagging pants nila. Price: pwede na rin sa price niya. ""manips yun pants yun parang masisira agad, manipis mga product nila, ayaw ko ng quality"" are features of the product. ""pwede na rin sa price niya"" comments on the cost of the product.",,,
313,3 stars kasi yung isa may damage pero yng isa ok naman walang crack working din naman sya nag cha charge sya parehas sad lang dahil ung isa medyo may umangat na part yun lng salamat pdn,1,0,0,0,"Product: may damage, ok naman walang crack working din naman sya nag cha charge sya parehas, medyo may umangat na part yun lng. ""may damage, ok naman, walang crack, working din naman sya nag cha charge sya parehas, medyo may umangat na part"" are feedback about product quality and functionality.",,,
314,i ordered 1 black 1 white and 1 caramel pero 1 black and 2 caramels ang dumating maliit pa size,1,0,0,0,"Product: maliit pa size. ""maliit pa size"" comments on size.",,,
315,oki naman di super lamig yung number 3 parang number 1 given na din kasi mura lang siya although ok na siya to get by sa mga happenings sa paligid 3 na lang para fair hehe walang sira complete items medjo amoy battery  or saksakan kapag aandar,1,0,1,0,"Product: di super lamig yung number 3 parang number 1, walang sira complete items medjo amoy battery or saksakan kapag aandar. Price: mura lang siya. ""di super lamig, walang sira complete items, amoy battery"" are feedback on product quality. ""mura lang siya"" discusses product cost.",,,
316,right color kaso big size pala sya unlike sa biniling size 25 sa iba na sakto sa baby ko,1,0,0,0,"Product: big size pala sya unlike sa biniling size 25 sa iba na sakto sa baby ko. ""big size"" concerns the size of the product.",,,
317,black order ko ang dumating pink pero ok lng madanda nman,1,0,0,0,"Product: ang dumating pink pero ok lng madanda nman. ""madanda nman"" is a comment on the quality and appearance of the product.",,,
318,na deliver agad ang item wlang damage at maganda kaya lang minsan ang hirap pindutin pero pwde na salamat sa seller,1,1,0,1,"Product: wlang damage at maganda kaya lang minsan ang hirap pindutin pero pwde na. Delivery: na deliver agad ang item. Service: salamat sa seller. ""wlang damage at maganda"" is feedback on the product's quality and appearance. ""hirap pindutin"" concerns product functionality. ""na deliver agad ang item"" shows delivery speed. ""salamat sa seller"" shows gratitude to the seller.",,,
319,mabilis dumating at gumagana naman kala ko same lang din s nabili ko dati pro mas low quality eto sobra gaan na prang exchaust fan lang na nilgyan ng filter kaya diko sure kung makakatulong nga kusa din nag turn off kahit diko nman senet ung timerbka default nya un,1,1,0,0,"Product: gumagana naman pro mas low quality eto sobra gaan na prang exchaust fan lang na nilgyan ng filter kaya diko sure kung makakatulong nga kusa din nag turn off kahit diko nman senet ung timerbka default nya un. Delivery: mabilis dumating. ""gumagana naman, low quality, sobra gaan, kusa din nag turn off"" are feedback on product performance and quality. ""mabilis dumating"" is a comment on the delivery.",,,
320,may yupi 2 boxes kita nman sa pics and video cge keri lng pero kulang ng 1 pc usb sana gumagana lahat pang gift ko pa nman next time check nyo ng maigi seller nang dina maulit sa iba,1,0,0,1,"Product: may yupi 2 boxes kulang ng 1 pc usb sana gumagana lahat pang gift ko pa nman. Service: check nyo ng maigi seller nang dina maulit sa iba. ""may yupi, kulang ng 1 pc usb, sana gumagana lahat"" are feedback on product condition and completeness. ""check nyo ng maigi seller"" is a service suggestion.",,,
321,medyo matibay ayos naman kaso maliit talaga dapat 2x or more pa na increase sa sukat sa original na foot size mo sayang naman pero ok na rin naman papamigay nalang,1,0,0,0,"Product: medyo matibay ayos naman kaso maliit talaga dapat 2x or more pa na increase sa sukat sa original na foot size mo. ""medyo matibay ayos naman, maliit talaga"" concerns product quality and size.",,,
322,no data expiry the seal has been tampered with already but the scratch card which has the pin and puk are still intact halatang luma na yung simcard on how the package looks like,1,0,0,0,"Product: the seal has been tampered with already halatang luma na yung simcard on how the package looks like. ""seal has been tampered, halatang luma"" are feedback on product condition.",,,
323,soft maganda siya para sa kanyang presyo i think im the one whos wrong coz i didnt read the description which says imitation leather,1,0,1,0,"Product: soft maganda siya. Price: para sa kanyang presyo. ""soft maganda"" is feedback on product quality. ""para sa kanyang presyo"" discusses the price of the product.",,,
324,sabe 6pcs peo 5 lang dumating di pa nagrereply si seller 2nd time ko na bumili nadissapoint ako kasi ung una ok naman,1,0,0,1,"Product: 5 lang dumating. Service: di pa nagrereply si seller nadissapoint ako kasi ung una ok naman. ""5 lang dumating"" means product completeness. ""di pa nagrereply si seller nadissapoint"" is feedback about responsiveness of the seller.",,,
325,ok i ordered pinklight blue but the seller sent me oranglight blue so disappointed,0,1,0,0,Wrong color delivered. Incorrect delivery.,,,
326,item is good but too long for the item to receivealmost a month before i receivedi cancel q na sna dhil d umaabot sa target date and date kng dmsan ggmitin ang item but the seller told me na irreport ako ky shoppe so idecided na hntyin nlng kht d,0,1,0,0,"Too long to receive, almost a month. Expressing time delay in shipment.",,,
327,not so good un order ko is puro mediumpero un isa largebefore nyo i send besure naman tama un nilagay sa orderun tela niya parang mabilis lng masira,1,0,0,0,un tela niya parang mabilis lng masira is a product aspect. Product is poorly made.,,,
328,this was supposed to be a 30ft and 45cm thats why i ordered 3 rolls we already measured yung pagkakabitan and we expect na sosobra pa nga but yung dumating is just a 20ft per roll  40cmang laki ng kulang salip na sobra sana naging bitinganda na sana ng,1,0,0,0,"Sizes were innacurate, relates to product aspect.Sizes misrepresented. ",,,
329,hindi even ang spread ng coat nya pero di basta basta nabubura i guess so and so lang ako with this one came in a bubble pouch medyo matagal ang shipping but i guess okay lang since galing pa ng china,1,1,0,0,"Coating not spread evenly relates to product appearance, slow shipping. Both product and Delivery.",,,
330,ok lang thanks seller well packed naman order ko kaso im not satisfied with the results i try it but ang tagal mag straight ng hair di ko na feel,1,0,0,1,"Long process time so dissatisfied, response to customer satisfaction.",,,
331,i ordered 2 pink and 2 white fans but all pink ang dumating,0,1,0,0,Wrong colour delivered for a delivery issue.,,,
332,3 star lang yung dati 5 star hindi kasi tugma yung takip sana maayos naman ang pinadala,1,0,0,0,Product is lacking an aspect not of quality.,,,
333,maganda naman pero kulang yung order ko nagask si seller if pwedeng sa gcash nalang irefund yung kulang pero wala akong gcash sana nagbigay nalang ng other options ng item na kapalit nung kulang bago ipadala yung item,0,0,0,1,"Missing parts and seller asked to refund via gcash which they didnt like, customer feedback on the seller.",,,
334,i have requested not to put the tape direct on wallpaper instead wrap first with paper then put tape on it mahirap  nasisira yung wallpaper s pag alis ng scotch tapejust disappointedthanks anyway,0,0,0,1,Taping causing damage to customer wallpaper. Service aspect.,,,
335,maganda bugos kay seller kasi sulit ang ballpen kasi isipin mo 10pcs n 20plus lng taposmy prof of picture pa bago ipadel db san kapa makikita mo kng tama b un iteam na ibbgy nla o nd at sana kapa sure ka safe un order mo dahil naka double packaging,0,0,1,1,"Sulit ballpen and they provided a picture, relates to seller good service.",,,
336,gumagana nmn ung fan at cute walamg manners ung seller dito  d mrunong mkpg usap sa buyer kulang items pinadala,1,0,0,1,"Seller does not have manners, service related. product is cute. also missing item.",,,
337,hindi po stretchable yung tela ng tatlo kaya hindi kasya pero yung other 3 okays naman,1,0,0,0,"fabric of cloth is not stretchable, product fabric problem.",,,
338,though product is good sobrang nipis parang foam lang sya ng bra,1,0,0,0,"Too thin, bra pad material, product.",,,
339,mali ang kulay na binigay green order ko tapos binigay light blue,0,1,0,0,"wrong color, delivery problems.",,,
340,ayos naman siya hindi lang accurate yung color description kasi sabi pink tent pero yung dumating na color parang faded red na pero pag inunfold mo naman spacious naman siya,1,0,0,0,Faded color and accurate spaciousness. Good spacious for the product.,,,
341,its working at first and im so amazed by the dust na nakuha nya sa bed namin but after using it 2x plang ganyan na sya its not working properly and iba na yunb sounds i messaged their customer service and they replied naman agad and explained na i have,1,0,0,1,Bad customer service for this product. Not working properly now.,,,
342,hindi fit sa kalan namin pero ginwan nlng ng paraan ng asawa ko parang pa square type ksi yung sa amin para yata ito sa round na patungan basta yun n yun matagal din dumating,0,1,0,0,Bad fitting for the stove. Long duration arrival.,,,
343,oks naman medyo manipis and kawing lang but overall ok naman,1,0,0,0,"overall is ok though a lil bit Kawing. Material quality, product.",,,
344,buti na lang nasa 50pesos lang price kaya di masyado nakakapanghinayang medo maliit ang size nila kaya need to adjust ng isa sakto lang naman sa paa yung panlalake medyo maliit kahit yung pinakamalaki,1,0,1,0,Good to make cheap and size is not good. product dimensions vs price.,,,
345,not much ok naman kaso di ako satisfied sa hangin nahihinaan ako,1,0,0,0,Not satisfied with the product's wind.,,,
346,well packed nman sya kaso di sukat yung mga butas sa stove nmen ginawan ko nlang ng paraan para magamit,1,0,0,0,Stove doesnt fit for the holes. Product isnt built well.,,,
347,open n box bat ganun gamepad lang for the price,1,0,1,0,"Box open with only a gamepad, the gamepad alone might not be worth the price.",,,
348,ok nka bubble wrapped nman item q wrong color lng ok umiikot nman,1,1,0,0,"Delivery is bad and product received in wrong order, it works though.",,,
349,chargable inorder ko dumating di insertion kainis d kona navidio,1,0,0,0,Not insertion so item is poor. Product related.,,,
350,bruh welp as expected hindi siya maayos ahahahaha lol dont expect too much kasi d worth it,1,0,1,0,Not expecting much as the value doesnt meet expecations.Product related,,,
351,dont know nakaka dessapoint seller kase ung boots hindi niyo po chinecheck bago e deliver hindi po secure ung product maalikabok din po ung boots tupi napo pag dating eh ang mahal ng product tas ganon pag dating hayss ty,1,0,1,1,"Product has shipping, product cost.",,,
352,ang comfy ng feeling pag inapply mo sa pilik mata mo pero di sya longlasting pero okay narin pics and vids are not related,1,0,0,0,"Comfy in the eye lids but not long lasting, product issues.",,,
353,maganda nmn ka dissapoint na may gasgas for the price,1,0,1,0,Dissapointing as there are scratches for the price.,,,
354,good maganda naman items nila kaso mali yung isang design mas cute ung napili kong design which is the dog design ksi dog lover kmi pero bear ung bnigay skin na light pink sana chineck muna mbuti tama naman ung naka indicate sa receipt nila pero mali ung nalagay,1,0,0,0,Wrong design received. Design issue for product.,,,
355,sobrang tagaaaaaal dumating tinalo pa isang order ko overseas mas nauna ba yung galing ibang bansa but thanks parin,0,1,0,0,long delivery.Delivery is slow.,,,
356,parang mag iba na scent nya saka mabilis na mawala ang amoy unlike before,1,0,0,0,"Scent changing, product related.",,,
357,medyo nagasgas ang handle ng mga payong kasi hindi nakabubble wrap at nagkabutas plastic cellophane sana binalot ni seller ng maayos,1,0,0,1,Seller should ensure the item is handled in bubble wrap. Service is expected,,,
358,not tag 32 then factory defect pa talaga,1,0,0,0,Tagged as wrong size.product,,,
359,nice sana pero maingay d maganda ang packaging kaya yupi ang box and may crack ang item,1,0,0,0,"Nice product except its making noise and yupi box, product issue.",,,
360,i bought xl size pero di kumasya kasi hindi xa stretchableni hindi nkaakyat sa bewang gang hips lang kya kung small ka bumili ka ng xl para kumasyaok nman mkpal yung telapero d ko nasuot,1,0,0,0,Did not fit well for the size due to being not strechable.product fit,,,
361,2 packs yung order ko same designs pero ok naman,0,1,0,0,"same design delivered , delivery.",,,
362,unang subok di agad gumanaumilaw kaya inayos ni hubby ung saksakan at hinahawalan pa pra umilaw un pala maluwag lang ung adopterhmmmmdi ko na binalik hussle nadn kac pag erereturn pasana next time ung subukan niu muna pra gumana o maayus ang mapadala na sa isang subok umilaw agad,1,0,0,0,"product did not initially light up on the first try, product.",,,
363,iba po yung dumating royal airforce po yung order ko blue gray po yung dumating ang dami kong chat sa seller ayaw manlang mag reply mag papasend sana ako ng picture para makita ko sana bago nabalot pero ok naren,0,1,0,1,"Did not get response from seller for wrong order, bad service.",,,
364,di namin nabetan yung tela nitong jogger pants small sizes din sya yung xxl parang medium lang still thanks to seller and courier,1,0,0,0,"the clothing didnt fit well, product",,,
365,balck silver inorder iba dumating pero goods naman lahat yung kulay lang,0,1,0,0,wrong delivery color.,,,
366,hays dissapointed nasa harapan pa naman nang tumbler pangit tignan,1,0,0,0,"tumbler dissapointing design, product.",,,
367,hindi ok ung tela ito ung mainit eh look at the picture pero i have no choice ibenta ko n lang d keri suotin maliit din size ny for a xxl prang it can fit hanggang large frame lng,1,0,0,0,"bad cloth not fit, and bad size.",,,
368,good ba good facebook lang ayaw,1,0,0,0,"cannot login facebook, product.",,,
369,okay naman siya so far worth it for the price but then di gumagana yung remote control niya di ko alam bakit i dont know if sa battery ba or talagang mismong yung remote control yung may sira,1,0,1,0,Remote control not functioning good enough. product,,,
370,100 gagoooooo ampt vanilla inorder ko ee dumatimg polo red mygod send2 kapa picture pero iba ang pinadala mo galing mo rin ee no haysss,0,1,0,0,"Wrong delivery, not good.",,,
371,good item sana pang 4th order ko na  pero may mantsa madilaw saka may dumi hindi matanggal sana next time paki check maayos po ang item na maayos at walang mantsa o dumi ksi pang benta din po ito baka sa ssunod di na kmi umorder kung plgi may,1,0,0,1,Product with dirts so expecting from seller.,,,
372,wrong item i ordered black ang light grey tsk ayusin nyo naman po,0,1,0,0,"wrong color, not good.",,,
373,510 ang hina hina nang usokwalang spring ttulad ng iba disappointed ako sorry first time ko to sa shoppe na hindi ko nagustohan,1,0,0,0,Didnt use the product due to not liking,,,
374,sakto lang maliit sobra but thank u,1,0,0,0,"Size is too small,product dimension.",,,
375,fast shipping delivered earlier than expected pero manipis lang pala siya at madaling mapunit tsaka kung mataas ang wall mo dalawang layer or isa lang ang malalagyan dahil kaunti lang naman siya sa isang roll but okay na thank you so much hakajs gaaus sheiw,1,1,0,0,delvered fast but very thin. product related also delivery related,,,
376,goods na din white pa naman sya kaya kitang kita talaga iniscreen shot kona lang ang say ko about sa items,1,0,0,0,"product color is good, product",,,
377,maganda sya although grabe tagal bago ge ship out n seller,1,0,0,0,"product good, too long shipping.",,,
378,like it ok lng naman xa for its price kaya lng na bukaka na yong para sa para tenga maluwang at nahuhulog xa,1,0,1,0,"product worth it for price, issues with ear, product.",,,
379,ok ok lang ung item wlang damage o kulang thank you,1,0,0,0,"product good, product",,,
380,pink dot rabbitpurple rabbit mali yung kulay na dumatingpero maganda talaga sya sana sa sunod tamang kulay na ang ipapadala hyst,0,1,0,0,"Wrong color, shipping issue.",,,
381,great unexpected ung ganda nya pero wlang takip ung lid ng bottletatapon dn ang tubig excited p nman aq gamitin kso wlang takip,1,0,0,0,"Lid is gone, product issues.",,,
382,i ordered it december 3 and dumating january 3 pinacancel ko yong order kase antagal alam kong may bagyo pero dapat nadeliver na to on time mas nauna pang dumating yong huli kong inorder kesa dito kahit wala pang bagyo,0,1,0,0,"Too long shipping, delivery issue.",,,
383,ok naman kaya lang puro gasgas ung mga clip at magkakamuka pa nagchat ako sa seller na kung pwede random des wala hindi marunong magresponse,1,0,0,1,"seller didnt respond about clips, service not good.",,,
384,i gave only 3 stars for a fair rating pang 36months ang pinili kong sizes 6pcs ang dumating kasing laki ng 03months na leggings ng baby ko isa lang ung my tag na 6months the rest tinanggal ang mga tags ewan ko sa inyo bt ang daya nyung mag tinda,1,0,0,0,"legging sizes wrong, product.",,,
385,okay naman di nga lang yung expected ko na output ng lights wala siyang white color as in red blue and green lang siya,1,0,0,0,"Lights lack white color, product.",,,
386,pwede na maganda naman kaso nag nag aagawan sa bluetooth kaparehas nya bluetooth name ng pang iphone hahahahag,1,0,0,0,"Blue tooth clashing with other brands, product.",,,
387,pen is working yung stylus naman ay working pero yung gloves hindi,1,0,0,0,"Gloves are no working, product.",,,
388,i didnt have time to take a picture of if but the ring light and its purpose itself was good but the quality not so much the ring light had a crack on it but it still works naman and the stand is missing parts para doon sa baba and,1,0,0,0,Ring light had crack product.,,,
389,item received but not read my message of the seller and the box is not ok deform at open ang box next time and be sure the handling and packaging is safe so sad buti working ang item,1,0,0,1,"The seller didnt read the message from buyer, product working but box deformed.",,,
390,too small 4040 na nga lang anliit pa,1,0,0,0,"Product is too small, size related.",,,
391,ang liit ng sizing nila parang pang teens ung binili ko last time na 2 size 34 okay naman sakin pero ngayon jusko ni hindi ko masara ang iksi nung mismong band ung cup size tama pero maikli ung mismong band ano to bibilhan ko pa ng pangextension pambihira,1,0,0,0,band not fitting well. product.,,,
392,low quality false description sila akala ko 10 meter talaga pero 6 meter lang at 40 cm wide buti nalang 3 pcs na bili ko,1,0,0,0,Fake description of low quality product.,,,
393,super comfy at magaan kaso yun white black my konting sira pero goods naman super ganda nun all black worth it naman yun price,1,0,1,0,Product great and comfy and worth price but my some contigsira,,,
394,im just gonna use this when im bringing a small bag i guess this is not usable during typhoons or heavy rain it even teared a little when i first opened it looks pretty fragile seems too pricey for its quality,1,0,1,0,"fragile, not useful for storm pricey not worth",,,
395,madali lang matupi dahil manipis hindi ngkasya sa kalan ko dahil ang mga butas ay hindi tumama sa patongan ng kalan mabilis dumating ang order ko thank you courrier,1,1,0,0,"Stove cant match holes and quick delivery,",,,
396,ok nman maganda ok din ang pagka pack ok nman ok din pagka pack kaso pink order ko ibang kulay diniliver pero ok nadin maganda din nman,0,1,0,0,"wrong color and good , delivery",,,
397,boss okay nathank u thank u gid sa uulitin ahsalamat ulit akba pra sa acoins lang mga lodi cakess hahagawa nyo bald x,0,0,0,0,no aspect founds,,,
398,thanks though but didnt expect the size it seems small than i expected parang pang bata anyway shoutout din dun sa courier na hindi marunong magsukli ng tama,0,0,0,1,Product too small and didnt get exact change. poor service,,,
399,5star sana kasi nmn maganda nga nmn ang product yon lng i ask favor to pic the item before ibalot for checking kng complete d nag reply si seller then tama nga kulang ng 3 bonnet n pang baby sayang,0,0,0,1,Sller dint reply and products not complete. service,,,
400,di ko bet bango naman yeern siya masyado lang matapang pero okay na din 4 its price we i cannot get to see wieieieu,0,0,1,0,the price is okay for the product.,,,
401,mahal pra s quality,1,0,1,0,Product quality is low and price is high.,,,
402,i received broken umbrella but we just managed to put mighty bond para maayos,1,0,0,0,The umbrella was broken upon arrival.,,,
403,dries really slow if u have really thick straight eyelashes kahit nagcurl ka before applying the mascara after a while bc it gets really wet nawawala yung curl ng eyelashes so u have to curl it again after the mascara dries,1,0,0,0,Mascara doesn't dry quickly,affecting eyelash curl.,,
404,nice maganda sana kaso sira sya wala syang pindutan kaya pala tinakpan ng sticker kc wala syang buttonmay pa freebies si seller pero sana kahit wala ng freebies basta okie yung itemnext time seller check nyo din yung item before nyo ipadalasalamat,1,0,0,1,Item is defective (no button); seller should check before shipping.,,,
405,okay siyaunexpected iyong laki okay ang qualty but my choice in the color hi di nasunod kya medyo dissapointed sana next time icheck mabuti itong choice of color,1,0,0,0,The size and quality are okay but the color is wrong,,,
406,un material plastic ewan lang sana tumagal,1,0,0,0,The product is made of plastic,concerned about durability.,,
407,medyo mahina yung hangin tsaka damaged yung box pero all in all okay naman for its price,1,0,1,0,Fan airflow is weak; box is damaged; acceptable for the price.,,,
408,item is ok for its pricemay dent lang yung sinend sa akin kaya fair rating langperformance of the tablet is fair as well my only issue is battery only last for 2 hrs,1,0,1,0,Tablet has a dent and battery only lasts for 2 hours but is acceptable for its price,,,
409,all goods naman sya gumagana lahat sa performance ng sounds nya goods naman parang normal na eaphones lang tska dont expect to much na sobrang ganda ng sounds nya dahil sa presyo nya kaya for me if i rarate ko lahat lahat nasa,1,0,1,0,It works fine with good sound performance,but don't expect too much due to its price.,,
410,good for its price fast shipment understandable naman kung may defect or mga tastas kasi mura lang thank you god bless,1,1,1,0,Good for the price and fast shipment,,,
411,ilang beses ko na siyang ginamit at lininisan pag binuksan mo siya bumabaho siya,1,0,0,0,It has an unpleasant odor after being used multiple times.,,,
412,medyolukot ung box pero unh loob di naman maya kona check if nagana tamad pako itry,0,1,0,0,The box is wrinkled but the product may be fine.,,,
413,power button on the unit is not working nagrequest ako ng replacement pero need pa gumastos for shipping kaya di ko na lang pinapalitan,1,0,0,1,The power button doesn't work,costly to replace,,
414,smooth the picture is deceiving its not good as it looks sa pictures it was okay though for its price wala din masyadong colour yung eyeliner,1,0,1,0,Smooth eyeliner but the color is not good as the picture,but acceptable for its price,,
415,ok ok na ok ang product pero im not satisfied kase mahina ang hangin kahit nka 3 pa thank na din sa mabilis na shipping thank seller thank rider,1,1,0,0,Good product and fast shipping but the fan is not that strong.,,,
416,anliit for your actual size kadalawa ka mag size up siguro if u want good fit,1,0,0,0,It is small for your actual size,make sure to size up if you want a good fit.,,
417,not yet tested di ko pa nasusubukan pero gaya ng review ng iba hindi talaga ng babalot ng bubble wrap ang seller sana gumagana pero kung ako tatanungin mag isip muna bago bumili nito,0,0,0,0,Not yet tested and seller does not wrap with bubble wrap.,,,
418,mali po ung isang color instead na black ang mttanggap ko naging red po hopefully magustuhan ng pagbibigyan ko,0,0,0,0,wrong color,,,
419,good but di gumagana yong remote okay naman po sya worth it na for 1 piso kahit di gumagana yong remote,1,0,1,0,Its ok but the remote doesnt work but is worth it for 1 peso,,,
420,mabilis sana dumating pero wrong item yung pinadala 2liters order ko at yung design malayong malayo sa order ko maiintindihan ko nmn kung wala na clang stock or what ang reason bkt yun ang pinadala pero hindi manlang nag msge si seller na iba ipapadala at hindi manlng nagrereply,0,1,0,1,fast delivery but wrong item and the seller do not respond.,,,
421,okay naman okay lang medyo iba yung itsura,1,0,0,0,Its okay and its appearance is slightly different,,,
422,white bee yungpinadala hindi maganda yung color wala man lang chat from seller,1,0,0,1,Wrong color and no chat from the seller.,,,
423,matagal ma ship parang gasgas yung tela maliit yung cup pero tama naman yung size na dumating kung ka dapat order mo ganern,1,1,0,0,It takes time for the product to ship and the fabric seems like it's scratched,,,
424,okay naman siya totoo nga you get what you pay for kaya ewan anong iniexpect ko hahaha disappointing kasi yung isang bluetooth earphone hindi nagana,1,0,1,0,Acceptable and the bluetooth earphone is not functioning,,,
425,not so good theres incomplete screw incomplete ang screw niya sa ilalim ng phone holder then kapag camera naman ilalagay super loose siya since kulang nga ng screw,1,0,0,0,Not so good because the screws are incomplete.,,,
426,maganda yung pantyy second order ko na to nung una maganda yung packaging pero ngayon nakakadissapoint lang na nakalagay lang siya sa plastic na blue yung parang pampalengke pero all in all ang importante naman ay uung panty which is ok namn,1,0,0,0,Good item but the package has change and the packaging is not good.,,,
427,sakto medyo priceyd masyado malakas hanginmadali malowbat not properly pack no bubble wrap wasak wasak ang box,1,0,1,0,Proper size but pricey and easily lowbat and no proper packing,,,
428,ok nmn sta mgnda quality my manipis my mkpal dn,1,0,0,0,Its good and has good quality some are thin and some are thick.,,,
429,walang core kaya nayupi ang wall sticker wala din syang individual cover,1,0,0,0,No core so the wall sticker has dent and no individual cover.,,,
430,maganda sya kaso mali ung dumating skin ung order ko worth 99 ung dumating ung tig 70 binigay ko n lng sa kpatid ko order ulit ako pero sana tumama na ung ibibigay sakin deserve 2nd chance,0,0,0,0,Wrong item was received.,,,
431,sound is good quality is good ang ganda ng appearance nya compare sa price nya which is affordable pwede sya pang gaming kase meron sya nung maririnig mo yung sound kung nasan yung kalaban ganon kaso nga lang sobrang sensitive nung pindutan nya kahit magalaw mo lang sya ng konti,1,0,1,0,Sound is good quality and its appearance and sensitive button,,,
432,matagal mag ship ang seller di responsive sa chat maling color ng order ang sinend pero ok nman ang quality ng products will buy again kung mabilis mag ship,1,1,0,1,takes time for the seller to ship and the color is wrong but the quality is good,,,
433,maganda naman mga products delivered with no damage mali lang ung size nung boots i ordered size 22 size 25 dumating,1,1,0,0,Good product and with no damage but has a wrong size.,,,
434,medyo satisfied naman kanina ko lang na received 5days lag at hang siya minsan at minsan bigla na lang nagba back home hd yung picture at video nya mabilis ma fully charged at mabilis din malowbat medyo mabagal mag download ng apps sa playstore sana talaga magtagal para hindi nakakapanghinayang,1,0,0,0,Not very good received after 5 days and it is slow and hang,,,
435,arrived in great condition im not sure kung supposedly may fan din sa magkabilang dulo but since may ventilation din dun im assuming na oo pero yung dumating sakin dun lang sa may pahabang part gumagana yung fan malakas naman yung hangin mabilis nga lang din malowbat so need laging,1,0,0,0,Arrived in a great condition but the fan easily gets low battery.,,,
436,expected ko maliwanag pero di pala ganon kaliwanag ewan ko kung ganto talaga oh sadyang di lang okay yung mismong ring light pero okay naman working naman lahat you get what u pay for ika nga thank you pa din seller,1,0,1,0,expected it to be bright but it is not,you get what you pay for,,
437,tagal ko na umoorder dto now lang ako naasar sana ngsabe manlang na mali ung color,0,0,0,0,Wrong color.,,,
438,working hindi nka bubble wrap bukas at sira ung box working nman ewan ko lang if nag chacharge,1,0,0,0,working but not in bubble wrap and the box is open and damage,,,
439,ok na sana kaso na desappoint ako ng makita ko na white ang isa order ko kaai parehong black at pare na red ang swelas mali ang binigay na order,0,0,0,0,Wrong order,,,
440,complete items receivedmalambot hindi maganda ang qualitymaliit ang mga sizeshindi kasya sa paa ng anak ko,1,0,0,0,complete items with a bad quality.,,,
441,wala syang white color rgb lang sakto lang ung price sa item,1,0,1,0,No white color and the price is just right.,,,
442,watery keri na pang araw araw since mura lang naman bango chicks na chicks ang peg mo dito,1,0,1,0,watery and the smell is good but because of the price,it can be used for everyday,,
443,good makapal naman sya good for its price nag expect ako na maganda quality kasi madaming bumili ang kaso nung sinukat ng bf ko maliit ang xl para sakanya at sikip sakanya parang pambabae daw so na disappoint ang bf ko haha excited sana sya ma received at masuot ps,1,0,1,0,It is thick and has a good for its price but it is small and tight for its size.,,,
444,not that thick medyo manipis sya oks naman for the price medyo magaan din sya isuot siguro since hindi ganon kakapal yung material na ginamit and feeling ko naman oks din panggamitan fast delivery din kudos seller,1,1,1,0,It is thin and okay for its price but a fast delivery,,,
445,im an old buyer nag try lang ako ng mystery box for fun sana sinagad ko sa 3 dahil yun lang ang limit nila per order yung for fun ko naging malungkot akala ko since mystery box ito magkakaibang item man lang yung darating puro extended mouse mat at,1,0,0,0,Same Item Received,,,
446,not good bat ganito seller sobrang disappointed ako ang layo ng order ko sa binigay nyo iba sana kung ano yung order ng costumer nio ganun din dapat binibigay nyo parang hindi 2litters parang 1litter lng din excited pa naman ako para sana sa mga kids ko pero nakaka lungkot,1,0,0,0,Wrong item was sent,it wasn't 2 Liters.,,
447,ibang green yung dumating i thought emerald green sya as per pic ng seller,0,0,0,0,Wrong Green color.,,,
448,okay naman sya kaso lang yung isang bra na deformed 1 month bago ko na received ung parcel dahil sa bagong odette maraming delay sa delivery,1,1,0,0,Okay naman but has defect and there is a delivery delay.,,,
449,okay naman kaso maliit size e adjust nyona lang size kung oorder kayo,1,0,0,0,Small size,adjust when ordering.,,
450,ok naman sya may na double lang ng kulay pero ok sya kasyang kasya thank you seller,0,0,0,0,okay and has the same color,,,
451,same shade number ang nakalagay na sticker pero iba yung kulay pati yung lalagyan iba din baka nilagay lang yung sticker,0,0,0,0,shade label is same but the colors are different,,,
452,ibang brand pinadala hindi magic tape,0,0,0,0,Different Brand sent.,,,
453,keri akala ko malakas talaga ang hangin pero hindi pala malakas pa yunh hininga ko taz ang isang item wlang charger,1,0,0,0,Its okay but weak and an item with no charger.,,,
454,nice naman ng shoesnagustuhan ko kasi sakro lang yung size nyamaganda rin ang combination ng kulaypwede akong umulit ng order pero sana maayos pa rin ang next order ko para hindi ako madala sa pag order ng product nilasaamat,1,0,0,0,Shoes are nice.,,,
455,layo sa ag nung scent,1,0,0,0,The Scent is very different from the adds.,,,
456,pwede na for its price di sya ganun kaliwanag pero it serves its purpose may yupi tripod kaya 3 stars lang dapat labeled as fragile para ingatan ng courier,1,1,1,0,the tripod are bent.,,,
457,days ko lang nagamit kasi kanina nangamoy usok sa loob ng vacuum at bigla nalang tumigil from spinning yung pang sweep nya nagkulay blue pa naman yung start nya pero hindi na gumalaw maganda pa naman sana,1,0,0,0,not working,,,
458,okay naman ung product fast delivery 2 days lang ata nadeliver na wala akong pic tinatamad akong kunan pero tan orange ung inorder ko maganda sya sa labi madaling mabura pero my naiiwan na konting stain thank u parin seller,1,1,0,0,Good product fast delivery and it looks good on the lips and has a stain.,,,
459,mystery pouch naging isang pouch lng tapos puro pa mouse pad lamanhalos lahat ata mouse pad laman di mn lng iniba yung isa,1,0,0,0,Only Mouse pad in the item and all the same,,,
460,ang ganda ng quality ng product pero shipped out tapos nakarating,1,1,0,0,The quality is good and the product,,,
461,thank you kc maganda,1,0,0,0,thank you its very good,,,
462,dont expect too much medyo manipis ang textile lalo na sa white much more tama nmn dinilever na item large ang order ko large din ang na deliver but when i measured it base sa kabilang size chart medium lng sya,1,0,0,0,not expect so much because its thin,,,
463,okay nmn yung isang set may isa lang damage tas yung isang set nmn di masyadong nag i ink hehe salamat narin seller solit nmn sa price ehhehe,1,0,1,0,one set are not inking and damage but its ok for the price,,,
464,oa sa laki hindi pwede sa small built na katawan super mukang hanger yung mag susuot kapag maliit ang katawan kung tutuusin maganda sana yung item kaso napakalaki talaga,1,0,0,0,Very large and small bodies will not fit and does not look good.,,,
465,kulang delivery nyo ng isang sock pro d nyo nirefund,0,1,0,0,the delivery has a sock and did not have a refund,,,
466,pinkbluegreen and black ang order ko pero dalawang blue color yung dumating sakto naman yung pink and black wla lang green color the rest is okey naman yung packaging wlang damage the reason why i only bigay stars,1,0,0,0,the packaging has no damage but missing the color,,,
467,gandaa naman tysm seller complete package and goods cant say anything,1,0,0,0,The Item are goods and cant say anything,,,
468,maganda po sia and walang sira ang ayaw ko lang po kasi ay yung amoy ng rubber sa takip nia everyt pagkainom ko ng tubig nasusuka na ako dahil sa amoy ng rubber seller please make sure na hindi naman po sana ganito lagi ang inoorder namin nakaka disappoint lang,1,0,0,0,I'm not sure what to say,but I dislike the rubber's scent; every time I drink water,it makes me sick. Seller,please make sure we don't always order like this because it's disappointing.
469,tamang color yung isa yung isa grayblack inorder pero ibang color dumating nice one double check din pag may time,0,0,0,0,The Color is right and wrong color sent,,,
470,pwede na dapat sumabi muna si seller na wala ng pink as yun ang order namin tinanung kupa kung available pero pag dating black green dumating ok na lng nandito na eh,0,0,0,0,Seller must says if not available color,,,
471,will give stars only may mantsa yung isang romper yung socks hindin randomly given may pairs at pairs na magka parehas ng design may mos na romper hindi nmn ako nag order ng mos lng hindi nag inform si seller tsk,1,0,0,1,the socks does not came randomly,,,
472,same lang ng ibang lipbalm akala ko po same nung nakita ko sa tiktok yung mag iiwan ng stain sa lips dipo pala pero ok lang mura lang naman po,1,0,1,0,It doesnt leave a stain and its cheap,,,
473,i ordered black sky blue dumating haays sana magtagal tong phone na to salamat na din,1,0,0,0,wrong color delivery,,,
474,sobrang tight ang pagpack ni seller kung kay naipit ng husto ang wet wipesat naging dry wipes na sia dahil napiga ang tubig neto sana nxt time wag naman nio po sanang e pack ng napakahigpit kasi di naman sia fragile esakto lang ng di mapiga ang wipesand the wipes,0,0,0,1,The Seller pack very tight the the wet wipe turns into dry because its squeeze so next time hope you pack tight,,,
475,hindi nkabubble wrap ang productyupi ang mga kahonbuti nlng wlng damage ang product d ganon klakas ang hanginpero ok nrin sakto s price nya,1,0,1,0,the product is not bubble wrapped the box is damage,,,
476,ill give u only stars kase aside sa wrong color sya actually wala naman akong prob sa color pero sana naman sundin nyo ang problema ko lang is napaka tagal ma deliver un lang pero overall it is good,0,1,0,0,long delivery,,,
477,good complete items mabilis shipping kaso lang yung isa damaged pero okay narin you get what you pay for thank you,1,1,1,0,complete item and fast shipping but one is damage,,,
478,ok lang honest review po to sinabihan kona yung seller dati na e proportion ung mga cuttings but di talaga sinusunod kaya stars lang,1,0,0,1,Seller needs to double check,,,
479,good salamat sa pa free na lanyard ang cute sayang at color orange hindi tuloy sila nag match sa color black na cover,0,0,0,0,thank you for the free lanyard,,,
480,okay naman ung tela pero may kunting deperensya lang sa tahi kc may kunting nakalawit na sinulid nasabit kc ung paa ko pagkasuot ko atsaka di sya totally nakakatago ng baby fats,1,0,0,0,the product fabric is good but has small defect with the stitch,,,
481,sorry sellerbut not good to see tha items may mali na color tapos tumbler order ko pero dalawa lang ang dumatingung isa mali ung color black ung order ko,0,0,0,0,Wrong order and color and its not good to see,,,
482,ang nipis hindi makapal hindi individual pack unlike sa ads na makapal and individually pack lq,1,0,0,0,not thick and not individual pack and in ads,,,
483,maayos yung quality kaso napakatagal maideliver dito ni courier ninja van kasi hays i am not satisfied with it,0,1,0,0,has a good quality and takes too long to ship,,,
484,maganda at malaki yung mosquito net kaso manipis yung cotton bed di siya same sa picture na nakapost ni seller,1,0,0,0,gud pero manipis,,,
485,maganda nagsend pa kayo ng pic e mali naman yung dumating black order ko ang dumating gray di niyo inaayos e nakakabwiset kayo tagal pa iship,0,1,0,0,the items that came is wrong and takes too long to ship,,,
486,nag send ng picture si seller before packaging very secured ang bottles individually sealed bubble wrapped then nilagay pa sa box then with bottle wrap ulit vanilla lace at first sobrang tapang na alcohol ang amoy pero after mag evaporate ang alcohol amoy vanilla lace na sya,1,0,0,1,after the alcohol evaporatethe Vanilla lace scent,,,
487,received the parcel yesterday stars lang po ksi mali po yung pinadala na isang bra sa akin i ordered size pero yung dumating is sana po double check the items and the sizes bago maiship sayang po ksi binayad thats why,1,0,0,0,Wrong sent in size,,,
488,goods naman kaso di gumagana yung remote,1,0,0,0,It is good but the remote not working,,,
489,good as a honest review the product aint that really good dumating sya dito ng maitim na yung lens then ayaw nyang mag black sa araw but overall its fine thank u seller,1,0,0,0,the lenses are in black when delivered and its not fine,,,
490,ordered white and pink not the green one ung pink maganda pero ung green nahulog ung switch,1,0,0,0,Good Item but broken,,,
491,base but no mic goods nag quality mura lang maganda ang base sira lang ang microphone nya,1,0,1,0,good the sound is great and the base is good,,,
492,very good scam gusto dalawa ipabayad na order sayo di pa nagrereply sa mga chat nag tatagalog naman kala cguro magbabayad aq sa dalawang order na ksalanan naman no seller,0,0,0,1,the seller does not reply,,,
493,not good mabilis lng malowbat,1,0,0,0,the Item not good and easily lowbat,,,
494,medyo maganda pero hndi good quality,1,0,0,0,kind of a bit good but not really a good quality,,,
495,needs more effort ration to its price doesnt really do anything to be honest pero mura lang naman kung natrually curled naman eyelash mo pwede na rin to sadly hindi ako isa sa mga taong ganyan so this serves me no purpose tas tingan nyo naman spooly nya,1,0,1,0,the item is not good,,,
496,chiffon ang nipis ng tela ok sana ang ganda bgay cia pngbeach bakat ung panty pgsinuot mu cia,1,0,0,0,It is not beach,,,
497,nice product and in excellent condition wrong size lang yung isa if you want to avail for this pm the seller first and ask for the item you want to order if tama bago ipaship,1,0,0,0,the Size are wrong,,,
498,good natagal ng isang oras idk pero nahihilo ako sa hangin na lumalabas dito pero anyway the product is working and malamig ang nalabas duration is plcvld not reiated,1,0,0,0,The product works,,,
499,wrong size yung gray kaya nagtaka ako bakit mas malaki akala ko iba ang sizing magkaiba rin sila ng tela mas smooth yung navy blue yung gray manipis mas rough tapos si kuyang nagdeliver maattitude,1,1,0,0,wrong size received,,,
500,maganda tas ang bilis dimating thank you,1,1,0,0,Its good and fast delivery,,,
501,hindi pa nagagamit ng anak ko sa school natanggal na agad yung power button buti na lang naikabit ko pa,1,0,0,0,,,,
502,madali malobat kahit fully charged,1,0,0,0,,,,
503,manipis di masyado tinted for anti rad ung lens,1,0,0,0,,,,
504,di insakto ang binigay clear black inorder ko pero iba binigay pero worth it parin sa price,1,0,1,0,,,,
505,five sana kaso may mga napunit n parte dahil sa hindi magandang pg handle siguro ng parcel but il ove the color though,1,1,0,0,,,,
506,1010 item reiceved gumagana siya and nag chacharge naman pero amoy sunogchemical siya nung pag ka open ko ng parcel ill edit this pag wala namang nang yaring kakaiba sa product habang nag chacharge,1,1,0,0,,,,
507,okey naman kaso masyado pa malaki para sa baby kong 1month old,1,0,0,0,,,,
508,manipis lang ang tela ng damit tapos ung short pambata ang size d pwede sa malalaki ang balakang pero ok nman ang jogging pants thank you seller,1,0,0,1,,,,
509,maganda yung quality saktong sakto sa binayaran ko pero halos isang buwan nila bago ishipped out nakakaasar lang aaaaaaaaaaa,1,1,1,0,,,,
510,pag nakuha mo yong pulso cguro madali nalang sya thank you seller,0,0,0,1,,,,
511,super hello po maam  andami ko mang pm about sa cancellation ko dahil na double order ko nagpapasalamat nalang po dahil worth it naman po  nagustuhan din ng panganay kong girl buti nalang nadiskartihan ko pa  salamat po,0,0,1,1,,,,
512,na receive ko na po now ung mga item nakaka disappoint kasi pag open ko ng plastic hindi naka sealed ng maayos mga item ko and naka bubble wrap pero sira sa earphones po wala ung plastic na pinaka sealed niya di ko pa na test kung gumagana,1,1,0,0,,,,
513,binigay ko ito sa sister kong grade 9 ni request nya at pag uwi nya from school sinurprise ko sya and tuwang tuwa sya thank you po,0,0,0,1,,,,
514,3 stars sa shipping understandable matagal talaga yung packaging hindi maayos napipi and bukas yung karton sa loob muntik pa mawala yung chord ng charger kase nga open 2 orders ako white and pink then yung white not working very well yung right side nya,1,1,0,0,,,,
515,mabango naman siya pero parang alcohol at the same timee,1,0,0,0,,,,
516,havent tried it yet kulang ng isang cord yung binili ko i bought two neck fan but it only has 1 cable cord wellpackaged naman and mabilis dumating kaso sayang kase need ko pa bumili ng cord,1,1,0,0,,,,
517,good yung name kasi medyo luma na not in a photo na dark black,1,0,0,0,,,,
518,external good poor performance ok nmn ang panlabas pero performance wise hay naku wag nlng grabe tagal mag load d mo ma update ng maayos mga apps kahit malakas na internet sabagay mura lang din nmn u get wat u pay for advice ko you should get a better gadget,1,0,1,0,,,,
519,weak hindi siya water proof hindi rn long lasting,1,0,0,0,,,,
520,the appearance super drained nung dumating and we thought ma ok lang sha after ma charge madali ma charge but hindi na charge yung earphones parang may problema,1,1,0,0,,,,
521,ok naman thank you sana tumagal kasi ang charging pin nya medyo gumagalaw,1,0,0,1,,,,
522,the nails are too flimsy for me then ang hirap pa iapply nung glue also the sizes of the nails are hard to determine like sobrang halo halo na nya the ones na di nakalagay dun sa individual slots its my first time to diy but this set aint beginnerfriendly,1,0,0,0,,,,
523,cheap hindi siya masyado bumubuga ng hangin but expected nmn dahil hindi siya mahal,1,0,1,0,,,,
524,box should have been taped pagkaopen ko nung parcel almost crushed na yung box plastic pa yung laman buti di nabitak,1,1,0,0,,,,
525,magandang color bagay sa room 6m lang to tape made it difficult and easy to have scratches times i have to retouch it since natatanggal agad,1,0,0,0,,,,
526,green and black fast shipping saka maganda yung slippers kaso i clearly ordered size 3839 for both colors pero 3637 yung pinadala sa color black wala din message from them na papalitan nila ng size,1,1,0,0,,,,
527,ok naman cute so far pwede ipanregalo namn etong darating na pasko magugustuhan ng mga bata,1,0,0,0,,,,
528,black po order ko pero blue dumating    diko na bimalik need ko kase agad   yun lang naman concern ko,0,1,0,0,,,,
529,ok naman ang quality ng items yun nga lang black ang inorder ko na cap bakit maroon ang dumatingnext time po tingnan mabuti para hindi nadisappoint ang buyer,1,0,0,1,,,,
530,pink inorder ko ibang color dumating tapos yung isa nailaw yung isa hnd hayss,1,0,0,0,,,,
531,wow ganda nang kulay gusto ko talaga thank you seller,1,0,0,1,,,,
532,310 nung unang bukas ko super bango nag expect ako na ganon amoy niya kapag inispray na pero nung naamoy ko na siya pagkatapos maspray super tapang ng amoy niya pero oks lang naman sa presyo then 35 hours nawawala na amoy niya so nag lolong last naman siya kaya,1,0,1,0,,,,
533,ikaw na ang bahala humusga eto yung expectation versus reality,0,0,0,0,,,,
534,hindi man lang i check before iship may yupi siya and sira yung isa kita naman sa pic i was disappointed but well thankyoy parin seller and rider next time check first before you ship,1,0,0,1,,,,
535,malakas ung tunog atsaka 1day ko plang nagagamit nasira na agad ung button not worth it for its price,1,0,1,0,,,,
536,pambata pala ito para pala ito sa mga teens masyadong flat 2weeks ko n syang nareceived at di maisuot ng anak ko kc flat,1,0,0,0,,,,
537,secured packaging with thick bubblewrap kaso yung 4 na binili ko lahat nagleleak di nakaclose ng maayos yung bote,1,1,0,0,,,,
538,okey naman ang right light nailaw naman sya kaso may konting gasgas at yung stand may yupikita naman sa pictures,1,0,0,0,,,,
539,ok naman kaya lang di nasunod gusto kong color they packed it already before they sent the picture of the items no choice na ko kaya ok na lang at accommodating seller namankaya lng 2 tig p65 wireless order ko and 1 pc wired p85i paid for that amount p264,0,0,0,1,,,,
540,i dont like the color of it and masyadong dark sakin yung shade kaya binigay ko na lang kay mother in law plus the backaging literal na pinasok lang sa black na plastick ni shoppee,1,0,0,0,,,,
541,maganda medyo may dumi at gasgas which is bummer,1,0,0,0,,,,
542,ok lang naman thankyou po,0,0,0,1,,,,
543,hindi siya fast charging,1,0,0,0,,,,
544,sori ylto say di sya nahiyang ako namaga yung lips koganda pa nman nya sana,1,0,0,0,,,,
545,ok naman yung product nakaka dismaya di man lng nilagay sa box or binabubble wrap ng doble puro gasgas yung lagayan kala mo di bago eh hays,1,1,0,0,,,,
546,good okay naman sya good good good good hindi sya kagaya nong nasa picture pero oks lang maganda naman sana di masira agad,1,0,0,0,,,,
547,goods pa rin kasi gagamitin ko lang naman to kapag naiinitan ako sana tumagal alright 3star lang kasi hanggang level 3 lang din yung lakas ng hangin,1,0,0,0,,,,
548,may leak sya and hindi sya galing sa bottle kasi nga hindi oil based yung laman ng bottle i think they did that on purpose para siguro yung expectation natin is ma satisfy for a short of time well nandito na sya so still thank you po,1,0,0,0,,,,
549,im so excited for my mom and dad i bought this para sakanilaok naman yung product sa packaging lang ako na dissapoint kasi walang fragile na nakalagay distorted din yung box as a resulttas may mga dents and scratches sa itemparang 2nd hand tuloy ang itsura and sana magtagal xa,1,1,0,0,,,,
550,gandaa din ng quality but ibang item dumating nung isang inorder ko hays sana naman nag inform yung seller so that iba nalang sana inorder ko  ill give 3 star only be responsible next time po,1,0,0,1,,,,
551,not good hindi maayos ang pagkagawa mas bulky ang loob kesa sa labas,1,0,0,0,,,,
552,sobrang tagal ng delivery more than 10 days hnd dn nakapag reply soon si seller products quality is good para sa price niya,1,1,1,1,,,,
553,boss okay nathank u thank u gid sa uulitin ahsalamat ulitokay naman para lang sa coins to wag kana mag expexvt h sko,0,0,0,1,,,,
554,not good nagustuhan namin ang packaging kaso sa amoy ng choco vanilla di namin nagustuhan kasi parang amoy ihi tsaka medyo masakit sa ilong,1,0,0,0,,,,
555,ok quality hindi ko alam kung ganyan ba talaga yan or not makita naman in video pati sa may control ba dont mind the cake by the way thank you seller at mabilis po siya dumating,1,1,0,1,,,,
556,maganda naman quality pati appearance mali yung kulay and yung size 1100 ml lang eh 2l binili ko pero ok lang naman pero sasusunod po maging honest sa picture,1,0,0,0,,,,
557,high quality sobrang ganda nagustuhan po ng kapated ko,1,0,0,0,,,,
558,parang hindi oil based,1,0,0,0,,,,
559,yung sa lower part yung sa kaliwa mas maluwag kesa sa kanan diko napicturan kase binigay ko sa bf,1,0,0,0,,,,
560,matibay sana may concern lang ako nag add kasi ako for the protection sa iteam pero pag bukas ko original box lang  or yun na yung protection hahaha naka dismaya lang  tapos yung box may folded na siya sana lang tatagal yung iteam sayang naman yung na add,1,0,0,0,,,,
561,di ko gusto ang mga kulay ng random designs ni seller sa medyas,1,0,0,0,,,,
562,hindi sya masyado maganda but pwede na sa price nya sa size sakto naman sa quality not so sure kasi once ko pa lang natry,1,0,1,0,,,,
563,maganda naman sya kaso mali yung isang color na binigay sana na next time paki tignan yung color,1,0,0,1,,,,
564,sakto lang yung smell di ganun kaamoy unlike what other buyers say medyo di amoy yung perfume,1,0,0,0,,,,
565,its far from my expectation pero okay naman yung case is okay lang rin cute,1,0,0,0,,,,
566,ok naman malaki xa kaso ampanget ng pagkatahi sa black parang masisira anytime ok na rin sa price nia thank u pa rin pati sa rider na mabait,1,0,1,1,,,,
567,di gumagana yung mic at volume,1,0,0,0,,,,
568,di ko alam why di siya maggana or baka sa batt ko pero thanks seller,1,0,0,1,,,,
569,slamat shopee ang ganda high quality tlaga ndi ko expect ganto kaganda to ganda ganda ganda ganda ganda ganda ganda ganda ganda ganda ganda ganda ganda ganda ganda ganda ganda ganda ganda ganda ganda ganda ganda ganda ganda ganda ganda slamat sa rider pasensya na exact amount lng,1,0,0,1,,,,
570,thank you ganda ng quality at murang mura nakuha ko sya ng sale at free shipping maraming salamat po sa shop na ito order again soon,1,0,1,1,,,,
571,napakaganda ng lahat ng items na nareceive ko nagustuhan namin ng anak ko excellent quality thank you seller and shopee,1,0,0,1,,,,
572,complete items and all is right color  legit na good quality kylang need more apply kpag light color to achieve ang color na gusto nyo U,1,0,0,0,,,,
573,nice ok naman atvna ideliver ng maayos yung tablet attitude lang yung rider na nag deliver bad service sa courier na yun by the way thanks seller legit tablet sya,1,1,0,1,,,,
574,good salamat shopee at seller at rider and nag deliver very nice quality photochromic eyeglasses o order ako ulit nang marami,1,1,0,1,,,,
575,okey na sana kaso may basag very disappointed pero okey nato hopefully tumatagal,1,0,0,0,,,,
576,grabeh ang ganda  ang lambot pa kala ko di totoo yung piso thank you poh  think you din sa rider,1,0,0,1,,,,
577,super ganda ang ganda sakto lang sa mga baby ko sorry late rating medyo madumi din sapatos hehe more power sa business niyo po very responsive din,1,1,0,1,,,,
578,okay naman fast shippinglove itmaganda ang pagkakagawa sa hair clip sana magtagalthanks seller,1,1,0,1,,,,
579,thank you seller maayos dumating saakin sobrang worth it,0,1,0,1,,,,
580,superrr duperrr ganda ng quality ang mura pa superrr comfyyyy,1,0,1,0,,,,
581,andami pong kulang sa order ko sana po magawan ng paraan so far yung iba naman po goods naman na dumating thankyouu poo,0,0,0,0,,,,
582,sakto yung size ganda po thankyou seller,1,0,0,1,,,,
583,excellent may magagamit na anakis ko para sa hot and cold na baon nia sa schoolthank you seller thank you din kay rider na nagdeliver ingat kau palge sa daan,0,0,0,1,,,,
584,ang ganda sulit ang bayad thanks seller,1,0,1,1,,,,
585,halatang mumurahin sya pero its okay for its price maganda naman yung item malakas sya tsaka madali lang iasemble salamat seller and sa rider haha yie char salamat shopee,1,0,1,1,,,,
586,good job sellerthe item are well packedmaganda nmn msarap suotinmabilis din nashipsalamat seller and to shopee,1,1,0,1,,,,
587,ang ganda talaga kahit cheap price worth it ok na ok sa long walk di nakakatakot na mapigtasan kasi rubber sya hindi rin masakit sa paa nag uupdate si seller at ang bilis pa ng shipping i recommend this shop to my sister super bet talaga definitely ill order again,1,1,1,1,,,,
588,maganda and sobrang sulit thanks to the seller,1,0,1,1,,,,
589,10 out of 10 maganda yung shoes for its price what you see is what you get,1,0,1,0,,,,
590,ang ganda po ng mga itemsthank you po,1,0,0,1,,,,
591,nice ung mga itemsd ko na kc napictureranthank you seller,1,0,0,1,,,,
592,so far so good not tested yet but might edit this later my 1st order on shopee,0,0,0,0,,,,
593,cute po sya and ang bango din po amoy po sya corn and sweet din po amoy nya it arrived safely po kaya thank you po,1,1,0,1,,,,
594,na receive ko na poang cute pala talagasobra nagustuhan ko salamat po,1,0,0,1,,,,
595,ganda nya sa paa super gaan elegant sya tignan pag nasuot na super comfy ang mura nya tas matibay bet na bet ko sya as in parang mamahalin talaga sakto naman ang size nya pero mas bet ko na mag add ng 1 size up para may allowance pa konti,1,0,1,0,,,,
596,oily ambangooo ghorl sobra powdery scent na sobrang bago i labiiittt ughh ambango din ng chance and vanilla lace ambango nila lahat hwhahahhahahah secured din veryy naysss bili na kayo guysss di kayo magsisisi btw ambango ng vanilla lace ang sarap amoy marshmallow na chocolate,1,0,0,0,,,,
597,no damage okay po lahat ng orders ko thank you seller,1,0,0,1,,,,
598,legit tlaga po ang gndah ng pajama sulit pa ang pera thank you rider at shoppe sakto tlaga sa brother ko,1,0,1,1,,,,
599,mabango pareho thank you po will order again,1,0,0,1,,,,
600,grabeee a for effort sa packaging super secured and safe siyang nareceive its also working well thanks seller,1,1,0,1,,,,
601,910 ung blue color nya color cyan which is mas need ko kesa sa red and green un lang overall gumagana namn di lang sya match sa iba kong ledlights pero goods namn,1,0,0,0,Mentions color and overall working condition of the product.,,,
602,napakaganda po ng product at cute po ng mga hairclipsill buy againthanks po s seller,1,0,0,1,Quality of product mentioned,plus thanks to seller.,,
603,nice po talaga sya daphil despicable me,1,0,0,0,Product's appearance and quality are implied to be pleasing.,,,
604,all good super ganda nya sa personal and hindi ako nagsisi magorder order ako ulit thanks,1,0,0,0,Product is described as super ganda in person.,,,
605,bilis dumating ng order hehe will order ulet xl naman medyo masikip pala saken large my fault na rin kala ko sexy pa bewang ko e haha,1,1,0,0,Mention of fast delivery,and the product's size being smaller than expected.,,
606,okay sya pero maliit sizes nya pla kung mag order kayo nito mag add 1size kayo vid and pic are not related for coins purposes only,1,0,0,0,Size is smaller than expected.,,,
607,freesize i thought fit for all sizes di naman pala for slim only kaloka yung shorts e parang 1520 lang waist line nya ang ganda ng tela pa naman at kulay,1,0,0,0,Mention of product fabric quality and the fit,,,
608,thank you seller i received it earlier than expected delivery po ang ganda ng quality ginamit ko muna bago nagrate  ang tagal niyang malowbat,1,1,0,1,Quality of product mentioned,plus thanks to seller and fast delivery,,
609,thank you seller thank you shopee thank you jt madaling kausap si seller,0,0,0,1,Mentions seller being easy to talk to (customer service).,,,
610,may mga tastas yung iba na tahi pero so far ok nmm yung tela at mapresko may mga tastas yung iba na tahi pero so far ok nmm yung tela at mapresko,1,0,0,0,Quality is mentioned in the review.,,,
611,1010 super ganda po ng tumbler nagulat ako ang laki nya over all nice item nanghula lang ako kung paano ikakabit yung sa straw,1,0,0,0,Mention of tumbler is beautiful,big,and nice item,
612,excellent di po kayo magsisi na bumili nito para sa baby niyo before po talaga di din ako nag eexpect na maganda siya kasi nga nasa pics lang at sa price niya pero the quality with its price is unexpected thanks po kay seller and kuya rider satisfied customers here,1,0,1,1,Mentions quality of the item and thanks the seller and rider.,,,
613,black okie namn sana maganda syakaso problema inorder ko white pero dumating itimsana next time tingnan nyo king tama ba ipapadala,0,1,0,1,Mentioned of order color is wrong.,,,
614,gumagana naman kaso mabagal mag charge at mabilis malowbat,1,0,0,0,Working but battery performance issues (charging speed and battery life).,,,
615,worth it naman okay naman sya maganda ang quality domplete lagat ng items definable will purchase again sana mag tagal yung umbrella ang cute nong salamin hahaha medyo nakakalito lang pwro overall maganda naman,1,0,0,0,The quality of item is good and complete.,,,
616,i dont think the color is maroon i think its red but its okay naman no defects,1,0,0,0,Comments on color but acceptable,mentions no defects.,,
617,thanks po at tuwang tuwa ung kapatid ko maganda at kinutingting talaga nya agadkc nung dumating ung products ay wala pa kami sa bahay kaya nung dumating kami ayun agad ung pinagka abalahan nyang pailawin,1,0,0,0,Mentions products are nice and engaging,indicating good quality.,,
618,super legit seller highly recommended bukod sa nagaupdate palage well pack pa ung item  thank you seller,0,0,0,1,Highly recommended seller and the items are well packed.,,,
619,manageable mura ang tyeso not like other brands sakto ung 750ml for my kids para sa school and natest na ng anak ko ung lamig na water tumatagal nga sya kaya happy ang bagets thank you and sana tumagal sya kase its my first time to buy this kind of,1,0,1,0,Mention is affordable compare to others,,,
620,thank you seller ganda ng tela mabango at ganda ng fit sa hubby kofor sure oorder uli ako for may teenager,1,0,0,1,The quality of fabric is good and also the fit.,,,
621,i recomend this shop di ka mag sisi sa binayad mong ang ganda ang gaan pa,1,0,1,0,Recommend the shop because the item is worth it.,,,
622,5 stars yung product 1 star sa standard delivery 1 month bago ko narecieve package pinasa kasi ni shopee express sa ninjavan mabilis naman sila mag ship pero yun nga sobrang tagal ideliver wag kayo mag order thru standard delivery sobrang thankful lang na naka bubble wrap siya d pa,0,1,0,0,Mentioned of standard delivery.,,,
623,maganda at ang bilis dumating pang dalawang beses ko na ito order thank u,1,1,0,0,Mentioned the item is good and delivered fast.,,,
624,nice medyo mahirap lang i connect but overall very nice sound quality 1510 durability 1110 nabagsak ko pero goods pa rin,1,0,0,0,Nice sound quality and durability,,,
625,good product sana d masira agad thanks seller,1,0,0,1,A positive review and the product should not be broken easily.,,,
626,1010 looks good mukang matibay at magtatagal good for its price im size 37 i ordered 3637 maliit sya sakin pero ok lng mganda naman,1,0,1,0,Price is cheap compare to what it looks like,and mentions durability,,
627,ok glad for the purchase but not happy that i received the wrong color from what i ordered no color option should be available sa post nyo kung di nyo din naman follow ndin kung ano ung inorder sa inyo sana nilagay nyo na lang random para di mag expect,0,1,0,0,wrong color shipped,,,
628,i just received my parcel today omg napaganda at napakacute ang ganda sa paa kasi malambot lang syasize 9 ako kaya inorder ko size 40 at yun nga walang labis at walang kulang kompleto din ang order ko salamat po seller at kay kuya paniguradong oorder pa ako legiitt,1,0,0,1,Mentioned items are pretty and legit,,,
629,sakto lng s anak ko yong naorder kong size n xl  nd sya ganon kakapal  sakto lng ang presyo s itsura nya pero maganda nmn  yong isng xxl nga lng na navy blue mejo prng maliit s bewang kesa don same style na gray  overall ok,1,0,1,0,Right prize for the item.,,,
630,1010 maganda po ang item fit lang po sa tenga at maganda rin ang sound medyo matagal ngalang dumating piro sulit ang pag aantay,1,1,0,0,Fits perfectly and sound is good and the order takes time to arrive.,,,
631,710 maganda nmn po syapero need pa rin lagyan ng sapin kase ndi po sya ganun ka cottonpero oknmn po sya sa price thanks seller,1,0,1,1,Mentions price is good for the item.,,,
632,she is good and the color nagustohan ni mama guys bili na kayo super ma gugustuhan yan ng mga mothers nyo check out na walang add to cart order na kaya ano pa gina gawa nyo bili na,1,0,0,0,Mentioned the color.,,,
633,lahat lahat so far maganda naman very affordable ung price at sobrnag ganda pa ng mga flat rubber sandals d ka talaga mag sasawang mag order sa shop na ito kasi kahit kailan d nila ako binigo,1,0,1,0,All items so far are good and the price is affordable.,,,
634,1010 maganda rin that it has cleaning tools,1,0,0,0,It has cleaning tools and good item.,,,
635,arrived on time complete set of items and okay na rin yung quality except for checkered shorts na manipis and ordinarythanks lot for accommodating,1,1,0,0,Arrived on time and with complete set of items.,,,
636,maganda yung quality nya lumiit tlga ang tyan ko maraming thank you seller and sa rider,1,0,0,1,Quality is good and thanks seller and rider.,,,
637,goma na makapal tamang tama sa tag ulan size 7 ang paa ko pero 3839 ang pinili ko kasi un ang nakita ko sa mga reviews and tama naman sya,1,0,0,0,Quality of the item is ok.,,,
638,good quality maganda sya gamitiin dami nya nkukuhang dirt like alikabok  and hair,1,0,0,0,Quality and it does pick up dirt and hair.,,,
639,so happy and satisfied xa lahat ng mga inorder q salamat po excited nakong gamitin para xa baby ko,0,0,0,1,Thanks the items and excited.,,,
640,nice ang bilis dumating ng order q kaso akala q mlaki maliit lng pla pero sulit nmn s binayad q thank you seller at ky kuya rider n kht gabi n dnala parin ung parcel q order uli aq soon,1,1,1,1,Mentioned price is good,also the seller and rider.,,
641,i like it i like the product makintab hope magtagal xa,1,0,0,0,Likes the quality of the product.,,,
642,received my parcel and upon checking po yung item yung isang earbuds maayos naman po yung cover niya pero yung isa para naman po parang nilagay lang at wala pang sealed yun lang po salamat,1,1,0,0,A product review with issue.,,,
643,may mag excess threads lang pero maganda 6th time ko na naorder super dami ko nang nabenta na bralletes yung ibang design damage nasira yung cloth dumikit lang sa tape tsaka yung push up bra nasisira yung foam dahil sa packaging at walang strap na dumating pero dami ko padin,1,0,0,0,Good items and lots of damage,,,
644,kumpleto lahat ang gaganda din ng items lalo na yung lip balm shett definitely will order again at super bilis din nadeliver,1,1,0,0,Complete and fast shipping,,,
645,legit nabili ko ng piso yong item then delivery chrge 58so ipaid 60 pesos onlyoorder ako ulet,0,1,1,0,Cheap and delivered at a price.,,,
646,super cute tuwang tuwa si baby naruto na ang mouse pad nya,1,0,0,0,Cute mousepad and the baby likes it.,,,
647,ang ganda ng color and quality thank you seller for this gonna order again soon,1,0,0,1,The color and quality is good,,,
648,small size dko masuot ung bra parang pambata ung size 32 a,1,0,0,0,Size is too small,,,
649,ok di ko pa na try kung kasya sana effective pero super bilis lng ng shipping thank you seller,0,1,0,1,Very fast shipping and thank you seller,,,
650,legit na maganda thank you po,1,0,0,1,Legit is good and thank you.,,,
651,ok nmn ung fit medyo manipis nga lng tela pero ok nmn  thank u seller  excellent quality very accommodating seller,1,0,0,1,Mentions fit and quality,thanks seller,seller accommodating.,
652,maganda ang qualitymataba lang talaga paa ko kaya hirap isuot true to size,1,0,0,0,Good quality and it is true to size.,,,
653,ok ung items mabait si raider thank you shoopee,0,0,0,1,Rider is good and thank you.,,,
654,all goods malakas sound matagal malowbat at easy to dala lang kase maliit,1,0,0,0,Good sound,good battery and easy to bring with.,,
655,1010 sobrang ganda at affordable    will order again po salamat seller bilis ng shipping,1,1,1,1,Item is good,also the price and the seller,also the shipping is fast.,
656,ok sya kasya sya sa large na body frame ko naalis nya ung bilbil ko pag sinusuot super love it super fast transaction din,1,0,0,0,Fits perfectly and remove the unwanted fats in body.,,,
657,hindi magandaang nakuha swertehan talaga hindi naga charge pero ok lng  salamat sa nag deliver at sa seller more power din po,1,0,0,1,Not charging but thanks the delivery and seller,,,
658,maganda ok nmn kaso maliit skn pero mgand sayng lng ndi kasya skn khit my butas un braok sna kng nagkasya skn mliit lng size nia ala kc tag ng nkuha q kea not sure kng tama un pinada skntnx sa shop nto nasayang ulipera kosana irefound kc mastock lng,1,0,0,0,Smaller size and not fit.,,,
659,ang cute ng wrap nya pwede ng gamitin pang punas punas kung saan kasi nauubos agad yung nursy eh ang mahal eh,1,0,1,0,The item is cute and affordable.,,,
660,i ordered last 515 and received the item 519 the item is of good quality but i havent tried to use it yet i just hoped that it arrived sooner para nagamit ko sa event ko,1,1,0,0,Delivered sooner with good quality.,,,
661,maganda siya sakto size sakin complete order na dumating sakto din color na dumating thank you,1,0,0,1,Right size,color and complete item.,,
662,yes very nice item working naman pokaso yung sa lace maluwang yung lock natatangal sana po magragal at matagal din sana malobat thank you seller very nice quality,1,0,0,1,Very nice and working with quality.,,,
663,good for the price ang ganda hehe tama lang add one size,1,0,1,0,Good price for the item.,,,
664,beautiful my size is 37 and i ordered 3839 it really fits i like the color and very comfortable to wear na shipped po sya kaagad at mabait yung deliveryman,1,1,0,1,Beautiful fit and the delivery man is good.,,,
665,1010 magandaa po minimalist lang tignan,1,0,0,0,Beautiful in minimalist.,,,
666,nakaka disapoint lng po kase halos lahat ng feed back sa inyo is maganda kaso pag dating sakin bat ganun po black purple inorder ko black red ang dumating  huhu pero thanks kay kua rider mabait po sya,0,1,0,1,Wrong order delivered but thanks to the delivery rider who is kind.,,,
667,thankyou so much seller sa maayos at magandang quality na products,1,0,0,1,Thanks seller for good quality product.,,,
668,maayos po ang pagkakarating niya good naman po ung packaging sulit sa price thank you seller sa tamang item na ibinigay ninyo thank you po,0,0,1,1,Sulit prize and good item delivered,,,
669,910 i received my order today and super bilis ng shipment items not defected medyo manipis lng sya compare sa mga nabili ko na beforepero d ko pa na trysana magtagal at d mg stretch pagmagamit ng ilang beses at sana mgkasya in all maganda syathank you seller and shopee,1,1,0,0,Mentioned fast shipment and the product is good.,,,
670,smells like coconut medyo may tapon sya nung na receive ko kaya sumabog agad yung amoy na very sweet coconuty smell i like it,1,0,0,0,Smells good but the product has tapon.,,,
671,they arrived in good condition naman hehe tapos maganda rin ang tela and stretchy so it can really fit all thank you seller,1,0,0,1,Good condition and good quality and seller.,,,
672,thank you so much po seller kumpleto yung nareceive ko dalawang nonwire bra color black and creamnagsend din sila ng picture bago iship excellent product wellpacked item received immediately will definitely order again salamat din po kay kuyang nagdeliver more sales to come and stay safe,1,1,0,1,Complete item and wellpacked with excellent product.,,,
673,bulok ang items hindi gumagana magpapadala keu cra items,1,0,0,0,Bulok item and broken,,,
674,excellent thank you seller as you can see the item has arrived in condition bagay na bagay sa baby girl ko,1,0,0,1,Excellent item and thanks seller.,,,
675,good the products are in good condition the prices are amzing kahit barato ang mga sapatos pero in good quality naman maraming salamat god bless,1,0,1,0,Good and in good condition,with affordable prize.,,
676,it really smells like a baby haha mild lang talaga yung fragrance nya kesa naman sa amoy maacm diba good sya pang punas sa mouth but face kasi malambot lang yung wipes anyway matagal ang shipment but thanks anyway,1,1,0,0,Mild fragrance but long shipment.,,,
677,maganda yung mga nabili kong jogger pants sa shop na to imagine sa murang halaga may magagamit ka na bumili ako neto kasi ayoko nang magshort,1,0,1,0,Good jogger and murahang halaga.,,,
678,tnk u po dahil fast charger tlga xia ntry ko na gamitin,1,0,0,0,Fast charger item.,,,
679,okay naman po yung product malaki po syaang cute po nung kulay mabait din po si rider,1,0,0,1,Good product and the rider is good.,,,
680,maganda sa personal thankyou seller,1,0,0,1,Beautiful in person and thank you seller.,,,
681,sorry i dont have any pictures and videos of the products kase full na storage ko and i need coins hehe but anyways nagustuhan toh ng mga friend ko kase gift ko toh sakanila,0,0,0,0,No mentioned of items.,,,
682,super cute at mukha namang matibay thank you2x,1,0,0,0,Cute and matibay product.,,,
683,1010 highly recommend po super ganda nya legit kung ano makita sa pic yon din darating,1,0,0,0,Super ganda and legit item.,,,
684,good quality at tama ung dumaying na kulay,1,0,0,0,Good quality and right color delivered.,,,
685,i like it ang smooth na magdrawing ngayon sana magtagal siyaaaa ill prob gonna order again medyo matagal ang shipping but i understand because it is from overseas right anyways i also like the color,1,1,0,0,Long shipping and the color is good.,,,
686,maganda naman ung quality ok na ok medyo na disappoint lang ako kase tig dalawa ung order ko pero ung leggings 1 lng dumating pero 2 ung binayaran ko  sana nexttym paki double check nlang ung items bago isealead un lang  godbless,1,0,0,0,Quality of item is good but delivered 1 leggings when i ordered 2.,,,
687,maganda siya at makapal din as what you see is what you get saka salamat kay kuya na laging nagdedeliver samin mabait sya inilocano nga lang ako ket na tagalog ako i will order again,1,0,0,1,Good quality and thicker and mabait.,,,
688,maganda yung items bukod sa maganda designs maganda rin yung quality highly recommended ang store na ito kudos with your service,1,0,0,1,Good design and good quality,and highly recommended store.,,
689,veryyy good ang ganda grabe di ko expect na ganto kqganda uung quality order ulit ako next time,1,0,0,0,Good quality and very beautiful.,,,
690,the fabrics quality is super ganda i havent tried it yet but hopefully it would be able to hide my little belly ahahaha overall worth the price its cheap and you get a quality product,1,0,1,0,Worth it prize with quality.,,,
691,theeeee quality issssss soooo gooooddddd anggg gandaaaaaaa talagaaaaaa angggggg cuteeeeee i realllyyyyyyyy loveeeeee ittttttttt thankkkkkk youuuuuuuu kayyyyy kuyangggg delivery taposssssss sayooooooooooo misssssss selllerrrrrrrrrrrrrr muahhhhhhhhhhhhhhhhh ahahahhahahahahahahahahhahahahahahaha,1,0,0,0,The product is so good,cute and thank you.,,
692,super gandaa kaso bat 2 star lang meron it should be 5555,1,0,0,0,It is super ganda but only 2 stars,should be 5555.,,
693,ok naman nang duamting sakin sulit siya sa price kaya ngalang manipis yung tela anyway mura ko lang nabili so overall i like it,1,0,1,0,Good for the price,it is mura.,,
694,nice hi and hello sa seller at delivery raider maganda ung naorder ko kasyang kasya sya sa maliit kong sling bag,1,0,0,0,Nice and kasya,,,
695,good what you see is what you get means maganda sya kung ano yung nasa photo same din thank you seller and thank you sa rider na mabilis mag delivered and thanks shopee,1,1,0,1,It is maganda and fast delivered,,,
696,maganda naman yung tela nya para sa price tama color at size sakto lang din sakin kaso di masyado maganda pag kakatahi pero ok na din mura lang naman thank you so much huhuuhuhuhuhuhuhuhuhuhuhuhuhuhuhuhuhuhuhuhuhuhuhuuhuhuhuhuhuhuhuhuhuhuhuhuhuhuhuhuhuhuhuhuhuhuhuuhuhuhuhuhuhuhuhuhuhuhuhuhuhuhuhuh,1,0,1,0,Quality is okay for the prize.,,,
697,tu hank u po dumating na order ko maganda po thank u at tama yung kulay na gusto ko,1,0,0,1,Maganda and right color.,,,
698,i was so disappointed at first when i opened the parcel and saw the ringlight broken but when i tested and switched it on surprisingly gumana at pahat ng button gumana from dim to dinner bright to brightest so napawi nman ang disappointment thank you seller shopee and rider,1,0,0,1,Broken at first but it works,,,
699,well packaged okay naman sya super fit pero overall okay naman sana next time may pa freebies kayo para mas maganda hehe,1,0,0,0,Super fit but is ok.,,,
700,still a good quality at a very affordable price medyo maliit nga lang sakin yung size nila na para sa paa ko dapat pala nagdagdag ako but anyways maayos pa rin naman thank you seller,1,0,1,1,Good quality,affordable prize,with thanks to seller.,
701,i order black i received blue i am also expecting na colored ang screen nya black and white pala hehe but thats fine well okay naman sya gamitin thank youuu,1,1,0,0,Received wrong color (Product),but still satisfied with functionality. Mention of delivery,implying it was acceptable.,
702,very suitable goods gustong gusto namin ang wet wipes sa store nato mabilis din nadeliver we will order in the future here kudos to the seller,1,1,0,1,Good product,fast delivery,and positive seller mention.,
703,medyo malaki lng ung tip ng nose cleaner but i think it will fit sa nose ng baby ko really appreciate the seller for shipping it right away,1,1,0,1,Product size and appreciate seller sending right away.,,,
704,maganda yung fake nails maayos din pinack nakabubblewrap kaya maayos din dumating yung items thank you seller sa freebie,1,1,0,1,Good product,well-packed (Delivery),and positive mention of seller (freebie).,
705,good both beck fans are working at walang dent o sira sa item malakas sya pero 4 o 3 hrs maximum mo lang sya magagamit enough for 1 journey ride going to work if commute ka thank you seller,1,0,0,1,Working item (Product quality),mentioning the functionality of the product (4 to 3 hrs of usage) & thankful to the seller.,,
706,sobrang ganda very affordable for its price will buy again sa shop na to thankyou seller worth it yung pag order ko,1,0,1,1,Excellent product and very affordable. Also,good review to the seller.,,
707,pang 3rd q ng order to subok q n tong seller n to bilis ng shipment kya highly recomended tlga,0,1,0,1,Repeated order,emphasizing fast shipment and recommending seller.,,
708,manipid lang bubble wrap pero ok lang not damaged,0,1,0,0,Packaging quality,but no damage. Delivery is implied by mentioning the bubble wrap.,,
709,cute confusing maglagay ng straw super cute nya anlaki nya rin pala and correct color yung narecieve ko walang damage rin pala deserve nyo 5star very good,1,0,0,0,Describing cuteness,confusing straw placement,product size and correct color,
710,sobrang ganda maliliit lang ung mga sizes naka ka sad naman pero sana nag send si seller ng pictures muna benta ko nlng dapat add one size hehe,1,0,0,1,Good quality,but size is small. Negative comment on seller not sending pics and recommending another size..,,
711,super affordable nice naman ang tela bibili ulit kame,1,0,1,0,Affordable and good material.,,,
712,okay naman lahat ng items as what ive expected dahil nga affordable though disappointed lang kasi wala ng size 40 sa flops and change sya into 41 okay lang naman sa feet ko bagay nmn sya happy ako dahil nagrreply c seller,1,0,1,1,Expected items based on affordability (Price),size issue,but seller replies (Service).,
713,i used 001  need ng mga 5 na patong bago ko naachieve ganyang pero kita paren kuko ko but its 5 star paren sakin kasi ang bilis matuto at matibay sya,1,0,0,0,Five layers needed,quick learning and durable.,,
714,excellent maganda maayos natatakot ako nung una baka kc mabudol aq pero nung dumating maayos n maayos ang pagkakabalot safe na safe yung product mejo matagal nga lng dineliver pro over all rate q is excellent,1,1,0,0,Good quality,well packed,and safe delivery. Delivery was long,but overall rating is excellent.
715,nagustuhan sya nung binigyan ko so i guess maganda sya at mura lang no issue naman at sakto yung size kaya salamat sa seller at rider hehe,1,0,1,1,Good product as someone liked it. Inexpensive,no issues,and correct size. Thankful to seller and rider.,
716,maganda po yung packaging at working po yung item mali lang po ng color yung naideliver,1,1,0,0,The item is working and the packaging is good,just delivered wrong color.,,
717,good thank you seller hindi mo ko binigo sa 2nd purchase kohappy akotama lagi ang dumadating na item ko until next transaction ulit godbless po,0,0,0,1,Positive seller experience; recurring purchase and happy with the item and service,,,
718,ang ganda ganda ng slippers at kasyang kasya sya sakin ang ganda ganda ng quality ng slippers thank you kay seller at kay kuya rider na nag deliver,1,0,0,1,Excellent slippers and delivered to the right size. Also thankful for the seller and rider.,,,
719,thank you muchnasira yung ibamanipis,1,0,0,0,Damaged due to being thin.,,,
720,magandaaa recommended super ganda as in worth to buuuuuy sa uulitin pooo para naman sa akin forda may gala ang ferson,1,0,0,0,Good quality product and worth the buy.,,,
721,thank u po blis dumating at ok lahat ng items ko,0,1,0,0,Fast delivery and all items are okay.,,,
722,gandaaaa super pretty and sulit talaga siya it looks very aesthetic and cute hehehehehehehehehhehehehehehehehehehehe,1,0,1,0,Good product,pretty,aesthetic,cute
723,thanks for this item malilinis na ung mga buhok ng alaga ko na pakalat kalat hopefully will last long well pack din ito,1,0,0,0,Good product that can clean scattered pet hair and hoping it will last long well pack din ito.,,,
724,super bilis na deliver hehe salamat will order again,0,1,0,0,Delivery was super fast.,,,
725,ang ganda ng mascara ang ganda rin ng lagayan kulay pink hehe maganda ang product medyo matagal lang maideliver pero no damage naman sa product thank u seller,1,1,0,1,Good product and pretty case. Delivery was a bit late,but the item was undamaged.,,
726,very good the product has arrived in good condition maganda yung quality ng umbrella sa halagang 89p i will soon order again in this shop thank you seller and delivery rider,1,1,1,1,Good product condition and quality for the price. Thankful to seller and delivery rider.,,,
727,my first time ordering from this shop and i am satisfied the product was shipped fast so it arrived too early plus the quality of nails is good tho gonna place order and try other designs,1,1,0,0,First-time order,satisfied,product was shipped fast and quality of nails are good.,
728,thank you so muchhhhhhh always kumpleto hindi ko na napicturan yung iba kasi naibigay ko na agad sa buyer ko hehe ill recommend this shop sobrang bilis and hindi ka papaasahin  thank youuuuuu very muchhhhhhhhh thank youuuuuu very muchhhhhhhhh thank youuuuuu very muchhhhhhhhh,0,1,0,1,Always complete orders,fast delivery,and reliable. Recommending the shop.,
729,thank you so much for your products pakiayos lang yung packaging wag masyado mag expect sa boxes nila as in kundi yupi sira naman kaya please paki ayos po para ka aya aya tingnan sa mga buyers,0,1,0,0,Asking to improve the packaging to be more pleasing for buyers due to dent and damage.,,,
730,thank you magagamit ng anak ko sa mga activity nya online,0,0,0,0,Thank you magagamit ng anak ko sa mga activity nya online,,,
731,order received iniinform ni seller if available or not yung order nagsesend din ng picture before ipa ship out thank you seller,0,0,0,1,Order received,seller informs and sends picture before shipping.,,
732,tumatagal naman sya thank you seller for sending updates before shipping and for shipping the perfume safely packed well will order again soon,1,1,0,1,Product is long lasting,seller sends updates,safely packed well.,
733,super nice and super worth it ang mga tumbler cutieee kaayo napaganda rin ng bralette super nice love it mabait din si seller nag send sya ng picture bago ship out thankyou po and god bless po sa inyo,1,0,1,1,Super nice items,very worth it,seller is kind,and sends pictures before shipping.
734,very good thank you seller full charge cya ng dumating kya natuwa at naexcite agad aku itest cya and mas natuwa aku kc mlakas cya di cya sabog ang cute ng lalagyan nya perfect cya pra skni recommend this shop thank you,1,0,0,1,Good product,full charge upon arrival,not sabog and has a cute container and recommend this shop.,
735,maganda sana kaso d kasya sa akin small size pla ang size38,1,0,0,0,It would have been nice but the item doesnt fit due to small size.,,,
736,3rd times ko ng umorder sulit ung quality sa price,1,0,1,0,3rd time order,good quality for the price.,,
737,okay ang gomo tagal ko na tong gamit although nag karoon ng hnd magandang experience naayos naman si seller at mabait yung seller kudos sayo,0,0,0,1,Okay service from seller for having issues that has been resolved.,,,
738,ok naman may onting damage lang,0,1,0,0,Ok,just has a little damage.,,
739,good quality at mukhang matibay thank you seller,1,0,0,1,Good quality and seems sturdy.,,,
740,thank you seller ang ganda nila hnd mo kami binigo  sobrang sulit na sulit yung presyo nya ang bilis pa ng shipping,1,1,1,1,Good product that did not fail. Worth the price and fast shipping.,,,
741,maganda ang tela at mabilis ang delivery thank you seller sorry sa late ratings all in all thumbs up,1,1,0,1,Good material and fast delivery. Apologizing for the late rating,overall thumbs up.,,
742,legit yung noise cancellation medyo mahina lang yung mic pag gamit ko sa instagram havent tried sa other apps yet sound quality is sooo good lalo na if may setting ka na dolby atmos sa phone,1,0,0,0,noise cancellation quality and sound quality are good.,,,
743,ok nman ung ung size tama sa anak kosad lang kc plain black po ung order kobut anyway thank you,1,0,0,0,Okay naman ung ung size tama sa anak ko sad lang kasi plain black po ung order ko but anyway thank you,,,
744,very useful tlga to sa pagkakabit ng wallpaper,0,0,0,0,very useful talaga to sa pagkakabit ng wallpaper,,,
745,hello good day dumating na rin ang parcel ko ok naman ang item wala siyang damage sulit na sulit siya for the price sakto naman nagustuhan ko sya pagmaganda ang quality mag order ulit ako good job seller,1,1,1,1,Parcel arrived okay,no damage,worth the price,liked it and the product quality is good. Good job seller.
746,sa pangalawang pagkakataon thank you s e l l e r  ang cute talaga nong items salamat sa magandang serbisyo thank you s h o p e e,0,0,0,1,second transaction,cute items and a good service.,,
747,dunating n sakto lng iiwa n lng ang baby wife ng baby kosalamt po seller at ky kuya rider n mabaitdto n ko oorder pag naubos na,0,0,0,1,Thank you seller for service to deliver item in time.,,,
748,marami na akong naorder na sandal at shoes sa shop na ito sana my freebies naman anyways gusto ko lahat ng items ninyo mga mura,1,0,1,0,Many sandals and shoes are purchased at this shop,it is inexpensive.,,
749,very nice purchased for the price mukha naman magtatagal with mouse pad na din partner sa mouse i recommend thank you seller,1,0,1,1,Worth for the price,it may last. Thank you seller.,,
750,oily first time to buy perfume from this shop im kind of disappointed cause the smell doesnt met my expectations oo mura sya pero wala akong naaamoy na cloud ni ariana sa perfume natoh huhu iba ung amoy nya sa ibang perfume na inspired by ariana cloud na nabili ko,1,0,1,0,Oily first time and i am disappointed,the smell is not i am expecting.,,
751,thank you so much shopee seller sa maganda nyong sandals nagustohan ng anak ko,1,0,0,1,Thank you seller to good sandals and her child like it.,,,
752,very cute mukhang mamahalin hindi halata haha malinis tignan sa paa and sakto ung padala ng size add 1 para sure na kasya sayo thank you,1,0,0,0,It is very cute and is nice to see on the foot. You can add one size to be fit for sure.,,,
753,this is my second time to order sa shop na to thank u so much maganda po ung mga fake nails and hindi ko pa natry ung nail glue nila ung nail jelly glue lng maraming salamat po,1,0,0,0,Second time order here and good items,thank you so much,,
754,good lahat yung items na inorder ko what you see is what you get thank you seller more power and god bless,1,0,0,1,All items are good to what you see is what you get and thank you seller and more power and god bless.,,,
755,ok naman sya pang gift ko kasi kaya ayonthanks riderseller and shopeemabilis naman dumating,0,1,0,1,Okay naman sya pang gift ko kasi kaya ayon thanks rider seller and shopee mabilis naman dumating.,,,
756,apaka ganda mukang matibay bet na bet ko order ulit ako thank you seller ang bilis din ideliver dahil jnt express ang may dala ng item ko pag shopee express kasi inaabot ng 5 to 7 days apaka tagal ideliver di kagaya ng jnt ang bilis thankyou kuya rider godbless,1,1,0,1,Items is good. Delivery is fast thank you seller.,,,
757,subrang nice huhu okay na okay good quality naman,1,0,0,0,Subrang nice good quality.,,,
758,good wala lang syang plastic for each para malessen sana ung gusot sa edge part pero onti lang naman di naman big deal,1,0,0,0,Goods,wishing to lessen the crease.,,
759,wat u see is wat u get truly number 1 best selling water bottlefrom packaging to quality ang tibaythank you seller i will buy again a gift for siblings satisfied customer,1,1,0,1,Good product is the best selling and the packaging to quqlity is matibay and thank you seller,,,
760,okey naman po sya yupi lang yung box mabait din yung sellet thanks shopee,0,1,0,1,Okey naman po sya yupi lang yung box mabait din yung sellet thanks shopee,,,
761,love this small umbrella perfect when using smaller bags as you can see its almost the same size my phone,1,0,0,0,Love this small umbrella perfect when using smaller bags as you can see its almost the same size my phone,,,
762,good thank you seller nagustuhan ko super ganda talaga with sticker pa thnk you so much sa uulitin hindi ako nka pag picture kasi nakalimutan ko ang ganda nya sobra gusto ako mag order uli pag may voucher hehe i hope madami pang costumer ang kumuha sa order ninyu god,1,0,0,1,Good items and I like it and with sticker I will order again thank you seller I hope have a more customer will get.,,,
763,it was shipped immediately from 99 sale and just came in today the quality was good just i think u should add 1 size ang sikip sakin medyo but ayun thanks for thiss,1,1,0,0,Items the quality is good but its not for me and its small,,,
764,good quality madaming sizes kaya makakapili ka ng fit sa fingers mo thank you seller,1,0,0,1,Good quality madaming sizes kaya makakapili ka ng fit sa fingers mo thank you seller.,,,
765,ang ganda ang gandasulit ang pinangbili may camera ang napadala ni seller thank you,1,0,1,1,Camera is good and solid and sent it by seller,,,
766,matibay ang ganda po diku iniexpectsalamat kasi umaabot sapaskothank u seller and ridersa uulitin po,1,1,0,1,Sturdy item and arrives during Christmas thank you seller and riders.,,,
767,maganda xa add 1size kau nagustuhan ni mader dear,1,0,0,0,I like it and my mother also like it and I will add one size,,,
768,white super ganda and super puti parang nakakahiya isuot ganda pang ootd at ang bilis ng shipping correct size what you see what you get po tlaga,1,1,0,0,Item is white super good I like it so much and the delivery is fast I like it too.,,,
769,thank you po tama lang yung quality ng item for its price mabilis naiship at naideliver yung items yung nagdeliver mabait din,1,1,1,1,Thank you the quality of the item is just right for its price,the items were shipped and delivered quickly,and the delivery person was kind.,
770,grabe amoy candy siya and ang ganda niya gamitin super smooth unlike ng iba ko na bili na lip balm tas ang mura pa worth it siya guys love it pag naubos ko to bibili ulit ako,1,0,1,0,great,smells like candy and great to use super smooth,very affordable and if I finished it I will buy again,
771,good quality naman tong product so far matagal naman malobat,1,0,0,0,Good quality product so far matagal naman malobat,,,
772,ang cute nya po malaki po pala sya in person so morning to afternoon dika madali mauubusan ng tubig hahaha,1,0,0,0,Item is cute but is not easy.,,,
773,super nice okay naman for its price affordable and fast delivery photo and video not related,1,1,1,0,Item is very nice super okay for price fast delivery,,,
774,the packaging is so pretty and secured tried it on my arms and it smells so good hindi siya matapang mild lang totally love it since sensitive ako sa matapang na amoy plus points din kasi seller send pic before shipping out and yes long lasting siya thank you,1,1,0,1,product package is good and the item smells so good and seller will send pic before they will ship out.,,,
775,ganda po pero di ko expect na light color pala siya pero thank you ganda po,1,0,0,0,I like it the item but I did not expect that the color is light.,,,
776,prettyyyyy kaso mali yung na ship na kulay bwhahaha but its ok as long as it works fine hahaha this is a must buy product mga mhieeee kaya pabudol na din kayo,1,1,0,0,Item is pretty kaso mali ung na ship na kulay but its okay.,,,
777,aang bilis nfmg deliveryparang 2to 3 days lng ata inibtay komaganda yubg umbrella mukha namang mativaysana tumagalsakto makulimlkm ngayonmagagamit koh sya mmya phagumulanmagaan din nmn yung umbrellaokay lng ang haha saktoh sa bhagpack koorder ulit ako red namanpara sa anak ko may m,1,1,0,0,Good items. The delivery is fast just 2-3 days,I buy it bcoz of rainy season I will use it later and lightweight,,
778,exactly as it looks like on the photo havent tried it yet but its super cute perfect para sa mga kagaya kong laging naka smol bag oks din sya pag binuksan di ganon kaliit,1,0,0,0,Exactly as it looks in picture it is cute,perfect for people with small bag.,,
779,ang bilis ng shipping sulit ang pera gnda ng quality,1,1,1,0,The delivery is fast sulit and the quality is good,,,
780,okay naman ang item kaso may dents onti sa tripod then yung ballhead ayaw gumana yung seller ayaw mag response naglagay ako ng mark na please check and test the item before you shipped out pero wala hindi ata chineck thank you,1,1,0,1,Okay item but having dents and the ball head are broken and the seller is not responsive.,,,
781,hello po maganda po mga items na na rh deliver naka well packed naman po malambot maisuot kaso yun lang hindi tugma ang sizes malililiit pala sa actual pero maganda naman,1,1,0,0,Item is good and well packed but the sizes are not tally and small,,,
782,got my order  sorry for late rating thank you seller and shoppe super nice all items satisfied customer here thank sa nag dedeliver god bless and more sales,0,0,0,1,Got order super nice and the customer is satisfy thank you seller and shopee and god bless.,,,
783,very good sorry na agad sa mga picture at video for claim the coins lang po totally magaganda nman po lahat ng socks for kids nagustuhan ng aking costumer kaya nman d q na napicturan dahil nakuha na agad,1,0,0,0,very good nagustuhan ng aking customer kaya nakuha agad,,,
784,dumating ng maayos at tama yung 2 pajama na dumating kasyang kasya sa asaw ko salamat seller at shopee sa magandang item,1,1,0,1,item arrived well and tama thank you seller and shopee sa magandang item,,,
785,size 41 ako pero bakit ganito lumaki ata paa ko or sadyang maliit talaga size nya pero okay naman fast shipping and safe shipping medyo disappointed lang kasi hindi kasya pang indoor ko nalang ito,1,1,0,0,size is small fast and safe shipping but cant fit my feet,,,
786,nandito na agad ang order ko sobra bilis talaga dumating napakaganda at sobrang bago talaga anu pa hinihintay nio guys order na rin po kayo di po kau mag sisi sa item,1,1,0,0,My order is here super fast delivery very nice and very new so order now guys.,,,
787,2nd time ko na mag order nito super nice tlga ng fitting mukang mamahalin pag suot mo na,1,0,0,0,My second time to order,the fit is super nice and looks expensive when worn.,,
788,ito 10 pang 2nd time kuna mg order dito sa shoppe na ito ligit tas ang bango tlga nito i ordered again pag ma ubos na to,1,0,0,0,ito pang 2nd time kuna mg order dito sa shoppe na ito ligit tas ang bango tlga nito i ordered again pag ma ubos na to,,,
789,ang cute ang lakas nung fan niya super like it,1,0,0,0,Its cute and the fan is very good and I like it so much,,,
790,excellent quality promise nung dumating tinesting ko agad and ang super easy gamitin both tips might buy again soon kapag nasira ko na siguro to hahahahaha super enjoy,1,0,0,0,Its excellent quality and its easy to use and I might buy again soon.,,,
791,good quality product items are well packed medyo natagalan nga lang sa shipping pero worth the wait namanmaliit lang sya at magaan sakto lang for single not for sharingtama din yung color na dumating base sa orders kothank you seller,1,1,0,0,Items is well and the color is right thanks seller.,,,
792,nice good nmn items bilis dumating prepare kulng kasi mag tag ulan n uso nnman sipon s mga newborn baby,0,1,0,0,nice good delivery is fast,,,
793,ito 10 subrang ganda kashang2 sa anak ko na 2yrs old size 24 yung kinuha ko may kunting allowance subrang ganda talaga,1,0,0,0,The items is good to my 2 years old baby and my allowance and very good to item.,,,
794,good kompleto po order ko im glad hindi na po na ulit yung kulang kulang hehehehe sobrang ganda ng item omg buy na kayo here magugustohan niyo,1,0,0,0,Goods item and complete order buy here your gustohan it.,,,
795,thank you nareceived ko na  and ok naman siya kasi kung ano yung nasa picture willing nag oorder yun rin yung matatangkad mo 100 legit thank you nareceived ko na  and ok naman siya kasi kung ano yung nasa picture willing nag oorder yun rin yung matatangkad mo,1,0,0,0,Thank you I have received the order and it is ok . it will not disappoint you.,,,
796,soft and comfy di masakit sa paa all in all what you see is what you getplus 1 sa size kapag oorder ka,1,0,0,0,Soft and comfy not painful on the feet what you see is what you get,,,
797,ang bilis ng pag ship okay yung mga items at maganda nagustuhan ko salamaaaaaat po order ako ulit sa susunod thank you,1,1,0,0,Delivery is fast okay the items I will order again in the near future.,,,
798,well packed  ang ganda at ang laki ng tulungan ng baby di ko lang ngustuhan ung color ng damit patay ang kulay,1,0,0,0,Well packed item is good and big but I don’t like the color of the cloth is not good,,,
799,maganda sia very well packed maayos ang itemsthank you seller,1,1,0,1,The items is good maayos and well packed thank you seller.,,,
800,recieved in good condition right size and color thank you seller nkaka classy yung quality nia nagustuhan nung pinagbgyan ko,1,0,0,1,item recieved in good quality,right color and size,nagustuhan ng pinagbigyan ko thank you seller,
801,good ang bilis lang dumating ng order ko at tama nmn yung color at size na naibigay at sana tumagal din paggamitin na okay naman sya for its price at napackage nmn ng maayos thank you sa seller with proof of ordernice shop with nice products,1,1,1,1,,,,
802,thank you kay kuyang riders nakarating sa akin ng maayos ang item ko,0,1,0,0,,,,
803,the products quality is reasonable for the price may damage lang yung isa tapos mali yung size ng isa pa mabilis dumating,1,1,1,0,,,,
804,okay lang para sa price niya,0,0,1,0,,,,
805,unique nakakadagdag ganda ng ambiance  will surely buy again,1,0,0,0,,,,
806,ang ganda nya pag malalaking pot nga lang di stable ang posisyon kaya need muna tanggalinso far maganda sya thank you seller,1,0,0,1,,,,
807,size 7 ako tska mapayat din paa ko pero di padin kasya yung size 38 nakalabas pa yung hinlalaki ko sa paa add kayo ng 2 size para saktong sakto lang sa paa niyo pero overall nice quality,1,0,0,0,,,,
808,sobrang ganda ng telaaaaaaaaa mapapa order ako ulit nito napaka pulido ng tahi legit challis talaga yung tela niya thank you po,1,0,0,0,,,,
809,maganda sya ang malakas suction my order is complete and well packed thankyou seller bilis din ng shipping ordered 11th received ng 13th sana all hahaha,1,1,0,1,,,,
810,oh my ang ganda ng product definitely worth the wait goods din siya for its price ganda ng stand mukhang matibay naman will use this for my future vids thanks seller,1,0,1,1,,,,
811,thankyou po ang mura talaga ng mga paninda nila compare sa iba thankyou very much po oorder ako ulit kapag naubos na yung stock ko,0,0,1,0,,,,
812,thank you po sa shop at sa seller ang gaganda po ng quality ng items pasensya na hindi ko na nakunan ng pictures kc sold out agad sa mga customers ko kaya orders po ako ulit thanks and god bless po,1,0,0,1,,,,
813,ganda ng quality ng bra ang 5 stars bait pa ni seller i will order again thank you poooo see you till the next transaction again,1,0,0,1,,,,
814,ok naman yong bra sakto lang sa price niyasalamat sellersalamat sa raiderat sa shoppee,1,0,1,0,,,,
815,may pula pula sa gilid dapat nakaplastic din yung shoes para hindi mahawaan yung shoes sa box kasi kulay pula yung box maganda parin yung shoes thanks po,1,0,0,0,,,,
816,magandang araw seller andito na po ang order ko maraming salamat po kumpleto at magaganda lahatsana maubos agad para makapag order na naman ako ulit sa inyo thank you shoppee and rider godbless us alll keep safe lagi,0,0,0,1,,,,
817,okay na man pangregalo nung na try ko malamig yung buga ng hangin halatang mumurahin talanga physically and sobrang gaan akala ko nga scam yung parcel sa gaan,1,0,1,0,,,,
818,order recievedfast deliveryi think good quality nman xa what u see is what u het tlga salamat shopee salamat kay seller at kay kuya rider,1,1,0,0,,,,
819,complete order thank you for the good service god bless hakahsvbabajajbs pic and vid not related wala na akong masabi hehe,0,0,0,1,,,,
820,it is good pero the disadvantage lang ng seller is hindi nasunod ang mga desired colors namin yun lang but the item is good no crack even though we didnt purchase any glass protection thanks,1,0,0,1,,,,
821,complete items at maayos yong items thank you shoppee and thank you also seller well order again godbless,1,0,0,1,,,,
822,magaling ka potama lahat ng order ko bilang at kulaymagandang kaledadmabilis nkarating ang order kosalamat po syo god bless,1,1,0,0,,,,
823,good quality nagustuhan ko talaga hindi ako nabigo mg order nito satisfy po talaga ako,1,0,0,0,,,,
824,yehhheyyy thank you po completo po lahat ng orders ko po tas maayos lahat madali pa po na ship thank po ulit sa shopsa sellersa shopee at kay kuya driver po god bless po,0,1,0,1,,,,
825,nice well packed kaso diko akalain an liit pala ng tiger balm pero nice scent i love it thank you so much seller sa agarang delivery god bless,1,1,0,1,,,,
826,superrrr bangooo niya super bait nung seller nag send pa siya ng pic before maideliver yung product well packed pa mabilis rin yung pagkakadeliver highly recommend this product once na maubos ito bibili pa me ulittt hehe thank uuuu againnn,1,1,0,1,,,,
827,yung mga mitten panget ng binigay saken pero yung mga socks maganda quality sure na bibili ulit ako,1,0,0,0,,,,
828,what you see is what you get okay lng yung tela nya  nakaka mould naman sya waist mas gusto ko pagka high waist nito breathable  comfortable sya soutin sana lng magtagal subukan ko muna to first time user,1,0,0,0,,,,
829,good ganda po ang cute nya tamang tama sa eloading kosana lang tumagal din gaya ng dati ko umabot ng 5ys bago lumubo ang batterytagal lang deliver pero worth naman ang price nya rhank you seller,1,1,1,0,,,,
830,good legit na maganda ung spatos po sakto s uniform k s halagang99 merun k ng magandang sapatossunod order po ako ulit,1,0,1,0,,,,
831,mabilis nadeliver may dents lang ung box but the shoes okay naman,1,1,0,0,,,,
832,ganda white na white linis tignan okay to pag hanap mo is pang pe na hindi nasisira yung quality kahit matupi tupi,1,0,0,0,,,,
833,ganda po ng item sakto po sa akinthanks seller mbilis din magdeliver,1,1,0,1,,,,
834,thank you seller nice product po and gumagana po siya when i tried it nakakuha talaga siya salamat at god bless sa store,1,0,0,1,,,,
835,good ang ganda niya promisee thank you seller order na kayo,1,0,0,1,,,,
836,thank you maganda nman for me kaso lang d nman appreciated ng mag susuot haha gusto pla may design order ulit next time ung may design na,1,0,0,0,,,,
837,excellent quality matagal nga lang dumating seguro dahilvisayas satisfied buyer here will order again,1,1,0,0,,,,
838,excellent recommended shopdi ko na npicturanfast charger tlgathank u so much shoppeeseller at delivery din,1,1,0,1,,,,
839,maya ko na bubuksan haha para surprise para pagtanggal kabit agad pag uwi hehe anyways salamat sa seller at sa shopee for the discount in shipping fee salamat din po sa delivery guy na naghatid ng order feeling ko nmn ok yung item kasi maganda reviews dun sa product,1,0,0,0,,,,
840,maganda mainet kase sa room namen napabile tuloy tas panget yung nagbabasa tas hatdog yummy hotdog my tomme the hotdog is in the center of the bread,1,0,0,0,,,,
841,well packed maganda ang tela and malambot sulit na sulit sa price and quality niya will order again again,1,0,1,0,,,,
842,okay naman lahat ng products and mabilis siyang dumating,1,1,0,0,,,,
843,mag add 1 size po kayo para sakto sainyo maliit sizes nila pero sa quality at delivery all goods maganda ang pagkakagawa  malambot at magaan  komportable isuot,1,1,0,0,,,,
844,worth it to buy maganda at cutepwede na yung lakas kumpara sa presyo nyasulit na po hehethank you sellersa uulitin po hehe,1,0,1,0,,,,
845,got this for 32 pesos nung 77 late rate gumagana siya tinaas ko screen sensitivity dahil makapal screen protector ko one problem bakit mabagal yung pag sulat is maybe sa screen refresh rate ng phone ginagamit ko ng 120hz screen refresh rate para mabilis since ang 60hz mabagal para sakin,1,1,0,0,,,,
846,satisfied customertama lahat ng order kotama ang size at colormejo matagal lang dumatingdahil daw sa kulang ang riderpero ok lang mabait nman claalang prob sa pag deliverdi tulad ng ibatamad,0,1,0,0,,,,
847,salamat seller nakaorder din ako nun una nagaalangan pa ako baka di kasya sa kalan ko pero swak na swak sya lalu na sa superkalan,1,0,0,1,,,,
848,ok ung pnadla ni seller at ang cute dn sana magkaron hello kitty,1,0,0,1,,,,
849,thank you ganda at mahaba po mura pa,1,0,1,0,,,,
850,thank you seller and shopee i like the product its cute the size is just enough for me and its the right color also very affordable i will order again next time godbless in business,1,0,1,1,,,,
851,sound quality maganda pero dont expect the same sa original ofc overall super ganda and sulit tama lang din yong size ng mga ear pods same size ng samsung earphones,1,0,1,0,,,,
852,maganda sya at mabilis na ishipped thanks seller,1,1,0,1,,,,
853,not related pero super ganda ang soft nya bili pa ako more,1,0,0,0,,,,
854,grabe ang cute netong payong na to kasyang kasya talag sya sa small bag hope magtagal at matibay will order again pag okay pang regalo ko kasi to mabilis din sya dumating,1,1,0,0,,,,
855,maganda naman sana lang matibay worth it naman yung bayad,1,0,1,0,,,,
856,good okay naman sya hindi ako allergy at maganda sya sa labi  di agad nagfafade thank you so much ky seller nextime po ulit godbless po,1,0,0,1,,,,
857,binili ko for my sister gaya gaya eh gustong gusto nya nung una kong bili sya na naka ubos grabe ba,0,0,0,0,,,,
858,pang apat na beses ko ng nagorder dito at until now gud performance pa din si sellersuper bilis ng delivery at tamang items ang pinapadalathank u so much seller at shoppe,0,1,0,1,,,,
859,maganda naman ung slipper yayamanin ang design what u see is what u get thank u seller photo and video not related tnx,1,0,0,1,,,,
860,i super love this akala ko di siya magkakasya kasi mukhang maliit pero omg sobrang stretch and body hugging para akong pumayat talaga sobrang helpful lalo na sa mga body hugging na mga dress i love it thank you,1,0,0,0,,,,
861,maganda and okay ang tela tulad din nong nabili ko sa mall na mahal thank you seller sa uulitin,1,0,0,1,,,,
862,nov 17 hindi para sakin yung tsinelas pero nagustuhan ng pinagbigyan ko okay naman yung item good for its price,1,0,1,0,,,,
863,nice itemsmedyo sakto lang un size pero ok na din,1,0,0,0,,,,
864,thank you seller nakaabot sa christmas party ng anak ko so nice po ang shoes nila and comfy kasi hindi nagreklamo ang anak ko habang suot niya,1,0,0,1,,,,
865,thank you seller complete orders medyo matagal nga lng yung delivery,0,1,0,1,,,,
866,di ko pa kasi sya nadidikit pero chineck ko super dami ng isang roll pala thank you seller will definitely order again,1,0,0,1,,,,
867,maliit sya sa totoo kong size 38 pero goma sya kya ok lnggg to delivery rider matiyang hinanap yung bahay nmin thank you po,1,1,0,0,,,,
868,mabilis sya dumating and gumagana walang sira and madali lang din ikabit iba langs ung itsura nung remote sa pic at sa dumating pero its fine namn kasi gumagana naman,1,1,0,0,,,,
869,ok naman nagulat lng kmi maliit pala hnd namin na check review,1,0,0,0,,,,
870,napaka tagal ng order di ko na bilang kelan kaso alam ko na matagal pero maganda ang quality audio comes with 2 free stickers,1,1,0,0,,,,
871,got it already excellent quality its all working  malakas yung sounds niya hindi basag yung tunog,1,0,0,0,,,,
872,iba yung itsura ng item na nasa pic sa nareceive ko but all in all maganda pa rin sila xaka matibay kaya thank you pa din seller at kay kuya rider,1,0,0,1,,,,
873,thanks seller at kay kuyang rider maayos ang item at walang damage sakto din walang kulang worth the price hehe nagorder na ko ulit sulit salamat po,1,0,1,1,,,,
874,2nd order ko na dito pinabili lang saken kase need ren nila nang ganyan  so far okay naman yung mga product  worth it pong bilhin yung tela sakto lang po sa price nya  lagi gamit ng hubby ko every day na aalis,1,0,1,0,,,,
875,perfect hihi exact color and size ang ganda nyaaa bilhin nyo na tas ang ganda pa ng plastic pocket nya thanks shopee,1,0,0,0,,,,
876,i bought this for my sleeveless and tube tops since detachable ang straps 34 ang kinuha ko coz thats my size unluckily this bra is not stretchy kaya nasa last hook ng tinry ko wo straps but the bra is cute gives a little push sana magtagal thanks shopee and,1,0,0,0,,,,
877,picture and video not related nakuha na kasi nung nagpabili ilan beses na kami nka order pajama mabenta kasi salamat sa seler,0,0,0,1,,,,
878,just best nakuha yung expectations ko sulit siya guys deserve ng 5 star will buy again,1,0,1,0,,,,
879,maliit saken yung size 39 kaya kailangan add one size pero goods naman,1,0,0,0,,,,
880,3rd order po ganda wla damage thank you po seller nd ko ng sisi umorder ng paulit ulitmy nxt parcel ulethnd kona na piks kinuha n agad ng may ari,1,0,0,1,,,,
881,2nd time n nagorder maganda pa din thanks seller,1,0,0,1,,,,
882,standard mabilis dumating delivery ng mga item ko pero yong isa may sira sa may usb port nasa picture na test ko nmn gumagana nmn sya pero yong pag charge di ko pa na try if working slamat,1,1,0,0,,,,
883,maganda magaan at affordable bagay na bagay ngayon tagulan na nakakatuwa lc mura lng sya pero quality naman thank you,1,0,1,0,,,,
884,good angganda nyaaa 2nd time ordering from this shop and legit sya at maganda ang quality ng products bilis pa naship thank you po,1,1,0,1,,,,
885,black madali syang dmating first tym kong mag order dto sulit nman,0,1,1,0,,,,
886,second purchase from this shop quality is good and super affordable siguro add 1 size dito kasi medyo masikip unang nabili ko kaya bumili ulit kami anyways thank you po,1,0,1,0,,,,
887,ok lng nman hopefully mgtagal xa thanks seller,1,0,0,1,,,,
888,maganda po sana magtagal pang araw lang po talaga sya dipo pwede sa ulan na malakas panangga lang sa uv light thank you pero maganda po ang quality,1,0,0,0,,,,
889,ang ganda super love it im so satisfied with my order ang mura lang tapos ang ganda pa tama yung dumating na order tapos agad pang dumating thank youuuu seller,1,1,1,1,,,,
890,good order received today correct color no damages and wellpackaged update its so nice na after almost 2 hours mainit pa rin yung water sa loob since pang coffee ko lang naman ito sa work kaya good na yon great din na hindi mainit yung outer cover ng tumbler hindi,1,0,0,0,,,,
891,nice namn po sya thanks seller shopee and sa nag deliver good job po god bless and stay safe always will order again po,0,0,0,1,,,,
892,i love the pensss mura and all working thank you,1,0,1,0,,,,
893,maliit ung robo vacuum pro ok lang for the price,1,0,1,0,,,,
894,thankyou po ganda tlga ng mga products niyo,1,0,0,0,,,,
895,2nd time buying and i really love the quality super durable nya lalo pag windy days malaki rin sya kaya natatakpan nya ako pati yung masama kong ugali satisfied customer will surely buy again next time nawala kasi yung 1st na binili ko kainis grrr anyway thanks mwa,1,0,0,0,,,,
896,thank shoppeeee at sa sellerr na gustohan ko pa at sa anak ko kasyang kasta sa kanya sa uulitin pod and godbless po highly recommended po siya tama lang sa presyo,1,0,1,0,,,,
897,buti na lang nagkasya sa kapatid ko mdyo maliit sa akin ung mga nauna kong binili ayos naman ang size this time medyo iba na pero okay pa din you deserved 5 stars,1,0,0,0,,,,
898,sobrang gaganda bagay poh sakin salamat poh salamat seller i will order again,1,0,0,1,,,,
899,ok yung sensitivity ung connection and all sana tumagal,1,0,0,0,,,,
900,received the items in good condition wear the pther one already and ok sya pambahay for bog boobs pero kung sakto lang boobs mo pwede nang pangalis i really like it presko sya will definitely buy again,1,0,0,0,,,,
901,complete order  tama nmn po yung color salamat posaseller  kay courier,1,0,0,1,"The review mentions the correct color and thanks the seller, indicating a positive product experience and good seller service.",,,
902,nag send pa seller sa akin nang picture bago e ship kudos  ang bago ng perfume nag tatagal talaga yung katy perry meow mild lang pero subrang bango yung vanilla lace matagal mawala ang ang amoy,1,0,0,1,Mentions the scent and longevity of the perfume (product) and the seller sending a picture before shipping (service).,,,
903,thank you sellerok ung item and good qualitymabilis din dumatingsatisfied customer posalamat,1,1,0,1,"The review mentions the item's quality (product), fast delivery, and thanks the seller (service).",,,
904,verry good ganda thank you ang mura nya pa hehe,1,0,1,0,Highlights the product's appeal (ganda) and its affordability (mura).,,,
905,rubber sya kya malambot sa paa ang ganda nya d halatang mumurahinska ang ganda nya s paa nkakasosyalkng anu nsa picture ganun dinner sya pgdumating n ung item kya order n kyoslmat s shop na 2at s shoppe,1,0,1,0,"Describes the material and appearance of the product (malambot, ganda), and also subtly touches on the affordability (d halatang mura).",,,
906,best siya kasi malakas yung ilaw kung mahilig ka sa pictorial editing at kahit ano bagay na bagay to sayu,1,0,0,0,Focuses on the product's feature (malakas yung ilaw) and its suitability for specific uses.,,,
907,maganda naman siya sulit na sulit pwede pambakbakan alabit period de jok maganda siya bili na kayo dear charo i labyu miss nakita kumain kana ba,1,0,1,0,Expresses satisfaction with the product (maganda) and its value for money (sulit na sulit).,,,
908,aesthetic grabe ang ganda ng tumbler super elegant din tignan tsaka sakto ang bigat talagang okay yung material na ginamit dito,1,0,0,0,"Focuses on the product's aesthetic appeal (ganda, elegant) and material.",,,
909,i rcvd the packaged today in very good conditon i havent yet try these profucts so i can give a good feedback i like all the products i rcvd thanks seller shopee and shopee rider,1,1,0,1,"Mentions receiving the package in good condition (delivery), expresses liking the products (product), and thanks the seller and rider (service).",,,
910,wala ng pic hehe kaya ayan nlg pero maganda po sya nagustohan ko po will order again ung video hndi po yan ung items hehe for coins purpose lng po,1,0,0,0,Simply states the product is good (maganda) and expresses liking it.,,,
911,its good for its price pwede na ma pang araw araw na gamit for work out definitely will but again soon,1,0,1,0,Highlights the product's suitability for everyday use and its affordability (good for its price).,,,
912,good quality amazing fantastic elastic,1,0,0,0,Focuses solely on the product's quality.,,,
913,nilabhan ko na sya hahahamaganda ung quality at complete walang sira or what pag lalabhan wag lang ihalo sa puti kasi nagkakulay ung tubig pero d namn naapektuhan ibang color nadeliver agad at no problem sa courier super thank you,1,1,0,1,"Mentions the product's quality (maganda), complete condition, quick delivery, and the absence of problems with the courier.",,,
914,1010 satisfied customer here napakamura nito pero good quality naman kaya nga worth it,1,0,1,0,"Highlights the product's quality and affordability (napakamura), emphasizing its value.",,,
915,maganda xa sa halagang 99 pesos magaan dalhin ang bilis pa ng shipment kala ko next week ko pa matanggapat ang bait pa ni manong driver salamat seller i will order again soon satisfied talaga ako sa item na natanggap ko i give 5 stars,1,1,1,1,"Expresses satisfaction with the product, highlights its affordability and lightweight nature, praises the fast shipment and the courier's kindness, and thanks the seller.",,,
916,magaganda po lahat ng nareceive kothank you so much seller sa walang sawa na pagsesend ng message po regarding sa parcel update,0,0,0,1,Focuses on the seller's proactive communication regarding parcel updates (service).,,,
917,thank you seller shoppee at sa nagdeliver,0,0,0,1,Simple acknowledgment of the seller and delivery service.,,,
918,i received my parcel yesterday this is my second time ordering from this shop will order again ps di ako makapag input ng video thats why ganiyan po hehe,0,1,0,0,"Acknowledges receipt of the parcel, mentioning it's a repeat order from the shop.",,,
919,so nice first time kong mag order sa shop na to at hindi ako binigo godbless sa shop and kay seller,0,0,0,1,Expresses satisfaction with the first-time order experience and thanks the shop and seller.,,,
920,super duper good quality100000010 what you see is what you geti love it bili na kayo guysdi kayo mag sisisi promise ang ganda sarap sa paathen yung kulay is super ganda ganda din nang quality tsaka ang dali lang nyang dumatingthanks kay kuya rider at tsaka sa reseller more power,1,1,0,1,"Highlights the product's excellent quality and appearance, mentions the fast delivery, and thanks the rider and reseller.",,,
921,true ilike it tnx ky kuya jnt at ky shopee ndin,0,0,0,1,Simple acknowledgment and thanks to the courier (kuya jnt) and Shopee (service).,,,
922,good pang ilan order ko na thank you seller,0,0,0,1,"Mentions the product is good, notes it's a repeat order, and thanks the seller (service).",,,
923,plastic super cute kaya sabi ni mama sa kanya nalang daw haha sana paa dinamihan ko order will order again thank you seller,1,0,0,0,"Describes the product's material (plastic) and its cuteness, prompting a desire for more.",,,
924,good quality and mabilis lang dumating thank you so much po will buy again soon nakakatuwa kasi tama ang mga pinapadala,1,1,0,0,"Highlights the product's quality, fast delivery, and accurate items sent.",,,
925,1010 super bilis ng shipping omg will order again,0,1,0,0,Focuses solely on the extremely fast shipping (delivery).,,,
926,ganda ng item maayos ang packaging walang damage ang item at mabait din ang rider hehe thank you seller,1,1,0,1,"Highlights the item's appeal, good packaging, undamaged condition, and the rider's kindness.",,,
927,good item was shipped immediately when i ordered it good product i ordered a stylus but the tip isnt working for 5 months so i bought 2 tips and its working fine,1,1,0,0,Review talks about quick shipping and good item quality.,,,
928,910 thank you po mura sya pero ang ganda po super thank you seller sa uulitin po ulit thank you din kay kuya rider,1,0,1,1,The review talks about the item being cheap and beautiful and also thanks the rider.,,,
929,sobrang happy ng mama ko kasi napaka ganda ng quality and right variationslamat seller,1,0,0,1,The item has very good quality with right variations and it thanks the seller,,,
930,sana mag last long small tama lang sa price ok quality responsive seller standard packaging item shipped on time small medium large,1,1,1,1,The review is about hoping the item last long and the seller is responsive and item ship on time and the quality is good also the price,,,
931,all are items are in good condition no damage because it was wellpackage bubble wrap right variation of product and i received complete items cute ni totoro,1,1,0,0,All item were in good condition with bubble wrap and no damages.,,,
932,item shipped immediately ok naman yung quality for its price ang cute lang talaga lalo ako na excite thank you seller,1,1,1,1,"The review talks about the item being shipped immediately,good quality with a cute design and the price",,,
933,huwow maayos nakarating nagreply din si seller nung chinat kong pakibalot ng ayos more orders to come order ulit kmi sa susunod,0,1,0,1,The review shows the seller is responsive with shipping.,,,
934,ang ganda ng quality super nice thank you seller till next time again god bless,1,0,0,1,It is talking about very good quality of the item and thanks seller.,,,
935,black okay naman yung item with box ang sandals kaya safe na nakarating sa akin thanks din sa rider na nanagdala,1,1,0,1,The review talks about the item being with box and safe. Also thanks the rider.,,,
936,ang cute nya sana matagal malowbat ang battery thank you seller and thank you dn sa ngdeliver,1,0,0,1,The review talk about the cute item and hope the battery last long with thanks to seller and rider.,,,
937,910 super ganda may pa remote pa thankyou po ang bilis pa dumatin,1,1,0,0,The item has a remote with a fast shipping.,,,
938,very affordable baby wipes nakailang order na ako nito and i will definitely continue on ordering this,1,0,1,0,The item is baby wipes and very affordable.,,,
939,12 ako umorder dumating dec20 overseas kase sana talaga matibay,0,1,0,0,Review talks about duration of shipping due to over seas.,,,
940,good quality faat shipping gumagana sya malakas ang hangin nagustuhan ng anak ko thank you so much will order again,1,1,0,0,The item has a very good quality and functional that her son loves with fast shipping,,,
941,mabilis nadeliver and kumpleto ang mga items na inorder mura lang ang presyo ng mga items ng store na ito sulit ang presyo amd quality ang product,1,1,1,0,The review talks about the store and its products with good quality.,,,
942,1010 ang ganda ng quality for a cheap price nascam kasi ako nung una kong nabilhan pero this product ang ganda talaga as in yung connection walang hassle and it stays in my ear kahit magsayaw pako ng pink venom nakastay parin siya sobrang worth it ng money niyo pag,1,0,1,0,The review talks about very cheap price that has very good quality. and also worth the money.,,,
943,im not sure sana di magusot pag nilalakad overall the item itself is good i really love it ang ganda nya sa personal dasurb koto hahahahaa ty seller definitely will buy again mejo natagalan lanh sa shipping worth the wait naman tnx medyo may allowance pa ung 36 since 35,1,1,0,1,The review talks about her experience and item being a great fit with worth it. Shipping duration is also mentioned,,,
944,1010 ang cute at ang laki nya  what u see is what u get may lalagyan na ko ng tubig sa long travel at sa work i recommend the quality of this one thank you seller,1,0,0,0,"the review talks about being cute,big and good quality",,,
945,well packaged item in good quality mabigat and maingay lang sya gamitin,1,1,0,0,The item came with secured package and good quality though it is heavy and noisy while using.,,,
946,super gandalablotssssellernapaka ganda po at napaka murauulit pa talaga akopromise,1,0,1,0,The reviewer loves the item because of its cheap price and beauty,,,
947,ganda nya di ka manghihinayang na mag order sulit thank you po,1,0,1,0,The review is about the beauty of the item and not being a waste to buy,,,
948,anyway gandaaa ng ringlight pretty ko na mas gumanda pa ako lalo ginanahan tuloy ako sa pagrerecord ng school activities ems hahahaha dont hesitate to buy na rin,1,0,0,0,The product makes her pretty that will encourage to buy.,,,
949,1010 thank u super ganda ate sure akong original ito thank u  muntik na kasi kami ma scam kaya doble safe talaga ako kasi 2100 3pcs na hawk bali 700 1pc tas inistalk ko ung page may mga nag angry scam pala  bibigay daw sau hawk na tag,1,0,1,0,The beauty of the item with original price is reviewd,,,
950,order recieved complet at walang damage sakto lng din sa mga bebe ko ung size nya salamat seller at shoppee,1,1,0,1,It is reviewed as complete order and the delivery had no damage.,,,
951,kasi nakabalot na para pangregalo sa christmas yun lang salamat at magandang gabi pilipinas yun,0,0,0,0,No Aspect.,,,
952,complete orders and no damage great product and service bili naa repeat buyer here thank youuuuu so much,1,1,0,1,"Product, delivery and service are reviewed as great.",,,
953,pangalawang order ko na to per hindi pa den ako binigo ng shop na to napakaganda pa den lalo ng tela super legut at hindi ka manghihinayang sa pagbili maraming salamat sa uulitin,1,0,0,0,The reviwer is giving a good feedback to the store and the product is still has good quality.,,,
954,ganda po ng item subra ganda sarap s paabilis p dumating thankyou po sulit po bnyad ko,1,1,1,0,"The item's beauty, delivery speed and product benefit is being reviewed.",,,
955,hello items received complete and correct sizes and variation yung sandals na plum at white wag kayong mag add sizehehe over all maganda thanks seller sa uulitin,1,1,0,1,"Complete, correct size with good quality. Thanks to seller.",,,
956,right color ang binigay ang hirap lang open ang tigas kung umuulan siguro basa na bago mabuksan hehe pero baka sa umpisa lang sana mag tagal ang tibay,1,1,0,0,Right color but hard to open.,,,
957,nabigay na sa kapatid ko kaya di na picturan pero di ko ineexpect na ganon kaganda yung marecv ko kahit ang mura lang will surely buy again,1,0,1,0,Cheap price but good quality,,,
958,good quality thank you seller  delivery driver 5star ka sakin,1,0,0,1,Good Quality with thanks to seller and rider,,,
959,maganda yung items tama bawat kulay at piraso nang dumating legit seller recommended shop worth the price its affordable,1,1,1,0,The products are good. legit seller.,,,
960,thank you poh seller sa uulitin,0,0,0,1,Thanks to seller.,,,
961,okay naman medyo humabol sa opening namin ng salon woho thank u seller bili na kayo mga bestie habang mura lang sya pang diy gel polish,1,0,1,0,Product is functional but very cheap.,,,
962,super accommodating ni seller requested to received the item within 2days and the seller made it happen finally andito na siya badly needed it for my mother super secured ng item thank you so much seller highly appreciated,0,1,0,1,Seller is super accomodating with very secured shipping.,,,
963,sticky  will last long i like it thinking of getting the black onemedyo kinulang kaya umorder ulit please you take s packaging pwd sa black ilagay thanks love it,1,0,0,1,Quality and packaging.,,,
964,really helps me a lotnagustuhan ko tlg xa naiipit nia malaking tummy ko,1,0,0,0,Functional. Review.,,,
965,first time to bought this kind of stuff and napakasulit ng price thankyou so much maayos din ang quality nito maganda gamitin,1,0,1,0,Affordable Price with good Quality.,,,
966,sobrang solid neto bilis pa dumating order na kayo guys di kayo magsisi sobrang solid,1,1,0,0,Good Quality and fast delivery.,,,
967,wow amazing ganda nang mascara and water proof pa talaga,1,0,0,0,Functional.Beauty.,,,
968,excellent thank you for wonderful product maganda naman,1,0,0,0,The review is giving thanks for the product,,,
969,10 maganda sya and sana matibay din super bilis din dumating thank you seller,1,1,0,1,good product and the delivery is fast.,,,
970,parcel delivered correctly at ang ganda ng item pasensya na po sa late ratings hndi q narin po napicturan kasi binigay q kaagad sa kapatid q thank you ky kuya riderat pati na ky seller thank you napakabait nyo po at godbless sa furbabies mo,1,1,0,1,The parcel is delivered correcly and thanks the seller and rider.,,,
971,ang cute nya and super ganda sa face,1,0,0,0,The review talks about the product being cute and pretty in the face.,,,
972,very nice all in all napakaganda talaga nang quality and super duper nagostohan talaga nang baby ko thank you seller,1,0,0,1,The quality of product is good that the reviewer and his baby is very happy about it.,,,
973,maganda sya malambot sa paa at magaan lng nagustohan ko tlga sya slamt sa seller pati ngdedeliver skin salmt po,1,0,0,1,Good product with thanks to seller and rider.,,,
974,sulit as always quality product at an affordable price will surely order again thank you seller order was also shipped immediately,1,1,1,1,The product has very good quality with fast shipping at an affordable price.,,,
975,i love the slippers medyo maliit nga lang ang size im size 40 pero medyo maliit sakin ang size 40 nila but still satisfied pwede magamit ng bunso ko,1,0,0,0,Review for slippers that seems to be smaller than the right size.,,,
976,good quality maganda quality ng bra at tama lang yung kapal para sakin nasuot ko na isa kaya dalawa na lang sa video medyo masikip sakin kasi pero keri naman,1,0,0,0,Good Quality but tight.,,,
977,sensya sa picture di ko na nakuhaan kaya binigay ko na agad maganda naman ang quality at mabilis ang delivery thank you seller,1,1,0,1,The product has good quality and fast delivery. The reviewer also sends thanks to seller.,,,
978,ang ganda po thank you seller at delivery man s jnt thank you,1,0,0,1,Beauty and Thanks.,,,
979,super nice saktong saka sa baby ko thank you so much seller,1,0,0,1,It is a good fit with thanks to seller.,,,
980,bilis dumating mga 2 days lang andito na solid talaga tong shop na to 2nd time to order maganda quality yung item naka charge na agad saglit mo lang paandarin ang dami agad nakukuhang alikabok dumi buhok lahat ng klase effective na vacuum,1,1,0,0,Good Quality with delivery speed.,,,
981,id just receive my parcel ang cute ng color and nakikipag communicate si seller kay costumer keep up the good work seller,0,0,0,1,Seller is communicating with costumer.,,,
982,ang gaganda po ng bra sulit second order ko na to,1,0,1,0,Bra is beautiful and cheap,,,
983,ang cuteok nman sya so far nakakahuha nman ng mga alikabok loved it,1,0,0,0,Cute with functional feature,,,
984,goods napaka ganda parang original ng tsinelas di ko expected na ganito at the price hindi ako binigo ni seller napakaganda ng quality at mukang matibay malambot sa paa at napaka ganda talaga i will surely order again i recommend this shop sa iba hindi kayo magsisisi i swear thank,1,0,1,0,Beautiful with cheap price.,,,
985,sinubukan ko agad gamitin effective and good qualitymedyo nag amoy lang sya after ilang minutes pero usually pag first time gamitin ganun talaga update ko na lang to pag ganun pa din sa sunod kung gamit hehehe,1,0,0,0,Effective and Good Quality but there is a smell after a few minutes.,,,
986,thank you seller for this nice phonesalamt din sa ng hatid samin nito kahit wla kami nakuha parin ng kaybigan ko slamt ng marami sa susunod po ulit sana tumagal to sakinkhit hnd black ag ordersalamt nadin,1,1,0,1,Phone is Good with thanks to seller and rider.,,,
987,maganda maganda ang cute at bait ni seller maganda maganda maganda wala aqng masabi kundi maganda,1,0,0,1,Product is good with seller being nice.,,,
988,maganda naman siya kaso di lang nasunod yung color ibang color dumating hindi black blue orange pero ok lang nagagamit parin naman po thank you,1,0,0,0,Product is good but not in the right color.,,,
989,bumili ako 18pcs manipid lang sya pero goods na for the price sana di agad ma worn out yung tela suggest ko wash as delicate at wag spin dry,1,0,1,0,Goods for its price but seems to be thin,,,
990,thank you po gumagana po siya walang damages nung nakarating sakin medyo naninibago pa pero maganda naman,1,1,0,0,Working Well without damage.,,,
991,mabilis dumating ang items and maayos pagka packagebakit kasi bawal ulitin ang words ng comment sa ratehaha sulit,1,1,0,0,Fast Delivery with great package.,,,
992,good apaka ganda ng items nato i order again kasi kinulang pa thankyou seller,1,0,0,1,Good and Thank to seller.,,,
993,great quality pero mukhang mas maliit siya kaysa nung inorder kung una will see how it fits sa kapatid ko hopefully hindi siya madissapoint dahil siya magsusuot thanks pa rin seller mukhang wala namang sira yung product,1,0,0,0,Great Quality but too small.,,,
994,not true to its size kahit mag add kapa ng one size but the quality is good wag nyo lang babasain,1,0,0,0,Good Quality with not right size.,,,
995,super cute ng umbrella kasya sa bag,1,0,0,0,Very cute umbrella.,,,
996,1010 fast delivery kaso mas dark pala yung color sa personal kesa sa picture pero super okay na din mukhang matibay salamat seller,1,1,0,1,Fast Delivery with wrong shade.,,,
997,1010 thank you seller ng ganda po ng parcel next time ulit ganda din ng pagkabalot walang sira kuddos seller,1,1,0,1,"good Packaging, no damages.",,,
998,nakakadissapoint super promise ayoko maging oa pero ambaho nya kase amoy sunog na guma talaga sya iba talaga yung una na freebie sa mommy ko nabangohan ako yung super liit lg na ariana grande cloud din kaya ako nag order kse madaming compliments akong nakuha pero dissapoint tlaga excited panaman,1,0,0,0,Smell is bad.,,,
999,ok nmn sya kay baby ko sakto lng ung amoy tska mbilis din ang deliverynaka pack sya ng maiigi and complete nmn order ko salamat shopee and seller,1,1,0,1,"Packaging Is good,delivery is fast and safe for baby, Thanks to seller.",,,
1000,1010 kyutie ang ganda nang tela wort it bayad kupo ka excite tuloy magamit ni baby to pag labas heheh,1,0,1,0,"The cloth is beautifull, worth it to buy.",,,