Review #,Review,product,delivery,price,service,explanation
1,grabe ang ganda ng tela hindi manipis saktong sakto lang ang kapal at nipis nya para hindi masyadong mainit at maayos naman po ang pagkaka deliver mabilis ship out thank u po,1,1,0,0,
2,i have pets at home so i bought this baka makatulong mag linis nang fur pero medyo hirap sya sa fur tho nakakahigop naman nang dust sa bed keri naman sya for its price ig,1,0,1,0,
3,nice qualityvery responsive pa si sellersulit sa presyong napakamuramaraming salamat talaga surely will order again,1,0,1,1,
4,received the product in good condition maganda rin ang kulay at sakto siya pang 2 person makapal rin at sana magtagal yun lang thanks,1,0,0,0,
5,vanilla  cotton candy and lavender 2nd order ko na to legit yung napanood ko sa tiktok na super nakakaattract yung amoy ng cloud ni ari g kasi yung mga kawork ko laging inaamoy yung damit ko,1,0,0,0,
6,imbis na ma surprise ako sa mystery bag napa hype lang ako haha pero sana yung mas maganda design ng one piece hindi ko kasi trip tong kasama anyway salamat seller,1,0,0,1,
7,sorry for the late rating the wire less headset is working well sounds good kaso mabilis malowbat i think 1 to 2 hrs then you have to charge it again recommended,1,0,0,0,
8,good ambilis dumating ng order ko kumpleto naman silaa super ganda nito and lahat sila ay tumitinta bibili uli ako sa susunod hehe tenkyu seller at sa rider,1,1,0,1,
9,plastic eto tlaga ang gusto kohehehe bagay na bagay sa baby koang cute nia lalo,1,0,0,0,
10,received in a timely manner pagkaorder ko naiship agad ang mga payong quality is good nagamit din agad can withstand strong wind,1,1,0,0,
11,ang gaganda lahat thank you seller and sa jt kasi ang bilis dumating more power sa inyo,1,1,0,1,
12,thankyou seller nagustuhan namin para sa anak namin,0,0,0,1,
13,thank you shopee nagustuhan nang anak ko d na n picture kasi dina s school,0,0,0,0,
14,good ganda ng product kaya naka umulit ako ng order good quality sya at may freebies din kaso nabasag pero salamat pa din sa freebies na face mirrorexception talaga yung quality ng tumbler kaya super ok talaga,1,0,0,0,
15,1010 super ganda di ko na napicturan wag lang maiipit ng nagddeliver hahaha ksi wlanh khit anong bubble wrap sa payong eh pero nareceive ko good condition order pa ko ulit sana ganun kabilis ulit shipping pra umabot before christmas haha,1,1,0,0,
16,super ganda ng item na ito correct din yung sizes and colors  super worth it and makapal din yung tsinelas thankyou very much,1,0,1,0,
17,di ito yung pictures nagamit na kasi and binigay ko na sa mga may ari ang ganda napaka useable malamang hahahaha nagustuhan din ng mga pinag bigyan ko thank you so muuuch,1,0,0,0,
18,items received po thank you po seller mabilis po ang delivery hindi expected na darating agad medyo masungit po si kuya rider pero naintindihan ko pagod lang siguro,0,1,0,1,
19,well packed and shipped immediately by seller fits perfectly on our gas stove makapal din sana magtagal its really a great way to save gas consumption natagalan lang sa courier thanks seller will order again soon,1,1,0,1,
20,thank you din kay seller ang bilis ng shipping size 37 yun pagbibigyan ko pero 3839 inorder ko para sakto sa kanya add 1 size kayo para sure,0,1,0,1,
21,worth it yung tent gamit na gamit and mura pa but the comforter and pillow super nipis so di ko ginagamit hehe but this tent is good thank you,1,0,1,0,
22,maganda yung nabili ko thank you seller,1,0,0,1,
23,super love din sya ng anak ko ang dami nyaaa thankyou seller,0,0,0,1,
24,1010 hahah ang laki pala nya super gagamitin kasi namin to for training kaya malaki inorder namin infairness kahit walang box secure naman sya wala ding basag at may mga free sticker pa salmat shopee,1,0,0,0,
25,got it already manipis yung tela ng pambahay dress but its okay pambahay lang naman the rest okay din will try if kasya once natapos na labhan thank you,1,0,0,0,
26,sulit yung pera maganda yung square pants mahaba lang sya  pwedeng ipang lakad mas mura tlga sa shopee will order again promise,1,0,1,0,
27,thankyou seller order po uli ako pag kulang,0,0,0,1,
28,mall quality mga marekiks no need to worry buy yours na medyo mahal ngalang toh mars pero worth it namn limited stocks lang mga color nito kaya humabol kana,1,0,1,0,
29,55 thank you seller effective namn sana tumagal tong naorder ko ty kay kuya rider,0,0,0,1,
30,im not in a good mood right nowpero nung nareceive ko order komy god i feel light up sobrang liwanag nung ilaw nya and walang kulangperfect may magagamit na din ako every interview online hehehe thank you seller more good quality products to comethen i will order more,1,0,0,0,
31,working naman nagustuhan ko po hehe sa uulitin po thank you,1,0,0,0,
32,lamats po medyo matagal syang dumating pero oks lang salamat din po kay kuya na nag deliver thank you po,0,1,0,1,
33,matibay bili na kayo habang may stock pa ginalingan ng seller kudos video not related for coins only,1,0,0,1,
34,ganda ng shoes and its so comfy,1,0,0,0,
35,ganda manansakto na din naman sakit dahil di naman kasi ako masyadong blessed oorder ulit akosulit na sa pricesalamat shopee,1,0,1,0,
36,thank u thank u thank u shopee at kay seller salamat ang ganda ganda po ng tela nagustuhan ng kapatid ko po next order kosana my freebie namarami pa po ako oorderen sa shop nyu dahil marami po ang ng oorder sa akin nito salamat salamat salamat at my kua,1,0,0,1,
37,nakalimutan q na magrate anw ilang beses ko na yan nagamit maganda siya and malambot then pag suot mo di siya halata na rubber,1,0,0,0,
38,good medj manipis pero okay lang very cute i really like it thank you will order again,1,0,0,0,
39,thank you seller narecieved ko na kgad ganda nia ok na para sa price nia kasyang kasya sakin nagsesend ng pic si seller bago nia ipack,1,0,1,1,
40,10 days bago dumating to the point na local lang yung seller,0,1,0,0,
41,what you see is not what you get yung unang picture ang order ko tapos tingnan nyo naman ang dumating nakaka disappoint din talaga karamihan sa mga seller ang layo hindi naman yung mismong nasa pictures ang pinapadala nila,1,0,0,0,
42,fits me perfectly for a 32 a size ang ganda ng quality then breathable worth it for the prize very affordable thank youuuu,1,0,1,0,
43,mganda sya lalu na pag may print na kasu may ibang item na damage natutuklap sya pag tanggal ng transfer tape,1,0,0,0,
44,thank you mam kahit matagak dumating order k maganda naman ang qualitysana next time mas maaga naman kasi ngayon umabot ng 13 days bagi ko na recieve,1,1,0,0,
45,late rating po pero so far magaganda po lahat ng mga product na naedeliver saakin nagamit ko na din po yung phone ring light saka holder ang ganda po thank you seller,1,1,0,1,
46,verry good sulit pera nyo bili na thank you seller,0,0,1,1,
47,tnk u suki nko dto s store nyoora sa daughter kotwing my pera dto ako order ng undergarments nyaslmat seller and shopee god bless pountil next transaction po,0,0,1,1,
48,lagsisvdjcbndns thank you so muuuuch napaka ganda ng quality tapos ang bilis dumatiiiing will order agaaaaiiinn,1,1,0,0,
49,thank you flexible sea kaso ndi waterproof perfect parin,1,0,0,0,
50,kahapon lang siya dumating almost 1 week di ko pa natatry sana fast charger sa oppo ko  and matagal sana itong connector,1,0,0,0,
51,legit ganda ng shoes kasya sa bby ko na 16months running 2yers old n kc bbyko thanks lazada and seller,1,0,0,0,
52,good quality bilis ng shipment and super bait ni seller will order again for sure,1,1,0,1,
53,nice sound thank you seller nagustuhan ko yung item salamat exact order ang dumating oorder ako ulit for my daughter happy buyer here sana same parin sa sunod ko na order salamat,1,0,0,1,
54,all goods i received already i used alreadynice quality malambot sa paa hindi sya nakakailang suotin ill order again color white naman thanks,1,0,0,0,
55,kumpleto naman lahat ng item wala din sira magaganda lahat salamat sa seller dahil mas mura sa kanila salamat din shopee gumagana naman lahat ng item kailangan ko lang habaan review para sa coins binabasa ba to ni shopee hahaha anyways order na kayo dito magaganda mga tinda nila,1,0,1,1,
56,hindi masyado magandareasonable price,1,0,1,0,
57,worth it maganda sa personal okay naman yung quality,1,0,0,0,
58,very sensitive pang sya biglang nao off pag natouch lang tsaka nagco voice activate so nakakahiya ito sa library,1,0,0,0,
59,thank youkaso lng ang 41 ay masyadong maliit,1,0,0,0,
60,ang bilis niya dumating inorder ko siya nung march 27 and dumating agad siya march 30 ang angas niyang tignan at wala naman siyang sira nung dumating kaya goods lahat,1,1,0,0,
61,very good satisfied with the product thank you for this we will order again kasi kulang hahahaha we trust this shop good quality,1,0,0,0,
62,hi got my order ang bilis nun delivery ngayon this is my second time buying here at maayos naman at mabait ang seller definitely buy again next time salamat seller rider and shopee,0,1,0,1,
63,received order cute sya di rin sya nag leleak thank you,1,0,0,1,
64,ganda ng na order ko kaso mali ung size na ipinadala mo po maam,1,0,0,1,
65,super sealed and nice ng thumbler di ko pa na tetest kaya 4 stars lang binigay ko pag nag work siya ng mabuti i will order again kasi nagustohan ng partner ko,1,0,0,0,
66,sure order agad ako  gaganda ng item  thank you seller more orders to come,1,0,0,1,
67,good im happy na discover ko itong portable fan na ito i can use it anywhere and everywhere thank you seller and shopee,1,0,0,1,
68,very pretty po tas worth it huhuhu ang ganda,1,0,0,0,
69,dust i got from 2 beds sobrang ganda ng product na to i just noticed na parang amoy sunog habang gnagamit sya i also dont recommend using it ng matagal feeling ko magooverheat sya,1,0,0,0,
70,first time to try fake nails hopefully mailagay ko ng maayos haha thank you seller,0,0,0,1,
71,good super gnda nya guys muka ding syang matibay,1,0,0,0,
72,just received the packaged well package at mabilis naman ung shipment ng mga items complete din malambot ung tela thank you po seller,1,1,0,1,
73,i ordered size 40 pero maliit pala sya,1,0,0,0,
74,items arrived in good condition everything is well packed and the item itself has good quality yung ibang shorts medyo maalit sa size ko  but anyways will definitely order more soon thank you seller,1,0,0,0,
75,super ganda i love it thankyou so much super ganda i love it thankyou so much super ganda i love it thankyou so much super ganda i love it thankyou so much super ganda i love its,1,0,0,0,
76,very satisfied sa mga onesies bushapants socks and red hats don lang sa mga random mittens and bonnets medyo hindi ko nagustuhan yung mga designs but overall magaganda padin mga na deliver sakin thanks seller,1,0,0,0,
77,both bombshell and vanilla lace smells good legit ang long lasting hindi din cya masakit sa ilong planing to buy again if maubos kona thank you seller,1,0,0,0,
78,high it is what you see in the picture and big capacity when opened like two to three person can fit in parang matibay naman po siya medyo mabigat lang ng konti pero i like it so muchhh thank yoh seller,1,0,0,0,
79,very sturdy received ko din pang ilang order ko na sa shop na to hindi pa din ako nabibigo same quality pa din sa mura price pero nakita niyo naman sa video na may konting damage hindi manlang idouble check bago iship out suki niyo na ako dito why naman,1,0,1,1,
80,1010 see pictures for reference nagustuhan ko tlaga sya ipit nya ung tyan ko dretso pa short ung sa short banda lng di ganun ka higpit pero keri lng makapal sya good for its price medium size ako pero small kinuha ko buti nlng bili ulit ako nxt,1,0,1,0,
81,salamat seller at shoppeemaganda yung itemnagulat nga ako nung buksan kobigla na lang nag expandmukha namang matibay at wala din damagenakakatakot lang tiklupinbtw salamat po ulitganon din sa rider nq nagdedeliver kahit naulansalute,1,0,0,0,
82,finally my order has been received got these after fifteen 15 days understandable because of the typhoon it got delayed and delayed but no worries i loved the product though masikip sakin ang size 32 hehe but the quality is so so much nice in its affordable price thanks seller,1,1,1,0,
83,naka bubble wrap p po ang item bgo q n receive secured talaga walang damage worth it ang money for its price functional item thank you so much,1,0,1,0,
84,maganda siya for its price and mabilis lang rin siya dumating marami rin kayong pagpipiliang colors thanks seller,1,1,1,0,
85,1010 isa to sa mga orders ko nung dec na super tatagal dumating but umabot naman before matapos ang taon anyway the designs are cute hjndi lang kasya sa kuko ko yung pasquare na design kasi mej malapad sya so if maliit yung kuko nyo like me go for the,1,1,0,0,
86,worth the wait and price unlike the other wireless earphone i have ordered in other shops this one is definitely worth it malakas and good quality ang sound okay din ang mic mabilis lang din mag charge and i have noticed that it charges itself once put back in its,1,0,1,0,
87,very nice po thank you seller hindi nalng na picturan pero sobrang ganda,1,0,0,1,
88,good 2x na ako nag order sa shop na ito maganda matagal bago masira,1,0,0,0,
89,maganda ang quality at ang telanagustuhan ng asawa ko,1,0,0,0,
90,wireless received this in good condition maganda ang sound quality malinaw  at automatic connection once pairedthank you seller and shopee and courier for fast delivery,1,1,0,0,
91,maganda ung item lahat maayos at tama ung size and ung color worth it sa mura na hala ga may maganda na slipper ka na thank you,1,0,1,0,
92,hello po ayan na po ang order ko maganda again thank u sellersa uulitin po,1,0,0,1,
93,thank you so much po recieve kuna po super bilis dumatingok nmn cia manipis nga lang sakto lang sa price niamy magamit na ang baby kothank you seller 5stars,1,1,1,1,
94,tru po yung sa description yes po opo hehehehehehehehe,0,0,0,0,
95,maganda sya legit orig napaka ganda salamat po,1,0,0,0,
96,has scratches no manual on how to use the straw nonetheless serves its purpose pa rin,1,0,0,0,
97,okay naman ang quality for its price medyo mabigat sya hope it will last long at di agad masira perfect for the rainy season,1,0,1,0,
98,very fast transaction ordered 25 shipped 26 received 28 ang cute niya tapos yung quality is nice naman lalo na for its price my friends saw it and they thought na its real lol sa sizes lang talaga nagkakaproblem and natatanggal tanggal siya but still so excited to wear other,1,1,1,0,
99,i just received my parcel thank you seller my husband like it thanks din sa rider npakabait,0,0,0,1,
100,nakakaliit ng tyan kahit papaano buti nalang dumating bago magsunday,1,0,0,0,
101,long lasting and waterproof kelangan lang hintayin mga 1015s to make sure na nag set na sya before mo ismudge test okay naman,1,0,0,0,
102,super ganda po nya at longlasting din po salamat talaga seller at salamat din po shopee at ky kuya raider sa pag hatid,1,0,0,1,
103,maganda ung item thank u seller,1,0,0,1,
104,tnx seller everything are in good condition and mabilis na ship ni seller kaya deserb itong 5 star rating na ibibigay ko tnx,1,1,0,1,
105,lahat po ng order ko complete na dumating and lahat po magaganda worth it na po sya for its price thank you,1,1,1,0,
106,super ganda po ng tela ang lambot thank you seller,1,0,0,1,
107,ok hindi sya ganon ka bango  but still good quality,1,0,0,0,
108,order completed thank you po kumpleto po at tama po ang lahat ng kulay at size ng shoes thank thank you,1,0,0,1,
109,fast delivery well packaged item shipped immediately manipis na ang tela puede na sa price nya kasi mura nman thnx,1,1,1,0,
110,mganda quality pero manipis at maliit ang size pra sa large mukhang size small lng hindi kksya ky hubby,1,0,0,0,
111,grabe  sa dami ko ng naorder sa shopee dito lang talaga ako napahanga lahat gumagana nung una nalungkot ako kase sira yung box pero natuwa ako kase lahat ok sya  thank you s seller sa next order ulit  binase ko rin kase mga comment section bago ako,1,0,0,1,
112,ang ganda ng lipbalm promise hahahahaha oo bibili ako uli hahahahaha,1,0,0,0,
113,ang tagal dumating pero affortable talaga natin syaka matagal sya matagal kahit anong pawis mo thankyouuuu kuya rider,0,1,1,0,
114,correct color and size malapad sya kaya nde bagay sa mga payat ang paa kasi maluwag for reference im size 40 pero i ordered size 4243 and saktong sakto yung size saken though maluwag sya malambot and comfortable suotin thanks seller,1,0,0,1,
115,cute and easy to handle photo not related but it is so cute very affordable for its price high quality dalawa yung binili ko tig isa kami ng boyfriend ko so far matibay naman sya mahirap lang isara sa umpisa pero maganda naman,1,0,1,0,
116,good 2nd time to order pero unlike sa na una  hnd sya naka bubble wrap kaya may gasgas butas na din yong packaging  dhl sa pagdeliver oorder ulit ako pero sana paki bubble wrap na po,0,1,0,0,
117,saktuhan lang maganda tsaka kasing laki lang sya ng phone space saver medyo mahirap sya ibalik dahil maliit nga lang pero ok naman,1,0,0,0,
118,excellent item received in good condition ang cute pa kasi maliit lang hindi bulky pag nilagay sa bulsa ok din yung sounds nya thank you seller,1,1,0,1,
119,super ganda pati sister and mama ko nagustuhan super sulit ang price will order again,1,0,1,0,
120,received all the items in good condition useful ang battery para sa handy fan lalo na sa panahon di din matagal ang shipping maayos ang packaging at safe ang mga items thank you seller sa magandang service,1,1,0,1,
121,i love it magaganda ang mga items na nisend well packed also accommodating ang seller will definitely order again,1,0,0,1,
122,true to color im obsessed yall one of the best purchase this is so cute af ill buy again but different color thank you so much for this cutest stuff,1,0,0,0,
123,maganda po sya ganyan ka kapal tas nadedetach and attach din sya para maluwagan and masikipan overall maganda nman,1,0,0,0,
124,ang soft and napakastandard ng pagkakagawa napakalong lasting ng lip therapy na ito napakasmooth pa sa labi,1,0,0,0,
125,maganda ang product tyaka satisfied naman ako hehehe gusto ko mag order olit,1,0,0,0,
126,okay na okay ang quality for its price worth it kala mo mamahalin comfy sa paa sakto lng din ang size size 7 paa ko so i ordered 3839 ill definitely order other styles thank you,1,0,1,0,
127,so far wala pa sana magtagal kahit mura lng thank you seller,1,0,1,1,
128,the one fan got broken but i fix it already the packaging not quite good but it arrive safely nmn malakas sya thx seller,1,1,0,1,
129,wala picute kasi binigay ko na agad haha  a b c d e f g h i l o v e y o u,0,0,0,0,
130,ang ganda po ng pants hindi siya makapal hindi din manipis sakto lang ung tela malambot at komportable isuotthanks po sellershoppee and kuya na nagdeliver,1,0,0,0,
131,graby ang ganda ng design niya tas good yung sound quality walang basag,1,0,0,0,
132,thankyou sa seller natupad ung request ko na umabot ngaung araw sakto po ang dating maganda ung item buti nlng dalawa binili ko order po ulit aq nxtym salamat dun s delivery mbait po at on tym,1,1,0,1,
133,maganda xa size 8 ako sakto lng nagustohan rin ng anak ko yong isa  sana lahat ng rider may shopee pay kasi sayng yong cashback but thankyou seller,1,0,0,1,
134,maganda xa maganda xa pwede pang skulat tama lang prize nia,1,0,1,0,
135,maganda cia at sobrang lambot sa paa pang lakadat ang bilis ng pg deliver thank u sa seller at rider,1,1,0,1,
136,iba yung color ng paka orange sa picture vs sa personal pero ok lang naman cute pa rin yung orange color,1,0,0,0,
137,super safe ang itembilis dumatingrate 5stars,0,1,0,0,
138,good sorry for the super late review sobrang busy lang anyway maganda and solid naman yung tumbler nagustuhan ko ang ni mama what you see is what you get talaga thank you seller,1,0,0,1,
139,okay sya medyo naliliitan lng ako compare dun sa nabili nung friend ko but all in all maganda sya nagana and sturdy ung kanyang stand,1,0,0,0,
140,ito na ata ang pinaka the best na bluetooth earphone the best ang sounds lalo na sa pakikinig ng music at panunuod ng videos or movies ang astig din lalo na sa gaming so far ito na ata ang number one bluetooth earphone,1,0,0,0,
141,good maganda xiathank you seller,1,0,0,1,
142,maganda  as i expected from the seller thanks po,1,0,0,1,
143,good quality excellent thank you seller pangalawang bili ko na to highly recommend mga ka shoppes,1,0,0,1,
144,napakaworth it bilhin what you see is what you get talaga kaya pabudol na po kayo,1,0,1,0,
145,best guality so very usefull to use lalo na gaya ko na driver ang init supper salamt sa seller at shoppe rider godbless po ingat,1,0,0,1,
146,good wow super cute tlga sobra nagustohan ko sya sa mura hlaga my magnda kna pang ootd thank you seller and rider,1,0,1,1,
147,maganda tela nung high waist panty pero yung bra hindi ko nagustuhan malaki yung pagka form ng sa may breast tsaka manipis,1,0,0,0,
148,good nice product sana matibay ito and magtagal literal na maliit pala talaga d xa pwede sa pangmalakasan na ulan but still okay na rin,1,0,0,0,
149,good hindi ko alam pano idescribe ang fabric niya since para siyang rubber or what pero maganda naman hindi naman ako nagkaallergy or what hehe,1,0,0,0,
150,okay naman siya video not related,0,0,0,0,
151,okay lang naman kaya lang mas maganda pa rin yung may kulaythank you seller at sa nagdeliver po,1,0,0,1,
152,super effective medyo loud lang talaga ung sound at madaling uminit pero it does the job well sana mag tagal,1,0,0,0,
153,good quality and malakas sulit na sulit bibili pa ulit sa susunod,1,0,1,0,
154,thank you seller and kuya rider maganda siya at walang damages malambot sa paa mauulit ito order ako uli tnx again,1,0,0,1,
155,all goods nmn toyung box nya lng naka gusit at medyo bukas akala ko nga sira din yung item eper well good nmn pala ty po seller,1,0,0,0,
156,thank you seller dumating na order ko maganda siya sakto lang ang sukat sakin medyo makapal din tela niya,1,0,0,1,
157,maganda malambot siya suotin at maganda yung pagkakabalot thank you po seller,1,0,0,1,
158,ang cute tamang tama ang size mabilis pa maiship will definitely order again thank you seller,1,1,0,1,
159,maganda poexcited yung dalawa salamatmagagamit nila ito sa studyat online class,1,0,0,0,
160,good ganda ng quality worth it sa price thank you seller,1,0,1,1,
161,ok naman 2nd purchase ko na to pero lagi parin may kulang last time kulang ng 2pack ng face mask pero sinend naman nila sa gcash yung refund ngayon kulang nanaman ng 1pack ng mask,0,0,0,0,
162,2nd ordered kuna ito ang ganda talaga at ang mga design sosyalan very affordable pa,1,0,1,0,
163,nice maganda at maayos mga products shipped immediately well packed will order again thank you shopee,1,1,0,0,
164,this is so perfect for me for a very cheap price i will buy more next time mall price for like this is 1000 and it doesnt fit me sakto un 3xl,1,0,1,0,
165,order recievedthank you seller ilang beses na akong nakaorder sa inyo ok na ok ang quality ng mga item nyoorder ulit ako next timethank you din kay kuyang rider,1,0,0,1,
166,matibay thank you sellerd po ako nagkamali sa pag orderwala pong damage lahatmaganda lahat,1,0,0,1,
167,i love how it fits on me i dont regret buying it planning to buy more from this store sulit na sulit ang pera mo dito perfect ang length and it hugs my body love it,1,0,1,0,
168,wala po akong picture pero maganda po quality ng sandals rubber sya so maganda for rainy season hehe i will probably order again,1,0,0,0,
169,very happy pamangkin ko mura sya para sa price nya mukang mabigat pero magaan lang pala sya need lagyan ng toe box guard para di masyadong lukot at maluma agad thank you,1,0,1,0,
170,ok ang quality nagustuhan ko ginagamit ko sa apo ko kc may sipon linagyan ko ng tubig at vicks guminhawa ang paghinga nyasalamat po,1,0,0,0,
171,2nd time to order perfectly fit kasi kay hubby fast deliverythank you seller shopee and ridertill next order,1,1,0,1,
172,rubber magandaang cucute thankyou seller pinagbyan mo q sa tamang size at clorthankyouthankyoushoppee at kua rider salmt,1,0,0,1,
173,dec 17 the quality is good na for its priceee super lambot n affordable thank u so much,1,0,1,0,
174,maganda po maraming salamat magamit ko ito sa pictorial at online class napakaganda ng quality sana tumagal siya super satisfied,1,0,0,0,
175,ang gandaaaa especially the bags i love it worth it for its pricee thank you seller shopee and kuya rider follow me on my shop as well,1,0,1,1,
176,liquid eh order ako ulit pang amoy chupapi tnx,1,0,0,0,
177,super ganda ng product na to all are functioningno damage  well packaged i will surely order again,1,0,0,0,
178,about sa size na nakalagay sa description medj tama sya 23cm talaga yung size ko 36 dapat ako pero i got the 37 which is 235 naman ang insole and im glad that i made the right choice kasi ang hard at ang sturdy kasi ng shoes na,1,0,0,0,
179,ang ganda nya for a cheap price pero ang cute nya nagustuhan dn sya ng ate ko ang sarap sa paa will order again para sa hipag ko,1,0,1,0,
180,received ordered in good condition and completeno damage at allgumagana nman thank you seller,1,0,0,1,
181,hindi sya totally photochromic,1,0,0,0,
182,ang lambot niya sa paa maayos naman siyang dumating at sakto lang nung sinukat ko maraming salamat seller happy new year,1,1,0,1,
183,super thank you maayos po ung binigay kahit na naka 1deals sobrang thank you po godbless po,0,0,0,0,
184,well packed at ang ganda pa nung item may dumi yung takip tsaka hindi na matanggal pero overall ang ganda naman ang bilis pa ng pag deliver thank you so much seller,1,1,0,1,
185,its my second time to order in this shop i ordered again kasi sobrang ganda ng quality ng square pants nila super sulit sa price thank tou so much seller will order agian for sure,1,0,1,0,
186,maganda po lahat salamat po seller ang mura lang po sulit na sulit po salamat din shopee at kay kuya rider salamat po ulit,1,0,1,1,
187,napakaganda ng shoestnx po seller,1,0,0,1,
188,grabe ang ganda ng slippers it exceeds my expectation super mura pero ang ganda ang bigat pa thank you so much seller will order again grabe ang ganda ng slippers it exceeds my expectation super mura pero ang ganda ang bigat pa thank you so much seller will order again,1,0,1,0,
189,okay po ang item tas nka bubble pa doble pa ang pagkabalot okay po sya thank seller at kay shopee lalo na kay kuya rider,0,0,0,1,
190,nagexpect lang siguro ako ang alam ko sa authentic hawk parang malambot kapal si tela at pagkaalign ni pad perfect ito medyo nipis lutong pero salamat po lock in tech medyo may excess na sinulid tas un heavy duty zipper parang magbakbak,1,0,0,0,
191,very good nagamit ko na siya and sobrang cute niya wala din sira maayos super love it,1,0,0,0,
192,hi kinda disappointed sa part na kulang ng strap yung isang bra sa picture kasi dalawa yung strap tapos iisa lang yung nakarating samin overall maganda pero sana po nxt time paki check ng product hindi pa nman po sa amin yung isang bra na walang strap pero thank you,0,0,0,1,
193,nagamit na namin kaso maitim na siya bili nalang ulit ako next time thanks,1,0,0,0,
194,fast delivery thqnk u seller and rider will order again,0,1,0,1,
195,nakalimutan ko picturan kasi binigay ko agad sa pinag regaluhan ko pero mga dzai pa budol na kayo dito super goods ng quality  super laki i think kasya hanggang 13 years old haha basta malaki siya na ang ganda,1,0,0,0,
196,two days lang dumating na agad ang ganda niyaaa tama yung color at size maganda yung quality di mainit sa feeling tsaka comfortable talaga siya sakto yung size sakin kahit 410 lang ako perfect sa mga petite thank you so much seller shopee and rider,1,1,0,1,
197,wateryoily omggg its so bangooo swearrr nitry ko sya then its been 19hrs na pero hanggang ngayon amoy ko padin syaaa ang bango nya talagaaaa buy na kayoo,1,0,0,0,
198,super ganda ng tela nya dahil cotton fabric sya ang sarap suoten dahil malambot sa katawan thank you so much shopee thank you seller  courier,1,0,0,1,
199,very good maganda po lahat ng na order ko thank you,1,0,0,0,
200,sounds and bass is an 710 but better sya sa mga buds na natry ko na nakukulangan lang ako sa bass sana lang pwede palitan yung language when changing from music mode to game mode and vise versa di ko na kasi alam if nakagame mode na ba yung buds,1,0,0,0,
201,subra ganda ng quality thank you so much di po ako mag sisi subra ganda ng quality  order na po ako ulit,1,0,0,1,
202,excuse sa paa kong dirty npakaganda ng quality at okay din ung fit nya sa paa ko lakas mga shala nung slippers love it so much,1,0,0,0,
203,gamit ko rigth now yung ring light ang ganda ng quality well packanged walang damage yung box gar3b sobra sobra sa bubble wrap hahaha thank you seller all in all 55,1,0,0,1,
204,grabeee i saved alot of money i dont usually rate products pero eto deseervee3 super kaamoy nya yung original wala akomg masabi muntik na ako bumili ng original pero i said na try ko ito and didnt disappoint thankyouu seller,1,0,1,1,
205,anggg kyuttt nyaaa po excited nakong suotin tenchuuu,1,0,0,0,
206,always in good quality mabait po si seller  sana double or tripple check lang sa orders para tugma lahat  nakipag coordinate naman c seller well order parin nman po  thank you,1,0,0,1,
207,910 thanks po cute ang ang mabango po siya ok lahat ng dumating isa lang na video han ko kinuha agad nila,1,0,0,0,
208,super ganda huhu  sorry late rate medyo busy eh hihi bibili ako ulit kase kulang thanks selleeeer,1,0,0,0,
209,maangas yung kulay satisfied true collors makapal parang muka lang ng kapitbahay hahahahhahhahahhahahhahahhahahahhahahahhahahhahah all goods,1,0,0,0,
210,saktong sakto saken di ako nag add size kaso ang luwag pa din nung mga line line sana magtagal ang nipis niya lang kung mag aadd size kayo much better kaso maluwag talaga yung mga line niya,1,0,0,0,
211,ndi sya ariana grande cloud amoy nya yung so in love ng bench disappointed ako,1,0,0,0,
212,10 maganda nagustohan ng hubby ko madali dalahin kasi slim lang sya stay hydrated ganda pa ng kulay will order again,1,0,0,0,
213,thank you po seller and shopee ganda ng quality ng umbrella and medyo maliit yung umbrella but ok namn kase pang 1 tao lng tlga hahaha,1,0,0,1,
214,thank you so much seller for being honest and trustworthy items delivered complete and in good condition godspeed to your business just right lang yung fit niya and hindi uncomfortable yung pagsinuot na,1,1,0,1,
215,idk yet lets see kung tatagal nga sya hopefully overall i love the product and for sure bibili ulit ako since pati yung mom ko nag papabili din,1,0,0,0,
216,items shipped immediately super wellpackaged ang daming bubble wrap excellent quality will order again,0,1,0,0,
217,second time order ko na po and again ang ganda ng quality nung tumbler okay din yung spoon n fork set hehehehe thanksssss,1,0,0,0,
218,okay yung items walang damage at maganda packaging nya thank you seller yung picture not related for coins only,1,0,0,1,
219,oilyyy my favoriteeeee if u like sweet scents and just fresh powdery scent and expensive go buy this one kahit na sa malayo ka maaamoy ka nila hahahahah,1,0,1,0,
220,nice come with box ang ganda nya and very comfortablecute ng colorsmall qualitythank you so much sellergod bless you im happy,1,0,0,1,
221,it was definitely worth it akala ko may missing parts pero wala complete lahat and maayos di din maluwag yung lalagyan ng phone and ring light,1,0,1,0,
222,cute its really good for usb fan like it thank you seller as well as shopee,1,0,0,1,
223,mabango pero not long lasting mabilis din nadeliver thank you,1,1,0,0,
224,maganda ung tela nung jogging pants makapal ok din ang tahi maayos sya sakto lng din sya sakin will order again next sale thank you seller,1,0,0,1,
225,mali yung shade na dumating sakin  dapat color maroon at red eyy pero parehas red ang dumating pero ang ganda naman  mali nga lang,1,1,0,0,
226,i ordered hm i received bench im still grateful kasi mura naman,0,0,1,0,
227,810 maganda naman sya sa price nya sakto lang din ung size 40 sakin di pwedeng lagyan ng insole lalo na kung 5 or 6cm ung insole d kakayanin mga 3cm lang pwede about sa appearance nya feel ko isang kalmot lng ng pusa ko gasgas agad ingatan nalang siguro,1,0,1,0,
228,ang cuteeee lalo ko naexcite mejj nakulangan lang ako sa pillow head parang ang tipid pero all in all good condition naman maganda sadyang sa pillowhead lang talaga,1,0,0,0,
229,got my order sobrang ganda nya i love the quality of this product worth the price super nakakatuwa ambilis din nadeliver hihi thank you seller will order again,1,1,1,1,
230,maganda ang tela,1,0,0,0,
231,ang ganda and very light and good for a very tiny bag,1,0,0,0,
232,verygood sana lang magtagalamabilis sya magpainit ng tubig nagustuhan ng asawa kosorry late na yung pag rate ko sa item kasi gusto ko muna subukan bago mag rate,1,1,0,0,
233,received very nice thank you ginamit ko siya sa table ko,1,0,0,1,
234,1010 rate ko hindi ko pa po nagagamit  thankyou kay kuya driver kahit na umuulan dineliver po niya,0,1,0,1,
235,sakto lang sya thanks seller and rider well packaged,0,0,0,1,
236,okay sya gusto ko talaga ng di malaki para kasya sa bag fast delivery and complete delivery thanks seller,0,1,0,1,
237,good just recieved my item and i like it medyo maliit pero ok lng thank you kay seller,1,0,0,1,
238,the product arrived in good condition maganda po and mura wala naman stains or so whatever kaya goods na goods thank you,1,0,1,0,
239,sobrang ganda uulit ulit thank you so much,1,0,0,0,
240,my order is green but black ang dumating,0,1,0,0,
241,ang gandaaaaaaaa kumpleto at tama lahat ng design ganda din ng packaging and yung fake nails na walang box nakabubble wrap lang sya walang plastik pero meron pala nakahiwalay lang pala yung 4 plastik nya ang kulet nagreresponse din si seller thankyooooou will order again,1,0,0,1,
242,okay for the price the quality is good wala naman damage yung narecieve ko okay na din siya kumpleto naman yung binigay sakin ng seller sana nexttime ganun ulit,1,0,1,1,
243,maayosa ang packaginglegit ang productmalaki sa ineexpect mesalamat sa kindness ng store owner at delivery mamrecommended ko potry ninyo po sa ibang bibili,1,1,0,1,
244,i bought it for my friend kaya di ako napag pic pero na try ko sya at super smooth sya gamitin i recommend it sa mga digital artist talaga,1,0,0,0,
245,narecieve ko agad ang bilis tlga process ng jnt tska ni seller kaso yon facemask kulay white lng png boy yon pinili ko eh pero dumating plain n whitepero okay nmn lhat well package,1,1,0,0,
246,ok nman pink order ko pero prang red sya in person ok na din bsta safe sa lamok or ibang insekto ang baby apo ko,1,0,0,0,
247,photo and video not related di ko n alam kung nakailang order n ako dito sobrang sulit kasi at napakaganda ng quality,1,0,1,0,
248,okay naman muka naman matibay thankyou seller mas maganda sa personal,1,0,0,1,
249,pan tatlo ko ng order to thanks kay seller shala ng umbrella ko,1,0,0,1,
250,great natanggal agad yung brush dun sa brow tapos yung liner may moment na buobuo yung ink although matagal naman matanggal and smudge proof sila yung mascra hassle matuyo so need mo talga tumapat sa efan after,1,0,0,0,
251,okay naman sya although i still have to observe kung effective sya as shown in the video napansin ko lang is kahit hndi naka timer may certain time namamatay sya,1,0,0,0,
252,ang ganda ng kulambo grabeee thank you po sa pa freebiessss na walong mittens ang bongga talaga,1,0,0,1,
253,its actually good but the mic has a problem its nice i can hear the music clearly but the problem is the mic all you can hear is the sound from the little buttons of the mic and it sounds like a knock,1,0,0,0,
254,ordered 2222 delivered 2422 super bilis ng ng shipment legit ang product maganda ang material,1,1,0,0,
255,rose gold maganda sya at mabilis ma deliver,1,1,0,0,
256,sa may mga balak kumuha niyo kuha na po kayo dahil dipu kayo magsisi dahil napaka ganda ng quality at ang linaw ng boses na marinig mo,1,0,0,0,
257,very good ang ganda ng item parang matibay din hindi ako nagsisisi sa pagpili nito well recommend to all  actually i bought also my sister thank shopee thank you also seller god bless your business,1,0,0,1,
258,ganda po lahat ng quality ng tshirt meron nga lang dumi yung iba pero okay lang sana sa susunod wala na thank you so much po,1,0,0,0,
259,ang gaganda tlga lahat 2nd order kona nito ee at mukang gusto kona ata bilhin lahat ng kulay haha salamat seller tama lahat lage pinadadala mo tamang size tamang kulay the best tlga un shop na ito di man sila ng sesend ng pic bago iship out un order mo,1,0,0,1,
260,thank you po dumating na po napaka ganda po ng boxer shorts,1,0,0,0,
261,wet mura lang din namandati na rin akong bumibili nito kasi mura lang talagathank you seller,0,0,1,1,
262,im very disappointed hays saglit lang magagamit dahol bitak agad yung gilid,1,0,0,0,
263,wala akong masabi kudos sa seller sana tumagal yun item malinaw yun sounds thanks seller and kuya rider,1,0,0,1,
264,plastic ideal gift for christmas product is good and made of plastic the stickers are cute i a straw for smaller kids,1,0,0,0,
265,sobrang gandaaaaaaaa size 6 ako at sakto sya sa akin will complete all colors excited ako kumpletuhin sya thank you ulit seller super suki nyo na ako bekenemen ahahaha,1,0,0,1,
266,good quality ang ganda at verry nice din ng tunog,1,0,0,0,
267,my 3rd time to order on this shop ang ganda talaga ng slipper na to ang lambot sa paa affordable pa and ang ganda ng fit sa paa,1,0,1,0,
268,thank you so much po sellerpina order lng po skinsana magustuhan ng tita kopara kc hindi mukang purple eehehe,1,0,0,1,
269,maganda sya same ung texture sa ibang wipes na mabibili sa mall thank you seller will order again abcdefghijklmnopqrstuvwxyz,1,0,0,1,
270,good quality material walang plastic na packaging yung item maganda yung tela will update my ratings kung fit ba or hindi matagal yung delivery,1,0,0,0,
271,ang ganda lahat ng order at ang bilis dumating nagustohan din ng anak ko salamat seller and salamat shopee pati kay kuya rider,0,1,0,1,
272,super bilis idiniliver 2 days bicol area pa ako binilin ko lang si seller na need maishipped agad totoo nga dumating sa tamang oras salamat po and godbless,0,1,0,1,
273,100 good condition salamat kay seller ang ganda ng sapatos sakto lang sa baby ko my allowance na konti para magamit nya pa ng matagal at thanks kay kuya rider ang baet pa i order again,1,1,0,1,
274,order received and maayos naman kasya sakin may mga sinulid lang na hindi maayos na gupit  and pwede namang ako na lang mag gupit so no major damage or issue at all,1,0,0,0,
275,as usual all items are complete and quality i love them that i placed another batch of order thank you dc collection and shopee sana manalo ko sa shopee milyonaryo ty den sa freebie,1,0,0,0,
276,gumagana naman sya kinabahan ako nung una kase di gumagana mali lang pala pagkakabit ko nung ano hahahahahaah thnks po,1,0,0,0,
277,may gas gas lng ng kunti but overall good naman lightweight sya pwede na thanks,1,0,0,0,
278,dumating n ung order q at buti gumagana kc dumating cra ung cartoon nya,1,0,0,0,
279,ganda po matibay kaysa sa mga ibang payong maraming salamat po god bless,1,0,0,0,
280,good product for its price mabilis malowbat yung case parang isang charge lang ng earphones,1,0,1,0,
281,nakabubble wrap naman safe ung parcel walang sticker ung isa  saka kala korin kasama ung mga ibang 3d design like ung nka lagay sa post,1,0,0,0,
282,great hindi siya white na white may pagkablue gray tint siya mukhang maganda naman at sana matagalang gamitan ito haha fast delivery and i am happy with my purchase thank you may weight siya pero keri lang,1,1,0,0,
283,ok nman gumagana lahat pro wrong color pnadala white inorder q pro pink ung dumating,1,1,0,0,
284,ganda napaka ganda naman talaga consider the price goods na na goods may voucher pa na free shipping atleast,1,0,1,0,
285,yeheeyy thank u so much seller complete items parin nakuha ko highly recommended talaga itong shop na to thank u u din kuya rider dahil bait talaga nila,0,0,0,1,
286,maganda po tsaka kung oorder po kayo make sure na malaklaki ang size,1,0,0,0,
287,true ang ganda subrang nagustuhan ko order ulit ako next time,1,0,0,0,
288,super nice talaga ang quality ng diaper nato ang bait bait pa po ng seller thankyou so much sir at sa pa freebies po sana wag napo tataas ang presyo dahil super worth it po talaga ng product nato alhamdulillah for having aa seller like him na super understanding,1,0,1,1,
289,maganda po sya nagustuhan po ng asawa ko at anak ko thanks seller sulit nmn po satisfied po kmi thanks din sa delivery rider,1,0,1,1,
290,bilis maship di ko na sya napicturean kasi umalis ako nga bahay kanina pagbalik ko pinagkukuha na nila yung item complete item naman lagi ako naorder sa shop na toh ang ganda ng quality very accomodating seller sila i will surely buy again,1,1,0,1,
291,nice thank u seller at kay kuya delivery will buy again 3 binili ko at binigay ko na sa pamangkin at cousin ko matt naman ang sunod ko bilhin,0,0,0,1,
292,910 ganda ng boots i think hindi talaga siya pang everyday use dahil sa itsura niya but i hope magtagal siya sakin thank you po seller will surely buy again in this store 3 3 3,1,0,0,1,
293,comfortable to wearvery accomodating si seller ngsend sya ng poc bago e ship outdefinitely will order again soon,0,0,0,1,
294,mild gets powdery scent as it dries packaging is 1110 nakabubble wrap siya then nakabox wala rin na leak very sosyal din ng bottle nagsesend din muna ng product bago iship si seller thank u poo,1,0,0,1,
295,sakto sa presyo tamang tama tag lamig ngayon dito sa north bumili ako in case of emergency kahit walang sipon si baby pero sana di siya sipunin,0,0,1,0,
296,mabilis siya dumating di lang ganun kaganda quality since manipis siya madali mabend and di siya stainless pero expected naman sa mababang price and nagagawa pa rin naman nya ang purpose nya so okay pa rin and worth it pa rin bilhin thank you po seller,1,1,1,0,
297,may pang birthday gift na ako sa pamangkin namin sana magustuhan nakakahiya naman sa tatay nyang singkit char lang happy 23rd birthday thank you inspi thank you kuya rider and courier of shopee express delivery salamat shopee,0,0,0,1,
298,ang ganda ng bra tama ang color at size na bnigay ni seller berygood talaga i will order again another color 34 lang size ko knuha ko 36 pero sakto lang sya sakin,1,0,0,1,
299,september 27 item shipped immediately and wellpackaged okay lang naman siya kahit sira sira yung karton kaso pang regalo kasi kaya dapat maayos,0,1,0,0,
300,super duper ganda ng fake nails nagustuhan ng cousin ko i will order again thanks seller for this cute stuff god bless po,1,0,0,1,
301,white ang cute kasyang kasya sa baby ko thank you so much seller klaseng mauulitan check out ko ulit ung isa sana maganda din,1,0,0,1,
302,nice ang ganda po solid legit hawk bag ang bilis din ng delivery o order ulit ako sa susunod thank you so much,1,1,0,1,
303,mabango thank you po pag deliver ok nman dumating sa akin safe,1,1,0,0,
304,maganda syaaa tyaka ambait ng taga dilever ty muchh,1,0,0,1,
305,ang cute nang items na recieve kuna po maamsir may sirah po dalawa eh sana po e check nyu ang items kung walang damage,1,0,0,0,
306,wow ang ganda ng quality nito super sakto sa mga gamers like me grabe feeling ko professional gamer na ako kapag gamit ko to tapos yung latency niya grabe super satisfied ako nakakatuwa sulit na sulit ang bayad ko ang bait pa ni seller at super responsive din maraming salamat,1,0,1,1,
307,my orders are completeit was well packaged and shipped immediately as possible kahit may ecqnagchat muna si seller nago palitan ng color ang isang item which is a good practicemy kid loves the training thumbler,1,1,0,1,
308,good ok nmn ung tablet gumagana meron lang konting damage sa ibba mkkta sa pang 4 na pics sna na check muna mabuti bago na ship out ni seller sbrang tgal dn sa courrier pa 4days na bago pa ndeliver sna lang tumagal to anyway slamat pa dn,1,1,0,1,
309,mahina ilaw ng charger lightyon lang problema so far so good maganda naman sya kasi pangalawang order kuna to para sa kapatid ko malinaw speaker matagal malowbat 56hours bawat isaso good thank you,1,0,0,0,
310,mabilis nakarating sakin nakailang order na rin ako sa shop na to trusted na,0,1,0,0,
311,i am satisfied ang ganda nang slippers maganda kulay at quality thank you,1,0,0,0,
312,nice wow thank u so much seller sobrang ganda nila and di ko expect na malaki pala yung moon hay thank u will order again,1,0,0,1,
313,worth ang pera maayos ang mini electric fan sealed packaging parcel arrived safe seller is accommodating kind rider thankyou,1,0,1,1,
314,maganda po at may quality parang matibay salamat po,1,0,0,0,
315,pen is nice and working fine sa tab and phone ko pero may jitter pag sa chromebook ko all is well and ok na din kesa wala super tagal din dumation pero ok padin kasi umabot naman bago mag karon ng pasok will buy again,1,1,0,0,
316,thank you po nang marami godbless po complete po lahat orders ko,0,0,0,0,
317,okay sya maganda at sakto lang i will order again,1,0,0,0,
318,maganda yung item wala akong masabi photo not related pero maganda ang tinda tsaka affordable sya thanks seller bibili ako ulit sa susunod,1,0,1,1,
319,may pagka cloud and sweet like candy syaa omg love ittt,1,0,0,0,
320,thank you very much seller for this nagustuhan siya ng tita ko at katrabaho niya ang issue lang ang pag identify ng sizes wala kasi naka indicate sa product i hope na ma improve po ang mga flaws niyo god bless you po,1,0,0,1,
321,maganda yung product worth it,1,0,0,0,
322,thank you seller heheh sorry kng natagalan sa pag rate 5starkau sken good quality nman ung products na naisend nyo saken and k kua rider thanks ang bait mopo god bless and ill order again soon,1,0,0,1,
323,perfect for hydration motivation complete orders and tama lahat ng kulay  very appreciated po god bless not the actual vid and photo but assure you this is the right store you were looking for this kind of order,1,0,0,0,
324,matibay maganda and classy hindi nakakasugat ng paa very accommodating si seller salamat po pasensya sa late review,1,0,0,1,
325,good mabilis yung pagdating ng order hehe next time dito ulit ako oorder true to size talaga,1,1,0,0,
326,glossy maganda po siya quality den pero maliit lang siya kaya pala mura but maganda siya sa lips and tips lang wag gaano kapalan ang pag lalagay kasi matapang ako color,1,0,1,0,
327,ok namn po mbilis din po ndiliver,0,1,0,0,
328,good maganda syasakto sa loob ng bahay ginagamit namin ilw kapag matutulog naminamasaya ang mga jonakis bili na kayogood quality ang product ni seller worth it to buy,1,0,1,0,
329,the seller is good and the items its nice but just i dont like the smells of clothes its like na nakulob na damit and just a little wet so confuse if its new or notanyways thanks for fast transaction,1,0,0,1,
330,rubber outsole tnx seller good quality namn at matibay order ulit ako ibang color nmn tnx dn kuya driver,1,0,0,0,
331,very excellent product for filipinos,1,0,0,0,
332,perfect true to sizemag oorder ako ulit sobrabg nagustuhan ko and napka afford,1,0,1,0,
333,sakto lang for its price,0,0,1,0,
334,ang ganda relaxing sya no need ng lamp sa gabi ang ganda talaga may choices pa ng kulay thank you seller all working oati yung remote thankyou thankyou thankyou,1,0,0,1,
335,disappointed lang kasi iba naman pinadala na order ko kung wala sana huwag na lang palitan or bago sana palitan ng ibang item pwede naman magtanong if ok para walang negative feedback hindi yung basta na din lang makabenta ang mga tindera naman sana eh maging sensible hindi yung walang,0,1,0,1,
336,maganda po ang tela nya panregalo ko ito sa pasko nag iipon na ako eh hahahahaha thank you so much shopeee and seller,1,0,0,0,
337,ang laki pala worth the price thanks seller  order kami ulit para sa mga kiddos,1,0,1,0,
338,its cute comfy xa suotin at malambot true to size din po ung sizing nia no need to adjust tama din kulay pinadala ni seller sayang nag order ndin sna ako ibng kulay sulit po thank u seller ambilis din dumating buy na kau ganda xa promise,1,1,0,1,
339,wonderful sobrang ganda magugustuhan ng bf ku 2 thank you so much seller will order again gift for my little sistah,1,0,0,1,
340,ok naman sia akala ko nd sia kasya kc nung nkita ko mejo mlaki ung cup nung sinukat ko sakto lng nilabhan kona try ko suotin bukas kung conpi sa katawan pag maganda i will order again hehe di lng isa hehehe,1,0,0,0,
341,thankyou po sa uulitin,0,0,0,0,
342,suitable for outings quality for a lower price dito na ulit ako bili sulit kesa sa mamahalin natutuklap dn,1,0,1,0,
343,very cheap pero it serves its purpose maganda at mukhang matibay malakas din ang light medyo nagtitilt lang yung light pag mabigat yung phone pero maganda parin sya,1,0,1,0,
344,malakas unghangin kumpara s neck fan thankyou seller tama ung order n npdla sna tumagal1 lng inorder ko kase nag order ako 3 s ibang shop kase order un skn kaso kulang ng 1 pinadla niseller kya nagtry aq dto 1 lng muna para sure n d mlokosna next order,1,0,0,1,
345,best shop 2nd order ko sa shop na to ang bait ng seller very accommodating tlgang shinip nya kagad at nagfollow up sa courier thank you seller your da best till next transaction again im glad i found your shop tnk u din sa shoppee express buti po naship nyo,0,1,0,1,
346,thank you po seller po ang ganda po ng heater very conveniet po gamitin,1,0,0,1,
347,got my order yesterday fast delivery dahil next week pa talaga sya gagamitin hopefully bumagay sya sa daliri ng sister ko thank you seller shopee at kay rider,0,1,0,1,
348,although alang konek sa binili ko kc naibigay ko na bgo ko pa mapicturansana ok xah at magtagalthank youok nmn xahfast deliverysana lng magtagalthank youok nmn xahfast deliverysana lng magtagalthank youok nmn xahfast deliverysana lng magtagalthank youok nmn xah,0,1,0,0,
349,ok naman as of now walang defect at maayos na nagagamit love the color thanks po,1,0,0,0,
350,the product works great medyo natakot lang kami nung dumating kasi yupi yupi yung kahon pero noong binuksan naman namin ay wala naman damage we havent tested the solar panel yet,1,1,0,0,
351,matubig at mabasa okay na okay para sa baby po will surely order again kasi mabenta dito sa amin ung wipes un sold out,1,0,0,0,
352,very happy po kasi maingat na naideliver ngayon kahit na kahapon ko lang naorder maraming salamat po seller at sa nagdeliver din god bless po,0,1,0,1,
353,super bilis ng delivery as in pag ka order ko the night before kinabukasan delivered na mabait yung seller and pinakita muna yung product maganda yung pants and sakto lng talaga sakin,1,1,0,1,
354,maayos naman yung order kong dumating walang sira at ang gaganda din nang quality okay sya sa presyo niya yung tent net for baby ang ganda akala ko maliit lang pero ang laki pala,1,0,1,0,
355,will surely buy again sa shop nato kompleto lahat ng items saka mabilis dumating nacancel lanh ung isang order ko before kase d na bumalik kinabukasan ung nagdedeliver pero anyways goods lahat,0,1,0,0,
356,sulit maganda nagustuhan ng kapatid ko definitely will buy again thank you seller satisfied customer here,1,0,0,0,
357,sira yung isang pares parang 2nd hand yung binigay sa akin,1,0,0,0,
358,6pcs orders complete sakto lahat walng kulng nasunod ung mga kulay no damage thank you seller,1,0,0,0,
359,i ordered pink pero orange dumatingdissapointed ako na d nasunod ung order ko but the product is in good condition nmn ok na sa price nya atleast hindi sira at pwedemagamit still ill give 5 star kc importante ung magagamit ko nmn thank u seller,1,0,1,1,
360,1010 salamat shopee salamat seller kudos kay rider ganda ng item mura na shala pa gusto ko ito pwede sya sa malapad ang paa,1,0,1,0,
361,item was shipped promptly and received well mukhang maayos naman yung pajamas with zippers sa gilid havent really checked as they need to go to the laundry thanks seller,1,1,0,0,
362,ang cucute po tsaka makaapal ang tela,1,0,0,0,
363,super worth it yung binayad ko tama din yung size na dumating saakin and comfy suotin will order again next time,1,0,1,0,
364,100 ganda po bagay kay baby kahit ano porma nag adjust lang din ako ng size thanks seller,1,0,0,0,
365,yeeey got it its my 2nd time to order here super bango at ang ganda talaga ng product will order again thank you,1,0,0,0,
366,910 maganda pa sa jowa mo solid affordable price maganda legit,1,0,1,0,
367,sobrang ganda ng item na to order na kayo guys promise tanggal kati,1,0,0,0,
368,thankyou so much seller sa uulitin gustong gusto ko po yung white eheheh,1,0,0,1,
369,super comfy nya nagustuhan ng husband ko thankyou seller,1,0,0,0,
370,ok sya pantulogkung panlabasadvice is yong dark color,1,0,0,0,
371,wala akong masabi sobrang ganda ng kulay at quality,1,0,0,0,
372,wellpackaged yung items maganda yung quality niya at napaka comfy niya very affordable din siya thank you seller,1,0,1,1,
373,thank you po sa sellerbilis lang dumating at maganda po yung tila ng jogging pants nagustohan ko po tlagasalamat sa rider po god bless,1,1,0,1,
374,maliit sya pero maganda napaka affordable po nya,1,0,1,0,
375,white color ang order ko pero brown ang dumating pero okay lang maganda naman ang quality swak sa budget hehe thankyou seller,1,0,1,0,
376,wasting of money ambilis ma lowbat ilang segundo lang namamatay wag kayo mag aksaya ng oras dito bumili,1,0,0,0,
377,maganda sya kasya lang sa anak ko kaya 5 star kayo sakin thank you din po kay seller at kay kuyang rider,1,0,0,1,
378,ok what you see is what you get thank you seller mura na maganda pa 2nd order konato thank you,1,0,1,0,
379,thank you seller for the fast shipping nagustuhan ng mga pinagbigyan  well packaged,0,1,0,0,
380,secured i likeee itt thank u sm,0,0,0,0,
381,my mom liked it okay din surface niya hindi siya madulas like nun previous kong naorder mas okay siya if you have the tendecy na mabilis kang maglose ng grip thank you will purchase again,1,0,0,0,
382,just add one size up to your true size mabilis ang deliver dumating agad kinabukasan,0,1,0,0,
383,satified ako sa na order ko maganda cya magagmit ko talaga kng mag blackout dito sa amin well recommended talaga tsaka oorder ako ulit next time,1,0,0,0,
384,good hello potnx po ung payong po maganda like ko po cialove it ganda niamy magagamit na ako kc naguulan ehsana lng tumagalng masubukan ung tibay ng payong na totnx po,1,0,0,0,
385,hindi ko na mabilang kung ilan beses ako umorder sa shop na to super long lasting i swear,1,0,0,0,
386,receive items complete ty seller sa uulitinnn ty seller much appreciatedrecomended seller godblessssssss po,0,0,0,1,
387,thank you seller nkadating nadin kahit matagal na dumating dahil kay bagyong odette  items is in good condition kahit na isang pack lang mabuti nalang maayos na dumating at hindi basa  sakto saktong lang sa akin  thanks seller i think i will order again,1,1,0,1,
388,10 i received the parcel perfectly ang bilis po makarating sana madami pa kayong customer and i order this shop again,0,1,0,0,
389,same lng nmn ung inorder ko color dun sa first purchase ko pero nung dinikit ko na sa wall hindi sya off white literal na white kaya ayun mgkaiba tuloy tignan sa wall anyway goods pa din nmn,1,0,0,0,
390,ok naman yung item sakto din sa kalan sana lang talaga na nakakatipid sya sa gasul lalo na ngaun pamahal ng pamahal ang gasul subra na,1,0,1,0,
391,medyo naiinep ako konte  pero okay namang yung item kaso sinagad ko na sa 38 medyo hapit paden sakin maliit lang yung sizes nya  pero maganda at legit namn sya  hndi lang para sakin yung sukat nya  thankyou po shoppee and seller,1,0,0,0,
392,thank you so much kakareceive ko lang ngayon first time na umorder sa shop na to sana magtagal yung payong mukha naman matibay,1,0,0,0,
393,ang ganda first time ko mag karoon ng sarili hair straightener  nagustuhan ko ng sobra thankyouverymuch kay seller iupdate ako before iship,1,0,0,1,
394,ang cute  3 times naku umorder yun lang,1,0,0,0,
395,order ko 15 tapos dating ngayon 16 hahahahha real quick talaga  thank you po seller maayos naman mga jogger panay tama size ndi ko lang na check ng maigi at inaantok na ako pang gabi kasi sa work anyway thank you,1,1,0,0,
396,maganda sya mabait pa si kuya na nag dediver thankyou next time ulit,1,0,0,1,
397,nakakatuwa sya may kalaro na yung pusa namin wish ko lang na magtagal  good job seller buy again para sa in laws,1,0,0,0,
398,soft ang rubber shoes maganda talaga yung white rubber shoes mejo malaki lang sa baby girl ko yung sandals naman rubber sya malaki yung naorder ko para anak ko din n 3 yrs old pero ayos naman thank you seller more buyers to come,1,0,0,0,
399,why is it look like it is used but ok hahahaha nice qua la na magawa d2 na e,1,0,0,0,
400,sulit na sulit ang lip balm na toh mura pero ang ganda mabilis din dumating highly recommended,1,1,1,0,
401,ayus ang ganda malambot ung plane color pero ung stripes makati ok parin naman,1,0,0,0,
402,ang bilis 2nd order na po oks nmn mga quality sana mgtagal thanks,1,1,0,0,
403,maliit pala siya kahit 36a na siya dapat pla nag 36b nlang kinuha ko pero di bale oorder nlang ulit ako ng ibang size thank you kase mabilis naman ung deliver,1,1,0,0,
404,maganda naman quality nya overall though goods namn ang product,1,0,0,0,
405,the items are complete shipped out immediately and order ko ng 1111 1113 dumating na thank youuu this is so fast komportable gamitin at soft ang tela,1,1,0,0,
406,mukha namang matibay well sana nga tumagal sya unang actual site ko pa lang nagustuhan ko oorder ako ulit nito,1,0,0,0,
407,maganda naman yung product naka bubble wrap pa naka package din siya ng ma ayos sana lang tumagal yung product though manipis siya pero ok naman din thank you,1,0,0,0,
408,its so niceeeeeee the quality is really good for its priceeee ambilis din po ng delivery i really really like ittttttt im so happy with this purchase,1,1,1,0,
409,fast charger po talaga siya i have no photos pinalipas ko muna ng ilang araw bago ako nag rate for this seller good job sana all ganito na nagtitinda maganda talaga performance tong fast charger god bless,1,0,0,1,
410,y naman ganon hindi nanaman 2l ang dumating tapos black gray kulay then pink dumating nakakainis na dina ako ulit oorder dito,0,1,0,0,
411,malakas cya humigop read a lot of reviews so far ok mga reviews nabasa ko will surely recomend it thank you sa mga reviews,1,0,0,0,
412,dina na picture nung my order nagamit na okay naman daw salamat kay seller at kay mamang courier,0,0,0,1,
413,good maganda siya mas nagustuhan ko ng mahawakan ko na ang tela highly recommended to all other buyers,1,0,0,0,
414,super good maganda ung product highly recommend at di madaling ma lowbat nice very nice specially sa price nya worth it,1,0,1,0,
415,matibay naman mga pandikit wag lang lagi babasain thanks seller its my 2nd time maganda gamitin sakto din sa nails ko marami kc sizes di ko lang gusto ung tip design na isa r175 mahaba masyado di bagay sa kuko ko akala ko magkakasize mga kinuha ko mahaba pala ung,1,0,0,0,
416,walang binili maayos siya kala namin di gumagana ng una but you have to soak the whole cotton sa water with essential oil that youre using maangas hundred percent amoy peppermint room namin,1,0,0,0,
417,maganda sya pangalawang order ko na nalate lang rate ko thank you po sa magandang parcel,0,0,0,0,
418,maganda naman sya halatang low class perocwhat more can i ask for the price ok na sya sa price nya maganda sa paa mukhang sosyal,1,0,1,0,
419,overall a nice quality product sana lang tumagal,1,0,0,0,
420,solid tong shop na tooo hindi lang 2nd time na order too  sukii na ako dto kaya wag na kayong mga hanap ng iba  dito na sulit nag bags slippers etc thankyou seller at sa mabait kong delivery riderrr,1,0,0,1,
421,quick delivery 2 days receiced agad after order complete order will order again soon for personal use and for my pet salamat sa seller thanks din sa delivery rider,0,1,0,1,
422,good ok si seller nagsend muna ng picture bago iship ok naman mga products yung electric fan maliit lng pla talaga super handy at talagang pambata or baby pero ok nama medyo may amoy lang din ang electric fan sana hindi makaapekto s healthso far all goods naman thanks seller,1,0,0,1,
423,thank you sellerreceive the item in good condition and its workingworth itsana tumagalilove it,1,0,0,0,
424,thankyou so much maganda mali lang ako siguro ng selsct ng inches kasi maliit pero thankyou mabilis na ideliver,1,1,0,0,
425,maganda at gumagana naman well package,1,0,0,0,
426,ang gandaa nya kayo naangat sya pag nataaas kamayy,1,0,0,0,
427,ang gandaaaa salamat shopee and salamat sa rider na kahit ma ulan nag de deliver pa din so any way ang ganda supper love ko kase sa payat ko walang nag kakasya sakin na huk bra kaya eto mga mare maganda manipis lng sya and di sya mainit isuot tas,1,0,0,0,
428,very good ganda ng sapatoswhat you see is what you getcomfy sya sa paaang bait din ni kuya ridersalamat poh,1,0,0,1,
429,good maganda syakaso may something color sa design nya thanks seller,1,0,0,1,
430,sobrang ganda makapal ang tela hnd mainit salamt seller and kay kuyang rider,1,0,0,0,
431,ganda ng quality naka ziplock pa each bra totally worth it correct colors din natanggap ko thank you so much seller,1,0,0,0,
432,ang ganda ng bag good quality,1,0,0,0,
433,1010 easy to assemble and very comfy worth the wait kahit super tagal dumating dahil sa holidays pero super nice mabigat siya nung nareceieve ko but kung gagamitin yung bag if super okey and handy naman siya at manageable ang bigat so far i so love the productt must have,1,1,0,0,
434,nice thank you seller nakita ko lang to sa kaibigan ko eh dahil maganda sya di bumili na ko baka pag nakita din to ng ate ko bumili din sya hahaha,1,0,0,0,
435,good maganda po makapl sulit naman po pagaantay ng ilang araw what u see is what u get order po ulit ako sa sunod salamt seller at ky kuya rider,1,0,0,1,
436,sealed yung package at gumana naman agad sya sana magtagal naman thanks seller,1,0,0,0,
437,durable naman nag doubt talaga ako nung una kasi baka di sya gumana pero napakaganda nung product hindi basag yung sounds tapos nag lalast sya for an hour and i think tatagal naman yung batt life nya kasi di ko pa sya na ddrain maliit lang sya tapos pag suot,1,0,0,0,
438,maganda po  thank you maayos at maingat po ang pag kakabalot,0,0,0,0,
439,second time to order this slides ganda talaga pwede din isuot pang labas thank you and god bless to this shop,1,0,0,0,
440,6 hindi ganon kabango expected for its price well packaged thank you seller,1,1,1,0,
441,100 thsnk you so much seller napalaganda sobra what you see is what you get talaga thank you ng marami muah god bless,1,0,0,0,
442,grabe first time ko maamaze ng sobra sa lahat ng inorder ko sa shopee this one was so worth to buy napakaganda ng quality parang sa mall binili ang bilis din ng delivery oct 10 ko inorder oct 12 received agad advice ko lang is mag add kayo ng 1,1,1,0,0,
443,black i really like this boots correct sizing and sobrang gaan lang mura pa kaya bet na bet pang ootd lang sya not applicable sa daily used but still thanks seller,1,0,1,0,
444,so much joy for the order of mine pangatlong order kna to at maganda sya nagustuhan ng mga pamangkin ko at mura p masarap at malambot s paa sakto p ang size at design dahil jan five star bigay ko s inyo good job,1,0,1,0,
445,napaka effective ng footmask na nibili ko dito salamat seller and kuya rider,1,0,0,1,
446,malakas ung hangin nya tuwang tuwa ung anak koand fast ung shipment kakacheck out ko lng kahapon ng madaling araw dumating na today,1,1,0,0,
447,cotton worth the price maganda din kulay niya at parang magtatagal din naman  overall ok po siya mabilis lng din dumating order ko,1,1,1,0,
448,2nd order ko na to nasira kasi kaagad ung 1 kong binili mabigat din ung payong siguro dahil 10 ribs sya ok naman for its price mabilis din ang delivery,1,1,1,0,
449,1010 ang ganda at ang mura no need bumili ng mamahalin maganda ang tumbler sakto ang dating kc baunan ng anak ko ito face to face class thanks tried nmin iniwan sa loob ng box ng motor sa parking lot maghapon from 8am to 5pm amazing ung yelo nya ang,1,0,1,0,
450,black maayos naman sskto din anh size super affordable din kaua sulit na sulit mabilis din dumating at nakapack maayos,1,1,1,0,
451,10 thankz shoppee seller very useful ni bebe gamit nia for school,0,0,0,1,
452,thank you shoppee dumating na yung inorder ko super ganda ng product niyo at satiesfied costumer here salamat po hindi pa matagal ideliver yun nga lang same ang kulay pero salamat parin diko kasi alam kung pano mag select ng ibang kulay pano poba good quality and good job,1,1,0,0,
453,good maganda at malambot  sakto s anak methanks seller and god bless your store,1,0,0,1,
454,maganda yung charger fast charger tlga sya sana tumagal thank you din pala kay seller at kay kuya rider na nagdeliver oshsisb,1,0,0,1,
455,tagal deliver  at buti nalang kung ano inorder ko ganon din dumating mmmm,0,1,0,0,
456,audio works finemalakas sya finally dumating din sya sa wakas hahahawaited for a week to receive it pero worth to wait namandi lang masyadong fit yung takip nung case mejo natatanggal syad ko pa nachecheck kung gano sya katagal bago malowbatpero hopefully will last a bit,1,1,0,0,
457,leather ang ganda super it doesnt look cheap at all ingat lang talaga sa paggamit naka box pa siya and its comfortable to wear what you see is what you get talaga will buy again here in this shop disregard the photos,1,0,0,0,
458,super duper cuteee ng mga fake nailll this is my second time ordering here and hindi ako na disappoint mabilis din dumating i recommend this shop,1,1,0,0,
459,grabeeee hahahaha wala bang 3xl 2xl kasi ang pinakamalaki kaya yun na ang naorder ko pero ang ganda nya thank you seller thank you kuya rider,1,0,0,0,
460,ayos sumusulat naman berigud mabilis dumating saka sumusulat naman siya ng maayos sa yellow paper goods goods,1,1,0,0,
461,maliit which is perfect para sakin kasi masikip na bag ko plus malakas pa medyo sensitive lang pero good quality,1,0,0,0,
462,isa pa lang nabibili ko but im liking it so far ito ginagamit ng friend ko kaya napabili din ako kasi maganda and matibay siya kahit iwashing machine or idryer although hindi talaga dapat ganoon ang way to wash bras but still okay pa din ang quality right color and,1,0,0,0,
463,malambot  sobrang comfy sa paa  add 1 size,1,0,0,0,
464,mabilis nadeliver 3 inorder ko walang charger yung isamalakas hangin mabilis nga lang malobat,1,1,0,0,
465,thank you ang ganda nya sa personal,1,0,0,0,
466,ang ganda ng kulay mas muted ang beige in actual pero maganda kasi nagcocomplement sila ng navy blue color mabilis nakarating ang order,1,1,0,0,
467,good quality complete and no damage nasunod lahat ng size highly recommended thank you so much kay seller and kay kuya rider,1,0,0,1,
468,soper love it talaga pangalawa konang bili dito gusto ko lahat publima lang yong damit one month lang siguro magagamit ng 2 month baby ko tama naman ang size 3to6 month piro yong damit pabg one month lang na baby or 2 months,1,0,0,0,
469,10 wowwwww ang ganda at malambot super legit 100legit na legit,1,0,0,0,
470,item shipped fast packaging was very nice no damage at all every color is workingalso the remote brightnes can be adjusted happy customer here sana magtagal,1,1,0,0,
471,maganda sya and super comfy isuot,1,0,0,0,
472,nagustohan nang anak ko salamat s seller s nag deliver salamat din,0,0,0,1,
473,good maganda xia sa lips thank u seller at kay kuya n ng deliver super bait order po uli ako sa sunod,1,0,0,1,
474,2nd time to order this sandals super comfy daw sabi ng mga customer ko maganda din sha at mkhang matibay sha yung bag sosyalin ang dating maliit lng tlaga salamat sa libreng socks will definitely order again suki,1,0,0,0,
475,according to purpose may photo sana ako iaupload kaso laging error connection sayang yung points anyways maganda yung payong sulit siya sa price niya buti na lang di plastic yung sa folding part niya mabilis din dumating,1,1,1,0,
476,good nice item nagustuhan naman ng anak ko thank you my gasgas sya or diko alam if ano yun parang dikit din ng mighty bond,1,0,0,0,
477,effective sya at makapit sana mag tagal sya kasi mukha namang quality yung item at maganda din mabilis din ship nya thanks po,1,1,0,0,
478,ganda bagay sa outfit ko first time ko magboots and okay naman ang experience magaan sa paa sundin niyo lang yung size niyo talaga,1,0,0,0,
479,soft sobrang ganda ng tela niya affordable din bilhin  bili na din po sa kanila thank you ng marami,1,0,1,0,
480,good kararating lng di ko pa sya natty kasi wala battery sana effective at matagal gamitin thanks seller  kay kuya rider,1,0,0,1,
481,1010 good job po kay seller ang quality at magada ung product worth it and highly recommended this products,1,0,0,1,
482,very good salamat po wala naman syang yupi or any damage hindi sira ang products kaya bibili ulit ako sa susunod thank you matagal din expiration date,1,0,0,0,
483,na received ko na po yung item all goods naman po wla namn syang sira bigyan ko ng 5star kasi ang bilis nya lang din dumating tas ang bilis lang din mag reply nung seller kaya thank you sa shop na toh,0,1,0,1,
484,good sorry for the late rating complete at maganda po yung mga products may unting damage lang sa gilid ng strap ng platform sandal pero ok lang ginawan ko na lang ng paraan thank you po,1,0,0,0,
485,all items are worth unsenting unsent sa store kay super duper ganda para sa sarili na mismo hahhahaha ang gaga da ng lahat,1,0,0,0,
486,worth it kompleto lahatta try ko palang yung sabon at may effect oorder nalang ulitthank you ke seller at kuya rider,1,0,0,1,
487,maganda sana kaya lang dalawa ang d gumagana un blue and pink sana naman bago kayo mag deliver testing po muna sayang pera,1,0,1,0,
488,mabilis ang shipping at maayos ang packaging maayos at walang damage ang item wala din problema na na encounter during the transaction,0,1,0,0,
489,first time umorder kay seller and sulit yung quality ng item sa price nya presko sa balat yung tela thank you din sa fast delivery,1,1,1,0,
490,goods order received maganda po at gumagana nmn po thank you po seller,1,0,0,0,
491,no smell hindi ko pa na try at maliit lng pala pero okay lang sana maganda tung gamitin excited na ako edit ko to if tested ko na,1,0,0,0,
492,sovrang ganda ng quality will order again,1,0,0,0,
493,2nd order ko na and sobrang bait ni seller mabilis ang din maship and ofc solid talaga quality,1,1,0,1,
494,at first akala namin hindi gumagana un pala need tanggalin ung plastic sa battery okay po sya maganda and mabilis ang deliver pangeload,1,1,0,0,
495,thank seller wala pong damage yung ring light nung dumating highly recommend po sya dito din po kasi bumili yung pinsan ko,1,0,0,0,
496,good ok nman xa wag lng masyado mag expect  naaayon lng po ang presyo sa quality piro hndi kna lugi nito promise,1,0,1,0,
497,good ok po sya magandatama ang size sa anak ko po yan trinay ko lng hehe same po sa original na adidassayang lng nasira na ung sa anak ko kaya yan nlng muna hehethank you kay seller nagrespond sa chat,1,0,0,1,
498,all goods naman received exact orders but yung slippers lang yung di ko nagustuhan because of its quality medyo gusot and then yung style itself,1,0,0,0,
499,gandaaaa ng bags and slippers kung ano sa pictures ganom na ganon din sa personal good condition lahat di ko lang napicturaaan,1,0,0,0,
500,nice nice nice thank yow ng marami pows hehehehe okay na okay order ulit ako pag may pera nah oh skyflakes muna kayu na receive ko na item tinamad ako magpic ng parcel ko hehe tagal kasi nag orange ng order reciv pero thanks pa rin hehe oh yea sna,0,1,0,0,
501,thank you shopee subrang ganda po lahat ng item may isang medyas na namali ung kulay pero keri lang kasi maganda naman ung pinalit,1,0,0,0,
502,smoothhhhhhhhhhhh ang cute ng brown mga bebs hahahahahah pero dapat pala ng nagblack nalang akooo jusmiyooo pero its okay kasi maganda naman,1,0,0,0,
503,ang ganda niya pati na rin aq,1,0,0,0,
504,ang ganda po lalo na yung kulay itim ang bilis pong dumating ng order ko thank you seller for your good service,1,1,0,1,
505,ok yong square pants pasado sa quality at mura thank you thank you thank,1,0,1,0,
506,ang ganda inenjoy agad ni baby at hindi scam yung mattress ang laki din nito kasya kahit 12yrs old na baby highly recommended,1,0,0,0,
507,great napaka ganda at cute ng mga items so far working naman ung bluetooth device kaya ayos thanks seller,1,0,0,1,
508,good no damage naman lahat yung payong na naorder q 4pcs lahat xa 3 pcs na lng na pic qnabenta q na kc isatama lahat ng colormukhang matibay xa maganda ang quality ng payongorder po ulit ako sa shop na itothank you seller ang kuya rider,1,0,0,1,
509,hindi sya ganun ka kapal pero good na sya sa price nya tysm seller pero dalawa order ko iisang item lang nareceive kakadissapoint lang hassles lang pera,1,0,1,0,
510,good cute niya working siya ginamit ko na agad medyo mahirap lang tanggalin un usb madali ilagay pero medyo mahirap alisin ok naman salamat,1,0,0,0,
511,fast transaction seller sent photo before ship out mabango talaga siya gaya nung dati naming pabango masasabi ko namang long lasting ung amoy maayos at safe tlaga ung packaging niya nakaseal pa bawat bottle at may free pang pouch kaya sulit na sulit sa shop na to thank you til,1,0,0,1,
512,nice and exact color kya lang ang tagal bago dumating,1,1,0,0,
513,1010 maganda madikit and kung ano nasa pic ganun din sya sa personal kaso hindi pala sya ganun kahaba hahahahaha but still satisfied client parin sa quality,1,0,0,0,
514,excellent maganda yung product pangyayamanin pwdeng pang aurahan fast delivery din overall 5 good job salamat seller,1,1,0,1,
515,natutuwa ako dito ang cute tama lang ang size at may takip di ko pa nagamit received it in good condition naman,1,0,0,0,
516,ang cute na gustohan ng anak ko thank you shoppe at kay kua rider good quality kaya 5 star ang ibibigay ko,1,0,0,0,
517,aaaaaaccccckkkkk aaaaang gandaaaaaa sulit n sulit may magagamit na akong for my school works hihi ang bait din ng rider love it,0,0,0,1,
518,2 yung inorder ko 1 white and 1 green working parehas however yung green medyo mahina ang hangin sa left side over sa right side maganda na din naman may 3 level ng lakas sana matagal ang duration kapag ginamit,1,0,0,0,
519,maganda i love the quality pag nasira bili ulit ako ganda po gamitin smooth at gumagana both rubber points want more actually,1,0,0,0,
520,thank you po nakakatuwa kasi nabili ko lang po siya ng 75 nung flash deal okay naman po quality maganda thank you seller at shopee,1,0,1,1,
521,ayan ganda niya kaso kulang binili ko hahaha so definitely ill buy again gusto kolang kasi sa kwarto e white lang ang wall and ayos naman it exceeds my expectation,1,0,0,0,
522,9 out of 10 although parang headphone okay naman sya sa wind output nya like a breeze however hindi damay yung batok akala ko may fan din sa dulo wala pala sa side lang naghahangin goods parin naman packaging is fair enough pero im assuming na chineck talaga ang product,1,0,0,0,
523,thank youuu maganda makapal yung telaaaa very affordable paa responsive din si seller godbless alwayss,1,0,1,1,
524,nice product working ang earbuds fullcharge din sya nung ginamit ko sakto sa ears ko di sya nalalaglag  thankyou seller,1,0,0,1,
525,very nice product manipis lang pad niya pero keri naman kasi pambahay lang very comfortable pag nasuot hindi masikip or mainit sa balat will order again next time thank you shoppee seller at sa rider,1,0,0,0,
526,ok nmn at mganda ang quality of this shoes s uulitin po recommend it to the others and dahil jan five star bigay ko s inyo sa rider good job po,1,0,0,0,
527,good the quality is fine and it takes 2 days to be delivered but its totally understandable naman naka bubble wrap din yung product safe siya,1,1,0,0,
528,nagustuhan ng mother ko sana lang tumagal yung phone thank you,1,0,0,0,
529,maganda po nagustuhan ng pinsan ko good quality wellpackaged item shipped immediately thank you god bless you all,1,1,0,0,
530,liquidy okay naman po sya nakakahaba ng lashes pero hindi sya pampakapal pero pampahaba lang oki for everyday look if light make up lang para hindi bongga eye look easy to apply din sa lower lash,1,0,0,0,
531,nice product kaso matagal lang dumating thnks seller,1,1,0,0,
532,ive been using hawk bag super tagal na and now binili ko naman kapatid ko for his schooling ang ganda pa din ng quality,1,0,0,0,
533,ganda nya sobraaaaa gustong gusto ko ung quality nya d sya ung malambot thank you will order again,1,0,0,0,
534,first time will be using gomo hope it is true to its words hope it will last up to thirty days though i have a problem with the delivering service it transports very slow,0,1,0,0,
535,very good nasubukan ko na sya gamitin pag kadeliver nagselfie agad akomaganda,1,0,0,0,
536,marun super ganda nya ang bilis pa ng deliver thank u seller na gustohan ko po ovder oko ulit next time,1,1,0,0,
537,10010 mura lang po niya at ang cute po thank u,1,0,1,0,
538,working yung item malakas din yung hangin sana tumagal thanks seller,1,0,0,0,
539,soft and thick kahit mas maliit kumpara sa ibang brand useful na pamunas para sa mg furbabies ko di rin madali matuyo sa lagayan,1,0,0,0,
540,the pen works on my laptop and phone sulit naman sa price nya,1,0,1,0,
541,good thanks seller for accomodating my order so far so good the product hope mag tagal syathanks till next order again,1,0,0,1,
542,good quality thank you seller di mo ako bingo sobrang ganda pangalawang order ko na to,1,0,0,1,
543,ayos naman stretchable stretchable and comfy pag suot hindi lang hard ang pag yakap nya sa bilbil at tyan pero ishishape nya yung belly to waist kaya good na goodsrecommended buy na kay seller 5 stars po,1,0,0,0,
544,ok maayos dumating ang item kahit sira ang box d nmn nasira ang fanmy mggmit na anak ko sa school,1,1,0,0,
545,1010 thank you shopee seller and kay kuya nagdeliver sorry late ratings at video is not related god bless this shop,0,1,0,0,
546,maganda lahat sumakto lahat ng size sakin di kakapalan pero sakto lang para sa price sulit na bili ulit ako sayo next time,1,0,1,0,
547,thank you seller and shopee ang ganda and complete items po tsaka ang bilis dumating ng parcel,1,1,0,0,
548,complete orders all items are in good condition worth the price lahat ng binili ko super fast delivery no damage and super i like it thank you seller and kudos to this shop,1,1,1,0,
549,1010 space saver umbrella pra sa tamad magdala ng payong hahaha ganda nito lagi nako may dalang payong,1,0,0,0,
550,very good ang ganda ng shoes sobra  gustong gusto ng baby ko walang damage,1,0,0,0,
551,10 ang ganda ng product at walng sira,1,0,0,0,
552,good legit po salamat seller at sa shopee,0,0,0,1,
553,none order ako ng 7pcs na 5meters 5pcs lang yung gumana pero okey naman siya usefull padin na disapoint lang ako,1,0,0,0,
554,maganda siya lahat pwde dn palitan ung foam kaya okmejo manipis lng ung tela nia and foam pero super not bad for the pricelove it,1,0,1,0,
555,111521 kala ko nung una maliit lang pro foldable kasi anlaki palamanipis lang pro i think good for its price nmanseller is responsive dinthank you seller,1,0,1,1,
556,legit sulit sa bayad free shipping pa highly recommended amazing legit na legit free shipping nd highly recommended sulit na sulit ang bayad thank you pows,0,0,1,0,
557,okay naman yung items maganda good quality naka ilang ulit na rin akong umoorder dito sa shop na to thank you shopee at kay seller,1,0,0,1,
558,legit mura na at maganda talaga talagang nakakahigop sya ng dumi maganda kung bumili na rin kayo ng extra filters para sure malaking tulong ang mga deerma products,1,0,1,0,
559,subrang ganda nya nakaka comfy dumagdag pa iyung mag che change sya ng color double purpose talaga,1,0,0,0,
560,1010 thank you po ang ganda ng design cute dn sya dipa nmin na used hope magtagal yung tumbler samin nagustuhan ng kapatid kokala namin yung freebie is brush di pla para ipit ng balot ng plastic sya hahah,1,0,0,0,
561,ang bongga super ganda lakas makasosyal hindi aakalain na mura lang sya nashipped din agad thank you seller will buy again,1,1,1,0,
562,mid pwede na sya gamtn sa room na mala oven kaso mabilis malowbat ung 2nd speed nya hanggang 45mins lang lowbat na balak ko pag eksperementuhan nalang palitan ko ng quality battery para mas long lasting mabilis sya dumating wala pang 48 hrs dumating na,1,1,0,0,
563,nice quality may stain lng yung mouse pad mabilis din delivery thanka po,1,1,0,0,
564,bango nya secured na secured pa siya sa box highly recommended shop thank you so much kay seller na responsive  bait,1,0,0,1,
565,ang ganda naman nia magaang pa sarap sa paa  mura pa sia sna tumagal thanks seller and rider,1,0,1,0,
566,very cool lehitimo po itothis is legitsobrang ganda ng product cute din at kung ano nasa picture yun makukuha motama lahat ng descriptiondi ako bot kahit visit mo pa acc kopara sa mga praning,1,0,0,0,
567,berry berry good safe at no damage napaka ganda kinabahan ako kala ko sira tanga lang pala ko gumamit kala ko kasi titi bait ng nagdeliver ang sarap sharrr,1,0,0,0,
568,very very nice like it at malambot sa paa pwede sa mahabang lakaran dahil hindi k kakalyuhin kung ito ang shoes na isuot mo,1,0,0,0,
569,maganda xa kaya lang d kaparehas nung isa kong order na indoor outdoor yung pinadala pinagdugtong ko magkaiba ng kulay,1,0,0,0,
570,ok nmn lahat ng items sulit pagkakabili repeat order na to ilanv beses na ko nabili kay seller pakicheck po nxt time completeness before delivery tnx,1,0,1,0,
571,thank you ang ganda po,1,0,0,0,
572,1010 i love it po okey po siya for its price maganda siya for indoor saka outdoor din worth it for its price,1,0,1,0,
573,superb thank you so much seller i ordered it yesterday lang super bilis ni seller magship out keep it up recommended shop affordable yet elegant,1,1,1,0,
574,ang ganda nya saka ang balot ok sya very safety mabilis ang delivery yong seller na responded pag nagtxt ka sa kanya complete accessories na din xaang galing ng heater kc automatic nag adjust ang temperature hindi muna kailangan mag pindot ng pindotlegit ang sellerang cute nya sana tumagalthank you,1,1,0,1,
575,okay na sana kaya lang wrong design naman yung pinadala next time kung hindi available ung design mag pm muna kayo  hindi yung kayo magdedecide kaya nga may choices kasi choice namin yun tapos kung ano lng isesend nyo,0,1,0,1,
576,very satisfy kahit medyo nagtagal ang delivery ok naman walang damage maayos ang pagka pack salamat seller sa rider at shopee,0,1,0,1,
577,ang ganda ng water bottle thermosvaccum gustong gusto ng anak kong baunan nya for school ngayon matetesting kung wala leak sayang wala lng handle but its ok may lalagyan nman sa knapsack nya thank you so much thanks seller,1,0,0,0,
578,1010 gandaaaa ng quality order ulit ako,1,0,0,0,
579,super cute loved the quality damage box pero walang damage ang item gumagana may ilaw at malakas ang fan need lng icharge,1,0,0,0,
580,good maganda naman sya kaya lang matigas ang pindutan haayy anyways salamat na rin ky rider kc may malakas ang ulan naideliver pa din nya next time po seller pakicheck ang items nyu bago kayo mgsend salamat,1,1,0,0,
581,sira ung item ng dumating dapat b4 i ship i double check nyo muna sayang ung pera hay ncu,1,0,0,0,
582,2nd time order satisfied customer here gustong gsto ng anak ko thankyou seller and the rider nxtime ulit,0,0,0,0,
583,all good ang bango ty seller,1,0,0,0,
584,isa ako sa mga nabudol ng tiktok hahahahaso far maayos naman sya and malaki din pala yung size nya overall working naman sana tumagal thanks seller,1,0,0,0,
585,great quality i managed my expectations kasi naisip ko mura pero pag dating grabe ang ganda for its price will definitely buy again,1,0,1,0,
586,kasyang kasya lng sakin yung isa nga isinuot ko na agadso exitd kcmura nga pero ok ciawalang wireito kc gusto kong brastanx order ako ulit,1,0,1,0,
587,maganda nman kaso cra lahat ng box panregalo pa naman but still thank you xe lahat gumagana yhank you seller,1,0,0,0,
588,plastic goods na goods malambot sa paa and tamang tama yung size kaso parang luma yung dunating sakin kasi may crack sa may gilid gilid sana tumagal siya thankyouuuu sa mabilis na transaction ilang araw lang andito na agad gulat si aketch wala pa mandin ako nakatabi na pangbayad,1,1,0,0,
589,1010 very affordable and super worth it nung nalobat akala ko di siya mag cha charge pag sinaksak kasi sa charger di mo malalaman kung nag cha charge ba o hindi ehh  pero nung tinry kong paandarin ulit umandar naman salamat shoppee,1,0,1,0,
590,maganda ang telagood qualitynag mesege din si sellerwill order again,1,0,0,1,
591,ang ganda legit na legit and highly recommended siya mga vebs thankyouu,1,0,0,0,
592,a happy satisfied buyer here completo sya pati usb cord maganda din ang ikot ng fan nya all in all good investment sya for a cheap price i will recommend it to everybody money worthy ang product keep up the good work,1,0,1,0,
593,buti na lng 1 size larger kinuha ko sakto tnx seller,1,0,0,0,
594,salamat seller sori sa pic tinamad nko kunin sa baba maganda pero ndi ko pa xa natry edit ko na lang review ko pag na try ko na salamat again,1,0,0,0,
595,ok sya kaso nkakalito kylngan ko buksan lahat para makita yung kulay thank you napaka ayos ng pag ka pack,0,0,0,0,
596,legit order na kayo ang ganda nakakainlove hehehehe bili na kayo,1,0,0,0,
597,parang hindi to kasya sa boyfriend ng mama ko kasi maliit lang pala yung size nya kahit xl na ang inorder namin pero ok nman cya malambot isuot salamat pa din seller at sa shopee at sa delivery man sa uulitin,1,0,0,0,
598,dumating agad ang order ko maganda cya mukhang matibay naman salamat seller at shoppe lalo na ky kuya rider napakabait maraming salamat god bless,1,1,0,1,
599,thank you shoppee and seller ang ganda nagagamit ng anak ko school mejo mainit kasi room nila maayos pagkaka pack walang damage mabilis dumating 5 star po sa inyo order ulet ako susunod,1,1,0,0,
600,i really love this push up bra it fits on my small breast  maganda ung padding kasi makapal at push up talaga ang maliit mong boobs  very satisfied with the product,1,0,0,0,
601,ang bango bango ang bango bango ng pabango hahahahahahhaahahha thank u shopee thank you sa shop will recommend this to my friendsss,1,0,0,1,
602,complete itemno damageeeee will order againnnnnnn salamat shopeeeeeeeeeeeeeesalamat sellerrrrrrrrrrrr,1,0,0,1,
603,very nice napakaganda nya super bikis din dumating  oorder kami ulit sana tamang size ulit ipadala ni seller thank you so much po  sure lahat ng bata dito sa bahay oorderan namin ng shoes dito sa shop nyo looking forward po sa magndang items sa susunod na mga,1,1,0,1,
604,in this picture i am using the ring light and i love how my pics really good because of the light of the ring light thank you seller for the nice packaging and i received it in a good condition salamat shopee,1,1,0,1,
605,maganda quality manipis pero presko daw sa balat sabi ng nagsuot pang plus size talaga hindi mali ang sizing nila sundin niyo ung tamang size ng waistline niyo meron silang reference,1,0,0,0,
606,maganda po sya tas pag short girl ka taatangkad ka sa white na shoea haha ang taas parang may takong charis good quality lahat,1,0,0,0,
607,ayos yung payong sana tumagal mabilis naman naship sakto lang sya sa maliit na bag and may uv pa sya mahirap nga lang tiklupin kasi pa flat sya hindi pabilog pero oks lang yun at least payong pa rin haha salamat seller,1,1,0,1,
608,ordered feb 28 delivered mar 10 una ko binili last year yung vacuum since lapit na ko mag ka baby naisip ko need ko nito para sa bed namin feeling ko lang di ganun kalakas suction pero dami pa din naman nakuha,1,1,0,0,
609,10000010 photos and videos are not relatedfor coins purposes onlymaganda yung product na wallpaper,1,0,0,0,
610,thank you very much seller and god bless you po super sulit pera ko po sa order sainyo worth it na worth it talaga ang quality super gandaaaa secured na secured talaga ang packaging kaya walang basag or gasgassafe ang item nanadeliver saakin kung oorder man ko ulit ng mga,1,1,1,1,
611,order received ambilis ng product dumating at ang gandaaa nga quality i will buy again soon,1,1,0,0,
612,grabe what you see is what you get we really love this purchase for our litol one malaki and ang ganda ng quality i super dooper love the vibrance if the color thank you seller and delivery rider,1,1,0,1,
613,99 supeerrrrr nice pero parang manipis nayung tela pero so far so good naman no more rants na kasi dina masasauli hahahhaahha ty seller,1,0,0,1,
614,for one person bastat maganda haha kasya sa bulsa ko,1,0,0,0,
615,received my parcel in good condition yesterday now lang na rate kasi try muna lahat and working naman po thank you seller received my parcel in good condition yesterday now lang na rate kasi try muna lahat and working naman po thank you seller,0,1,0,1,
616,maganda yung quality ng bra well packed rin maayos yung plastic susyal nka ziplock pa mabilis rin na deliver sakin thumbs up,1,1,0,0,
617,maganda ang kapal ng tela sa uulitin po thank ypu seller and sa nag deliver na si kuyang mabait hebehehhehehehehhehehhebebeb sb,1,0,0,1,
618,ok peru mali unq pinadala  kita naman s pic  grey anq dumatinq  anq order kuh greenpurple  but its ok,0,1,0,0,
619,good ang ganda bagay n bagay sa baby girl q size 26 sakto lng sa paa nya 1year6month thanks seler maayos pka package,1,0,0,1,
620,all goods na all goods balot na balot at mura at mabilis na deliver salamat seller sa uulitin po,0,1,1,1,
621,ok po ung item kaso nga lng 3 earpods ung dumating same color pa ahaha pero ok po worth it naman ung mga item may isa sira nga lng order po ako ulit sana hnd madoble ung mga item salamat po,1,0,0,0,
622,okay namn yung item kaso yung box ng nipple tape hindi maayos nung dumating over all okay naman thank you seller thank you shoppe,0,1,0,1,
623,sobra happy ko sa tankless water heater na ito mura na at may mga libreng freebees  tulad ng breaker para sa circuit protection may control valve pa para sa daloy ng tubig  palabas man at papasok sa water heater na tohigh quality na  mura pa salamat dito,1,0,1,0,
624,hindi ko pa sya ntatry and i hope gumagana nmn thank you seller sa mga item na bngay mosobrang ngustuhan ko talaga kaya may mga inorder ulit ako sa shop mo,1,0,0,1,
625,rubber ito nagustuhan ko po ito kasi matibay talaga ito at fit rin sa paang kong malaki heheheheh,1,0,0,0,
626,quality is good for the price i guess medyo natagalan nga lang ng ship out si maam seller it took 3 days for the ship out in all its good a satisfied customer here,0,1,1,1,
627,nice ang ganda ng product malambot yong tela nagustuhan ng anak kodi kayo magsisisi at ang bilis dumating inorder ko nong monday dumating wednesdayat ang bait ni kuya ng nagdeliverthank you,1,1,0,1,
628,ok naman ung tela nya at tamang tama lang din pang trabaho sulit narin ung pricemore sales sellertama lahat ng kulay,1,1,1,0,
629,i cant really describe how happy i am rn it arrive this december 31st dapat kase 3 pa sya ng january also what you see is what you get talagaaa super suliittttt dont mind the pics and videos lol,0,1,0,0,
630,ok mali ung isang kulay ng payong sana kht pink flower ndin bsta pink white kc pindaladumihin para studyante,0,1,0,0,
631,its main reason is to get dust only hindi siya nakakakuha ng pieces like ung cat food alikabok at balihibo ng pusa which is the main reason i got it,1,0,0,0,
632,pink and violet maganda cya  good quality,1,0,0,0,
633,thank you very much po ganda nung item,1,0,0,0,
634,ganda nung item safe siyang nakauwi sakin,1,1,0,0,
635,kulang ba to or di lang ako marunong mag set upand yung packaging parang straight kinuha sa basurahan,0,0,0,0,
636,100 ay naku apakaganda nmn ng lahat ng inorder ko kaya tinatlo ko na ahahah thank you sa shop nto mukha namang matibay gustong gusto ko ung pink ang cutie kasi thank you seller more sales to come,1,0,0,1,
637,good ang bait ni seller nagkamali ako ng order nagmessge ako kng pwede palitan ang bilis ng reply nila ang bili pa ng shipping hindi nkakapagsisi na omorder ako sa shop na to i highly recommended this shop super bait,0,1,0,1,
638,so disappointed sira sira ung box nung item wala man lang bubble rap,0,0,0,0,
639,maganda ang quality hopefully tumagal sya,1,0,0,0,
640,super ganda ng qualitythe item has arrived in good condition and complete set sya what you see in the picture is what you get good thing ang tagal nya malobat 3hrs na nagagamit hindi parin sya nalolobat super satisfied tlga ako sa inorder ko sulit ung bayadthankyoupo legitselleranditem,1,1,1,1,
641,hindi na to mystery box pareparehas lang nadating e puro pikachu na mouse pad hahahahahhaha anyways oks naman sa price dahil ng discount,1,0,1,0,
642,its ok for price pangit sobra ang white na ngangamoy sunog pero yung pink maganda,1,0,1,0,
643,magandaaaaaaaaaaaaa magandaaaaaaaaaaaaa magandaaaaaaaaaaaaa maganda nice quality tsaka mura lang maganda nice quality tsaka mura lang,1,0,1,0,
644,maganda at super bilis ng shipmentsuper nagustohan ko kasi hindi late ang pag sulat nya unlike sa ibang nabili kosatisfied and happy sa nabili ko worth it talagasalamat seller keep it up,1,1,1,1,
645,ganda ganda ng texture though nagmukha lalo akong flat chested comfortable naman parang wala lang hindi sya push up bra at hindi rin pang heavy work para lang hindi halata yung breast at ok kung mading gawain kasi walang wire,1,0,0,0,
646,ang bilis uminit pero fast charger naman be careful lang pahingahin kapag sobrang init na talaga thank you seller,1,0,0,0,
647,maganda matagal dumating peroo worth it naman dahil maganda yung performance okay lahat,1,1,1,0,
648,maganda and good quality delivery on time kaso yong picture pinagsama sama ng pinag bigyan ko para sa baby nya salamat po seller,1,1,0,1,
649,manipis ang tela pero goods naman btw 6 pieces yan although 5 lang ang nasa pic,1,0,0,0,
650,omg thank you so much i finally received my order i immediately use it after i received it because i am really excited to use it i also dont have any problem with the packaging because it is well secured probably i will order again,0,1,0,0,
651,akala ko nung una mahina pero ok naman pala thank you seller kasi well packed and walang damage,1,0,0,1,
652,all goods angas nito thank you seller at rider ambilis mag deliver,0,1,0,1,
653,maayos ang packaging secure ang item looks durable naman sana effective sya at magamit ng matagal lastly affordable ang price,1,0,1,0,
654,okay lang okay naman sya maganda quality sulit ang bayad,1,0,1,0,
655,great performance onikuma is already a brand that i really trust i bought this for my boyfriend and he loved it so much and super ganda ng tunog niya as expected from onikuma,1,0,0,0,
656,good legit super nagustohan ng bagets ko ayaw na hubarin thank you seller will order again soon,1,0,0,0,
657,good ang bango po talaga nalaman ko lang to from my classmate kasi ang bango niya lagi and longlasting talaga,1,0,0,0,
658,too strong compared sa ibang ag cloud inspired perfume packaging was superb,1,0,0,0,
659,super sulit legit 24hrs na malamig pa din tubig sa loobvery satisfying,1,0,1,0,
660,im usually a size 38 pero payat at mahaba yung hinlalaki ko so i choose size 4041 nalang pero kung palapad paa mo go ka sa 3839 hehe thanks seller will order again,1,0,0,0,
661,good quality sya at the same time comfy din sya sa paa ko perfect din yung size dahil malaki paa ko at saktong sakto talaga i recommended it to others and lll buy again thank you seller,1,0,0,0,
662,the product and quantity was good the seller were so kind actually the delivery okay lang well packaged pagdating too,1,1,0,1,
663,satistified legit talaga supeer cute niya sobrang bilis lang din ng shipment sobrang nakaka satisfied talaga nagustuhan talaga ng anak ko will surely order again highly reccomend this shop order na mga momsh,1,1,0,0,
664,pang 4x kona po order to sa anak koh gusto kasi ng anak ko iba iba kulay magaganda po items goods naman ang tela thank you po shoppe at ky kuya delivery godbless po,1,1,0,0,
665,maganda lahat at completo orders ko yun nga lng pang second time ko n umorder sya shop na to lagi my palpak 69months n socks inorder ko sng binigay e 1836 monthspra may maibenta o maibigay lng at maiship agad lagi n lang ba gnyan,1,1,0,0,
666,effective magandang araw matagal kona na tanggap ang order iba sa naka post clear un dito light blue shinny at nag pink like natural lip color thank you seller,1,0,0,1,
667,maganda naman po yung mga fake nails and mabilis din po naideliver yung order within 2 days dumating na pero bakit parang di mo green tulad nung sa picture almost color black na po eh pero maganda naman po thank you,1,1,0,0,
668,good super ganda po  kakainggit tuloy pra sa anak ko kse un na grd 2  oorder nlanv ulit ako bait din ni seller  btw bet na bet ko tlga tama ang kulay at walang gasgas di kopa ntry ung tgal ng lamig  edit ko nlang inorderan,1,0,0,1,
669,2 order q na to maganda talaga xia promise kay kua rider salamat kc lagi advance ang pag deliver nia sa pracel q ingat po lagi sa byahe,1,1,0,1,
670,di lang safe pag nalagyan ng mainit na tubig mabilis masira maganda at maayos un lang di pwede na banlian ng mainit na tubig for sanitation madalin din masira dahil manipis ang pagka plastik niya overall 45 maganda pang dehydrate sa araw araw na nasa field work super goods thanks,1,0,0,0,
671,maganda po quality  dalawa order ko pero ayos po thankyou,1,0,0,0,
672,i think its durable naman sulit bayad and talagang maganda sya,1,0,1,0,
673,really nice kakatanggap q lng po ng order q at sinuot q n po kaagad maganda ang tela nya sobrang nagustuhan q po xaorder ulit aq ng ibang kulay next timesalamat seller kay kua rider na matagal nagintay sa labas ng bahaysalamat din po shopee,1,1,0,1,
674,medyo matagal ang delivery pero maganda yung item worth it naman ang pag hihintay para maideliver yung item so overall satisfied buyer,1,1,1,0,
675,uwah nakakapayat sobra super cute niya huhu sana magtagal pero so far good quality naman sya esp for its price kuddos to the seller,1,0,1,0,
676,thank you so much shopee thank you seller ang ganda ng head set salamat din kay kuya rider,1,0,0,1,
677,parcel received complete naman sya i checked it out may isa item na medyo tastas ang tahipambenta ko pa naman ito sa mga chubby ok lang sana kung kasize ko gamitin ko na lang sana sana sa next order ko wala na masingit para happy lahat,1,0,0,0,
678,1010 very good ang quality ng baby wipes malambot gamitin affordable pa ng price fast shipping and delivery thank you,1,1,1,0,
679,super legit nakaka ngiti nako ng maayos salamat seller,0,0,0,1,
680,ang ganda nya sulit yung price sa quality kinulit ko pa si seller kung sure sya sa color na sinend nya kung yun talaga order ko sorry nagdalawang isip lang ako sa brown akala ko kase ung pagkabrown nya ay light dark pala kaya kala ko red sa picture na,1,0,1,1,
681,okay naman lahaat medj amoy plastic lang yung lipbalm pero overall cute and goods na for me hehehehe,1,0,0,0,
682,received on time well packed complete items naman super affordable compared to other sellerslagi namin to dala since for family of 4 kasya,0,1,1,0,
683,sakto sa akin i love it thank you so much seller  shopee and kuya rider,0,0,0,1,
684,kumpleto po lahat ng order ko dumating at maayos lahat dumating thank you seller more new items pa sana salamat ulit,0,1,0,1,
685,well mura na siya compare sa ibang air purifier cardboard lang yung sa gilid ng filter medyo may part na tupi rin pero okay naman siya thank you seller sana mag tagal,1,0,1,0,
686,ang ganda gonna order again,1,0,0,0,
687,black gandathank you kay kuya rider 5star po sau,0,0,0,1,
688,cotton ang ganda napaka comfortable niyang suotinganito kasi talaga ang gusto kolalo na cotton siyanaraming salamat po nasunod lahat ng gusto kong kulaygod bless po,1,0,0,0,
689,super nabudol aku nito dati pagpag lang higaan un pla kahit anung pash pash mu ay andun parin ang dumi sobrang daming alikabok as in kadiri ang higaan namin ganun pla kadami ng dumi,1,0,0,0,
690,tried it once kasi sinukat ko and ang ganda nya it flattens my tummy hehe thank you seller and shopee will order again soon,1,0,0,1,
691,good napaka ganda ng shoes mejo malaki nga lang ng konti sa bebe ko paglalakihan na niya i love this shoes until next time,1,0,0,0,
692,perfect mauulit ka kasi magandang klaselove it thanks shoppee,1,0,0,0,
693,ganda na mura pa hahaha di pa naman sira hanggang ngayon hehe black at mataas siya gandaaaaaaaaaaaaaaaaaaaaaaaaaa,1,0,1,0,
694,bawal lang sya ma scratch kase mabilis lang siya mabakbak kaya dpt ingtan,1,0,0,0,
695,good the quality is so good for its price but some how may dent pero di naman siya noticeable will buy againwell recommended,1,0,1,0,
696,maganda ang tela  super ok yung quality then mabilis din dumating nag send pa si seller ng picture bago e ship thanks seller and shopee,1,1,0,1,
697,i got my order i havent tried it yet its nice manipis and yung keys niya malambot ang ganda magtype dito i received it immediately,1,1,0,0,
698,great super ganda nung sapatos and i advise lang sa mga mag order na mag adjust sa size kasi para masuot pa ng baby nyo ng matagal,1,0,0,0,
699,ang sosyal ng packaging very satisfied,0,0,0,0,
700,bongga gandara ng mga nakuha kes pang rampa outside world at pangrampa ditey sa hawsing,1,0,0,0,
701,nice ang quality mukhng mamahalin ung sapatos ang lakas makapogi sa mga bata senm white shoes for kid boys rubber shoes korean,1,0,0,0,
702,second order ko na to and still verry much satisfied  matibay din cya,1,0,0,0,
703,maganda yun item sakto lang sa baby ko size walang damage and same sa picture yung itsura,1,0,0,0,
704,napakagamit lalo na sa brown out pangmatagalan rin ang fan at light npakaganda ang lakas ng light follow lng instruction  delivery no broken parts,1,1,0,0,
705,ok naman medyo maliit lg sa paa pero ok na add size nlg nxtym hehe thank you,1,0,0,0,
706,gud quality bili napo kayo sa store nilamura lang maganda quality mabilis pa ang shipping salamat shoppe seller at sa nag deliver,1,1,1,1,
707,maganda mura lang sulit thank you po saller,1,0,1,0,
708,legit promise legit sya at ang ganda tama lang sa size na gusto ko try mo din,1,0,0,0,
709,thank you pook na ok sya,1,0,0,0,
710,hi lsj suking suki nako dito at lahat maganda maayos stitches mabilis pa dumating di katulad sa ibang underwear na shop ay sobrang tagalthank you lsj,1,1,0,0,
711,may 3 levels sya sakto nalang hangin nya di lang ganun malakas parang kapag nasa labas ka konti lng ung matutulong nya sa pagpapapresko sa feeling lalo sa part sa neck or ulo mas malakas padin paypay hehe ok na din kung nag gagala para d madami bitbit sabito lang,1,0,0,0,
712,thanks god its working  kinakabahan tlga ko ksi baka ndi gumagana and now im satisfied customer thanks a lot seller u did great,1,0,0,1,
713,ang ganda grabe thank you so much seller sakto lng saken yung shoes,1,0,0,1,
714,cool di ko pa na try pero sana kasya sakin at pinili ko talaga add size sa normal size ko nagustuhan ko ung item seller salamat din sa rider,1,0,0,1,
715,good its perfectly fine it works naman aesthetic kaayo murag true mabilis din shipment thank you sellerr,1,1,0,1,
716,havent tried yet but seems like a 1010 i havent taken it out on a walk but it seems durable if you take care of it wisely very cool and aesthetically pleasing mataas heels pero damn angganda,1,0,0,0,
717,oks na sana kaso may konting crack sa gilid buti goods pa dn  thank you seller big help po tlga itong air purifier sa bahayrooms,1,0,0,1,
718,ang ganda nung mouse sulit na sa price nyaa thanks seller till next order,1,0,1,1,
719,cute products kaya lang ung box yupi yupi,0,1,0,0,
720,thank you seller naenjoy ko talaga ang unboxing of my order complete you orders ko thank you sa freebies oorder ako ulit sa susunod salamat keep safe everyone,0,0,0,1,
721,mabango thank you angganda sobra,1,0,0,1,
722,i love it kaso maliit pa sa paa ko ung 40 so ang ending hindi magkasya medyo maliit kac ung size 40 nila pero maganda naman kung ano po ung nakikita nyo sa picture ganun din dadating sainyo,1,0,0,0,
723,maganda naman yung quality mas naging spacious yung small bag ko i think for 1 person lang itong umbrella na ito good for everyday use super sulit,1,0,1,0,
724,thankyou po sobrang ngusruhan ng ank koang bait pa ni mam seller,0,0,0,1,
725,super ganda high qual sya and comfy sa paa thank you so much seller super ganda high qual sya and comfy sa paa thank you so much seller super ganda high qual sya and comfy sa paa thank you so much seller,1,0,0,1,
726,item is okay not able to take a picvid but its totally working you can really feel na nabawasan alikabok ng pillows and bed nice nice,1,0,0,0,
727,very nice i did not expect it to work very well kasi nga mura lanh sya compared sa mga binebenta sa mga mall but the quality is really good luckily hindi nabasag sa shipment dahil walang bubble wrap also walang instructions how to set up the ring light to the,1,1,1,0,
728,ok nmn ung tbalet for kids tlaga sia  mbilis mlowbat okey nren nmn sia mpuno,1,0,0,0,
729,as usual ang ganda pa din thanks seller and kuyang rider kahit na maulan eh nadeliver mo pa din,0,1,0,1,
730,suitable for rainy days yung color white hindi sya talaga puti may pagka light gray yung shade nya pero maganda parin naman salamat seller,1,0,0,1,
731,ang gandaaaaaaa exceeds my expectation ganda ng quality ng tela parang hindi cya mumurahin langg grabeeeeeeeeeee gandaaaaaaaaaaaaa oorder ako ulit,1,0,0,0,
732,great super ganda magugustuhan to ng kapatid ko kasi wala pa daw electricity ang school nila kasi bagong gawa na building video not related,1,0,0,0,
733,maganda yung quality ng bra walang underwire pero push up bra sya much better na walang underwire para hindi tumutusok,1,0,0,0,
734,medyo matingkad ung black tas may amoy sila size 37 ako sobrang sakto lng nya as in pero ung beige size 38 kasya rin sakin pero loose ung strings nya flimsy sya pag ilakad thank you po video not related,1,0,0,0,
735,nice product pinakamahal na budol this year thank you seller feeling malinis na sa higaan items sealed carefully and with fragile note,1,0,1,1,
736,may magagamit na ako sa pagchicheck ng outputs ng students ko sa google classroom,0,0,0,0,
737,okay naman sya maganda pangsipsip akala ko matigas yung pinakaunahan nya na ipinapasok sa ilong ng baby malambot pala hehe kaya like sakin to,1,0,0,0,
738,maganda and nagana both end ng stylus thank you seller its good thank you thank you thank you thank you thank you thank you,1,0,0,1,
739,hindi masyadong malakas ang hangin even though 3 na siya but works well naman basta itapat lang yung vents sa face mo talaga,1,0,0,0,
740,ang ganda po lahat ok nagana thankyou seller,1,0,0,1,
741,oyy ang ganda ng packaging di ko pa natatry kasi panggift ko siya pero feel ko naman ehh good quality ang product very fast delivery din puuu thankyouu seller in add ko na din yung aso ng kapitbahay kooo hahaha ankyutt kasi,1,1,0,1,
742,hindi xa fit sa lutuan namin anyways item shipped immediately,0,1,0,0,
743,good mabilis ang deliver  maganda maganda makapal makapal order ulit ko ibang style naman  thank you seller at si kuya ng deliver,1,1,0,1,
744,1010 di nakakapagsisithank you seller more blessings to come,0,0,0,1,
745,thank you seller ang ganda sulit sa cheap price,1,0,1,1,
746,i didnt expect medyo maliit pala yung ring light nya and the boxes upiupi na both it doesnt look brand new but overall working naman siya at least sana magtagal and affordable naman kaya expected na din whats important is its working so i gave 4 stars not bad,1,0,1,0,
747,maganda sya rubber yung material nya sabi sa ibang review add 1 size size 39 ako so ginawa kong 40 at mejo malaki sya sken depende siguro tlga sa paa pero mas oks na ung mejo malaki kesa maliit thank you seller,1,0,0,1,
748,sobrang satisfied ako sa item halatang inalagaan na mabuti naka zip lock sya individually maganda ang item sobrang thank you seller,1,0,0,1,
749,maganda sana kung lagimg waterproof ibigay nyu saakin hehe pero ok lng importante no damage no defect well pack guys sa uulitin po ewan png ilng orders n to,1,0,0,0,
750,thank you sellerdumating ng maayos at kumpleto ang order kowalang damagednagamit ko na agadsalamat po,0,1,0,1,
751,super ganda ng bag at ung mga damit makapal ung tela nya at maganda thank you po gamit ko na sa office,1,0,0,0,
752,salamat seller order ako ulit maganda yong product,1,0,0,1,
753,ganda mali lang ako sa pag pili nang size ko pero ang ganda nang quality salamat po order ako uli sa sunod,1,0,0,0,
754,610 it will be okay if occasionally mo to gagamitinnot every day kasi may matapang na amoy i think not healthy for lashes if everyday gagamitin but it has natural eyelash look,1,0,0,0,
755,good legit po ang ganda ng bag at maayos ang pagkakabalot niya mukhang matibay naman cya salamat seller bilis ng shipping nyo at sa rider na naghatid sa bahay salamat sa infosana magtagal sa anak ko,1,1,0,1,
756,magaganda good buy na para sa price kasi pang matagalan mo na siya magagamit pang 2nd time ko na bumili dito at lahat ng style talaga as in kumuha ako ng tig da dalawa wala na sa pic and vid kasi yung mga bagets pinag ta try na na cute,1,0,1,0,
757,ang ganda ng quality niyaganda ng telathen ang bilis niyang dumatingwill definitely order againang accomidating din ni seller nag pm xa before ishop yung items,1,1,0,1,
758,thank you po sa seller at sa nagdeliver nagustuhan po ng kapatid ko thabk you thank you po,0,0,0,1,
759,may crack sa ring pero okay lang i think its the couriers fault and i dont see no reason para mag rant kase ang mura lang naman as long it does the job im cool thank you,1,0,1,0,
760,second order thank u for the good quality and fash shipping push up bra para sa mga walang cleavage jan eto na sagot para sa mga flat chested na gusto magkaron ng cleavage buysung na mga sissy d kayo magsisisi,1,1,0,0,
761,nice sa sobrang excited ko nilagay ko na agad2 sa wall nagmukang mamahalin yung wall sobrang ganda thank you seller,1,0,0,1,
762,maganda slippersmalambot sa paa mabilis din magpa ship ang seller may konting request lang sana akonextime sana wala ng stain or scratchesni reresell kasinagrereklamo ibang buyer pag nakaka receive ng may damagehassle din magbalikkaya sana walang anything pag pina shipthanks,1,1,0,1,
763,good guality past delivery complete my ordersuoer sulit ang byad tnx seller,0,1,1,1,
764,di siya oil based pero pwede na,1,0,0,0,
765,maganda naman ang quality medyo madali nga lang malowbat but good for its price,1,0,1,0,
766,maganda sya guys bili na kayoo im so glad to buy in this shop salamat seller salamat shopeehaha,1,0,0,1,
767,ok siya kaso yung packaging sira sira nung dumating pero over all ok siya kasi ang kucute the only problem is the packaging,0,1,0,0,
768,good naman medyo mabango and super ganda and ang cute niya super natural tignan magaan pa sa pilik mata at sobrang bilis ng dating niya thank you seller sa uulitin,1,1,0,1,
769,maganda quality mukhang matibay kahit mura di lang cotton un tela ng higaan at unan mukhang mainit sa katawan  tama rin kulay at design na pinadala ni seller,1,0,1,1,
770,thank you so much sa ulitin,0,0,0,1,
771,sakto lang ang kapal perfect fit sakin ang xl na size di mahaba di rin maiksi sa luwag naman okay na okay sya pang 55 to 60kgs body weight will order again,1,0,0,0,
772,ang ganda nya thank you seller,1,0,0,1,
773,idk mabango siya first order ko dto,1,0,0,0,
774,only for dust and hair if you buy this you must not expect it to vacuum all the dirt or else big dirt it can vacuum only dust and hair im not recommending it for cottons because it will stop to operate what happens to me just sweep the floor,1,0,0,0,
775,salamat sa mabilis na transaction at action mula kay seller mabilis din naideliver at kumpleto lahat ng order qoh love it,0,1,0,1,
776,same sa pic muted lang ung violet goods naman un lang nagpawis sya as seen in the pictures above at least malamig pa din tubig,1,0,0,0,
777,gumagana sya pero matagal sya since galing pa china ty so much for this hoping na tumagal sya sakin since its so affordable 33,1,0,0,0,
778,nice naman yung product natry ko na siya sa tropa ko di lang mabilis matuyo siya pero goods naman thankyou seller,1,0,0,1,
779,ganda po ng quality then sobrang sulit kasi low price siya,1,0,1,0,
780,ang mura nia sa susunod kukuha na ako ng marami thank u shopee thank u shopee thank u shopee thank u seller thank u seller thank u seller godbless po,0,0,1,1,
781,thick siya di madaling masira good job seller ill order next time,1,0,0,1,
782,super ganda niya po buti nalang nag order ako may magandang higaan na ang baby ko pag labas niya thank you sa seller and sa rider i love it po,1,0,0,1,
783,excellent thank you seller actually second purchase ko na to nagandahan kasi ako sa product ninyo at satisfied naman ako tama lang yung size niya sa akin ty and god bless po,1,0,0,1,
784,ok naman bali apat nabili ko kaso yung violet iba yung straw nya pati may kulang na part super tapang nung lasa na galing sa straw nya parang lasang factory kaya di namin iniinumankahit ilang beses namin hinugasan ayaw talaga matanggal but anyways maganda may free sya na stickers thanks,1,0,0,0,
785,diko p ntry budol is real hahahapinag ipunan ko talaga to at s shopee mall ako bumili pra mas mtagal ang warranty although mas mhal sya compare s ibathanks sana magtagal,1,0,1,0,
786,thank you seller maganda sya kaso mukang malaki sakin dapat pala nag size 34 nalang ako heheh pero any ways order nalang ulet ako heheh thank you din sa rider na nag bibigay nang sukli hahah,1,0,0,1,
787,ed my baby is so happy thanks ganda ng quality at mura lang,1,0,1,0,
788,the fan are working in good condition they are all working in good condition fast yong delivery and very well packed thank you seller for this masaya ang anak ko,1,1,0,1,
789,1010 the best perfume i ever had lalu ng cloud by ariana grande gush most try guys,1,0,0,0,
790,maganda sya at makapal mali lang ako ng nabiling size photos not related,1,0,0,0,
791,maganda syatrue to sizeganda ng packaging at mabilis dumating salamat seller at rider,1,1,0,1,
792,assorted good quality ang sandomalambotcotton simple design bagay sa hubby ko,1,0,0,0,
793,maganda sya sana lnq magtagal lng para di sayanq pam bili ko ng mga foam brick bibili ulit ako pag kulinulang un lng maraming salamat,1,0,0,0,
794,super worth it ganda talaga,1,0,0,0,
795,add size kapag malapad paa maganda yung quality sana di agad matanggal yung print para di pumangit agad thank youu for the complete order,1,0,0,0,
796,ang ganda at mura ang lambot ng tela at stretchable sya very nice po thank you po order ako ulet,1,0,1,0,
797,good mabilis dumating maganda ang items oorder ako ulit salamat shopee,1,1,0,0,
798,thankyou po sa smooth na transaction maraming salamat din kasi sakto po ang dumating na mga orders ko pang ilang orders ko na to sa shop na to pero never pa ako na dissapoint salamat po,0,0,0,1,
799,napakaganda  nashare ko na rin sa mga students ko yung link kasi super reco siya  thankyousomuch,1,0,0,0,
800,okay naman maganda super bilis nag arrive kahit nasa visayas ako sakto lang yung laki nya gumagana ang lights at complete yung pangkabit pero warm light lang sya worth the price,1,1,1,0,
801,maganda na mn ang quality at medyo malambot lahat ng items,1,0,0,0,
802,complete set once charged for about 8hours tatagal xang naka on for about 5hours din at mode 2 effective lalu na pag nag brown out,1,0,0,0,
803,i love itfit sya sa bag super smallbuti maaga sya dumating kasi rainy na ngayon thank you seller and shopee i will order again,0,1,0,1,
804,nagagamit pang school ng kapatid ko bilid talaga ako sa thumbler na to sulit sa presyo at kahit mawala or masira eh worth it naman sa price,1,0,1,0,
805,nakakatuwa first time ko mag order ng underwear via online i am not disappointed with its quality and number of items are assured by seller walang kulang sa items hehehe ang ganda din ng tela so comfy also okay naman ung delivery 1 week ang na take bago na deliver,1,1,0,1,
806,good and nice quality apaka ganda po ng shoes nato maganda sa mga junakis na gusto nyu bilhan wag na mag dalawang isip mga mashie very recomended shop mabilis den dumating after 3days na recive kona,1,1,0,0,
807,medjo mainit sya sa balat kapag inaply mo eg sa leeg oks naman mahirap lang ipush yung pang spray nya 810,1,0,0,0,
808,okay magaganda ng products secure at kompletng dumating thank you sa seller,1,1,0,1,
809,the item was properly packed and functional mabigat lang siya ng konti but it does the job,1,0,0,0,
810,midyo hard touch piro okey naman sa prize ty po,1,0,1,0,
811,sobrang ganda po nagustohan ng baby ko thanks po,1,0,0,0,
812,good mgnda ung blue gray n payung doble ung dahon unlyk sa colorblack manipis pero ok nmn u g itsura nde mukang cheap anyway tnx,1,0,0,0,
813,thank you polagi kung inuorder po to sainyo kc mura sainyo at lagi kung ginagamit para sa anak kung bunso,0,0,1,0,
814,maganda yung quality and wala syang damage thank you seller,1,0,0,1,
815,pang second purchase ko na ito and still im satisfied sana magkaron ulit ng stock yun size 32 super like ko yun bra lalo na wireless sya,1,0,0,0,
816,not try yet sobrang ganda matagal ko na tong gustong bilhin finally nabili ko na syadi ko pa na try pero i know na di ko to pagsisihan thank you,1,0,0,0,
817,aesthetic and minimalist however the other one has dent as you can see naman sa photos na naiupload ko still the product is worth it i hope that it will not break easily,1,0,0,0,
818,sobrang ganda mall quality pero sana lang mag tagal at di ganon mabilis umangat or matagal sana magamit if ttingnan parang mall quality pero mas massure if talagang matibay pag nagamit na pero pag open ko palang amg saya kona sa ganda sana lang di ako madismaya pag ginamit na,1,0,0,0,
819,great super ganda tumankad ako haha,1,0,0,0,
820,ayos na ayos pri gumagana sa phone ko makakapag drawing na ko ng mga magaganda pm me for inquiries d2 sa shopee acc ko oki charot lang,1,0,0,0,
821,very good for coin purposes lang yung video at picture actually pangalawang order ko na super cute at tuwang tuwa ang batang bata na reregaluhan lalo na at christmas,1,0,0,0,
822,ok sya thank you sa item nyo ganda sya,1,0,0,0,
823,very secured ang packaging maraming wraps ng bubble wrap dumating din naman agad medyo hassle lang na chinese yung remote control nagsabi na rin kase ako sa seller na english remote control pero yun pa rin pinadala hopefully makatulong sa bahay namin,0,1,0,1,
824,game modebass napaka ganda ng bass nya at noise reduction syatpos magada din sa sya game modekc zero delay tlga sya basta on mo ung game mode nyanice 1 lenovo,1,0,0,0,
825,napakaganda malambot sa paa this is my favorite color talaga,1,0,0,0,
826,serves it purpose medyo mabilis lang malowbat,1,0,0,0,
827,maganda maliit sya talaga napaka cute natuwa ako sa 3in1 nya grabe first time lang makakita nito hahaha,1,0,0,0,
828,super ganda  cute talaga satongsato ni bb 1yr7mos what you see is what you get  thats true sa uulitin po,1,0,0,0,
829,nice super satisfied sa mga orders ko late na nakapag review overall super ganda legit ang shop na to very quality yong mga items sa murang halaga thank you seller definitely will order again and again,1,0,1,1,
830,mabait ung seller nitotumawag talaga siya pinaalam sa akin a wala na ung kulay na order ko kaya na change ko ung order ko ng ibang kulay or ibang stylepinapapili niya akoung ung tama5stars po kau sa akin,0,0,0,1,
831,ang ganda working well,1,0,0,0,
832,looks durable nkakalinis tlga xia medyo hassle nga lng kasi need pa icharge pero overall maganda xia,1,0,0,0,
833,ayus naman ung item safe na safe hopefully na sana matagal bago malowbat  but all in all im satisfied,1,1,0,0,
834,best purchase everganda ng sounds super clear pwede sa call and gumagana yung mic yung case nya cute din,1,0,0,0,
835,mabilis lang dumating yung order ko po ang gandaaaaa superb worth it sobrang nakakatulong sa pagtsecheck online,0,1,0,0,
836,okay naman maayos dumating ngsend ng pic bago send salamt po sakto lang sa presyo,0,1,1,0,
837,hindi halatang mumurahin comfy sa paa what you see is what you get super sulit sa presyo nya at mukhang tatagal nmn wag lang ipang jogging,1,0,1,0,
838,ang ganda bilis pa dumating sulit padalawang bili ko na dito sa seller na to di ako binibigo love it oordet ulit ako definitely,0,1,0,0,
839,thank you so much dhl nakarating agad yong order ko ang cute nung mga belt bags  very affordable magandang panggive away dz coming christmas till nxt transactiongod bless u thanks also to the courier,0,1,1,0,
840,lightweight hindi magibat 42 ako but nag fit yung 41 sa aking and it looks beautiful perfect for ootd and awrahan,1,0,0,0,
841,super bango kaso yung amber romance amoy goma huhu pero all goods naman lahat will buy again,1,0,0,0,
842,walang picture and video nung product wala kase ako sa bahay hehe pero naka8 na yata akong bili dito nagustuhan kase nung mga kasama ko pabudol na kayo,0,0,0,0,
843,oil base for sure i will reorder again and again the packaging is super sealed as in kaya hindi tlaga mababasag the fragrance is super good it is also oil based kaya long lasting sya ordering again very soon thank you,1,0,0,0,
844,very nice happy with my purchase tho it made me scared n bk zira dahil nahirapan buksan pero okay na i hope magamit ito ng pang matagalan gaya ng 711 payong ko haha,1,0,0,0,
845,thank you so much will order again soon tagal nga lang dumating but its worth it naman thank you,0,1,0,0,
846,oily na hindi oil ang bango so much worth it ang pera sana lang matagal sya mag last so hindi lagi nag aapply,1,0,1,0,
847,muka matibay at malabot xa sa paa thank you po shoppee at ky kuya rider na suki na nmn,1,0,0,0,
848,good maganda naman sana matagal matanggal almost a week nung nadeliver pero keri lang din medyo off lang sa color kasi medyo light pala yung kulay ng order pag personal na will order darker shade next time nalang,1,1,0,0,
849,kumpleto yung order ko and buy ulit pag may extra money na,0,0,0,0,
850,thank you seller matagal mag ice it takes 10mins to make ice but its ok it works good hope it will laat for years and so tahnk youbsa rider too,1,0,0,0,
851,complete at right sizes pero yung steppin na white ang pinadala nyo black,0,1,0,0,
852,2nd time to order maganda tela at saka mura 2nd time to order maganda tela at saka mura 2nd time to order maganda tela at saka mura thanks po,1,0,1,0,
853,wow na wow salamat po maganda po at gumagana safe pong nakarating yung parcel no damage,1,1,0,0,
854,another transaction done maraming salamat po satisfied buyer here god bless po until next transactions more power,0,0,0,0,
855,super happy and satisfied customer here all items are complete and in good condition thank you po seller nagustuhan ko lahat promise will order again soon from this shop godbless po,0,0,0,0,
856,quality naman siya thanks merry christmas,1,0,0,0,
857,thank you so much nagustuhan nmin ng anak ko maraming salamat ulet sa uulitin thank you thank you thank you,0,0,0,0,
858,long lasting sobrang bango amoy mayaman promise makaka ulit ulit ako bumili dito more benta to come,1,0,0,0,
859,grabe ang galing konti lang pinagkaiba sa original as u can see naman sa photo left side yung original  sa size siguro just add 1 size lang im size 41 originally pero i ordered 4445 kasi naniwala ako sa reviews dito pero sobrang luwag look sa vid so dapat,1,0,0,0,
860,good thanks to seller upadated cla s order nagmmessage kung san banda ung parcel saludo ako dunkaso manipispero s pangkalahatan ok nman,1,1,0,1,
861,cooler works well and comfortable siyang gamitin though hindi masyadong stable yung mga legs ok siya if your laptop is light in weight but if mabigat parang bibigay agad,1,0,0,0,
862,good but my baseus is better sounds quality overall maganda nmn at sana mag tagal,1,0,0,0,
863,ang ganda po2nd order ko na to nkaapat na ako oorder ulit ako next tymtnx seller,0,0,0,0,
864,mahaba pala at tsaka medyo maingay ataeh gagamitin sana sa skul ng anak ko baka mairita lng di ganung kalakasan ang hangin mas okay sya sa number 3 wc is sagad nakung gets nyo ako ah ang orig ata asa 1k plus eh200 lang sumakto lng pero 5 star parin,1,0,0,0,
865,okay di sya pwede pag maulan hence the name pang araw lang sya lol at di rin pwede mahangin kasi bumabaliktad sya,1,0,0,0,
866,early arrived thank you seller grabe napawow ako sa quality ng product mogustong gusto ng anak kogod bless seller more sales to come at ky rider,1,1,0,0,
867,this is to our times order salamat super ganda hindi ka mag si love,0,0,0,0,
868,so disappointed hindi tama ang kulay na ibinigay nila sa akin purple blue po inorder ko hindi orange blue not satisfied customer here mahal pa naman nito,0,1,1,0,
869,ganda nya sa lips un nga lng kala q may libreng pang pahid ung prang kutsara wla pala pero oky lng ang gnda oorder ulet aq next time thankyou seller,1,0,0,0,
870,good product is okay packaging is a bit dent but the product is working so i guess its okay the mouse pad that came with it i dont think it should be this color lacking the product came with batteries,1,1,0,0,
871,ang gandaaaa mabilis din na ship na seller umabot bago magpasko thankyouu ang mura pa ng fan ill buy again,1,1,1,0,
872,saktong sakto sa ini expect ko eyyy thank you seller napakaganda at napaka cute po nung dumating sakin bagay na bagay sa aking uneca ija salamat din sa yo shoppe picture and video is not related to the item,0,0,0,0,
873,good quality maganda sya for its price mabilis shipping and very accommodating si seller thank you so much seller five star ka sakin bili na kayo,1,1,1,1,
874,super love koto actually subok kona ang quality neto meron nko neto black and maroon and thank you kay seller na nag double check sa items ko baka kasi iba kulay o may damage maibigay pero lahat ay good condition i will order again thankyou and godbless to your shoptill,1,0,0,1,
875,i received all the items and i superduper love all of it specially the nursing bra swaddle and the mosquito net i did not expect the mosquito net is that big anyway i cant wait to use it and to my baby to be item was delivered earlier than expected,1,1,0,0,
876,okay naman sya so far mabilis delivery 2 days lang pero yung item di tulad ng nakikita ko sa ibang reviews na may plastic cover yung mga buttons and pati yung hepa filter as is wala syang plastic inisip ko baka return item to hahaha lol pweds na din since,1,1,0,0,
877,amazing grabe ang ganda ng payong magagamit ko to everyday umulan man o umaraw thankyou seller godbless sa business niyo,1,0,0,0,
878,okay naman magandaaaa sana hindi masira agaaad what u see is what u geeeeet will order again pang unang order ko and worth itttt para sa priceee medyo may tastas lang pero okay naman,1,0,1,0,
879,mejo nadisappoint lang cuz i was expecting bottle brush ang kasama since yun ang nakalagay sa post before ako umorder i received hand mirror and plastic bag clip instead not a big deal naman still 5 stars tho dahil items are correct,0,0,0,0,
880,goof quality best budol totoo ang chismis maganda nga thank you seller although natagal ng delivery pero sulit no damage i will order again for my daughter naman kudos kay seller,1,1,0,0,
881,excellent quality super nice tlga 8 bags na naorder ko thank you maam,1,0,0,0,
882,ang ganda di ako binigo ni seller goods lahat ng items no damage sna pla dinagdgan ko na satisfied costumer here thankyou seller thank you kua rider,1,0,0,0,
883,nsiwbis maganda po yong item will order again pag nalumaan ko na yong inorder ko,1,0,0,0,
884,thank you shopee thank you seller thank you courier compete item item in good condition ok mga products nila i bought from their store many times,0,0,0,0,
885,super thank you s freebie seller mabilis lang dumating super thank well recommended,0,1,0,0,
886,mabilis sya mag charge at sa kapatid ko yun kaya hdihw jaiwj jsiqjns jaijw jainwns jwiwiwb jqjwnisq jaiiebbd jaiwnsbsj jqbei,0,0,0,0,
887,there were delays in the delivery of my parcel kung d pa ako nag complain d pa idedeliver today yun parcel been in the delivery hub for 4days ambagal talaga ng shopee express sana ibalik ang jt,0,1,0,0,
888,gandaaaaaa promise paka receive ko umorder ulit ako agad murang mura na ang ganda pa plus very fast delivery,1,1,1,0,
889,thanks seller highly recommend ang ganda ng product legit,1,0,0,0,
890,ang ganda kasya naman sakin nakakaliit rin ng tyan ready na para sa holidays oorder ulit ako sa susunod salamat,1,0,0,0,
891,maganda sya sa actualnagustuhan ng aking buyervery accomodating sellerang daling nashippedmag order ulit ako,1,1,0,1,
892,maganda kaso 4 star lang dahil nka direct lagay sa plastic ng jt hindi nakabalot ng bukod,1,1,0,0,
893,sulit legit seller legit sim card four days delivery laguna to la union legit rider nice packaging kahit sim card binalutan pa rin ng maayos 800kbps pag daytime pero aabot ng 2mbps pag night time till dawn nice,1,1,0,0,
894,nareceive naman agad currently on testing mode and working perfectly fine naman chinese lang yung remote so di maintindihan yung buttons hope it works as intended,1,1,0,0,
895,mabait ung seller at magaganda ung item thank u,0,0,0,1,
896,sorry wala akong picturespero maganda syana delivered sya agad sa friend kod pa kc nilalagay ng friend ko ung wallpaper pero shes satisfied with it dawthank you seller will order again,0,1,0,1,
897,thank you so much seller correct color naman and malakas ung mist niya mabilis din ung shipping will definitely order again,1,1,0,1,
898,quality 910 maganda and makapal price 1010 super mura seller 710 not responsive buti na lang kumpleto orders ko shipping 510 inabot ng 2 weeks yung jt kasi namali ng ruta yung ship nakakaloka lagi naman akong naorder with the same address,1,1,1,1,
899,maganda orig e first time ko bumili ng hawk sa shopee mall 5 stars dahil subok ko na quality ng hawk bag since highschool almost 6 years na yung first hawk bag ko,1,0,0,0,
900,ganda ng jogger di gaanu makapal di din naman manipis tama lang kaya tuwang tuwa c husband ko hahahthank u seller at kay kuya rider na lage nagdedeliver ng parcel ko hahah ayun alam na nya kanino iiwan pag may deliver na wala ako sa bahay hahaha,1,0,0,0,
901,ang tagal na sa wishlist ng nanay ko finally nabili ko na for her works perfectly excited kaagad siya gamitin ang lakas ng higop mapapa exercise din ang arm niya haha thank you,1,0,0,0,
902,very good maraming salamat sayo seller napaka ganda po ng item what you order is what you get god bless po,1,0,0,1,
903,its super nice no damage sa item packed using a ziplock and will surely buy again,1,0,0,0,
904,sobrang secure ang pagkaka bubble wrapok naman ang pagkakadelivermabait si seller kasi nasagot sa inquiryworking naman at sana magtagalsalamat seller at salamat shopee,1,1,0,1,
905,this huge baby mosquito net is so adorable medyo may amoy lang na parang natambak so i guess need labahan and paarawan maigi but over all ok naman,1,0,0,0,
906,no issue all goods thankyou sa maayos na pagpapadala ng strip lights,1,1,0,0,
907,nice nails good quality tinry ko na agad ikabit maganda po sa kuko yung napili kong design salamat seller and sa courier,1,0,0,1,
908,1010 ang gandaa mabilis din mareceived ganda niyaaa goods na godss hehehe pede ko siya pang bike maraming salamat po order nalang po ako ule hehe,1,1,0,0,
909,safe packaging nagana naman po cutie ng design affordable kaso kala ko pede may battery may slot kasi sa likod pero di naman nagana wala ung spring hahaha fake lang pero rechargeable naman,1,0,1,0,
910,complete item at maganda tela nya sa uulitin salamat po,1,0,0,0,
911,maganda yung bag good quality salamat shopee orig na orig,1,0,0,0,
912,gumagana lahat tumatagal chinarge namin ng 8hrs sa kuryente nagamit din namin ng 8hrs pero number 1 lang sakto sa brownout praktikal sulit at tipid s kuryente thank you seller thank you din s nagdeliver,1,0,1,1,
913,absolutely maganda and it works well walang damage nung dumating hanggang 3 ang speed ng hangin medyo maingay lang pero hindi naman nakaka bother,1,0,0,0,
914,good safe syang dumating d2 wlang ano mang nang yari sa mga order ko,0,1,0,0,
915,yehey finally its here na items are all well packed mabilis lang din ang shipping the quality of both tumblers are excellent ive been eyeing these for a long time and finally nag pa budol na din ako super nagustuhan ko silang dalawa but yung pink is pang gift ko,1,1,0,0,
916,sana good dko pa na bubuksan pero sana tama at maayos ung item ko medyo na busy lang for now video and photos is not related,1,0,0,0,
917,smoothsoft ang ganda packaging palang d halatang sa affordable nato makakabili ka ng make up spray may shimmering pa  sa uulitin po  fast delivery,1,1,1,0,
918,maganda as in maganda malamig sa skin tsaka yung tela manipis siya pero hindi yung tipong madaling masira vgood po ito sakin good for plus size women din pala very strechy,1,0,0,0,
919,ngustuhan ko kasi mahigpit tlga kaya napapaliit tlga ung tummy qhehe,1,0,0,0,
920,thank you seller safe mga inorder ko m walang dent,0,1,0,1,
921,good ang ganda po ng slippers nagustuhan ko  thankyouu seller  order ako ulit,1,0,0,1,
922,okay naman sana pero yupi yung item,0,1,0,0,
923,good ok sya un nga lang may amoy pero all goods di ko napicturan ung nakabuklat,1,0,0,0,
924,naka dalawang order na ako very good si seller ok lagi ang deliver 5stars ka sakin,0,0,0,1,
925,maganda ito ngayong tag ulan mukhang matibay naman tama ang design at kulay na naipadala add 1size nalang sa actual size nila,1,0,0,0,
926,good quality maayos naman yung parcel nung dumating medyo matagal lang dumating pero understandable naman kase malayo,1,1,0,0,
927,ito yung tamang order wysiwyg,1,0,0,0,
928,legit ang bilis pa ng shipping one day lang nareciv ko na thanks seller,0,1,0,1,
929,excellent quality uper bet mo itong salamin na to 3 in 1 po siya salamin plus may ikaw plus may maliit n fan pwede rin siya madala kahit saan kasi maliit lang din super cute,1,0,0,0,
930,maganda siya malakas hangin super ganda talaga grabe tapos dinala ko siya sa e school dahil hindi ko magagamit sa bahay super ganda nya order na kayo hindi kayo ma bubudol,1,0,0,0,
931,good item receiveddmating rin legit2no sending picture yng seller have a good day please rate back soon good job po,1,1,0,1,
932,nice thank you seller nkaseal pa maganda ang packaging first tym user kc que nito pg hiyang sakin oorder ulit aque,1,0,0,1,
933,over all satisfied salamat sa seller sakto sa kulay at ang ganda at cute ng designs salamat dn sa shoppee driver ang dali ng pag deliver may magagamit na ako sa pag aaral ko,1,1,0,1,
934,32 waist q shoot agad skn pgkasuot q legitsmooth ang curves skn nd msikip sa singit at sa bum area pwede sya pangaraw araw nd din ngroroll kc me stickbone isa sa pinakamurang munafie na nkta q d2 ung pink prng konting dark lng sa skintone pwede na sya panloob,1,0,1,0,
935,bpught this for only 1 pesos thank you shopee sa free goft for new user i love it,1,0,1,0,
936,good maganda siya yung mga design niya sobrang cute nila nagustuhan din ng pinsan ko well packed din tas bilis dumating salamat seller,1,1,0,1,
937,light green ok lng nman soft  comfortable to weartnxok na rin khit ndi xa tlga kmukha nung nasa videotnx din kay kuya rider,1,0,0,0,
938,nag basa ako ng reviews sabi add 1 size so nag add talaga ako and kasya talaga sakin thank you seller and to kuya driver nag antay talaga sya,0,0,0,1,
939,gandaaaaaaaaaaa sakto lang sakin hehe order ulit ako dito sa susunod hehe thankyouuuu seller,1,0,0,1,
940,thanks seller amg ganda nagustuhan ng hubby ko salamat po ng marami ang bilis dumating saktong sakto lang sa hubby ko ang ganda neto grabe ang ganda din ng tela sobra salamat kay kuya rider,1,1,0,1,
941,item shipped immediately item shipped immediatelywill order again sana sa susunod ko na order my boxs na at sana my something na newspeper sa loob ng sapatos para hindi namnasydo masiramdjo na gupi ksibut is nice,0,1,0,0,
942,good fast delivery at ganda ng sounds good quality naman sana magtagal,1,1,0,0,
943,receive kuna po ung order kosuper ganda po tlaga hindi talaga ako nagsisi sa pag order nitooorder po ako ulit ngaun salamat seller thank you shoppe sa uulitin po,1,0,0,1,
944,sobrang bilis ng delivery 4 or 5 days lang ata to think na overseas sya galing maganda yung product sobrang laking tulong para sa project ko sa school,1,1,0,0,
945,maganda siya kaso ung white may dumi pero ok lng lalabhanan k nlng good quality,1,0,0,0,
946,correct and complete orders maganda yung tela ng jogging pants hindi ganun kakapal at hindi din naman ganun kanipis 2nd time to order at ok ang shipping mabilis within 2days receive na agad thank you seller yung video hindi related hahaha ayaw iaccept yung narecord ko,1,1,0,1,
947,ayos ang packaging sobrang sulit ang mumura ng nga items dito sa shop and the quiality is great accomodating din si seller,1,0,1,1,
948,cozy thank you seller ganda ng color pink girl na girlaloosh ang peg c baby na lang inaantay namin more sales to come po,1,0,0,1,
949,10010 my best perfume purchase here in shopee so far  as in sobra sobrang bango nya besh  hinding hindi ka magsisisi yung kaka order mo palang parang gusto mo na omorder ulit thank you so much scenteur essentials i will surely order again and again and again,1,0,0,0,
950,di ko pa na try arrived immediately at naka bubble wrap pa thank you seller however hindi ko na na e try ill esit my rate again once im gonna use it,0,1,0,1,
951,ndi po gumagana ung torch not the one i expected to receive kala q nasa side ung charger,1,0,0,0,
952,good its in a good condition mabango  sobrang bilis din dumating,1,1,0,0,
953,i ordered this on nov 1 and cnsidering na from overseas pa sya galing super bilis nya dumating nov 7 lang ngayon super satisfied ako sa purchase ko na to super magiging helpful sa school works ko thank you,0,1,0,0,
954,quite thin pero nakaka happy super gandaaaaaa ng design love it medyo manipis pero okay na okay naman sa nails to parang sakto lang din talaga di naman kasi pang matagalan ilalagay e hahahaha pang day off lang so thank you seller sobrang ganda mapapa order pako neto ng ibang,1,0,0,1,
955,ang cucute hahahahaah well packaged naman sya and nashipped naman sya ng mabilis so i will definitely order again dito,1,1,0,0,
956,salamat salamat salamat sellerang ganda ganda ng tsinelas salamat din kuya rider  god bless you more saletill next transaction,1,0,0,1,
957,secon time ko na mag order ng ganitong bra sobrang presko lang kasi nya sa pakiramdam good for pregnant na nag istruggle sa breast tenderness nasa bahay or pang alis eto na ang gingamit ko since madami na naman akong naorder i wear my crown show it off go on,1,0,0,0,
958,thank you po seller and shoppee maganda po ung items fast delivery po and well packed maraming salamat sa uulitin order again soon,1,1,0,1,
959,pwd discret  lagay niu nlng po sa luob ung resebo,0,0,0,0,
960,video not related binili ko to para sa mama ko and mukhang matibay at magtatagal naman siya mabilis lang iship ni seller yung item,1,1,0,0,
961,100 order na kaayo kong sino may baby jan hindi kayo mabibigo promise thankyou seller,1,0,0,1,
962,sooooo niceeee kala ko case nanam nabili ko pero hindi ano nakita mo ganun din darating sayo thank u at thanks kay rider suki sa uulitin,1,0,0,1,
963,sa mga bra hindi sya ganon na manipis tamang tama yung size nya sa sporty shortfitted sa waist pero sa baba loose na sya at manipis din parang pag lalabhan magrrun na sya all no damages tho hindi naka plastic other than the jt plastic mabilis lang naship at nadeliver,1,1,0,0,
964,mabango nag leak lang ng onti  thanku,1,0,0,0,
965,wear na ng mama ko nung pag dating nito so need talaga maging tagalog english dito pag nag review may particular words na hindi in accept so annoying pero overall very good nag item sobrang comfy daw thanks seller,1,0,0,1,
966,okay the quality is okay for its price hindi siya ganun kakapal pero okay lang given that the price is affordable thank you seller,1,0,1,1,
967,omg hindi ko na napicturan since nag mamadali ako kasi malelate nako sa simba and nakalimutan kong picturan nung nasa sm kami  pero the item is good and worth it bilis din ma ship huhu thankyou thankyou po,1,1,0,0,
968,this was my second purchase sobrang secure ng packaging to the point na 9meters bubble wrap nag ginamit pamblot hahaha the item is working well i just hope it will serve its purposethank you so much,1,0,0,0,
969,perfect salamat sa mabilis n pagdating ng parcels ok n ok po xa nakabalot ng maayos 2nd time ko n bumili s shop n ito and never akong nadisappoint maayos ang pagkakabalot at walang damage sa uulitin po,0,1,0,0,
970,super affordable pero ang ganda ng quality super comfy din pag suot na thank you seller order ako ulit next time thank you thank you thank you,1,0,1,1,
971,dapat pla ngadd ako ng 1size maliit kc xa size 36 peru ok lang mganda ung item i will order again next time peru mgaadd nko ng size thank you and god bless,1,0,0,0,
972,thank you soo much kung ano sa picture yun tlga happy customer maganda ung skin niyahindi mapupunit 39 size kinuha ko,1,0,0,0,
973,wellpackaged item shipped immediately ok siya secured yung packaging di nga lang magamit ng mommy ko kasi di sakto yung size sa kalan namin kaya papamigay na lang pero overall ok naman siya sana,1,1,0,0,
974,ang ganda lakas ng ilaw at ng fan magandang gift for this coming christmas,1,0,0,0,
975,ang gagand ng damit solid thankyou sa gift seller godbless,1,0,0,1,
976,first time to order in this shop super legitvery satisfied po ako sa product na ito what you see is what you getmagagamit ito ng baby ko ng ilang taondi ko na muna inopen yung kulambo kase by june pa nman ako manganganakhehesobrang bilis din po ng deliverythank you seller,1,1,0,1,
977,1010 hi seller nakuha kuna po yung order ko completo naman po siya lahat at sakto sa kulay na pinili ko marami na rin ang nagbili thank you seller at kay manong driver sa pag hintay sauulitin,0,0,0,1,
978,thinner than what i got from other stores but surprisingly more comfy its also cheaper too perfect pambahay bra,1,0,1,0,
979,ganda mura pa correct size and color thankyou seller  oorder ulit ako next time bilis dumating magpapapreorder ako nito cute,1,1,1,1,
980,so nice my 5th order hahah nakakarami na ako dahil super affordable and the quality is good lalo na tong 4th at 5th order koang ganda ng lapat sakin saktong sakto,1,0,1,0,
981,as usual kumpleto po magpadala ang seller kaso madumi iyong isang pajama po maganda pa rin naman po good for its price thank you seller,1,0,1,1,
982,angganda nung nails hindi ko na napicturean yung isa kase kinuha na ng ate ko pero angganda talaga ng nails will order again,1,0,0,0,
983,always fast delivery at secure yung packaging 3 na kong umorder dito e malakas naman net niya kaso minsan mahina thank you seller,0,1,0,1,
984,super ganda ng product di bagay sakin kulang rin ng isang item walang medyas pere shege nalang 12 petot lang naman sana yun di ko rin alam kong si seller ba or courier responsible pero yung silicon bra pad hindi nakalagay sa box at yuping2x syaaa pere shege neleng tagal,1,0,0,0,
985,910 fast shipping ok na ok walang damage though i havent tried it yet sana durable at pang matagalan since dadalhin sa work ganda pa ng kulay di ko lang gets yung blue and white thing na nakahiwalay pero ayun i hope it serves its purpose will surely buy again,1,1,0,0,
986,thankyou kay seller tama ang lahat ng order ko ang gaganda what u see is what u get basta legit sya,1,0,0,1,
987,good the best so far very pretty working fine nice sounds charging not easy low battery cutest came from china so long waiting time anyways worth the wait thank you much seller rider will order again sureness used agad pagdating pa lamang,1,1,0,1,
988,maganda yung bra and mura lang siya super ganda order ako sa susnod love it thankyou seller thankyou shopee god bless keep safe all,1,0,1,1,
989,well packed at maayos na dumating,0,1,0,0,
990,first time to order in this shop not bad for first time nailaw naman sya hindi ko pa kasi nakakabit eh btw thanks seller,1,0,0,1,
991,thanks po pangalawang order kona to  gustong gusto kopo  salamat excellent quality very accommodating seller wellpackaged item shipped immediately will order again video not related,1,1,0,1,
992,100 ganda ng quality sobrang ganda nagustuhan ko sya sakrong sakto sya sa paa ko buti di ako nagdalawang isip na size ng paa ko pero grabe ang gandaaaa oorder ako ulit yung nay design naman thankyou seller and kay kuya goodjob 5star,1,0,0,1,
993,hindi kona ksi na pic ksi ginamit agad ng ate ko goods ang quality better to buy in this shop,1,0,0,0,
994,items legit sobrang sulit compare na bibili kapa sa labas ang mamahalwla namang damage nung dumating naka safe naman sya sa bubble rap may mga box din hahaha matibay din yung stun nyamga 2 weeks nasya saken ginagamit ku sa mga tattoo session kolumiwanag yung madilim kung mundo dahil,1,1,1,0,
995,complete orders fast delivery ganda ng mga joggers sa murang halaga,1,1,1,0,
996,1st time ko mag try bumili d2 kaso kulang sia ng 2 pcsanyways sana mahiyang kay baby,1,0,0,0,
997,oks lover to loves scars takot na ako masugatan hahahhhaahahaha ladies and gentlemen will you pls stand,0,0,0,0,
998,first time kong umorder and nagandahan agad ako oorder talaga ako ulet,1,0,0,0,
999,maganda siya sulit yung bayad mo dito sis yes promises hindi siya nagkakalat kahit pagpawisan ka teh,1,0,1,0,
1000,excellence ang kapal nya super sulit sa price medyo mabigat lang onti yung kulay puti nila dumihin kaya mas maganda itim pa din ang bilhin thank you seller at rider ang bilis ng delivery photo not related diko na napic eh,1,1,1,0,