Review #,Review,product,delivery,price,service,explanation,,,,
1,not good gags kulang ng scalp massager,1,0,0,0,The review mentions a missing part (scalp massager),which is related to the product itself.,,,
2,sa totoo lang sobrang pangit ang pangit ng tela ang pangit ng kulay parang hindi maroon tapos may mga tastas nue beyen ayusin nyo naman to uy buti nalang maganda pagka picture halatang walang damage,1,0,0,0,The review heavily criticizes the product's fabric,color,and overall poor quality.,,
3,not so satisfied wala manlang bubble wrap nag dagdag pa naman ako ng electronic protection umay okay na siguro yan 3 star,0,1,0,0,The review expresses dissatisfaction with the lack of bubble wrap in the packaging,directly related to delivery.,,,
4,oily sobrang mild ng fragrance to the point na maamoy lang pag malapitan amoy mild na coconut oil at may hint na vanilla mas mabango yung sweet like candy may leak din kagaya ng ibang reviews,1,0,0,0,The review describes the scent and consistency of the product,mentioning it is oily and has a mild fragrance. The leak also falls under product quality.,,,
5,malagkit at nagiiwan sya ng stain okay na rin for its price kaso namumuo talaga sya sa lips,1,0,1,0,The review discusses the product's texture (malagkit,stain) and also mentions the price in relation to its quality.,,,
6,sira ng dumating at nagmamadali si rider ipakuha ang order d mabana kahit na charge na magdamag at madaming uklap,1,1,0,0,The review mentions that the product arrived damaged and the rider was in a hurry.,,,,
7,wrong colorrrrrrmmmbeige inorder ko green dumating sorry sa pic green siya sa personal pero sa pic beige siya,1,0,0,0,The review is about receiving the wrong color product.,,,,
8,bat ganun iba ang tela compare sa nauna kung kinuha at masyadong colorful pang white pants ng brother ko un d tuloy magagamit,1,0,0,0,The review focuses on the fabric (tela) and its suitability for the intended purpose (pants).,,,,
9,anlaki ng expectations ko kala ko malakas medj mahina siya need mo lang idikit ng sobra sa muka para mahanginan,1,0,0,0,The review assesses the product's performance,specifically its strength.,,,
10,okay naman order ko salamat seller and rider,0,0,0,1,The review express gratitude towards the seller and rider.,,,,
11,palpakkkkkkk haysssst mali yung size na binigay maka dis apoint,1,0,0,0,The review reports receiving the wrong size,a product-related issue.,,,
12,type c namn yung dumating hshs,1,0,0,0,Reviewer is talking about the item he/she received,which is a Type C,related to product.,,
13,kulang ung item nagrequest ng refund inabot pa ng 2days saka irefund panay balik ng request ni seller na ireturn ang item saka irefund mali ng seller kami pa papahassle mag backship tpos magbayad pa sf pra marefund sa halagang 119 pakiayos next time seller double check nyo ung item,0,0,0,1,The review focuses on the item missing,seller service and customer support,,,
14,ok naman sya kaso honestly parang hindi sya sturdy and may dents yung body manipis yung plasticmaterial tho its working fine naman,1,0,0,0,The review talks about product quality and its performance (not sturdy,dents,thin plastic).,,
15,white inorder ko pero black dumating tapos yung size ng 40 masikip pa din dapat ka pag 40 size ng paa nyo dapat ang iorder ninyo is 41,1,0,0,0,The review states getting the wrong color and incorrect sizing,relating to product.,,,
16,wrong mali naman ang ipinadala available naman po dun sa cart bakit naman po ganun ok naman ang quality disappointed lang ako dahil mali yung color ng item thank you pa rin po god bless,1,0,0,0,The review reports receiving the wrong item and mentions the quality of the product.,,,,
17,second time ko na umorder ng ganitong curler i hope it last the other one kasi nasira yung spring niya sa loob i think for me kasi mas safe ito gamitin compare sa other kind ng curler stainless pwede kasi non maputol lashes anyway thank you seller,1,0,0,1,The review expresses hope about the product lasting longer than the previous one (product),and thanks the seller (service).,,,
18,sira ung box and walang bubble wrapsana,0,1,0,0,The review mentions damaged packaging and lack of bubble wrap which is related to delivery.,,,,
19,may damage po yung isa dpt po paki check na muna bago pinadala hays,1,0,0,0,The review describes that one item has a damage and suggesting to check before shipping which is a product related issue.,,,,
20,thank you po sakto lng po tlaga sa mama ko thank you agian god bless,1,0,0,1,The item size is correct,the reviewer also thanks which could mean seller/service is good.,,,
21,maganda sya pero d naman tlga effective kasi yung anak ko kahit open sya magdamag at nkapurify sumusumpong pa rin allergic rhinitis,1,0,0,0,The product performance not really effective,thus the product aspect.,,,
22,maganda sana kaso d chineck maayos bago isend ung light grey tatlo tas dark grey 2 eee and order ko lang nmn 2 na dahon na wallpaper tapos 5 na dark grey kainis ngaun ko lang napansin na mag kaiba pala sana next time paki check maigi pero maganda nmn,1,0,0,1,The product is good but they didn't check the item before sending.,,,,
23,ang liit ng size kulang yung 1 size up na order pag 34 siguro tama lang na 38 ang order kundi buy ka ng bra extender so kung 36 ang size mo wag ka na umorder kasi maliit ang 38,1,0,0,0,Size is too small.,,,,
24,100 maganda naman dumating naman sakin na safe at walang sira good quality din,1,1,0,0,Quality is good then item arrived with no damage.,,,,
25,8 kc yung small n order ko magic tape tama sya yung s large ay plastic n bakit po ganun dpt po mgic tape din  bkit po ganun,1,0,0,0,Type of tape for large is different.,,,,
26,maganda po sya ganun din ang quality kaso sa size pong 36 which is 34 naman talaga size ko ay hindi parin sya kasya ibebenta ko na lang po siguro sa iba next time po dapat same size talaga kase sayang ang pera kung di naman kakasya,1,0,0,0,Review talking about the product quality but the size do not fit,,,,
27,mukang ok naman yung product yun lang akala ko my remote yun pala wla naka lagay kc sa feature my remote,1,0,0,0,Expecting there's a remote but there's none.,,,,
28,brown ang ganda ng products good job ang bait pang seller at driver thankkk youuu order ako uli,1,0,0,1,Seller and driver are nice and review for product.,,,,
29,complete package namn po sya kaso sira yung charger d gumagana pero ok na din thankyou pa din seller advice lang po na sana sa susunod i double check niyo parin po ang products niyo kung ok ba kung gumagana ba or kung may damage ba to prevent returnrefund sayang,1,0,0,1,The charger is broken so it falls under product issue but also giving advise that seller should check before shipping to prevent return/refund.,,,,
30,ang bangoooo ang gandaaa at ang bango fast delivery dn,1,1,0,0,The review mentions the scent (product) and fast delivery.,,,,
31,the one i ordered was blue pero black ang dumating the umbrella is nice mukang matibay pero syempre iba pa rin ang order ko if the item is not available please make sure you contact your customer first so they have the choice para makapag decide ulit,1,0,0,1,The review reports receiving the wrong color (product) and suggests better communication from the seller (service).,,,,
32,quite disappointed with the colors di siya same sa photos as in big difference and sobrang light basta iba consistency only this color is ok for me,1,0,0,0,Disappointed with color and consistency thus product category.,,,,
33,good quality nice sound once s againthank u so much sa sellergood quality talaga at sa kanya ganda ng sounds niyalove itgod blessed,1,0,0,1,Sound quality is good and thanks the seller.,,,,
34,not satisfied walang spring yung isang item  sana mag function sya ng maayos kahit wala non,1,0,0,0,Expressing product is not functioning.,,,,
35,hays sobrang na disappoint ako sa phone stand ilang beses na akong umorder dito pero binigyan parin ako nang damage na item hindi bha nakita kapag pinapack naalam naman na sita dadalhin pa sa packing hindi ko alam kung trip ba talaga nila o sadyang tamad lang mg check ang,1,0,0,1,Again expressing disappointment and giving feedback about product check and packing,,,,
36,received it with a leak impressed sana since glass yung bottle pero matubig yung pabango very subtle yung amoy parang pabango mixed with water mabango naman very diluted lang talaga,1,0,0,0,Leakage and aroma of perfume thus product related aspect,,,,
37,umay order ko black and white ang dumating all black naka dismaya,1,0,0,0,Incorrect color of item received,thus product,,,
38,ang liliit ng sizes  yung large kasya sa sa xs huhu manipis din tela pero okay na rin y ou get what you paid for,1,0,0,1,Mentioning the sizes are too small and the material but ok with the price.,,,,
39,ok sana kaso may mantsa yung isang tsinelas kahit anong kuskos gawin mo ayaw matanggal dapat sa end pa lang ni seller na quality check na nya yun,1,0,0,1,Stain on one of the slippers (product) and the seller should have done a quality check.,,,,
40,ok thanks po tama ang mga kulay na ipinadala maayos na naka bubble wrap masinop na masinop mabilis din ang ship saktong pambaon sa bag  walang leak dalawa po blue and black pero isa lang po ang freebies sponge stick kala ko yung holder na pang bitbit ang free,1,1,0,0,Right color has been delivered,well packaged and fast ship but thought there will be freebies with free sponge stick.,,,
41,i thought ano laman wireless mouse pala kaya lang napaisip ako kung appropriate ba na ito binigay kasi keyboard na may mouse naman binili ko sana better and mas fun next time,1,0,0,0,Thought it will have wireless mouse,thus product.,,,
42,best feature yung lalagyanan ng airpods akala ko worth ng 1k mahigit yung product pero naging 190 na lang what if 1k talaga to tas gantong quality yung matanggap mo not worth it pero kung pag uusapan naman yung price na 190 i think pwede na rin tong earphones na,1,0,1,0,best feature and price,,,,
43,very nice for rainy as well as sunny season good quality with 10bones anti uv ganda may chip lang yung handle nung blue and may kaunting gasgas yung sa black may butas din sya pala ngayun ko lang napansin inorder ko ng 11 dumating ng 12,1,1,0,0,Good quality with damage to handle and scratch and delivery is on time.,,,,
44,wala yung serum first time ko mag order tapos may kulang na isang item,0,0,0,0,,,,,
45,okay na sna kaso may damage ipapagawa kopa tuloy sana before po iship icheck ng maige thank you,1,0,0,0,Item had damage,,,,
46,order complete at tama lahat ng pinadala ni seller med n disappointed ako sa design ng tapakan kasi faded n sya nag mukha tuloy used pang gift ko pa naman to sa mga inaanak ko pero anyway thank you din at tama mga pinadala maganda sya need lang i check,1,0,0,1,Design of slipper is faded,,,,
47,1 i ordered for gold pero green ung dumating and sana ung pangalan hindi deceiving hnd naman totoong samsung pero ung title ng name ng item samsung generic android tablet lang nman,1,0,0,0,Wrong item and name deception.,,,,
48,good i was a bit disappointed with the product quality unlike sa other shop na same price din pero mas makapal but its okay kasi with the price talagang expect mo na na mababa ang quality madali syang maputol i think kasi manipis lang yung nya,1,0,1,0,disappointed with product quality and price,,,,
49,mukang magtatagal naman yung white maganda yung black lang hindi mapindot hah sana chineck muna o inopen ipadala,1,0,0,1,one product is not working and to check before ship,,,,
50,super nipis pampaganda lang ng wall pero di makapal for protection sa umpog,1,0,0,0,not good for protection,,,,
51,nice ung zipper at ang pag tali,1,0,0,0,just nice,good,,,
52,ok nmn sya  maganda din yong tunog for the meantime,1,0,0,0,sounds good,,,,
53,okay na sana seller kaso bumuka sa baba yung ring light parang naka glue stick lang tyaka pansin ko iba yung design na dumating saakin kaya nahirapan akong i assemble kasi mag babase lang sana ako sa mga review,1,0,0,1,ring light is opening and diff design,,,,
54,okay nmn yung item kasoo hindi gumagana yung remote excited pa nmn akoano bang gagawin para gumanaa yung remote,1,0,0,0,remote is not working,,,,
55,expect that its thin but the glue sticks well and easy naman din to remove and cut,1,0,0,0,just stating item facts,,,,
56,maganda naman po quality nung bottle ibang color ngalang dumating,1,0,0,0,the product is good quality but the color is wrong,,,,
57,maganda naman yong item malakas dinsana magtagal battery kase gagamitin ng anak ko sa skul nilamali lng yong kulay na binigay ni seller kase blue order ko e pink dumatinglalaki kase anak kopero ok lng maganda namn di pala xa nagana pg d nasaksak,1,0,0,0,Item good quality.,,,,
58,ayos nmn ang kulay medium order ko maliit ang size nila parang small eto ung tela n madaling mag himomolmanipiskhr ung jogger maliit ang sizepero salamat p din s seller kc tama nmn lahat at dumatin din lahat,1,0,0,0,color,size and quality,,,
59,maayos na nakarating sa akin yung product and because its 13 pesos only i already expected it was fragile plastic e,1,1,1,0,arrived with no damage,product ok with price,,,
60,good thank you seller maganda at kumportable sootinmaganda syadi sya branded pero ok syaipaatahi monalang para pang matagalan nasalamat sin kay manong rider na lage naghahatid ng mga parcel ko dito sa bahaygod bless you all guysna enjoy kodin kasi may less pa sa voucher ko dito sa shopee,1,0,0,1,thank you and comfortable,,,,
61,thank you sellerrrrrrrrrrrr thank you shopeeeeeeeeeeeeee thank you po sa nag deliverrrr thank youuuuuuuuuuuuuuuuu,0,0,0,1,thank you,,,,
62,pangalawang order q na tomaganda sya kaht d ko pa na try yung una q na na order nag order ako ult kasi sobrang cute nyanakakadsmaya lang kasi sira pala yung una q na orderpro mam seller try nman para ma return at maayos ang problemasana mabalk ang una q,1,0,0,0,the product is good,,,,
63,d sya ngna sa tablet buti nlng mura lng  kaya 3star pdn,1,0,1,0,item is not working but the price is good,,,,
64,the products are good walang sira or anything nakakadisappoint lang na basta na lang final wrap ang ginawa nung seller jusko di man lang nilagyan ng kahit na ano para secured yung products yung nipple cover dumikit na ung parang jelly sa plastik yun lang thank you,1,0,0,1,no secure packing,seller final wrap,,,
65,as we expect di lang masyadong malakas siguro sa battery idk thank you po affordable sya at nagustuhan ng partner ko tnx,1,0,1,0,not too strong,,,,
66,rubber ok naman siya  nagustuhan ko pero kulang sa size po  maliit po pala  kailangan mo mag add size po,1,0,0,0,the size is small,,,,
67,ibandg brand inorder ko pero hnm binigay sana magtagal kasi ang nipis nya,1,0,0,0,not lasting,,,,
68,goods nmm sya akala koden may gift wala pala pero thanks paden sa shop ganda nya,1,0,0,0,no gift. good,,,,
69,good ang ganda daming choices magaganda ung design napansin ko lang compared sa ibang fake nails ko this one is malambot,1,0,0,0,nice design and choices,,,,
70,good ok naman yung fragrance ng perfume mabangi sya sobra  medyo disappointed lang sa packaging kasi may leak sya konti lang naman nabawas dun sa perfume pero makikita mong may leak kasi nag spill na sya sa bottle nung perfume siguro naextime ensure for good packaging esp for perfume,1,0,0,0,ok fragrance and leaking,,,,
71,not good okay ung sound nya ang problema ung mga pinadala na mga charger nya hndi magfit sa knya so useless ung charger nya isa din problema madaling magluwang sa lalagyan ng headphone hndi mo malaman kung nagchacharge ba sya o hindi,1,0,0,0,charger unfit and issue,,,,
72,goods lang it is not long lasting and minsan napapansin ko na nakaka dry ng lips,1,0,0,0,not long lasting and dry,,,,
73,maganda naman ang item nabili ko gumagana kaso lang may crack at nayupi yong filter niya parang inupoana nakapanghinayang lang kasi mahal yong shipping fee tapos ganon ang mangyari dapat seller lagyan mo ng fragile yong itemnaka bubble wrap nga kaso sira parin,1,0,1,1,item cracked seller put fragile.,,,,
74,my items were not complete but package really well and ang ganda din ng product will order again soon sana kumpleto na next time,1,0,0,0,Item not complete,packed really well and good.,,,
75,fast delivery not tried yet sana maganda sira lang yung takip but ok naman yung bottle thanks,1,1,0,0,fast delivery and broken cap,,,,
76,smooth slamat sakto lang sya thnks ky seller till nextmablis ang delivery,0,1,0,1,fast delivery and thanks seller,,,,
77,nakkdismaya d parepareho size may kasya meron nman masikip pero goods nman ung product three star lang,1,0,0,0,size are not the same,,,,
78,okay na rin hindi na nagana yung shutter tas natutumba siya kahit di masyadong mabigat ang cellphone ang hirap niya rin iadjust hays pero ok na rin thank you,1,0,0,0,shutter not working and difficult to adjust,,,,
79,walang laman nadismaya ako first time kong madismaya sa mga orders ko maayos naman ang pagkakabalot siguro yung takip lang talaga siguro ng bottle hindi maayos ang pagkakasara please lang po sa seller paayos po ng sara ng mga takip ng product niyo nang sagayun ei maayos makarating goods po,1,0,0,1,please fixed and adjust the bottle cap of the product to secure well,,,,
80,the item is damage sa pack palang pero it arrived on time as it was expected to arrive on the given address the item arrived in okay condition it is well packed,1,1,0,0,item damage with on time,,,,
81,okay naman for its price super dulas nga lang pag basa i guess okay lang sya for indoor use fast shipping tho,1,1,1,0,dulas pgbasa and fast shipping,,,,
82,tagal dumating ordered 01 14 dumating ng 01 21 tas wala man lang box at wala din clear instructions on parts may maliit na papel na di naman maintindihan di din ganun kaganda bass nya,0,1,0,0,not good bass and late,,,,
83,ok lang naman sya dont expect for nice quality for the price point functioning naman ang item at ang remote,1,0,1,0,working item and price point,,,,
84,i ordered white but i received purple pero walang purple sa choices,1,0,0,0,wrong item,,,,
85,low quality masakit sa tenga akala ko pa naman maganda ung sound pero basag nakaka disappoint kahit music mode or gaming mode basag masakit talaga sa tenga kahit ate ko napangitan din sa sound baka panget lang yung napunta sakin mas ok pa yung earbuds na tig 199 shshshh fr,1,0,0,0,Low quality with sound,,,,
86,ok naman siya kaso di nagchacharge sa charging box kase dapat pag nilagay mo automatic magchacharge yan lol,1,0,0,0,The item does not charge with the charging box,,,,
87,black is okay pero ung cream mukhang cheap manipis din sya check nyo muna ibang stores kung bibili kayo mabilis din maship,1,1,0,0,The material look cheap,it's thin and fast ship,,,
88,good may maliit na scratch very disappointed excited pa naman ako dumating yung order ko sana sa next purchase ko hindi na ganito anyway thank you so much pa din,1,0,0,0,A little scratch and not good,,,,
89,wrong color yung isang socks na binigay instead na blue football orange ang binigay sana naman nag message muna bago nagpalit ng ibang kulay or pang boy o unisex nalang sana ang pinalit,1,0,0,0,wrong color,,,,
90,910 maganda kaso maluwag yung strap nya sakin kaya nag aalangan ako gamitin but still super affordable kaya recommendable pa din,1,0,1,0,the product is good but strap is so loose.,,,,
91,not good baluktot yung parcel hindi ko alam kung bakithindi man lang na secure gumana nman pero baluktot,1,1,0,0,item secure and ok delivery,,,,
92,hindi naman pp gumagana ung charger at keypad pano po yun,1,0,0,0,Item charger not working,,,,
93,okey sana kaso malikulay yung pinadala i order white  pink yung dumating  boy pa naman yung gagamit,1,0,0,0,The product received is pink instead of white,,,,
94,size 37 lang ang paa kokya size 39 ang inoeder kokya lng maliit ung size ni seller kong mejo chubby ang paa mo at malaki ang entrada ng paa mo much better na size40 ang kunin mo,1,0,0,0,Size is not good,,,,
95,ok naman po expected ko naman po kasi,0,0,0,0,no aspect,,,,
96,yupi yung pads what you pay is what you get maganda ang teala yun lang need to change yung pads and hindi sya stretchable maliits yung sizes nila so submit a review and get coins that apply space give hope love,1,0,1,0,Price point,,,,
97,ok naman po narecieve kona po ng maayos at ok nmn ang product,1,1,0,0,ok naman ang product and delivery,,,,
98,subrang ganda ng item wala akong masasabi sa packaging at sa mismong item  goods pa yong presyo  nakakatuwa din kasi nag sesend sila ng proof from packaging pero basag ko sya nang ma receive tapos antagal ko syang inantay nakaka lungkot lang kasi mismong screen nya na yong,1,1,1,0,item good the delivery very late and screen broken,,,,
99,good the product are goodall though i havent trypero seller bakit mali ang isang size sana echeck nmn mabuti bago edeliver or mark if not available  shopeemay mga rough attitude yung driver nyo,1,0,0,1,one size wrong and attitude driver,,,,
100,brief yung inorder peru boxer yung dumating hay naku,1,0,0,0,Wrong item/Product,,,,
101,poor due to poor response  kulang kulang ung items instead n 4 boxes of face mask ang pinalit isang pair ng tsinelas if ubos na yung stock nyo mag notify nmn kayo s mga customer nyo tsinelas n nga ung binili ko tsinelas p ung ipapalit nyo dun s,0,0,0,1,Service related to the seller not notifying the customer about the out-of-stock items.,,,,
102,okay naman yung sound but yung mic is hindi nagana,1,0,0,0,Product aspect due to the microphone not working.,,,,
103,napakaliit ang size nilasize 7 ang paa ko pero nagorder ako size 38 para sure na kakasya ngtanong pa ko sa seller kung ang 37 ay size 7 oo daw kaso napakaliit ng size niyokita nmn sa vdeo na bitin pa sa paa kodapat sinasabihan niyo mga customer niyo ng,1,0,0,1,Product because of the size issue and service because seller gave wrong information about the size.,,,,
104,wrong color i order purple blue pero blue purple ang dumating,0,1,0,0,Delivery since wrong color was received.,,,,
105,di masyado kasi na itry ko sa dry lips ko ok naman pero parang 10 minutes lang nag dadry rin sya,1,0,0,0,Product aspect on how long the product stays.,,,,
106,malakas 1 hour lang ginamit at di na gumana need icharge,1,0,0,0,Product because its not working.,,,,
107,ok merong mga punit punit at andaming yupi yupi kaya nung dinikit ko na sa wall hindi makinis tingnan andami rin tuloy nasayang na part ng sticker,1,0,0,0,Product because it came with holes and dents and wasn't smooth.,,,,
108,got two mouse pads na super laki pareho pa ng design not worth it di rin ako maka anime,1,0,1,0,Product and Price because of design and its worthiness.,,,,
109,hindi nasuot sa graduation but thats fine i just home that they can keep their promises the next time,0,0,0,0,No aspect found.,,,,
110,ok bkit nman gnun 3items ang inorder ko pero dlwa lng ang nareceive ko akala ko nkamura na q ako pla mabubudol ayusin nyu price nyu kung hindi rin masusunod order ng costumer nyu 3 items order ko pero dalawa lng pinadala nyu nkkadala umorder kpag ganto,0,1,1,0,Delivery for incomplete order and price because thought it was affordable.,,,,
111,maganda ang itemmabilis ang shipment i will order again basta matagal masirapero feel ko matibay sya,1,1,0,0,Product because the item is good and feels sturdy and delivery because it was quick.,,,,
112,i ordered a blue transparent one but you gave me a violetgreen hindi ko na lang pinareturn kase nakakaaksaya ng oras hmm okay naman siya though but still 3 stars only because of the color thank you,0,1,0,0,Delivery aspect since wrong color was given.,,,,
113,fine maliit yung size na dumating sakenso di ko din siya magagamit hassle if ibabalik ko pa so lesson learned nalang thankyou though,1,0,0,0,Product aspect because the size delivered was small.,,,,
114,good nice na po sana kaya lang pingkot ung stand nakabubble wrap namn at nakabox pero dahil mura nga lang manipis lang din box nya mabuti di ung ring light ang nabasag kundi aayang ang pera mali n ito ng courier,1,1,1,0,Product because the stand was broken,delivery because the courier was at fault and price because the item was cheap.,,,
115,sira yung mic ng earphone d din magagamit,1,0,0,0,Product because the microphone wasn't working.,,,,
116,hindi kumpleto item  nung una ok sana  di din tama s expectation  nung una lang,1,0,0,0,Product because it's incomplete and did not match the expectation.,,,,
117,saks lang rin ayan check mo kulay sa photo,1,0,0,0,Product because its about the color.,,,,
118,ayaw mu lang mag bigay ng coins ee  maganda na nga ung review ku ayaw mu pa tanggapin anu ba gusto mu  hayst naku  bahala ka jan,0,0,0,1,Service aspect since its about seller's coins.,,,,
119,received the parcelnot really satisfied kase may times sabay may tunog tapos mawawalakabila nalang tapos disconnectconnect sa bluetoothganun ba talaga ungusto ko sana ibalik kaso baka hassle patumutunog naman pero parang kelangan mo xang pakibagayanby the way thanks,1,0,0,0,Product aspect due to the sound and disconnect issue.,,,,
120,lots of dents on the actual product itself makes ice though didnt want to return kasi tagal ako naghintay,1,0,0,0,Product aspect because of the dents on the actual product.,,,,
121,dec29 sobrang tagal ng delivery sa shoppee express kala mu galing china hnd nman,0,1,0,0,Delivery aspect due to the item being very late.,,,,
122,not the same with the picture iniisip ko kung bibili pa ako ng iba hindi ko kinabit yung wallpaper kasi mas light yung color kesa sa picture na inordee ko yung flatener ok,1,0,0,0,Product because it doesn't look the same with the picture.,,,,
123,disappointed wrong color yung isa purple po hindi pink,0,1,0,0,Delivery for receiving the wrong color.,,,,
124,maganda po yung items though medyo manipis its okay kasi comfortable to wear yung isang item lang may sira pala siya ngayon ko lang napansin,1,0,0,0,Product because it is thin,comfortable,and damaged.,,
125,5th  6th buy ung mouse pad worth 39 pesos lang sa shop mismo nila not good not sulit not responsive 5th  6th buy ung mouse pad worth 39 pesos lang sa shop mismo nila not good not sulit not responsive,1,0,1,1,Product because it's not good,price because it's not sulit and service because it's not responsive.,,,
126,ok na sana kaso kinulang ng isa ang order ko wala po ung gunting sana nxt time ayusin naman para walng reklamu ang costumer,0,1,0,0,Delivery for missing item.,,,,
127,maganda siya pero may napansin ako na pangit sa tahi parang natastas pero naremedyohan din naman and good ang pagkakaremedyo di gaano obvious fast delivery kakaorder ko lang nito kahapon,1,1,0,0,Product due to the sewing and how it was fixed and delivery because it was fast.,,,,
128,good quality for its price matagal lang sya dumating though will order again soon,1,1,1,0,Product because of the good quality,delivery because it was late and price because of the price.,,,
129,medj oily for its price i think keri na xia although di talaga niya kaamoy ung cloud pero all in all matamis scent niya and i think long lasting namn,1,0,1,0,Product for scent and how long it lasts and price for the oiliness.,,,,
130,kulang po ung narecieve ko wala ung handle ng sticky roller,0,1,0,0,Delivery for not receiving the handle.,,,,
131,rubber kahapon ko pa to nareceived 0922 at sakto ang dating nya kase aalis kami that day  then sinuot kona agad at un nga now kolang napicturan to review and maganda sya rubber ung design color nya in my experience kase pasmado ako medj madulas sya sa paa at,1,1,0,0,Product for the design,color and slipperiness and delivery for being on time.,,,
132,25 huhuuuu ibang iba amoy nyaaa and sinet ko naman perooo walaaaa pa rin talaganggg umaamoyyy but i brb to the second time that i will use thisss huhuu,1,0,0,0,Product because of the smell.,,,,
133,1st time ko umorder ng mystery package at isang cellphone stand ang natanggap ko i guess nagexpect ako na kahit paano hindi iisang item lang ang marereceive kahit worth man lang ng mystery package anyway sabi naman nila dont expect anything,1,0,0,0,Product becasue only one cellphone stand came.,,,,
134,sobrang gusto ko yung tela super comfy niya kaya lang hindi maayos yung pagkakatahi i just hope next time seller will double check it first,1,0,0,1,Product for the fabric and how comfy it is and service since seller must double check item first.,,,,
135,simple lng di cxa malagkit for simple make upmagnda na cxa for everyday usesorry wla akong pic,1,0,0,0,Product because it's not sticky and it's good for everyday use.,,,,
136,thanks seller recieve kuna sakto lang yung size 38 dapat tlga plus 1 pag nag oorder,1,0,0,1,Product because the size is just right and service because thanks seller.,,,,
137,good pleasepaki check po mabuti ung item kung may damage o wala bago ipadala sa customerbinayaran nman po kayo ng tamadapat in good din ang item,0,0,0,1,Service related because seller should check items for damage before sending.,,,,
138,good but not excellent maganda sya and goods naman may unting flaws lng naramdaman ko may part na magaspang and d may flaws din sa pagpaint sa upper part ng bottle and manipis overall pwede na pra sa prize nya,1,0,1,0,Product for how good and thin it is and price because of the flaws.,,,,
139,what you see is what you get super nice on feet comfy heavy fashionable the downside was very maluwag as you can see sa photo not even adjustable overall good job for fast delivery thank you shopee and lala shoes,1,1,0,0,Product for being nice,comfy,heavy and fashionable,and delivery because it was fast.,
140,maayos po yung blue but yung black po is damage yung sa may tip po nung umbrella ay basag tapos mahirap iopen tapos shaky siya baka madali na rin pong masira yung black,1,0,0,0,Product because of the broken tip,hard to open and shaky.,,,
141,okay na sana kaso maling size po nabigay niyo hindi po tugma sa order ko sana okay na yung next order ko,0,1,0,0,Delivery because wrong size was given.,,,,
142,yung phone mabilis malowbat at walang cgnaltapos ng shop refund nlng daw nila natanggap na nila yung items dli dina nila mabalik yung paymentdpat report 2ng shop nato ng matanggal kasi scammer nagtintinda ng mga fakesabay2 nating ereport 2,1,0,0,1,Product because its fake and drains battery quickly and service because they won't return payment.,,,,
143,beige ang order black ang dumatingwala mn lng inform si seller na hnd pala available,0,1,0,1,Delivery because the wrong item was delivered and service because the seller did not notify that the item was unavailable.,,,,
144,d sya maganda kc maliit ang size d rin sya nag istrech sayang lng dko magamit,1,0,0,0,Product aspect due to size.,,,,
145,sticky pero di sya smudged proof kita naman triny ko sa asawa ko syempre di rin water proof what do you expect sa price nya hehe magagamit parin naman thanks seller and rider,1,0,1,0,Product because its sticky,not smudge-proof,not waterproof and price because it's expected.,,
146,dami q n naorder n bra ok nman pero un deliver ngaun maliit ang isa pareho size 40 order q dumating 34 ang isa maliit,1,1,0,0,Product for the size and Delivery for the size mismatch.,,,,
147,ok naman lahat kaso ang liit naman ng milk storage large naba yung size na yan hndi manlang magkakasya isang pack ng gatas,1,0,0,0,Product aspect regarding to the product.,,,,
148,water literal na parang nag spray ka lang tubig sa mukha hindi rin effective yung glitters glitters di rin mabango huhu di ko bet amoy mas amoy hairspray pa to dun sa butterfly shadow na hairspray huhuhuhuhu,1,0,0,0,Product regarding quality and scent.,,,,
149,rate 4 sa quality kc jbl na brand is d sya tunay na jbl na quality picture at video not related pala nagagamit dn nmn sya ng matagal 23hrs na gamitan kung full volume na pag gamit,1,0,0,0,Product concerning the quality and durability.,,,,
150,cutie sha and ang lakas nng ilaw and fan pero bawal ma charge,1,0,0,0,Product regarding features.,,,,
151,payong naman talaga sya ah protects from the rain and direct exposure to sunlight providing good shade yung yellow not as bright irl pero gusto ko na sya magaan compact at madaling dalhin yung stitches walang loose ends at yung bakal na ribs magaan pero mukhang sharp hindi lightweight alloy,1,0,0,0,Product regarding overall quality and material.,,,,
152,not so good okay honest review to nag expect tlg ako na kakapit ng matagal ung perfume nakailang spray na ako bilis lang maalis ng amoy pero if sa damit mejo naamoy din yung scent niya mejo alcoholish ganon okay lang naman ang scent sa pakaging naman is nagulat ako,1,0,0,0,Product aspect related to the product features,,,,
153,maganda sana kaso maling kulay pinadala tapos d pa ngrereply sellerpede nmn sna magreply kaso wla,0,1,0,1,Delivery and service related to incorrect color and non responsive seller,,,,
154,goods naman po sha kaso lng yung package lng yung prob,0,1,0,0,Delivery aspect related to the package,,,,
155,i commend for your fast delivery service i was excited pa naman nung dumating package ko kaso nung sinukat ko yung jogging pants hindi umabot sa balakang ko man lang napaka sikip pero sinunod ko naman yung nasa description nila sa page,1,1,0,0,Product relating on size and delivery.,,,,
156,good quality kaso rubber pala yung sandals pero its all goods naman maganda rin sya pang porma kaso sa pagdeliver apaka tagal nga lang dumating nag reorder pa ko para magorder ulit now lang dumating,1,1,0,0,Product related to quality material delivery is the delay,,,,
157,high quality naman kaso kulang lense nya it makes me disappointed kasi fist time ko omorder here,1,0,0,0,Product for missing lenses.,,,,
158,i give 3 stars ksi hindi maganda ang packaging at hindi ko pa din na ttry,0,1,0,0,Delivery since not good packaging and product since haven't tried it yet.,,,,
159,maganda dahil maliit talaga kasya sa bag pero manipis as expected okay siya kung gagamitin lang para di mainitan sa araw pwede din sa ulan pero kung malakas yung hangin for sure babaliktad or lilipad to sobrang nipis at parang di stable yung hawakan mukhang agad masisira pero pwede na,1,0,0,0,Product for being small,thin,and unstable.,,
160,so far good camera is not that great but it has huge capacity cool follow up feedback gave 3 stars nlng kc ang bilis malowbat at sbrng lag nya ang dmi p nmng space i dont know why pero sbrang bgal so lag and ang bilis malowbat,1,0,0,0,Product because it lags and the battery dies quickly.,,,,
161,mouse for consideration less expectation less disappointment nakaka suya lang 4 pcs same item out of 5 sana may variety man lang,1,0,0,0,Product because same items were given.,,,,
162,gusto kong magbigay sana ng 5 star kaso may issue po sa thread sa isang important part nong ring light working naman ang ilaw at control may dent din sa paa nong stand sana next time mai double check at mas secured na packaging salamat seller definitely will buy again,1,0,0,1,Product for the issues on the thread,light,dent,and packaging and service because the customer thanks seller and asked to double check.,
163,received items in a good condition  quality but sad to say its more than a wk b4 it delivered nka discount kc ang shopping fee kaya hintay nalang kahit matagal dumating,1,1,0,0,Product for being in a good condition and delivery being late.,,,,
164,may butas butas yung print sa likod paki ayos nalang po sa iba maganda naman yung t shirt kaso napangitan ako sa tatak ang ka butas butas eh,1,0,0,0,Product due to the holes.,,,,
165,mabilis dumating ang parcelnice packing double bubble wrapmaganda xa pangbata talagakaya lang 2nd charging pa lang pumutok ang charger nyanung ginamitan ko nang ibang chargersuper tagal nagcharge almost a daypag gamit sandali lang empty agad kya d ko na pinagamit,1,1,0,0,Product because the charger exploded.Delivery is fast.,,,,
166,nice quality sakto lang sa price 910 naka bubble wrap naman siya pagdating kaya okay nga lang ngalang manual kung paano gamitin tas ang charger niya chord lang tas type c gumagana din ang cute ng product kasi maliit,1,0,1,0,Product because nice quality,manual and charger and price because it's fair.,,,
167,ok nmn xa manipis nga lng tela pero worth the price naman,1,0,1,0,Product because of the cloth and price because it's worth it.,,,,
168,iba ang tela sa dumating manipis at same as medium lang ang l malamig naman sa balat ang tela pede na pagtyagaan pangtulog dumating naman agad at okay packaging,1,1,0,0,Product because different tela and delivery because arrived immediately.,,,,
169,nakakadismaya kasi sobrang dikit naman ng tape ni sellerpang benta ko sana mga to pero nasira na ang individual plastics nia ung dalawang tumblers kulang ng sticker,0,0,0,1,Service for the seller tape.,,,,
170,good iba ang kulay nang kwintas ko at lipstick ko,0,1,0,0,Delivery for the different colors.,,,,
171,goods na sana yung strip light kaso yung pag red lang may mga pundido na part kita naman dun sa pic sana tinetest bago ipadala kung goods ba lahat tyaka nkaka badtrip yung pinadalang mouse pad hello kitty yung nasa pic kaya ako umorder pero pinadala ang panget panget nakakabwisit,1,0,0,1,Product for the strip light not working,mouse pad's design not as expected,and service for not testing before sending.,,
172,mukhang matibay naman mystery mouse pad lang pala for eighty nine pesos worth it ba pero thankyou parin po,1,0,1,0,Product because it looks sturdy and price because it's not sure if it's worth it.,,,,
173,okay sana yung item kaso yung kulay hindi nasunod iba yung natanggap ko kaysa sa color ng nasa picture ang layo ng nasa picture sky blue sana eh medyo deep blue to pero okay na to all in all maganda pa din naman,1,1,0,0,Product because its good and delivery becase of the color not followed.,,,,
174,the item was good maganda sana kaso manipis at pare pareho ng kulay binigay ng seller sana kahit ginawang assorted color man lang but all in all its good condition,1,0,0,0,Product aspect for the product being thin.,,,,
175,three star kasi walang butery at di nakakakuha nang buhok,1,0,0,0,Product is missing a battery and doesn't remove hair.,,,,
176,510 i have an issue about a missing item so much disappointed dahil irresponsive yung seller understood naman na super busy pero kahit seen man lang d nagawa hayz some items d na follow yung color ill not recommend this shop po,0,1,0,1,Delivery for a missing item and service for the seller being unresponsive.,,,,
177,gray po ang inorder ko bakit po naging violet,0,1,0,0,Delivery aspect due to wrong color.,,,,
178,nice ok na sana kaso tatahiin ko pa lahat sa may dulomaganda wala ako masabimalambot ang telayon lang yong sa baba ng slocks tatahiin pa,1,0,0,0,Product because will still need to sew it.,,,,
179,i bought this thinking that it would arrive just in time for my event then matatagalan pala so i sent a cancellation request which was revoked kasi nagconfirm na si seller i tried requesting again thru chat and nag agree naman si seller but for some reason shinip pa rin,0,0,0,1,Service because issues with cancellation and shipping.,,,,
180,all goods kaso hndi kasali yung red na medjas sabi refond daw  sana ni lagyan nlg ibang item  layo pa nman samin,0,1,0,0,Delivery because the red socks was not included and just refund instead,,,,
181,well packaged na dumating maganda din yung shade sa texture naman tulad lang din ng ibang lipbalm medyo hindi ko lang gusto yung amoy madyo amoy kandila pero keri lang thank you seller,1,1,0,1,Product because not like the smell and delivery because well packaged.,,,,
182,manipis 6 meters lang napabili ako uli kahit lugi para lang sure na magkapareho ng kulaytexture yung pandagdag merong ibang honest stores na nagbebenta ng 5m for p80 dun na lang kayo bumili since medyo see through at halata pag inoverlap putulin nlng ng cutter para di pangit tignan,1,0,0,0,Product for thin,six meter and price compare to other store.,,,
183,manipis ung tela pero pag nakasuot na hnd naman see through yung undies though makikitang bakat lang sa tingin ko mabilis masira ung tela pag sumabit ung tela somewhere3 stars kasi yung army green na square pants e hnd natahi ng mabuti kaya butas ung sa likod,1,0,0,0,Product because thin,see through,easily damaged and hole.,,
184,ok ok ok sya mukhang matibay sumablay lang kasi 2 ltrs order ko 1100 ml dumating pero ok nadin paycheck nalang po susunod,1,1,0,0,Product for being sturdy and Delivery because the order was less than 2 liters,,,,
185,ok nmn ung item nayupi lng ung kahon ng stand pti ringlight pero oks lng working nmn ung item,1,1,0,0,Product for good and Delivery because the box was crumpled,,,,
186,2 dark blue  1 maroon at 1 grey ang order ko n kulay  anong nangyari bakit wala iyon dark blue at maroon  nakakadisappoint nman,0,1,0,0,Delivery becuase wrong color of items delivered.,,,,
187,madaling masira hindi pwede sa malakas ang hangin but anyway thank u po seller fine with it price,1,0,0,0,Product because easy damage,,,,
188,for the price it was ok gumagana talaga sya buut the quality is just a soso the other tip was quite responsive while the other tip needs more pressure so it was quite a hassle for me it was good bcs of the low price but you might need to,1,0,1,0,Product and Price.,,,,
189,awit unang order ko maganda second order ko pangit na,1,0,0,0,Product aspect that on the second order the items were already bad.,,,,
190,maganda yun items matagal lng dumating lampas na sa tinakdang araw wala pa din sana mas kinapalan un lagayan at bubble wrap or nilagay sa hindi madaling masira yun plastic mabigat kasi open na kasi nun nareceive ko but thanks okay naman khit matagal,1,1,0,0,Delivery due to the packaging and time. Product because of good items.,,,,
191,with flaw again im a regular buyer but every batch na matanggap ko may flaws,1,0,0,0,Product because there are flaws every time.,,,,
192,color is nice i got the item i planned to return it kasi damage yung bag kaya lang malapit na exchange gift dumating yung item dec 3 kung isasauli ko pa di aabot sa party check the pic i have video of unboxing it too big file lang to share,1,1,0,0,Product because bag is damaged and delivery because arrive too late,,,,
193,good inorder ko 4041 pero ang dumating masyadong maliit kaya binigay ko nalang sa kapatid kopero maganda naman sya,1,1,0,0,Product because the size is too small and good. Delivery is good.,,,,
194,okay naman siya kaso may missing part dun sa pangkabit sa phone nhirapan pa akong iassemble sadyang kulang pala talaga ang parts pero working naman ung ringlight at pwede pa rin naman magamit yung phone handle kahit wala yung adjuster pero iba pa rin sana f kumpleto thanks,1,0,0,0,Product due to missing part.,,,,
195,mali size yung binigay saken 32 order q binigay nyo 36,0,1,0,0,Delivery wrong size given.,,,,
196,good oks na sa price pwede na,0,0,1,0,Price thet it is good and oks na.,,,,
197,5 ok naman pero may damage then si seller hindi active for the message but overall okey naman salamat,1,0,0,1,Product due to item being damaged and service due to the seller not active.,,,,
198,sakto lang sa price ang quality hindi siya for heavy duty use pero if hindi ka masyado nagboboots pero gusto mo ng boots pede to,1,0,1,0,Product quality,price for being just right,,,
199,1 dont expect that much incomplete order 1 item missing terno for kids kayo na ho bahala kung refund or what 2 maninipis at hindi cotton tela ng mga shirt 3jogging pants sakto lang pero hindi makapal at meron damage yung iba parang nadampian ng plantsa 4 the rest ng,1,1,0,0,product because of the material used,incomplete order.delivery becasue incomplete order,,,
200,my sira naman ang inorder ko sa susunod bago niyo balutin ang order pakitignan mnua item kong ok sya bago niyo balutin kc sayang naman ang pera ng mgoorder,1,0,0,1,product has damage service should check item,,,,
201,ayos namn yung parcel mabilis lng den dumating kaso kulang yung nadiliver pero bka after 2 days ibabalik namn yung pinambayad kodon sa kulang na binigay ni refund ko nalng good quality nadenn yung nga lng kulang tlga eh 6pcs eyeliner yon waiting po ulet ako sa stocks,1,1,0,1,"Product (good quality, kulang), Delivery (mabilis), Service (refund)",,,,
202,as usual complete items but ang sizes problema hindi accurate yung medium at large same size lang parang small hahahahha,1,0,0,0,Product (size inaccurate),,,,
203,bakit 3stars langito sagot oo kumpleto ang order ko ang kaso dahil sa nag titipid siguro si seller ng lalagyan di manlang naisipan i box ang mga order ko ang ginawa basta pinagsamsama lahat ang resulta nag leak ang wipes nabasa ang mga kasama tulad ng electric kittle di manlang,1,0,0,1,"Product (kumpleto), Service (packaging)",,,,
204,order complete medyo manipis lang yung tela napaka arte pa naman ng pagbibigyan ko mukang hindi magugustuhan anyway thank you,1,0,0,0,Product (manipis yung tela),,,,
205,okay maganda naman ung products malambot sa paa sakto lang ung inorder ko though may konting dents pero hindi naman cguro makakasira un kase nasa gilid i think so but still maganda parin pede na for its price,1,0,1,0,"Product (maganda, malambot, may konting dents), Price (okay for its price)",,,,
206,kaya 3 stars kase andaming order ko na wala pgkarating  so sad,0,1,0,0,Delivery (maraming order na wala),,,,
207,omg ung order ko purpleblue pero pinkblue yung dumating sakin also i was expecting na goods lang ung laki nya malaki pala tlga sya haha water consumption ko pang 1 week kasi tamad ako uminom ng tubig,1,0,0,0,"Product (mali yung kulay, malaki pala sya)",,,,
208,okay sana ang price nang items mahal sobra ang sf nila okay naman may basag lang yung ring  kasi hindi naka bubble wrap fast shipping naman kaso lang di ako natuwa pagka open ko kasi basag yung ring baka naman pwde sa susunod ma bubble wrap nang maayos yung,1,1,1,0,"Product (may basag), Price (mahal sobra ang sf), Delivery (fast shipping, hindi naka bubble wrap)",,,,
209,good naman yung phone case maganda sya  sa charger nga lang parang di naman fast charger na ddrain yung battery ng cp ko then biglang mag charge pero ang bagal pa din,1,0,0,0,"Product (good, maganda, hindi fast charger)",,,,
210,wrong item pinadala sabi sa description 2l pero 1l lang binigay pero oks naman ang quality nakakainis lang talaga expect mo 2l pero 1l lang pala,1,0,0,0,"Product (wrong item, oks naman ang quality)",,,,
211,white inorder ko black dumating pero ok na rin maayos naman pero shopee ako bat lazada,0,1,0,0,Delivery (wrong color),,,,
212,ok sana kayalang yung kulay na gusto ko di nmn nasunod yung order ko po pink blue pero ok na din ang importante eh yung may magagamit salamat,0,1,0,0,Delivery (kulay na gusto di nasunod),,,,
213,okay naman po yung item nung dumating  working din yung ilaw  mabuti nalang hindi siya sira or basag  kagaya nung nabasa ko sa ibang reviews  thank you sa seller and kay kuya na rider,1,1,0,1,"Product (working yung ilaw, hindi siya sira), Delivery (nung dumating), Service (thank you sa seller and kay kuya na rider)",,,,
214,we order black maamsir why you deliver pink pero no choice dito na buti ok naman sya kaya lang yupi,1,1,0,0,"Product (ok naman sya, yupi), Delivery (pink deliver)",,,,
215,maganda po ung dumating na order q,1,0,0,0,Product (maganda),,,,
216,rubber maganda overall i recommend the beige sandal but be careful if white sandal ang bibilhin since may discoloration,1,0,0,0,"Product (maganda, may discoloration)",,,,
217,hindi gumagana yong cooler niya okay naman yong packaging pero low quality siyasayang,1,0,0,0,"Product (hindi gumagana yong cooler, low quality)",,,,
218,ang dami sinabi sa picture pero kunti lang yung pipindutin sa remote tapos yung ilaw pag one color lang lagpas lagpas dun sa led maganda sana kung buong ilaw nya tapos sabi 7 color pero 3 lang sana ma improve pa testing muna dapat bago bigay sa customer yun lang,1,0,0,0,"Product (kunti lang yung pipindutin sa remote, ilaw, sabi 7 color pero 3 lang)",,,,
219,maganda nmn sya malaki yung mosquito net mas maganda sana kung may kasama ng bolster pillow nag order pa ako ng bukod na order ko na kz nung nalaman kong walang kasamang bolster pillow thank padin sa seller nag rereply sya,1,0,0,1,"Product (maganda nmn sya malaki yung mosquito net), Service (nag rereply sya)",,,,
220,ung problem is andali malowbat 10mins lng capacity nya sana ayusin din nila tnx,1,0,0,0,Product (andali malowbat),,,,
221,after opening tested both ng binili q 43mins lng tinagal after charging wmy poco x3 nfc 33w charger almost same charging time lng dn,1,0,0,0,Product (43mins lng tinagal after charging),,,,
222,ngaun lang nakapag review trinay qpa kc ang tablet qng maauz by the way nagana naman xakaso lang konti lang ang application na download kc nag ffull storage na xa agad kahit my 60gbpa na available sa storageang nakalagay kc sa spec nitong tabay 64gb,1,0,0,0,"Product (nagana naman xa, konti lang ang application na download)",,,,
223,ok sana ung item kaso pare pareho ung dumating bench and hm order ko pero dumating lahat bench,0,1,0,0,Delivery (pare pareho ung dumating),,,,
224,maliit lng ung mittens compared to usual mittens na nabbili sa palengke prng hnd maipapasok ng maayos ung kamay ng baby kht newborn palang s sobrang liit nakakadissappoint tpos ung socks nakalagay blue soccerball tpos red ung pinadala sana nagsbi man lng c seller,1,0,0,1,"Product (maliit lng ung mittens, nakakadissappoint, red pinadala), Service (sana nagsbi man lng c seller)",,,,
225,maganda sana yung product at mabilis mag ship out and deliver kaso mali mali lang ng pinapadala i ordered 1 black 1 light gray and 1 dark gray pero dumating sakin 3 light gray i even messaged the seller to check the items before shipping it out to avoid return,1,1,0,1,"Product (maganda sana yung product), Delivery (mabilis mag ship out and deliver, mali mali lang ng pinapadala), Service (even messaged the seller to check the items before shipping it out to avoid return)",,,,
226,not quite good kase madali syang malowbattery but still nice,1,0,0,0,Product (madali syang malowbattery but still nice),,,,
227,d ko alam bat walng remote,1,0,0,0,Product (walng remote),,,,
228,ok nman sya gumaganamalakas din ang fan at nagsend din ng pix si seller bago iship out kaya lang yung lalagyanan sana ng battery siramagagamit mo lang sya outside pag may powerbank ka,1,0,0,1,"Product (gumaganamalakas din ang fan, lalagyanan sana ng battery sira), Service (nagsend din ng pix si seller bago iship out)",,,,
229,di gumagana ung cooler at parang di pantay ung sa middle kaya di sya mastraight pero pag pinatungan na ng laptop di naman na pansin,1,0,0,0,Product (di gumagana ung cooler at parang di pantay),,,,
230,microphone not working ok nman sya kaso walang mic,1,0,0,0,"Product (microphone not working, walang mic)",,,,
231,add 2 kayo sa size we ordered 4041 pero yung fitting pang 3738 wala din kahit anong protection sa item shinoot lang talaga sa pouch thank you,1,0,0,0,"Product (add 2 kayo sa size, fitting pang 3738)",,,,
232,is good quality kasi ang kasya medyo maliit lang pero is good thanks you seller,1,0,0,1,"Product (good quality, medyo maliit), Service (thanks you seller)",,,,
233,sakto lang so the package is so sealed na halos d kona sha na open which is good but the thing is may leak sha konti and it was oily tas pag open ko at inamoy ko is medyo i smelled something na parang alcohol but the smell is good,1,1,0,0,"Product (may leak sha konti, the smell is good), Delivery (so sealed)",,,,
234,well packed sa bubble wrap pero sa box and sa loob walang plastic ang dumi din nia nalinisan ko na nga bago gamitin sa iba may plastic dapat sya sakin wala,1,1,0,0,"Product (walang plastic, ang dumi din nia), Delivery (well packed sa bubble wrap)",,,,
235,6570 okay naman item nya pero kulang ng 5 yung bricks wallpaper,1,0,0,0,Product (okay naman item nya pero kulang ng 5 yung bricks wallpaper),,,,
236,para lang sa maninipis na balahibo namamatay kapag makakapal na balahibo po literal na pag facial lang sya,1,0,0,0,Product (para lang sa maninipis na balahibo namamatay kapag makakapal na balahibo),,,,
237,its disappointing dahil mali na nga yung color na dumating sakin blue orange inorder ko tas yung dumating pink blue okay na sana sakin na mali yung color eh ang kaso baket wala yung stickers ano yorn huhu excited pa naman ako dumating to,1,1,0,0,"Product (wala yung stickers), Delivery (mali na nga yung color na dumating)",,,,
238,okay naman sana yung product kaso ibang kulay ang dumating and nadismaya ako kasi gray yung expected na color na dumating kasi yun ang pinili kong color blue ang dumating,0,1,0,0,Delivery (ibang kulay ang dumating),,,,
239,very good thats seller sa uulitin,0,0,0,1,Service (thats seller sa uulitin),,,,
240,iba ung amoy nya sa cloud by arianaamoy lng syang alcohol,1,0,0,0,"Product (iba ung amoy nya, amoy lng syang alcohol)",,,,
241,nahuhulog sa tenga d sya pwede pang jog d sya snug fit sound quality is ok price ok given the quality,1,0,1,0,"Product (d sya snug fit sound quality is ok), Price (ok given the quality)",,,,
242,okay naman po sya thank you kay kuyang rider,0,0,0,1,Service (thank you kay kuyang rider),,,,
243,madaling malowbat 128gb yong order ko pero 512 gb ang dumating thanks battery lng yong problem ko,1,0,0,0,"Product (madaling malowbat, battery lng yong problem ko)",,,,
244,after how many days dec 12 ko sya binili dumating sya ng dec 20,0,1,0,0,Delivery (dumating sya ng dec 20),,,,
245,madaya ang sellerhindi tamang color at sizes na binigay,0,1,0,1,"Delivery (hindi tamang color at sizes na binigay), Service (madaya ang seller)",,,,
246,3star kasi yung white na order ko parang nagamit na kasi yung color dirty white na tapos hindi pa naka balot sasusunod paki ayos naman po thanks,1,0,0,0,Product (parang nagamit na kasi yung color dirty white na tapos hindi pa naka balot),,,,
247,not good sorry sorry pero hindi sya mabango ayaw ng dalaga ko yung amoy malayo daw sa nabili ko ariana grande sa tiktok dati alchemy of scents sorry sa shop na ito bka yung iba nla mabango nagkataon lang siguro ito hindi sorry sorry,1,0,0,0,"Product (hindi sya mabango, malayo daw sa nabili ko ariana grande)",,,,
248,stylus pens look ok i have not use it pinabili lng so i cannot tell any when it comes to functionality pero wla nman freebies as stated parang di fair s mga buyer pag ganun,1,0,0,0,"Product (stylus pens look ok, wla nman freebies)",,,,
249,mali yung color na binigay order ko pink at violet dumating pink at yellow,0,1,0,0,Delivery (mali yung color na binigay),,,,
250,610 hindi sya umabot ng 10meterssuper nakaka dismaya d man lang natapos yung 1part kung tutuusin dapat sobra pa sya kung 10meters talaga kaso d umabot,1,0,0,0,Product (hindi sya umabot ng 10meters),,,,
251,mabilis na ship and mura lang the thing is kahit oil based siya or whatever medyo malayo talaga sa amoy ng vs bombshell i can say it kasi bumibili na rin ko ng oil based na bombshell nagtry lang ako online hahhaha,1,1,1,0,"Product (medyo malayo talaga sa amoy ng vs bombshell), Delivery (mabilis na ship), Price (mura lang)",,,,
252,good maliit ang size nyadapat pala mas malaking size ang inorder k gusto k pa naman sana pero ok lang s pamangkin k nlang ibibigayorder ak ng mas malaking size nextime,1,0,0,0,Product (maliit ang size nya),,,,
253,good item received wipl try this for tommorow sakyo may lakad ako will chek if goods naman siya anywaythank you see you next order,1,0,0,1,"Product (good item), Service (thank you see you next order)",,,,
254,ok na sana maganda at complete naman kaso may sira sa tabi may tastas kelangan ko pa gawan ng paraan para hindi lumaki sira,1,0,0,0,Product (may sira sa tabi may tastas),,,,
255,wrong color ang naipadala sana next time magchat muna kung walang items,0,1,0,1,"Delivery (wrong color ang naipadala), Service (sana next time magchat muna kung walang items)",,,,
256,good enough para sa maaraw na panahon okay na din sa presyo,1,0,1,0,"Product (good enough para sa maaraw na panahon), Price (okay na din sa presyo)",,,,
257,incomplete items tapos magaask ka ng refund voucher ibibigay sayo how unfair nagbayad ka ng pera tapos voucher ang refund ng pera mo,0,0,0,1,"Service (incomplete items, tapos voucher ang refund ng pera mo)",,,,
258,maganda siya tuwang tuwa anak ko wow daw ang bait ni seller send ng pic bago e ship out sana magtagal to sa anak kong makulit loading siya pang kids lang talaga sila,1,0,0,1,"Product (maganda siya, sana magtagal), Service (wow daw ang bait ni seller send ng pic bago e ship out)",,,,
259,its okay before i placed order i chat the seller to secure my orders din i shocked ng makita ko na ganito sya nabasa pa tuloy ng ulan no bubble wrap at all to make it safe poor packaging i hate it but the glasses its okay,1,1,0,1,"Product (glasses its okay), Delivery (nabasa pa tuloy ng ulan no bubble wrap at all to make it safe poor packaging), Service (i chat the seller to secure my orders din)",,,,
260,okay naman oil lang napadala imbes na lavender rose dumating,0,1,0,0,Delivery (oil lang napadala imbes na lavender rose dumating),,,,
261,so far pwede na yung reaction ng dumating na order ganun din sakin resulta hahaha try lang kayo ng try mukhang wala namang talo di naman masama makachamba,1,0,0,0,Product (try lang kayo ng try mukhang wala namang talo),,,,
262,wala man lang case or cleaning cloth plastic na plastic lang ang lalagyan tapos sa pouch na walang bubble wrap inilagay prone to damage buti walang mga basag o damage nung dumating,1,1,0,0,"Product (wala man lang case or cleaning cloth, plastic na plastic lang ang lalagyan), Delivery (sa pouch na walang bubble wrap inilagay)",,,,
263,plastic slippers mejo maliit nman etong nike slippers sa asawa ko ung isa di pa lng naisukat at wala sya tingin ko maliit dapat pala add 1 size dito though dual size daw itoh sabi ni seller add 1 size na lng pag order kayo3637 and 4041 yan order ko,1,0,0,0,Product (plastic slippers mejo maliit nman etong nike slippers),,,,
264,low quality not recommend mahina ang hangin pero pwede na pagchagaan not recommended to buy from this seller,1,0,0,1,"Product (low quality not recommend mahina ang hangin), Service (not recommended to buy from this seller)",,,,
265,good for gaming but when you play a online games nahhh its delay,1,0,0,0,Product (good for gaming but its delay),,,,
266,di ko po sya n try sana eh legit n waterproof ok naman sya maganda balot di ko lang sire kung legit na waterproof sobrang tagal ng dumating nakapag bakasyon na ako di pa din dating,1,1,0,0,"Product (ok naman sya maganda balot di ko lang sire kung legit na waterproof), Delivery (sobrang tagal ng dumating)",,,,
267,goods naman yung product kaso di lang well packed ng nag ayos pero working naman,1,1,0,0,"Product (goods naman yung product, working naman), Delivery (di lang well packed)",,,,
268,pads are deformedmura naman so its okay tho,1,0,1,0,"Product (pads are deformed), Price (mura naman so its okay tho)",,,,
269,ok naman yung item and ang bilis dumateng mejo maliit nga lang yung size ng tsinelas parang size 8 lang sya pwede lang sya sa mga payat yung paa  pero thanks padin kai seller,1,1,0,1,"Product (mejo maliit nga lang yung size ng tsinelas), Delivery (ang bilis dumateng), Service (thanks padin kai seller)",,,,
270,sakto lng un price sa quality sira pa na dumating sa akin nuremedyohan nlng para mapakinabangan tsaka black ung dumating na kulay pero ang order ko ay kulay rose gold thanks nlng sa rider mabait siya,1,1,1,1,"Product (sira pa na dumating sa akin, black ung dumating na kulay pero ang order ko ay kulay rose gold), Price (sakto lng un price sa quality), Service (thanks nlng sa rider mabait siya)",,,,
271,irresponsible si seller sa pag papa ship ng mga item  so far ok nmn ako sa baby wipes na to though diko pa sya nabubuksan pero mukang basa nmn ung mga wipes,1,0,0,1,"Product (mukang basa nmn ung mga wipes), Service (irresponsible si seller sa pag papa ship ng mga item)",,,,
272,maganda naman quality kso malait size tapos kulang kulang yung order,1,0,0,0,Product (maganda naman quality kso malait size tapos kulang kulang yung order),,,,
273,maganda po sana ok yung ring light pero po yupi at di maitayo yung tripod diko po alam kung sino nagkulang sinabi ko kay seller naresponse naman kaso lang kung i return pa hassle po sa side ko bilang pwd kaya ginawan nalang po ng paraan para magamit hay,1,0,0,1,"Product (ok yung ring light pero po yupi at di maitayo yung tripod), Service (sinabi ko kay seller naresponse naman)",,,,
274,mali po ang colors dapat 15 blue and 10 red pero bat ganun naging 20 ang red 5 lang ang gblue,0,1,0,0,Delivery (mali po ang colors),,,,
275,it works fine but may sira siya sa isang side niya kaya hindi maisara ng maayos,1,0,0,0,Product (may sira siya sa isang side niya kaya hindi maisara ng maayos),,,,
276,my konti damage sakto lang s price nya mura kc pwede na dn,1,0,1,0,"Product (my konti damage), Price (sakto lang s price nya mura kc pwede na dn)",,,,
277,maganda sya sa presyo nya pero mas usefull sana kung di madaling malowbat kaka charge ko lang after maideliver pero nung ginamit kona  wala pang 10 minslowbat na sya kaya 3 star lang sya sakin,1,0,1,0,"Product (maganda sya, madaling malowbat), Price (sa presyo nya)",,,,
278,nice qualitylooks expensive complete products sa jogger lang ako d satisfied sobrang liit compare sa large na size nito anyways overall maganda na lahat,1,0,0,0,"Product (nice qualitylooks expensive complete products, sa jogger lang ako d satisfied sobrang liit)",,,,
279,okay na sana kaso basag yung ringlight di ko alam kung sa delivery ba o sa pag wrap kasi medyo manipis ang bubble wrap nagagamit pa naman,1,1,0,0,"Product (basag yung ringlight, nagagamit pa naman), Delivery (medyo manipis ang bubble wrap)",,,,
280,ok na sana  kaso yung kulay hindi na sunod sa kulay na gusto ko  sana may pasabi muna c seller para nakapili ng ibang gustong kulay hindi yung mag dedecide kau ng kulay na ipapadala nyo  yun lng pero the rest maganda yung tumbler,0,1,0,1,"Delivery (yung kulay hindi na sunod sa kulay na gusto ko), Service (sana may pasabi muna c seller)",,,,
281,one side lng ng fan ang nagana hayys sayang ang pera,1,0,0,0,Product (one side lng ng fan ang nagana),,,,
282,3 stars kasi tagal ng delivery maganda yung item para sa mga slim manipis lng sya di sya pwede sa malaki hips pero super thankful pa din ako since nakuha ku naman ng mura may panregalo na ako,1,1,1,0,"Product (maganda yung item para sa mga slim manipis lng sya), Delivery (tagal ng delivery), Price (nakuha ku naman ng mura)",,,,
283,okay sana di lang gumagana yung remote parang xmass light,1,0,0,0,Product (gumagana yung remote parang xmass light),,,,
284,im disappointed pero i expected q naman haha dahil mura lng maganda sana pero,1,0,1,0,"Product (maganda sana pero), Price (dahil mura lng)",,,,
285,ok yung quality ng product nila 2l yung order ko pero dumating sakin 1100ml lng akala ko may motivation words yung parehas ng design sa mga nakabili dito pero iba ang dumating sa akin at akala ko may free stickers pero wala dalawang 2l water bottle panaman order ko pero,1,0,0,0,"Product (ok yung quality ng product nila, 2l yung order ko pero dumating sakin 1100ml lng)",,,,
286,hindi pa na install not yet tested if working ill update my reviews once tested,0,0,0,0,,,,,
287,good the slippers was nice and quality wise is pwede na for its cheap price except for the black one na medyo may flaw sa isang strap ng slipper however it is not true to size i am normally size 8 or 245cm and these slippers are too small for,1,0,1,0,"Product (good the slippers was nice and quality wise, medyo may flaw sa isang strap ng slipper, not true to size), Price (pwede na for its cheap price)",,,,
288,hnd nasunod ung color na order q pink dapat eh ang tagal pa nadeliver,0,1,0,0,"Delivery (hnd nasunod ung color na order q, ang tagal pa nadeliver)",,,,
289,worth it naman for its price yupi yupi na yong box tsaka di maayos pagkalagay ng bubble wrap sana di madaling masira,1,1,1,0,"Product (sana di madaling masira), Delivery (yupi yupi na yong box tsaka di maayos pagkalagay ng bubble wrap), Price (worth it naman for its price)",,,,
290,hindi color black yung loob nya,1,0,0,0,Product (hindi color black yung loob nya),,,,
291,not ok im not satisfied because the 1 airpods is not functioning,1,0,0,0,Product (the 1 airpods is not functioning),,,,
292,manipis but serves its purpose naman mukha lang magssnap agad haha dami din scratches parang used na  pero for application lang naman to ng wallpaper kaya oks na den,1,0,0,0,"Product (manipis but serves its purpose naman, dami din scratches parang used na)",,,,
293,gray inorder q pero black ang dumating sana next time kung anu ung kulay n inorder sana ganun din ung dumating tnx,0,1,0,0,Delivery (gray inorder q pero black ang dumating),,,,
294,ok syamagagamit ko talaga kaso nausok kapag matagal na salangan hindi kumpleto sinend ni seller sana i refund nya yung kulangayoko i return refund kase need ko yung mga items just to be fair nalang sana maibalik yung isang wala hindi sila reaponsive lalo if nadeliver na item,1,0,0,1,"Product (ok syamagagamit ko talaga kaso nausok kapag matagal na salangan, hindi kumpleto sinend ni seller), Service (hindi sila reaponsive)",,,,
295,request q kay seller blue and maroon dumating both maroon ngmessage aq sbi ok taz hndi nman dn pla g aq sna po qng wlang ibang kulay just say it kz umaasa po kmi dun s kulay n gusto nmin and nkkadisappoint pg iba umoo c seller then iba nman,0,1,0,1,"Delivery (dumating both maroon), Service (umooc c seller then iba nman)",,,,
296,ok cia mganda tlgaorder aq sa sunod ng ibang color nmnthank you seller,1,0,0,1,"Product (ok cia mganda tlga), Service (thank you seller)",,,,
297,okay okay lang ang item at ang delivery,0,0,0,0,,,,,
298,goods naman parehas ng order ko kaso super late ng dumating yung pagbibigyan ko nakaalis na gustong gusto pa naman nya to,0,1,0,0,Delivery (super late ng dumating),,,,
299,pwede na manipis nga lang tela ng yoga shorts and yung brallete naman pangit yung pads pero pwede naman tanggalin thank you and happy new year,1,0,0,0,"Product (pwede na manipis nga lang tela ng yoga shorts, yung brallete naman pangit yung pads pero pwede naman tanggalin)",,,,
300,good for its price i ordered black and purple ang dumating black and red hindi man lang nagnotify si seller wala man lang pakialam sa umorder hope youll treat your customers better next time in that way youll also get a better rating,1,0,1,1,"Product (good), Price (for its price), Service (hindi man lang nagnotify si seller wala man lang pakialam sa umorder)",,,,
301,mali din yung isa white sunflower order ko ang dumating white strawberry tsk,0,1,0,0,Wrong item delivered. 'White sunflower order ko ang dumating white strawberry tsk',,,,
302,ayon maganda siya tingnan kaso hindi pantay yung heels niya napansin ko lang kaya tabingi yung lakad ko tapos nung tiningnan ko hindi siya pantay saka masyado siyang masikip kahit 39 ako nag up ako ng 41 masikip paren and guys look kayo sa ibang products ng shop nila maraming,1,0,0,0,"Product feedback: 'maganda siya tingnan kaso hindi pantay yung heels niya', 'masyado siyang masikip'.",,,,
303,yung mga items so far ok naman kaso ang di ko maintindihan kung ano yung nakalagay sa package may nakalagay pa na magnetic charger at usb hub kaya i thought yun yung freebies nla kaso pag check ko cable organizer lng pala,1,0,0,0,Product feedback: 'ok naman kaso ang di ko maintindihan kung ano yung nakalagay sa package may nakalagay pa na magnetic charger at usb hub kaya i thought yun yung freebies nla kaso pag check ko cable organizer lng pala',,,,
304,di siya kasya sa asawa ko i ordered xxl pinadala may tag na xxl pero ang size sa loob l makikita sa pic na inaupload ko di ko na nakunan ung tag dahil now ko lang napansin maganda nmn un lang iba size sana sa susunod na check maigi nag,1,0,0,0,Size issue and product quality: 'di siya kasya sa asawa ko' but 'maganda nmn',,,,
305,wag masyado magexpect sa order goods nman may missing piece lang pero usable pa din nman,1,0,0,0,Product feedback: 'goods nman may missing piece lang pero usable pa din nman',,,,
306,maganda naman siya kaso matagal matuyo at nawala ung tatak niya basta ganon pero over all good naman anyway thank u ulit seller,1,0,0,0,Product feedback: 'maganda naman siya kaso matagal matuyo at nawala ung tatak niya',,,,
307,honest review lang po tan yung inorder ko po ineexpect ko color orange sya kaso kulay pink pala diko din magagamit hay sabi ni seller ibat iba daw ang timt nya sa lips so dintayo sure sa dadating kong babagay sya pero okey naman amoy nya mejo malamig sa labi,1,0,0,1,"Color issue, potential product issue, and seller interaction: 'color orange sya kaso kulay pink pala', 'sabi ni seller ibat iba daw ang timt nya sa lips', 'okey naman amoy nya mejo malamig sa labi'",,,,
308,my honest review nakaka sad lang kc ibang iba sa post pic nila mukang marupok ung plastik well mura nmn kc,1,0,1,0,Product feedback with price consideration: 'ibang iba sa post pic nila mukang marupok ung plastik well mura nmn kc',,,,
309,see picture okay na sana kaso naalis ung handle hindi siya ganun mahirap din i fold,1,0,0,0,Product feedback: 'okay na sana kaso naalis ung handle hindi siya ganun mahirap din i fold',,,,
310,okay na sana kasi fast shipping tapos maganda naman ang fitting sa tenga kaso nga lang yung sa right side na earbuds basag siya nakakadisappoint lang ng konti pero goods na man din siya sa price thank you,1,1,1,0,Product and delivery feedback with price consideration: 'fast shipping tapos maganda naman ang fitting sa tenga kaso nga lang yung sa right side na earbuds basag siya' but 'goods na man din siya sa price',,,,
311,goods sana kaso tuyot na yung glue na nasa loob buti nalang bumili din ako ng iba pang pandikit sana next time double check yung glue,1,0,0,0,Product feedback: 'goods sana kaso tuyot na yung glue na nasa loob',,,,
312,fair akala ko same sa picture yung sapatos maliit lang yung heels niya kesa sa mismong nakapost na picture deceiving yung pic,1,0,0,0,Product feedback: 'maliit lang yung heels niya kesa sa mismong nakapost na picture deceiving yung pic',,,,
313,idk parang wala late delivery okay lang yung quality ng sound niya kinda hindi nadidinig yung detailed beats may scratches lahat yung cases wala syang protection parang used hindi lang kita sa pic overall okay naman,1,1,0,0,"Product feedback and delivery: 'late delivery', 'okay lang yung quality ng sound niya kinda hindi nadidinig yung detailed beats may scratches lahat yung cases wala syang protection parang used'",,,,
314,ive tried ag cloud inspired scent from other shops before but this has a faint smell of coconut ang light ng amoy and medyo amoy balloon siya,1,0,0,0,Product feedback (smell): 'has a faint smell of coconut ang light ng amoy and medyo amoy balloon siya',,,,
315,okay na lang sa presyo just trying lang naman kaya ako bumili anyway thank you padin at complete naman ang orders ko will not recommend kasi hindi talaga siya suit sa pang amoy ko mas bongga pa din talaga ang tunay nag try lang ako at baka naman kasing amoy,1,0,1,0,"Product feedback (smell), price consideration, and opinion: 'okay na lang sa presyo will not recommend kasi hindi talaga siya suit sa pang amoy ko'",,,,
316,excellent maganda naman siya kaso nga lang mukang ni rush yung gawa may part na di natahi at ang daming excess na sinulid nung order ko ok naman but this time diko sure bat ganto yung item na received ko ngayon,1,0,0,0,Product feedback: 'maganda naman siya kaso nga lang mukang ni rush yung gawa may part na di natahi at ang daming excess na sinulid',,,,
317,the product is ok sana lng before nisend nagupit na mga excess sinulid and ung butas para sa strap maliit so me time n natatanggaldapat sakto sa size ng hook ng strap pra d nagmomove regardless kung cheap price its is still biznes so dapat quality p rin ang product,1,0,1,0,Product feedback and quality control with price consideration: 'product is ok sana lng before nisend nagupit na mga excess sinulid and ung butas para sa strap maliit' and 'regardless kung cheap price its is still biznes so dapat quality p rin ang product',,,,
318,its not well packed i received the item ipit na ang box good thing hnd nasira ang item,0,1,0,0,Delivery/Packaging feedback: 'its not well packed i received the item ipit na ang box',,,,
319,d po siya masyado madikit after ilang days natanggal na agad,1,0,0,0,Product feedback: 'd po siya masyado madikit after ilang days natanggal na agad',,,,
320,havent tried looks okay di pa nalagay sa wall pero may mga part na may scratch meron din kulubot na part pero i think kaya naman magawan ng paraan ung scratch lang talaga,1,0,0,0,Product feedback (appearance): 'may mga part na may scratch meron din kulubot na part',,,,
321,sobrang nipis nya for me kita pa rin yung marker na balak ko sana tapalan nitong wallpaper di ko rin nagamit sayang pero siguro oks naman sa iba sakin lang hindi ewan,1,0,0,0,Product feedback: 'sobrang nipis nya for me kita pa rin yung marker',,,,
322,4star ok nmn sya all in all ung appearance lng medyoay mga bura ung print at konting gasgas which is pwede na pra sa price nya,1,0,1,0,Product feedback (appearance) with price consideration: 'ok nmn sya all in all ung appearance lng medyoay mga bura ung print at konting gasgas which is pwede na pra sa price nya',,,,
323,ito nakuha sa room ko after 45mins of cleaning twice ako nagtanggal ng dumi sa compartment para mas madami pa siya makuha,1,0,0,0,Product performance: 'ito nakuha sa room ko after 45mins of cleaning twice ako nagtanggal ng dumi sa compartment para mas madami pa siya makuha',,,,
324,it was good at first isang beses ko lang nagamit ng maayos kasi nung sa 2nd na sana nasira ang nilalagyan ng parang razor nya kasi plastic lang at kahit na maingat naming binalik ang razor after cleaning it ay nasira pa rin,1,0,0,0,Product feedback (durability): 'isang beses ko lang nagamit ng maayos kasi nung sa 2nd na sana nasira',,,,
325,sira yung eyeshadow pallet and ang tagal dumating may mga chemical smell din sa product,1,1,0,0,Product and delivery issues: 'sira yung eyeshadow pallet and ang tagal dumating may mga chemical smell din sa product',,,,
326,parang water lng hindi naman sya long lasting pero worth it naman dhil mabango,1,0,1,0,Product feedback (scent and longevity) with price consideration: 'parang water lng hindi naman sya long lasting pero worth it naman dhil mabango',,,,
327,lukot lukot lang yung box these are for giveaways maganda sana kung next time mag eeffort si seller gandahan yung packaging,0,1,0,1,Delivery feedback and seller interaction: 'lukot lukot lang yung box' and suggestion to 'mag eeffort si seller gandahan yung packaging',,,,
328,although good quality siya pero diko alam kung ganito ba talaga yung style iba kasi siya sa yeezy slides lalo na yung nasa picture,1,0,0,0,Product quality and style feedback: 'good quality siya pero diko alam kung ganito ba talaga yung style iba kasi siya sa yeezy slides lalo na yung nasa picture',,,,
329,okay naman sya di lang super sticky sa wall siguro kasi di pantay pero okay naman glossy white sya and di super kapal thank youuu,1,0,0,0,Product feedback (stickiness and appearance): 'okay naman sya di lang super sticky sa wall siguro kasi di pantay pero okay naman glossy white sya and di super kapal',,,,
330,nakakadisappoint lng kz blue yun order q pero red yun binigaykya 3 lng,0,1,0,0,Wrong item/color issue: 'blue yun order q pero red yun binigaykya',,,,
331,ok naman ang itemspero sabi nyo no need na to add the size kaya medyo maliit sa paa ko,1,0,0,0,Product size issue: 'medyo maliit sa paa ko',,,,
332,sobrang dissapointed lang ako lasi color blue inorder ko pink bnigay tpos baboy pa ih muslim ako putik tlga hahaaaa tinanggal ko tuloy ung ulo so far maganda quality mali lng bngay na item,1,0,0,0,"Color issue, product design, and religion-sensitive product: 'color blue inorder ko pink bnigay tpos baboy pa ih muslim ako'",,,,
333,salamat po sa mabilis na pagdeliver at maayos na pagbalot ng itemtama po yung size at color na pinadalathanks pohighly recommended,0,1,0,0,Positive delivery feedback: 'mabilis na pagdeliver at maayos na pagbalot ng itemtama po yung size at color na pinadalathanks pohighly recommended',,,,
334,wala syang amoy wag magulat sa mascara nato super cheap lang nya so dont expect too much on this product over all 710,1,0,1,0,Product feedback with price consideration: 'wala syang amoy wag magulat sa mascara nato super cheap lang nya',,,,
335,2pcs order ko ok naman yung isa pro yung isa mahina lang ang hangin di rn safe ang items kasi di nakabubble wrap,1,0,0,0,Product feedback and packaging: 'ok naman yung isa pro yung isa mahina lang ang hangin di rn safe ang items kasi di nakabubble wrap',,,,
336,mali yung binigay ni seller pink yung inorder ko tapos ibang kulay ang dumating,0,1,0,0,Seller error: 'mali yung binigay ni seller pink yung inorder ko tapos ibang kulay ang dumating',,,,
337,same color ang dumating beige and black ok naman sya hindi nga lang satisfied masyado sa dineliver kasi mali pa yung size na dinala aside sa hindi same aa picture yung tsinelas,1,1,0,0,"Product issue: wrong size, doesnt look the same in the picture.Delivery: didnt satify the delivery",,,,
338,maganda yung tela nya thank you nadin seler kahit mali yung isang kulay black and grey sana dumating black ang blue,1,0,0,0,"Feedback on tela quality, and wrong color",,,,
339,ordered it white pero yung dumating is black  tapos ung mga size maliliit pala sayang lang yung dalawang inorder ko,1,0,0,0,"wrong color received, sizes are wrong, ordered",,,,
340,okay na sana pag tapos ko i check out nag message ako kay seller na san maayos at nanghihingi ako actual pic yun nga lang di daw sila nag bibigay pero sinisigurado daw nila na okay pag dating sakin butas na net hays,1,0,0,1,"feedback on net being hole, feedback on customer service by message",,,,
341,sayang damage yung phone holder but anyways okay nadin,1,0,0,0,"phone holder damage, so product has damage.",,,,
342,legit bilis dumating well packed subok na matibay talaga hawk bag,1,1,0,0,Hawk bag is legit and durable,,,,
343,mali yung dumating sakin i ordered black but ito yung binigay ni seller pero i will still accept it since good naman ang condition ng thumbler e coconsider ko nalang baka wala na talagang stock ng black but pls seller inform us kung wala na talaga stock ng gusto namin,1,0,0,1,"the item received is incorrect, but the condition of the item is good, so customer is still happy, pls advise if no stocks of item/color ordered to not upset buyer",,,,
344,good just recieved the itemok nmn xaso far so good sna di matanggal ang dikit,1,0,0,0,Product good and well recieved,,,,
345,ok na sana mga orders ko kulang isa ang lip balm pink color din wala siyang spoon sana nxt time check niyo maigi salamat,1,0,0,0,"there is a missing lip balm, need to make sure next time that the items are there",,,,
346,im gonna give this one a 3 star lang the packaging is not okay the box looks like its beaten up although it has a lot of bubble wrap yung ringlight naman has no signs yung sa button nasa pic but its still working pa naman,1,0,0,0,"feedback on packagin is bad, ringlight still works even though the box is damaged",,,,
347,wrong color sentang order ko blackgold pero you sent me orange color ung isa right color naman ipang cr slipper ko nalang tong orange ayaw ng asawa ko sa neon colors,0,1,0,0,wrong slipper color delivered,,,,
348,good okey naman maayos naman pagka deliver thank you kay kuya,0,1,0,0,"goods delivered, well, thank you.",,,,
349,brittle mura sya kaya dont expect too much 3 binili ko ang isa may cracked hindi naka bubble wrap per item ang box ang naka bubble wrap,1,0,1,0,Product and price issue,,,,
350,okay naman sana pero may tanggal na tahi sa velcro part,1,0,0,0,May tanggal na tahi sa velcro part,,,,
351,complete order un lng manipis ung foam akla ko tulad nung nabili ko s ibang store anyway ok nmn cya color nmn nasunod,1,0,0,0,"complete item, but with thin foam.",,,,
352,ok naman sya kasu yung packaging di secured may mga butas yung wall paper tapos may isang wallpaper kanina na wasay yung 5 inches long nya kasi di talaga secured walang box o karton na pang support namanlang sana tapos mahirap ma tanggal yung paking tape na naka dikit sa,1,0,0,0,packaging issue and the product.,,,,
353,quality of zeus product are quite good however there are difference sa mga item na nasship like this bought same product last year since badly needed ko yung item i wasnt able to return it para palitan there is missing part of the keyboard as shown dito sa photo,1,0,0,0,missing part in the product.,,,,
354,nothing special sa amoy and hindi sya long lasting pero ano nga ba naman ieexpect mo sa 79 pesos but still a good product thanks seller,1,0,1,0,"there is smell, not long lasting, but good deal, seller is thankful for the price.",,,,
355,panget ng quality black yung order ko 2liters pero hindi 2l ang dumating kung mapapansin nyo sa picture yung unang bili ko tama ang sukat yung itim mali,1,0,0,0,2 liters of black order but not 2 liters.,,,,
356,a liitle bit disappointed i was expecting na darating is yung inorder ko color and design na nasa pictureand manipis ang tela,1,0,0,0,thin cloth and wrong color,,,,
357,add size trust me nakita ko kasi dito na no need na daw mag size up kaya naniwala naman ako pero need pala talaga so mag size up kayo tapos parang di to maglalast di sya durable,1,0,0,0,item does not long last and need to add size/ not durable,,,,
358,sagwa nyo ay isang mystery box at mystery pouch yung binili ko tapos parehas na mouse pad lang yung laman awit sainyo,1,0,0,0,buying a mystery box and pouch which has the same content,,,,
359,good naman din product mabilis ang shipping kaso hindi po sya nag bliblink yung case  hindi ko din gets pano i up and down ung volume hindi gagana or di ko talaga alam anybody here mag turo pqno ba mag volume up and down,1,1,0,0,"not blinking the case ,fast deliver",,,,
360,salamat seller andito n ang regalo ko s anak ko kaso walang screen protector kasama daling ma lowbat 2 hours lang mag youtube nka wifi,1,0,0,0,"no included screen protector, power issue",,,,
361,maliit pla ung size nia dpat add 1 size papara sure na saktod ko man naisuot pero nabenta ko nmn d parin sayang pera ko,1,0,0,0,not fit size and small,,,,
362,goods lang 710 mabilis didikit yung alikabokdark spot okey yung color black di kita goods naman sya 710 true mura lang naman,1,0,1,0,"cheap price goods, fast sticky and dark",,,,
363,di masyadong madikit ginawan ko pa ng paraan para lang hindi matanggal sa pagkakadikit but i guess its worth to buy,1,0,1,0,"not sticky, needs help to be glue, worth the money",,,,
364,810 akala ko okay sya pagdating sa base sound parang stereo lang kaya pala mura na excite pa naman ako kasi jbl ndi ko type ang sound matinis,1,0,1,0,product is not as good base sound but cheap,,,,
365,thank you po sa nag diliver thank you sellerok nman syaat mura lng,0,1,1,0,delivered fast and cheap,,,,
366,the shoes is good  but next time please do your best to wrap it nice pra po pagdating sa customer hindi po sira ang lalagyan,1,0,0,1,"seller needs to pack well, good product",,,,
367,di ko alam pero di na sya as good as first week di rin nya kaya yung mga small na abo and mga powder the vacuum also has a weird smell after a few mins,1,0,0,0,"not as good product, with smell after 1st use",,,,
368,maliit yung size di gaano nabibinat yung garter medium lang size ng asawa ko buti xl yung inorder ko,1,0,0,0,size is small,,,,
369,medj malaki pala sya haha pero sakto lang para sa kapatid ko thank you seller,1,0,0,0,size a little big,,,,
370,got my parcel ok nman ung mga item complete syang dumating  maganda din 3 lng binigay ko kc medyo na disappoint lng ng konti kc umasa n madeliver sya ng maaga at naging unsuccessful p ung1st attempt ng delivery cguro nging hectic ung schedule ni rider pro ok lng,1,1,0,0,"ok sya, but there is a issue sa delivery",,,,
371,akala ko makapal ang tela pero hindi even the foam inside is manipis medyo ok yung color black pero may himulmol di pulido ang tahi and the garter is so stretched like na kasya naman siya siguro up to semi large body type kasi stretchy naman but walang pang adjust,1,0,0,0,tela is hindi makapal,,,,
372,99 salamat seller ang tagal nga lang ng order na to nagastos ko tuloy ang pera para dto tapos now no badget paumotang pa tuloy ako thank you sayo seller god bless,0,1,0,1,the delivey take long,,,,
373,ok ung design nya kaso mbilis mapunit manipis tpus d p madikit,1,0,0,0,"the design is good, but can be worn fast, then.",,,,
374,i ordered pink and violet tapos yellow at pink pinadala favorite color pa naman ng anak ko ang violet,0,1,0,0,wrong color delivered,,,,
375,plastic ang baba nga ng price pero antaas ng shipping fee akala ko magcucurl sya kahit onti pero wala tlgadisplay lng tuloy,1,0,1,0,Shipping fee is high and plastic for the price,,,,
376,ganda nagustuhan ko complete item salamat,1,0,0,0,Nagustuhan item and complete,,,,
377,ok ok po yung water bottle na inorder kaso may damage ang isang water bottle sayang pang christmas gift sana,1,0,0,0,there is damage water bottle,,,,
378,old rose po order kong kulay pero bkit violet dumating imbes na pangalawa knang oder sa inyo kasa pa sablay bigay niyo,0,1,0,0,"wrong color and oder sa kanila, they gave wrong one",,,,
379,medyo ok din hindi ako satisfied hindi nasunod color ko dapat black red pero ok na rin tnx seller,1,0,0,0,not satisfied with color did not give,,,,
380,maganda sana kaso kulang ung binigay skn na isang itemswla ung hairclip na isadlawa order ko pink and violetbkit pink lang dumatingbnayaran kopa nmn un,1,0,0,0,"kula, the item give, paid the item",,,,
381,not really glossy lang sya maganda kaso di sya nag lighten kahit pink gloss lang sya,1,0,0,0,not good,,,,
382,maliit itong pinadala nila kesa sa dun sa mga una kong binili been trying to contact them para papalitan kasi malayo dun sa una kong nabili pero walang response galing sa kanila nakakadissapoint kay ginamit na din namin sayang pera kung d naman magamit,1,0,0,0,"no response from them, waste money if not use, small item",,,,
383,choco vanilla diko gusto ung smell nya amoy amag na ewansweet like candy mabango talaga sya nagustuhan ko prada candy parang tubig lng wala syang amoycloud mabango sya tumatagal mabilis ang shipping thank you seller and sa rider,1,1,0,0,smell for the item,,,,
384,nalito ako sa size ksi yung iba ang lake sa paa tpos yung ka same size nya lng pa sinuot dina kssya ok nman sana yung quality haixt pan regalo kopa nman sana to,1,0,0,0,"confused, small item",,,,
385,good product is in good quality although medyo maluwag ang silicon dunno why and walang freebie,1,0,0,0,"item is good, but silicone",,,,
386,mabango para sa anak ko to akala ko mag pinkish ang lips di pala pero mabango and maganda siya for teens,1,0,0,0,item is mabango for anak,,,,
387,okay na siguro for its price malakas yung tunog pero mahina lang ang hangin nung dumating maalikabok yung parcel then yang box sira at nakabukas,1,1,1,0,parcle maalikabok and box sira,,,,
388,basag yung sound and walang mic sira parang parang wala lang din umay,1,0,0,0,basag yung sound and wala mic,,,,
389,okay naman kaso ma oil sya hirap tuloy ma apply sa lips goods naman kaso ang oily nya medj mahirap sya iapply sa lips kasi d agad agad nadikit,1,0,0,0,"oil ,mahirap sya apply",,,,
390,ok po sana product ninyo kaso kulang pinadala nyo sa akin ung brown cat na socks wala po naipadala sayang din po kasi nabayaran ko na,1,0,0,0,"kula, may pinadal",,,,
391,plastic dont expect too much di siya masyado nakaka curl given na nga na mura lang siya pero thanks pa din,1,0,1,0,plastic for the cheap,,,,
392,k manipis madaling mapunit good for smooth wall,1,0,0,0,the smooth walll,,,,
393,medyo mabigat pala di ganoon kalambot as what others are saying considering the low price my comments are acceptable,1,0,1,0,medyo mabigat para sa price nya,,,,
394,di gaanong matibay kase nahulog siya ng one time ayon nasira ung sa left side niya at maingay na talaga maganda naman kahit medyo maingay order ako ulit para,1,0,0,0,hindi matibay kase nahulog na sir,,,,
395,so disappointed in this shop the product has a damage and yung size niya xs ata ito maliit siya sakin tho nastretch siya halos nasa gilid na kasi ng arms ko yung strap niya kaya pumipilipit na yung strap and i think pang teens lang itong bralette na to,1,0,0,0,may damage yung product,,,,
396,610 may dents ksi agad okay naman working sana lang d malobat agad at hnd agad masira  issue niya may dents po agad ung item dipa nagagamit ng bumili  pics uploaded pati box niya wala man lang bubble wrap for safety sana ng item lalo at ganyan ang,1,0,0,0,there are dents for item,,,,
397,good maganda po sya meron lng isang pera so na damage but overall good po ung diaper thank you maam order ulit ako,1,0,0,0,with 1 product damage,,,,
398,kulang yun order nareceive ko,0,0,0,0,not complete order recived,,,,
399,i thought i ordered yung may ilaw hahaha turns out wala palang ganun lols and di gumagana ung bluetooth na clicker but so far ok naman stand nalang talaga sya lols and mura ko naman nabili sayang lang it didnt get my expectations,1,0,1,0,hindi gumagana ung bluetooth,,,,
400,maganda yun shades na purple ang problem ko yun shades pouch i order 3pcs para sana sa mga shades nang anak ko pero 3 same color binadala ni seller lahat green pano ko ma identify yun laman kung isa lang color nang pouch nya,1,0,0,1,the same color for the pouch,,,,
401,good goods naman sya pero manipis pala madali lang masira pero good naman worth lang talaga para sa price nya,1,0,1,0,,,,,
402,poor packaging fast delivry received the next day given na breakable ang ring light wala man lng protection sa box mismo kya may crack ang nareceive ko kasi upiupi na ang box buti n lng gumagana pa rin,1,1,0,0,,,,,
403,manipis yung wallpaper tho matte sya pero mabilis mapunit and onti lang din yung isang roll tho oks narin for its price,1,0,1,0,,,,,
404,after ilang days na pag gamit iba na yung sound quality nya na medyo basag o tunog lata basta di ko maihambing yung tunog,1,0,0,0,,,,,
405,maliit sya sa ineexpect ko na 80 pieces ba wet wipes nabudol ako dami ko pa naman binili kase sayang kako shipping fee hays sana may mga actual measurement seller,1,0,0,0,,,,,
406,ok naman po and maganda pero yung kaso lang ay pundido yung color green nung ibang strips buti na lang na di ko masyado bet yung color green pero yung ibang kulay maganda oks for the price,1,0,1,0,,,,,
407,not good malambot pero ang bilis matuklap nung coat nya na color black ilang days ko pa lang nagagamit na pambahay pero tuklapan na,1,0,0,0,,,,,
408,no so good halos kalahati ay matigas yung textureyung unang purchase ko sa shop na to ok epero itong pangalawahindi magandamatigas yung materials na ginamithindi pwd sa baby na maselan,1,0,0,0,,,,,
409,ok ok nmn kaso yupi at medyo my damge slight s gilidthe rider is always kind,0,1,0,1,,,,,
410,expected ko nakalagay sa mystery pouch nila kaso parang pinagpalitan na to ng shoppe hahaha,0,0,0,0,,,,,
411,too small i was 36b so i ordered 38 para sure na mag fit but super small parang size 34 lang i cant use it too small for me,1,0,0,0,,,,,
412,okay naman working din yung remote kaso siguro yung battery yung issue mahina kasi tapos pawala wala yung paggana tapos di rin 5m 3m lang to eh bitin tuloy yung pagkakakabit ill buy another one na lang siguro,1,0,0,0,,,,,
413,ang ganda niya subra nagustohan ng lola ko binigay ko sakanya yung slipper tapos di siya makamove on na maganda paulitulit siyang sabi na maganda daw thankyou seller and riderkahit hindi na pic kasi ok namn siya walang damge thank you ulit,1,0,0,1,,,,,
414,good ok lng namn sana kasi matibay kaya lng d sya same color sa inorder q at hindi rin masayadong secure ung pagkakabalot,1,0,0,0,,,,,
415,yellow and purple sandals hindi pareho sa naka post na design,1,0,0,0,,,,,
416,medyo dogshit tbh medyo masagwa yung tunog ng sound pero pwede narin could be better pero dont expect so much,1,0,0,0,,,,,
417,thank you at tama ang size na pinadala nyo hindi kagaya nung unang order ko naxxl kahit xl lang ang nakalagay sa choice ko tapos sasabihin nyo pa na tama ang pinadala nyo mag aapply ba ako ng returnrefund kung tama ang nabili ko diba sorry for the 3 maayos,0,0,0,1,,,,,
418,maganda din naman kahit rubber at simple lang pwede gamitin sa simpleng lakad2 fashionable din pwede pang style,1,0,0,0,,,,,
419,pangalawa kuna to order bakit mali yong kulay sana ng inform muna kayo na iba kulay pinadala ninyo pangit tingan sa wall na ibax kulay,0,1,0,0,,,,,
420,khaki  wine red mabilis dumating sna nextime pa check po kung my damage o wla,0,1,0,0,,,,,
421,not sure medyo dissapointed ako  kase medyo dry na si eyelines huhu  well mura lang naman kaso bat ganon hahaha,1,0,1,0,,,,,
422,2 weeks waiting time sana legit talaga na air purifier 1wk na namin siyang gamit ok naman siya wala pa naman ako na encounter na defective sa item,1,0,0,0,,,,,
423,good what you paid is what you get do not expect too much okay na house clothes hindi ko sure kung okay lang yung garter kala ko okay for workout at least fast shipping thanks shoppe,1,1,1,0,,,,,
424,i opted for red beetles yet i got the bear oneeither out of stock siguro or bobo yung na assign sa warehouse hindi alam difference ng beetle  bear lols,0,0,0,0,,,,,
425,ginamit ng anak ko 2 days pa lang sira na agad ung onoff botton sayang ang pero ko,1,0,1,0,,,,,
426,kulang ng isang item yung power adaptor,0,0,0,0,,,,,
427,hi seller sana nextime kung mgpadala kau ng tocks paki double check naman po kasi mali po ang isa pinadala nyo size ang order ko kasi color white crocs size 3839 pinadala saakin hinde pares ang size ang isa 3637 tapos ang isa naman 3839so paano man yun suotin hinde,1,0,0,1,,,,,
428,maganda sya kaso manipis tela maganda pag dark color pero pag mga white ganern light nakikita yung pads nya pede yung brallete sa mga payatot like me hahahahhahaha kung order kayo mas maganda darker color kasi dikita pads yun lang wmamwmaa,1,0,0,0,,,,,
429,not long lasting at first natutuwa ako sa seller kci before and after ko mag place ng order very accommodating sya sa lhat ng tanong  chat ko but when i recieved the item inform them na may leak di na sya sumagot a simple sorry ok na sana kc,1,0,0,1,,,,,
430,apakatagal mapair ulit once madisconnect,1,0,0,0,,,,,
431,not recommended kasi sobrang hina,1,0,0,0,,,,,
432,di ako fully satisfied sa na receive ko kase ibang kulay dumating order ko blue eh dumating saken peach though mabilis naman sya dumating parang mataganal na to na stock kaya 3 star lng muna,0,1,0,0,,,,,
433,di ko pa natry sana okay naman iediit ko na lang tong review ko pag hindi okay itong electric hair removal,1,0,0,0,,,,,
434,sira na yun box nya tapos dame gasgas nun item mismo hindi ko alam kung kay supplier or carrier yun fault  tinesting ko muna sya and as of now ok naman sya  sana lang tumagal nd ko pa natry un charger if gumagana,1,1,0,0,,,,,
435,ganda ng colors ng socks quality ng products okay pero disappointed ako kulang ung binigay n order 2 white sock at 2 gray sock pero wla kong gray sock na nakuha 1 white sock lang din,1,0,0,0,,,,,
436,may leak siya then yung oil sa labas ng bottle is mabaho idk if its on perfume or dahil lang sa stocks,1,0,0,0,,,,,
437,ok namn quality mjo maliit kng sizing need to add 1 lalo pag mlapad paa size 37 ako dpat size 38 pla  tpos sa experience sa pagdeliver disappointed ksi mali nadeliveran ni rider which lead to delays and refund sana pero good things is nasettle at naideliver dn kaso,1,1,0,1,,,,,
438,nag tx pako kay seller na violet and pink dumating parehong pink edi wow,0,0,0,0,,,,,
439,idk kung hardware or software issue bato or compatibility pero para saken ampanget ng audio nya latency is good tho my game mode na nag sesync sa kanyang audio,1,0,0,0,,,,,
440,ano bayan palpak naman black order naminkasi boy gagamit taposss dumating blue bat ganooon di kayo sumusonod kayo sa order black dapat  order naminkakaiinisss kayo,0,0,0,0,,,,,
441,need po ng rest ng vacuum ginamit pa lang po namin ng ng 1015 minutes need ipahinga ng 2030 minutes nagbago po yung tunog at di nakahigop,1,0,0,0,,,,,
442,ok naman po at mabilis din dumating iyong battery nga lang po nya hindi samsung fake at napakabilis malowbat ganun talaga siguro pag mura,1,1,1,0,,,,,
443,mjo loading pwede na,0,0,0,0,,,,,
444,idk kung tatagal pero as of now good nman dahil walang fragile sticker hindi secure yung product wala din box and bubble wrap yung 3 is for the product mismo good kasi my manual na english easy to connect at dumating ng 90 yung violet and yung white is 100,1,1,0,0,,,,,
445,quality is okay for its price but its soft and wrinkles easily in a way that it might tear easily and break in pieces like styrofoam was shipped the right color and size is exact,1,1,1,0,,,,,
446,the sound is good maganda yung quality ng tunog kaso mahina pag nasa labas ka na tatalo ng tunog sa labas yung music yung lang maganda siya pati ang tunog kaso di ko na gustuhan kase mahina yung tunog kahit naka max yung volume sa cellphone ko im using iphone,1,0,0,0,,,,,
447,ok naman po yung itmes kaso medyo manipis nga lng pero ok naman thanks seller,1,0,0,1,,,,,
448,bakit kakaiba po yung mga scents ng pabango niyo hindi po kaamoy ng mga inspired perfumes lalo na yunh cucumber melon parang amoy damo,1,0,0,0,,,,,
449,matagal dumating di responsive si seller akala kase namen wala yun remote control di namen makita tas chinat ko si seller di sumasagot buti nlang asa labas ng box lang pala yun lang di ko nagustuhan irresponsive si seller may pa freebie tissue di naman marunong mag reply sa chat,0,1,0,1,,,,,
450,size chart is not accurate size 37 is too small for me para lang siyang 36 so i suggest you add one size,1,0,0,0,,,,,
451,wondering kung naaadjust ba sya kasi sabi sa ibang feedback naaadjust daw pero yung dumating sakin parang hindi naman,1,0,0,0,,,,,
452,okay as expected in the correct size salamat,1,0,0,0,,,,,
453,maluwang sya and clear parin sa outdoor na deliver na pala pero said app jasa manila pa,0,1,0,0,,,,,
454,ok thank you sana may charge kaso wala,1,0,0,0,,,,,
455,ok na sana eh kasota bat ganun nakaindicate na nga king an ungrateful kulay ordering pero parent paring kulay ano bat na lang seller to hindi marunong magbasa,0,0,0,1,,,,,
456,nakaka disappoint nmn po kulang po ung order ko un pa man dn ag hinihintay ko ilang beses na po ako bumili dto pto ngaun ko lg po naranasan na mag kulang supper disappointed po ako sana po sa susunod paki check po kung kulang ba ung order sayang po,0,0,0,1,,,,,
457,i tried it in our bed already feeling ko may mali sa gamit ko kasi prang walang nakukuhang alikabok will change my rate if nagamit ko na ng husto,1,0,0,0,,,,,
458,ilang beses na ako nag order ng wallpaperyung una sakto sa 10meters pero yung pangalawa at pangatlo kung order almost 6meter nlang ang seller bakit naman ganun,0,0,0,0,,,,,
459,ibang iba sa picture pero thank seller,0,0,0,0,,,,,
460,ok na sana maganda kaso ang problema di gumagana pag di naka charge yung fan tapos nung e check ko yung ilalam hindi pala kasi sya chargeable pero thankyou padin,1,0,0,0,,,,,
461,not true to size hindi din nakaindicate na we should size up atleast 1 or 2 buti na lang kasya sa nanay ko kundi ano gagawin ko dito,1,0,0,0,,,,,
462,ang daling nashipped ng item pero ang tagal bago ko nateceived ang item it takes 16days bago ko nareceived pero okay naman ang item gumaganathank you padin,1,1,0,0,,,,,
463,hindi ko alam kung maiinis ako o what expectation vs reality talaga amoy mint sya na my kaunting amoy na cloud hnd q nagustohan ang amoy,1,0,0,0,,,,,
464,star walang reply kulang pinadalang item mali pa color na pinadala both pink order ko,0,0,0,1,,,,,
465,im amazed because it really lasts long compared to expensive perfumes well  i still like it pabango parin naman haha lalo si bombshell 48 hours na naamoy ko parin dun sa kumot na pinag sprayhan ko haha pero nasobrahan ko masyado ata pag spray,1,0,0,0,,,,,
466,thank you maliit lng cya  cute haha,1,0,0,0,,,,,
467,ok kala ko nasa white card board pang gift sana kaso naka plastic lang,0,0,0,0,,,,,
468,pero will order pa rin kung di pa rin complete ipadala nya next rereport na ko to sa shopee,0,0,0,0,,,,,
469,hope will last at first hindi siya gumana i thought sira sya kasi di rin nag ilaw ang red light upon charging i let it charge 4 hrs baka mag ilaw at iniwan ko mag hapon naka charge buti nalang pag try ko ulit paandarin gumana sya,1,0,0,0,,,,,
470,nag try ako mag chat sa seller pero no response sya kulang ng dalawang mittens yung order ko na suot ko sa anak ko agad ung isa kase badly needed nga nakakadisappoint lng,0,0,0,1,,,,,
471,this item was defective no matter how i tried to push the button it doesnt work i messaged the seller regarding this issue they told me to charge this for 2hours but after 2hours still not working anyways it will serve as a mirror nalang excited pa naman ako sa,1,0,0,1,,,,,
472,yung khaki may sira then yung xxl na dark grey blue maliit parang medium dami ko pa naman order di pala same mga size,1,0,0,0,,,,,
473,ok naman d five star kc yung fila nya na sticker d manlng dnikit ng mabuti pagtang gal mo ng plastic sumama na yung sticker nya pero sa tela ok naman sya makapal and sa kulay pala akala ko dark yung kulay hindi pala sa pic langpatay kulay,1,0,0,0,,,,,
474,its not the same with what i ordered last time different design at sobrang hina ng fan nito compare sa dati kong binili,1,0,0,0,,,,,
475,normal po ba na mag amoy sunog to kapag binubuksan ko po amoy sunog nakaka takot po icharge baka pumutok hehe pero thank you parin po,1,0,0,0,,,,,
476,fair okey naman manipis tama lang sa price nila good lang kasi andumi ng ipinadala sa akinmukhang luma pero magagamit naman at sakto lang ang size kaya thank you na rin,1,0,1,0,,,,,
477,good ok naman makapal yung tela mejo matigas and mahirap pag titiklop mo na handle anyways mura lang naman din kaya you get what you paid for,1,0,1,0,,,,,
478,im sorry but i must say nadisappoint ako sa itembumili ako ng mura kc need ko lang tlga ng mainsertan ng sim ko 4 otp sent of my accounts kaso it doesnt receive otp pero nong pinasok ko sa cp ko nkatanggap naman almost 50 din ang dumadating sakin w,1,0,1,0,,,,,
479,same size kinuha ko 3637 pero size 36 lang to guys so mag add kayo 1 size if ayaw niyo na saktong sakto lang yung slippers and parehong size ko kinuha pero yung black mas better kasi mas fit sha ps dalawang pair binili ko 1 black and 1 white,1,0,0,0,,,,,
480,iba yung nasa sample image sa mismong product pero ok naman amoy candy sulit naman yung 25 buti na lang free sf,1,0,1,0,,,,,
481,ang gaganda goods saken,1,0,0,0,,,,,
482,good quality maganda naman sya mukhang matibay naman mali lang ng pinadala si seller 2liters kulay black order ko pero ang dumating 1liter kulay blue pa,1,0,0,1,,,,,
483,very good what you see is what you getits very nice item and i love iteither the dliver of my parcel is so tagal because of the courier here in province of albay but sulit nman yung itemthank u,1,1,0,0,,,,,
484,okay naman tama color at size and mali iba yong itsura sa post sa ipinadala diko ja napicturan manipis pa sole nia mas ok ubg 3641 tama sakto itsura ty godbless,1,0,0,0,,,,,
485,ung isa d gumgana kapag d nakacharge first time kopo omorder,1,0,0,0,,,,,
486,wrong color wrong color based on the picture and the description hindi ko bet ung color na pinadala khit svhin n black p din un ok na din kasi working sya next time inform your customer if ok ung color na papadala nyo,1,0,0,1,,,,,
487,it would be nice if the cell phone charging port works nyways maganda naman working po ang airpods thnak you,1,0,0,0,,,,,
488,cotton 100 ang ganda ng quality at ang mura paamazing,1,0,1,0,,,,,
489,pangit ng quality huhu kaya pala mura lang mapapamura din sakin yung nag order hahahahha,1,0,1,0,,,,,
490,this is my 2nd order nagustuhan ko yung quality nung 1st order ko kaya bumili ako ulit for my sister pero nadissapoint kami kasi nagiba yung quality pumangit so dissapointed,1,0,0,0,,,,,
491,so far so good naman lagi akong na order dito sa seller nato lalo na pagdating sa mga mask kasi lowest price and sulit na sulit talaga medyo nanipisan lang ako this time sa dumating na mask pero ok lang for the price of 15 pesos hair clip di nakaayos,1,0,1,0,,,,,
492,maganda naman sya tama lang sa price niya nong 1st try gumana pero after 5mins bigla nalang sya di gumana pinaltan ko na din ng battery kasi baka battery pero di na talaga sya gumana,1,0,1,0,,,,,
493,excited ako nung dumating parcel ko actually pagkabukas ko sa parcel basa siya siguro nag leak pero okay lang kasi hindi naman basag yung product mismo medyo na disappoint lang ako kasi parang alcohol kumbaga 50 alcohol at 50 fragrance yung maaamoy mo okay na din siguro for its price,1,0,1,0,,,,,
494,malambot tela pati foam hindi stretchable tight sa katawan ko kahit 34 na eh 32 lang ako,1,0,0,0,,,,,
495,its kind a roughpara lang siguro sakin and hindi ko lang alam but nag dry yung lip ko after i tried using it,1,0,0,0,,,,,
496,wrong order po ako so instead na 2l 11l lang po yung dumating also yung kulay iba from blackwhite naging bluesky blue naman na still maganda naman quality kaya oks lang,1,0,0,0,,,,,
497,may maliit na sira sa kanang paa di ko na ibinalik mura lang kasi yung item though magagamit naman,1,0,1,0,,,,,
498,the umbrella okay nman but not worth for its price di siya ganun ka sturdy but seller is very kind and responsive,1,0,1,1,,,,,
499,subrang nipis tatagus agad pag iihi at dudumi yeah poor quality ngaaaa,1,0,0,0,,,,,
500,dapat lagyan ng papel kung isisealed sya kasi kung diretso syang it tape sa item nasisira po sya,0,0,0,0,,,,,
501,second time ko mag order may hiwa na yon packaging parang ni check muna kung ano laman at may yupi yong ni order ko might order again soon dahil masmura,1,1,1,0,Product quality (yupi),delivery (hiwa sa packaging),and price (mas mura) are mentioned.,,
502,good maayos nagdeliver yung rider then maayos naman yung product sakto lang sa price yung ibang panty nga lang eh mas malaki so akala ko maluwang but sakto lang naman nung finit ko then yung bra may isang strap na maluwang pero naiaadjust naman all in all ayos parin at,1,1,1,0,Product (maayos,straps),delivery (maayos nagdeliver),and price (sakto lang sa price) are mentioned.,
503,i received the items di lng magkasya sa anak ko pang maliit lng cya na bata tapos yung galter nya bilis lng dn masira,1,0,0,0,Product (size,durability) is the main focus.,,,
504,ok thank you thank you thanks ty and the thanks salamat akala ko ang clear roots clear ang mascara kaya nadissapoint ako na may color pala sya hahah kasalanan ko naman maganda naman ang product,1,0,0,0,The review is about the product (color,maganda).,,,
505,sobrang tagal dumating shoppee ano na well confider sa price ayus lng maganda naman,1,1,1,0,Delivery (sobrang tagal),price (ayus lng),and product (maganda naman) are mentioned.,,
506,quality is aite for its price mabilis siya malowbatt kung minsan mas mabilis yung isang bud malowbatt,1,0,1,0,Quality (mabilis malowbatt) and price (for its price) are mentioned.,,,,
507,complete naman order ko pero yung isa my scratch parang luma na or ginamit na kasi walang plastic sana check bago pinadala,1,0,0,0,Product (scratch,parang luma) is the focus,with a suggestion for better pre-delivery checks.,,
508,di masyadong oily pero oil based kuno goods nadin sa 79 ang layu namn ng amoy,1,0,0,0,The review focuses on the product (oily,amoy).,,,
509,okay nman worth the price magaan lng xa sana tumagal yun sira agad awa ng dyos hindi tumagal sa mga pamangkin ko anyway expected nman kya oks lng,1,0,1,0,Product (magaan,sira agad) and price (worth the price) are mentioned.,,,
510,so so i did not expect na may cap ang internet speed and for it to be 5 mpbs lng omg useless ang pagiging 5g nya mabilis naman nadeliver and responsive seller its the product itself na disappointed ako,1,1,0,1,Product (internet speed,useless),delivery (mabilis nadeliver),and service (responsive seller) are mentioned.,
511,yung black all goods  yung white may ilang namn un isang side ayaw lang tumunog patulong naman po panu need mareset connected namn,1,0,0,0,The review is about the product (tumunog).,,,,
512,ung unang plastic ng j n t okay pero pag open ung pangalawang plastic open sira makikita nman tapos wala pong cord ung mini fan,1,0,0,0,The review is about the product (sira,wala pong cord).,,,
513,pink ung orderwhite dumating di chineck ng seller,0,1,0,1,The review is about delivery (color) and service (di chineck ng seller).,,,,
514,siradi ma charge at useless yung lagayan ng battery sa likod  nka bili tuloy ako ng apat na batterending wala pala function yun so dissapointeddi ko mapangregalo,1,0,0,0,The product (di ma charge,useless) is the focus.,,,
515,not satisfied kulang ang binigay na ballpen dapat 40 pieces ang order ko pero 30 pieces lang ang dumating mali pa ang binigay na product na 10 pieces  sad lang ako kasi ibebenta ko sana ito kaso kulang pa ng 10 pieces,1,0,0,0,The focus is on the product (kulang,mali).,,,
516,photos are not related havent tried it yet hopefully maganda yung product,1,0,0,0,The focus is on the anticipated product quality (maganda yung product).,,,,
517,takes a long time to dry the mascara is too watery and it takes time to dry but for its price is affordable,1,0,1,0,Product (watery,takes time to dry) and price (affordable) are mentioned.,,,
518,small in size dapat pala may plus 1 pero quality is good naman thank you,1,0,0,0,The review is about the product (size,quality).,,,
519,ok sana ung quality at nagustuhan q ung product kasu mali po ung size,1,0,0,0,The focus is on the product (quality,size).,,,
520,good maayos lahat maayos at mabilis dumating yung parcel ko kaso sa color lng hindi nasunod dahil nagchat ako kay seller 3 colors dumating is pink lahat at list gumagana lahat godbless,1,1,0,1,Product (gumagana lahat),delivery (mabilis dumating),and service (chat ako kay seller) are mentioned.,,
521,sobrang ikli nya not the usual size na 10meters talaga so please next time ensure na tama yung size na nilalagay para di malito at mag expect si buyer,1,0,0,0,The review focuses on product specifications (ikli,size).,,,
522,ok namn yung item nareceived in good condition medyo manipis ang kutson,1,1,0,0,Product (manipis ang kutson) and delivery (nareceived in good condition) are mentioned.,,,,
523,super duper tagal matuyo  kalungkot hays pero okay naman pero matagal talaga siya matuyo hays ang inconvenient,1,0,0,0,Product (matagal matuyo) is the main focus.,,,,
524,not the same packaging as shown in the picture they delivered the wrong shade,0,1,0,0,Delivery (wrong shade,packaging) is the focus.,,,
525,goods naman so far mabilis lang siya malobat ang tagal bago dumating,1,1,0,0,Product (mabilis malobat) and delivery (tagal bago dumating) are mentioned.,,,,
526,got my parcel item shipped immediately as expected the quality is good disappointed lang sa socks sobang layo sa picture thank you seller,1,1,0,1,Product (quality is good,sobang layo sa picture),delivery (item shipped immediately),and service (thank you seller) are mentioned.,
527,ok naman po sana kaya lang sirana po yun packaging ng wipes at nag leak n din po ang water nilagyan ko n lng ng tape para d masayang,0,1,0,0,Delivery (sirana packaging,nag leak) is the focus.,,,
528,dissapointed size 9 order ko 8 ang pinadala ang liit hyst,1,0,0,0,Product (size) is the focus.,,,,
529,its working naman pero hindi masyado nakakalinis small particles lang kaya niya absorb nagsstock din siya hair,1,0,0,0,The product's functionality (working,nakakalinis) is the focus.,,,
530,maganda nman but so small halos magkapareho lahat ng size from 32 to 38 maliit talaga siya pang teens size or sa mga payat wala din yong ibang kulay na inorder ko,1,0,0,0,The product (size) is the focus.,,,,
531,lightweight standard packaging lang kaya nasira sya naka bubble wrap lang sya then yung pinaka box na ng air purifier agad pag open ko sa bubble wrap nayupi yung box tas nasira yung pinaka opening ng air purifier buti nalang gumagana pa naman sya hopefully seller maging mas maayos yung,1,1,0,0,Product (gumagana pa naman,nasira) and delivery (nasira packaging) are mentioned.,,,
532,medyo hindi snwerte kasi may sira ung napadala saakin pwede nman magamit pero pag choosy maiinis kasi may sira sana chineck po bago ipadala,1,0,0,1,Product (sira) and a suggestion for service (chineck po bago ipadala) are mentioned.,,,,
533,good nice color good naman xa may maliit na punit but goos naman no worries,1,0,0,0,The review is about the product (good,maliit na punit).,,,
534,order received may stains lang sa heels kaya di masyadong bet may konting awang lang okay lang naman ang quality base sa price price nya rubber pala siya pero pwede na rin sana magtagal,1,0,1,0,Product quality (stains,rubber),and price (quality base sa price) are mentioned.,,
535,smells good pero hindi long lasting like the other one i bought and medyo pricey compared to that one still its good and smells better sayang lang kasi di makapit,1,0,1,0,Product (smells good,hindi long lasting) and price (pricey) are mentioned.,,,
536,plastic i ordered black in the variation but they sent me pink instead sayang naman but overall malaki siya at legit na 2l will use this for oir hiking please double check the waybill next time seller,1,1,0,1,Product (legit na 2l),delivery (pink instead of black),and service (double check the waybill) are mentioned.,,
537,maliit lang sya compared sa mga ibang bra shop na nabilhan ko but all in all maganda naman quality so i think for me its a threestar product,1,0,0,0,The review focuses on product attributes (maliit,maganda naman quality).,,,
538,maganda ung frame nia ndi naman nagchange ng color nung tinapat sa araw not worth to buy,1,0,1,0,Quality and price (not worth to buy),,,,
539,di gumagana yung mike nya mismo pero ok nmn yng sound gumagana nmn sya,1,0,0,0,The review focuses on the functionality of the product (di gumagana,gumagana).,,,
540,add 1 size sa actual size ng paa niyo as not true to size po medyo masikip tuloy ng very light gagamitin ko pa naman pang nuod sa concert sakit paa na nga nakatayo dagdag pa sa sakit ng paa yung shoes na masikip sabay ayaw pa palitan,1,0,0,0,Product characteristics (true to size,masikip) is focused on.,,,
541,hmmm hindi naman same sa picture pang maliit na katawan lang ito maganda din naman yung tela kaya lang hindi kasya sakin,1,0,0,0,The review focuses on product aspects (hindi same sa picture,hindi kasya sakin).,,,
542,sad kulang yung sukat ng wallpaper instead of 10m 7m lang kada roll,1,0,0,0,Product specifications (kulang yung sukat) are the focus.,,,,
543,maganda and good quality sana iyong mga items almost perfect na sana kaso iyong swaddle may damage next time po seller pa double check salamat,1,0,0,1,Product quality (maganda and good quality,may damage) and a suggestion for better service (pa double check) are mentioned.,,,
544,wellpackaged received in good condition no damage item works perfectly seller not approachable medyo matagal delivery,1,1,0,1,Delivery experience (wellpackaged,received in good condition,matagal delivery),product functionality (works perfectly),and service (seller not approachable) are mentioned.
545,makapal ung tela kaso maliit ung size xxl na kinuha ko pero masikip pa para sa size 30 nabakat sa tyan hehe sira rin ung end ng zipper sa bulsa parehas putol other than those eh ok nman,1,0,0,0,Product (makapal ung tela,maliit ung size,sira rin ung end ng zipper) is the focus.,,
546,sira po ung zipper nya huhu tpus di po ok ung tela nya ang nipis po pla compared dun sa nabili kong iba nung una na makpal peru thak you prin po god bless,1,0,0,0,Product defects and characteristics (sira po ung zipper,nipis po pla) are the focus.,,,
547,maganda at tama lng ang size thank you very much seller at delivery man at 7ang lazada 5 star,1,1,0,1,Product fit (tama lng ang size),appreciation to the seller and delivery man.,,,
548,naapnsin ko mahina ang audio maski malakas na volumeanyway thank you,1,0,0,0,The focus is on product performance (mahina ang audio).,,,,
549,nice nice gusto nila lahat fit n fit very good seller 5star k sakensana lage ganun haha sad lng late deliver naguwian na mga kapatid q so tambay na muna un mga order,1,1,0,1,Product fit (fit n fit),service appreciation (very good seller),and negative delivery feedback (late deliver).,,
550,kay essme dapat kaso maliit sa kanya bute kasya sa anak ko add size sa ibang gusto omorder nyan thank you seller salamat shopee,1,0,0,1,Product (maliit),service (thank you seller),,,
551,i ordered 2 po but kulang po ng isa yung pinadala so i was disappointed as i ordered it po nung 1111 para mas makamura pero mukhang mas napamahal pa ako dahil isa lang ang pinadala kahit 2 ang binayaran ko cod though sorry for the picture dahil nilabhan ko,0,0,1,0,Price because cod though.,,,,
552,okay man po work sya kaso kala ko mahaba makisig lang palapero thankyou sana mag work sya sa taba kothank you seller at kuya rider,1,0,0,1,Item description does not match user expectation good service.,,,,
553,nakarating anamn ng safe sakin yung package wala ding leaks i just dont know about the scent di ko sya masyadong gusto,1,1,0,0,Product and deilvery review.,,,,
554,di na napictureran kasi nalabhan na agad manipis yung tela niyamanage your expectation hehe you get what you paid for,1,0,1,0,Item and price focused review.,,,,
555,i dont know if this is legit hakasi yung material super plastic talaga ang gaan pa niya and makikita mu sa loob parang electric fan lang disappointed with this one sana di nako bumili,1,0,0,0,The review highlights the perceived low quality (super plastic talaga) of the product.,,,,
556,basag yung sounds and case,1,0,0,0,The review criticizes the product quality (basag yung sounds and case).,,,,
557,maganda naman kaya lang seethrough sya and kaya khaki ang inorder ko ay para di seethrough pero parang maling color ata naibigay sakin khaki inorder ko pero ang ibinigay ay parang cream or skintone ok na sana,1,0,0,0,Color does not meet expectation.,,,,
558,bilis malowbat tapos mahawakan mo lang kahit gentle eh masyado sensitive bigla bigla din mawawala sa connection yun lang feedback lang,1,0,0,0,Poor Product performance.,,,,
559,maayos naman sya kaso manipis yung tela tsaka yung foam well mura nga lang kasi sya dun sa beige sa lighting lang siguro pero beige yung isa pag manipis damit halata sya pati yung pagkakalagay ng foam sa loob wala namang damage thanks,1,0,1,0,product characteristics are highlighted well.,,,,
560,kulang yung item ko hindi ng re respond si sellernot recomended seller not responded seller not resond sa complain ko,0,0,0,1,Poor seller interaction experience.,,,,
561,matagal na ideliverpero the item is goodthanks seller,1,1,0,1,good product despite delay.,,,,
562,kahit na full charge ko na ganun pa rin wala naman nalabas na hangin e sayang naman pero thank you parin,1,0,0,0,Product does not work as intended.,,,,
563,i only gave 3 kc akala q ung binili ko na charger may ksama ng adoptor wala pla connector lng tas ung case naman masyado manipis kaya nung naipit lumuwang ung case na deform pg kinabit sa cp ndi nkayakap sa cp ok na sna ung pa free kaso nagbigay,1,0,0,0,missing parts poor product.,,,,
564,i was expecting a lighter shade pero okay naman hindi 10mtrs yung dating sakin 6 mtrs lang ata yun,1,0,0,0,size mismatch.,,,,
565,mabilis ma lowbat and hnd sya pang malayuan and ang hirap nung touch nya hnd ko ma volume and low volume at minsan bigla nag babago yung tunog nung sounds nya  and pangit nung print nung binigay sakin merong bakat yung maling print tapos pinatungan ulit ng print,1,0,0,0,poor product peformance a nd design.,,,,
566,nagustuhan naman ng anak komasaya sya sana lang magtagal kase im sure palagi nya gagamitin sa school thank you po,1,0,0,0,the product is used for purpose.,,,,
567,wala sorry po sa rate and feedback di qu lng po inexpect na ganito khina ung hangin khit naka3 na xa ska di mu mllaman kung fullchrge nba xa o di pa ska di din nagllbas ng hangin ung sa right side na may mga butas sa left side lng,1,0,0,0,Poor product functionality and expectation.,,,,
568,tatlo po yung inorder namin 2 black at 1 white maganda yung product kaya lang yung white is sira and medyo marupok na yung tela kaya banat unlike sa 2 black maayos naman at hindi banat,1,0,0,0,Item received is defective and has material issue.,,,,
569,3 stars lng muna di kc nag rereply c seller taz ang tagal pa dumating ng items maayos naman pavkakabalot nya ok naman yung jogger maiksi nga lng di pwe0e sa matatangkad salamat pa rin seller,1,1,0,1,poor service and longer delivery leadtime.,,,,
570,di sya long lasting nikagyan lang ng oil sa parcel para mukang oil based pero watery sya okey lang dahil mura laang naman pero not for everyday use,1,0,1,0,Short lasting but acceptable because cheap.,,,,
571,natangal agad yung switch button pero maganda sana,1,0,0,0,switch broken.,,,,
572,kulang ung item na dumating  sa mga bibili jan na nage expect ng free bulb wag po dine kase wala po kayo pa bibili niyon another 200 pesos for bulb tapos naiinis ako sa clicker nong tripod sa product description ung rechargeable nakalagay pero nong dumating ung de battery,1,0,1,0,Item short shipped no bulb given misleading product.,,,,
573,manipis siya kaya ang hirap imanage we tried using blower na niyan pero ng dmai parin siya msyadong smooth tlagang sa nipis nadin siguro i tried asking questions s aseller before umorder thank you lang yung auto reply,1,0,0,1,poor item and product desciption .,,,,
574,ibang iba ung dmating sknd xa kgaya nung nsa picturewag sna kau manloq ng kapwa nio,0,0,0,1,wrong item or poor quality.,,,,
575,fair for price masyadong mahina yung earphones mas malakas yung kabilang side medyo sensitive yung sensor kaya nagpapause o bumubukas yung google minsan sobrang iba sa binili ko last time kahit same shop lng but i think i should not expect much since its already cheap price compared to others,1,0,1,0,product defects and price good.,,,,
576,ok nman po gumagana sya kaso medyo mahina ang hangin nacharges ko agad bka malobat bilis dumating thank you kay ate shoppe ang bait nya 3stars,1,1,0,1,item is cheap but the service and delivery ok.,,,,
577,maganda ung tela however parang gamit na sya may dents ung holder and ung hawakan putol also it is not as small as what you can see in the pictures too pricey for the quality,1,0,1,0,priced too expensive for item defects.,,,,
578,nakaka dismaya hnd nmn mag charge battery nia nadismaya 2loy lola ko,1,0,0,0,battery does not work.,,,,
579,seller dko alam kong nadulingan mo or sinadya motignan mo seller magkaiba ang size,1,0,0,1,misunderstanding of size with seller.,,,,
580,anlayo ng amoy sa cloud ni ariana paranf alcohol na may menthol lang tapos walang amoy,1,0,0,0,item smells bad.,,,,
581,well packaged but nipis lang po anyways thankyou seller,1,1,0,1,shipped and well package,,,,
582,soso okay lang para sakin pero di sya seamless kasi ramdam ko ung edge sa lower tsaka magaspang sa pakiramdam uncomfy sya for me,1,0,0,0,item is not seamless.,,,,
583,good ice silk so ganyan na pala kulay ng violet color blind siguro yung nag pack kasi para sa akin gray yan eh kung hindi available magsabi kayo seller hindi pala desisyon magbigay kayo ng tamang option kung yung packer may kasalanan heshe needs to be responsible for hisher mistake,1,0,0,1,wrong item shipment and good quality seller is resposnsible.,,,,
584,hindi maayos ang packaging binasta na lang ata ni seller makabenta lang nakakaloka ka will not order again ever gigil mo ako 3 order 2 ang mali,0,1,0,1,poor service from the seller side.,,,,
585,pink disappointed kc my sirang isa n clip sayang pa nman ung plain n ipit pero maganda nman lahat bagay s baby q n 4 mons oldkapal ng buhok nya eh excited na ako mgsuot s kanya,1,0,0,0,broken part of clip.,,,,
586,maganda yung wallpaper bricks but hindi gumagana yung ilaw na inorder ko naka disappoint lang kasi,1,0,0,0,broken lights product.,,,,
587,too small 37 yung size ko kaya 3839 inorder ko pero ang liit pa rin,1,0,0,0,poor product not fitting.,,,,
588,wala siyang gloves for the other fingers,1,0,0,0,lacking gloves.,,,,
589,windproof sunproof nasunog yung parcel upon checking and witness yung rider may butas yung parcel na parang nadikitan ng apoy kaya pati yung payong ay may maliit na butas din quality is good for its priceantiuv ang tela pero manipis sya frame looks sturdy and windproofhassle na magsoli at need,1,1,1,0,burn product and item review with good value.,,,,
590,good thank you seller shopee at kay kuya rider,0,0,0,1,good rating.,,,,
591,average i got mine today and i quickly tried it for my wrist and cloth but i am bit disappointedhindi sya long lasting and medyo matapang yung amoy nyasorrypero di ko talaga bet yung scent nya para kaseng may konting men perfumemedyo matagal din madeliverneverthelessgoods naman yung packaging and affordable,1,1,1,0,delay is shipping good but not good product.,,,,
592,ngustuhan ng anak qoh kso bilis pla mlowbat mis dn mpuno pg chargd mo,1,0,0,0,charge issue with kid.,,,,
593,maganda naman sya kaso mo yong isang hindi natigil kahit naka off kita naman sa video ko paano to seller,1,0,0,1,seller asking for solution.,,,,
594,ok nmn for its price medyo manipis siya ung mga panties subra nipis parang stockings promise ung ok ung bra straps,1,0,1,0,poor quality item is cheap.,,,,
595,i give this only 3 star maganda na sana pero bat sobrang lambot di katulad nung color white baka pag inapak ko toh sa labas matusok paa ko hahahaha,1,0,0,0,texture is so soft.,,,,
596,manipis ok naman sana un lang mali ung binigay na dalawang order ko refund ko nlng sna kso tinatamad ako kya bbgay ko nlng to sa kapatid ko sna susunod seller pacheck ung product na order sa inyo,1,0,0,1,item mix up.,,,,
597,poor overall the appearance are beautiful but the battery is kinda damage mabilis sya malowbat and im very disappointed,1,0,0,0,item malowbat.,,,,
598,nakakalungkot lang kasi mousepad yung binigay parehas pa yung dalawa pero thank you padin,1,0,0,0,wrong item shipment.,,,,
599,napakatagal dumating walang paki c seller kung dumating na o hindi ang item,0,1,0,1,delayed is shipping,,,,
600,very good ok naman salamt seller,0,0,0,1,Good,,,,
601,thannnnkkkkkkk youuuuuu shopppeeeeeee kyutt nyaaaa medyo low qualityy nga langgg pero okay naa tagal den ma deliver,1,1,0,0,mentions product quality and delivery time,,,,
602,may sira ung kahon nya tpos may damage ung itemung kahon nya may hiwa pero ung bubble wrap walad ako sure kung alam ng seller na may damage n sya bago iship kc wala nman hiwa ung bubble wrap eh pero so far nagana nman sya,1,0,0,0,mentions the damaged box and item,,,,
603,okay naman may ilan lang siyang sira sa dulo dulo parang matatastas siya pero tama naman ang color 5 days umabot ang deliver bago natanggap,1,1,0,0,product with sira sa dulo & deliver days,,,,
604,hindi sya mukhang pangkamay pangpaa ata hahaha ang lalaki kasi e  anyway super cute naman hoping for good quality though cheaper price but this is very longslow deliver and transaction but thank you so much seller and shopee godbless,1,1,1,1,mentions product,delivery time/transaction,price and thank you to seller,,
605,mabango naman but super bilis mawala okay na din para sa price mabilis and maayos yung deliver,1,1,1,0,mentions product smell,how fast it disappear,and price,,
606,sa una buo buo sya pero na fix ko nmn agad and di same sa picture yung kulay but nagustuhan ko naman parang dark red sya,1,0,0,0,mentions fixable product,color not the same in the picture but still liked it,,,
607,not good ewan ko parang mga reject ung iba di parepareho ung iba malapad ung cotton sa loob ung iba makitid tapos walang dikitan ng tape manipis pa yung cotton,1,0,0,0,mentions the product and the reject ones and cotton,,,,
608,bigger sia sa eni expect ko at ang hangin lumalabas parang mainit pro siguro kaka open ko lang baka maya kunti hindi na okey good item salamat sa suki ko,1,0,0,0,mentions good item and salamat to suki,,,,
609,from visayas umorder ako ng 15 nashift ng 18 dumating 24 okay po yung black na wallpaper pero 2dangkal lang po pala lapad nya kaya kukunti palang nalagyan ko  order nalang ako nextimety,1,1,0,0,ok wallpaper but narrow lapad nya kaya kukunti palang nalagyan ko,,,,
610,nice quality pero d nasunod mga design na gusto ko,1,0,0,0,quality design are not followed,,,,
611,hnd chiffon ang tela nya as indicated sa info nla but its ok naman sya for the price of 7500,1,0,1,0,not chiffon tela as indicated,price,,,
612,poor packing no bubble wrap sira pa yung inpods hmmmmm pero buti di sira yung dalawa,1,0,0,0,no bubble wrap sira yung inpods,,,,
613,soft maganda sana kaso mali color ng house slippers i ordered white nag message pa ako to make sure i ship correct size and color tapos pink pinadala nyo wala man lang pasabi pala desisyon kayo buti nlng pang house lang kaya ok nlng pa return ko pa sana pero,0,1,0,0,wrong color no pasabi,,,,
614,hmmmmmmm pwede na isa or dalawang gamitan bagay sa mga babaeng hindi mahilig mag ulit ng outfit the color is pretty good,1,0,0,0,good color,,,,
615,di ko bet sadly idk ano talaga scent ng original cloud pero kudos lang to seller na bubblewrapped talaga and sealed although may leak nga din like sa other customers ayoko lang talaga sa scent ewan sakit sa ilong for me kahit gawing air freshener ayaw ko sorry,1,0,0,0,scent,bubblewrapped and sealed,,,
616,okay po yung mga ipit yung mask lang po sobrang nipis po pala pero thank you po,1,0,0,0,mask sobrang nipis po pala,,,,
617,isa lang yung gunagana ng tama hello po seller yung pink lang po yung nagana ng maayos yung dalwa po tig iisa lang ang naggana na headset ayaw mag gana nang tig isang pair huhhu,1,0,0,0,only 1 gumagana headset,,,,
618,i ordered blue and pink pero parehong blue nareceive ko makabenta lang kahit maling kulay ipadala,0,1,0,0,wrong color,,,,
619,d namn n nya napagaling allergic rhinitis q mapanlinlangwhat do i expect china made,1,0,0,0,mapanlinlang china made,,,,
620,okay lang average yung hangin mabilis lang malowbat and matagal magcharge,1,0,0,0,average yung hangin,,,,
621,3 star lang kasi yung earphones gumagana naman kaso mahina and yung mic ayaw led lamp okay naman sya maganda tapos masala charger ang ganda ng charger fast charging sya,1,0,0,0,various opinions on earphones,led lamp and charger,,,
622,bkit po ganun po ang order q sunscreen bkit aman po whitening good night gel ang dumating sana naman po magbasa kau ng order ng ndi po kau nagkakamali disappointed po aq ngaun lng po nangyari skin ilang taon n po aqng umoorder,0,1,0,0,wrong order,,,,
623,meron syang crack about 1 inch ang haba hindi naka bubble wrap ang ring light mismo hindi ko alam if its caused by mishandling of couriers or sadyang meron na syang crack dati pa anyways i dont mind it important thing is its working great pa naman hope this will,1,0,0,0,crack about 1 inch ang haba,working great pa naman,,,
624,ndi gumagana ang white nagana lang xa kapag nakasaksak lang super disappointed lang ang anak ko at sayang ang pera,1,0,1,0,hindi gumagana,sayang ang pera,,,
625,the product seems nice pero malayo lang medyo yung amoy sa dating pinagbibilhan ko ng ganitong perfume like the smell sometimes fluctuate idk if it was just me or what,1,0,0,0,medyo malayo lang yung amoy sa dating pinagbibilhan,,,,
626,kudos sa fast delivery but the downside is the quality as seen in the video yung tela nya hindi comfy suotin will not order again,1,1,0,0,fast delivery but yung tela nya hindi comfy,,,,
627,item is different from picture shown the design is 310 hindi ko gusto yung design overall 210,1,0,0,0,different from picture shown,,,,
628,good thank you seller and kua rider pangalawang order ko na ito dito ang ganda sa lips moisturizer kahit hnd ka na mag lipstick ito palang sapat na,1,0,0,1,thank you seller maganda sa lips,,,,
629,natatanggal iyong sa loob good na for its price,1,0,1,0,natatanggal ung sa loob,good for its price,,,
630,complete and well package naman po yung parcelmedyo maliit lang po ung mga sizes sana po magtagal para kung maganda po maka order po ulit ako,1,0,0,0,medyo maliit lang po ung mga sizes,well package naman po yung parcel,,,
631,old stocks parang ukay2 sobrang lukot  ibinta ko pa naman sana,1,0,0,0,old stocks parang ukay2 sobrang lukot,,,,
632,okay nman wla nman damage kaso di nman nasunod ung color na gusto ko  black order ko bracket pero white pinadala nyo di nagrereply si seller,0,1,0,1,di nasunod ung color,di nagrereply si seller,,,
633,good legit second buy na medyo disappointed lang ng konti akala ko kasi may include na panglinis or freebie kaso wala pero legit ung item,1,0,0,0,legit ung item,,,,
634,good packaging and magnda ang item pero ng nilagyan kona ng battery but ayaw gumana,1,0,0,0,hindi gumagana with battery,,,,
635,disapointed sa jogger kasi iba yung nakapost nila sa ipinadala sakin sa nakapost walang bulsa pero ung dumating sakin meron and manipis lang ung tela which is okay naman sa price nya magagamit pa rin naman thank youu,1,0,1,0,iba yung nakapost nila sa ipinadala sakin and manipis lang ung tela which is okay naman sa price nya,,,,
636,good ok cia tama color at mlambot s paaproblema size 4243 bkt mliit size pmbabae cguro hndi s mend rn mggamitdlwa p nmand maupload picssalamat shopeethanks rider at seller,1,0,0,0,tama color at mlambot s paa,problem size mliit,,,
637,yung ring light gumagana yung tripod hindi magamit kasi nakastuck or ipit yung isang leg hindi brand new luma na ang box at medyo sira sira nagbigay ng discount seller pero di ko pa natatanggap bumili na lang ulit ako sa iba 3 stars kasi ok naman ring light,1,0,0,1,ring light gumagana,tripod hindi magamit,,,
638,mgkaiba yung size nung mejas q mlki yung left side tapos maliit yung right side nya tapos yung isang order q mali yung dumating png boy order qpng girl dumating,1,0,0,0,mgaiba yung size,mali yung dumating png boy,,,
639,hindi makapal ang tela although xxl ang size sakto lang sakin samatanlang i ordered xxl para baggy at yung kulay hindi sya peach pink yung dumating kamot ulo na lang item was shipped really quickly ill give them that,1,1,0,0,hindi makapal ang tela,hindi sya peach pink yung dumating,item was shipped really quickly,,
640,ibang kulay pinadalang headband at socks ni baby,0,1,0,0,ibang kulay pinadalang headband,,,,
641,gumagana naman ung ilaw nya ang problema ung remote useless din ayaw gumana,1,0,0,0,gumagana naman ung ilaw,ung remote useless din ayaw gumana,,,
642,daling nasira wala pa 3 days sira na power button and d sya rechargeable as claimed sa description but malakas nman na sya keri na just make sure to plug it pra magwork,1,0,0,0,daling nasira,malakas naman,,,
643,maganda ang tela and very very soft received the order 3 days earlier than the expected date perfect for everyday use i really wasnt expecting the packaging hindi man lang nilagay sa kahit isang plastic haaays underwear pa naman to,1,1,0,0,maganda ang tela and very very soft received the order 3 days earlier,packaging,,,
644,kala ko surprice di pala kasi halata mona ang laman at nakaka dissapoint lang kasi ang tagal dumating  first attempt di p dumating however legit naman po yong order,0,1,0,0,halata mona ang laman,ang tagal dumating,,,
645,yong purpose niya functioning naman although broken na pgdating nilagyan ko nlng ng rubberband pra d mhulog mga 23 hours kaya then charge again,1,0,0,0,although broken na pgdating,,,,
646,good quality yung isang item mali po ang size size 38 po ang binigay size 37 di kasya saakin sana po nag message kayo kung wala ng size 38 di ko naman masusuot yun,1,0,0,0,good quality,mali po ang size,sana po nag message kayo kung wala ng size 38,,
647,so ayon little bit disappointed sa product may damage ee pero okay na to pambahay lang din nman pero sana maayos na product sa susunod thankyou,1,0,0,0,may damage,,,,
648,good good naman sya problem lang may mga sira good ang ung item well pack kaso nung ginamit ko na sya napansin ko di umiilaw ung led and ang bilis nya mag off bumili na din kasi ako dati ng humidifier pero di naman ganito ka bilis ung pag off,1,0,0,0,mga sira,di umiilaw ung led and ang bilis nya mag off,,,
649,maganda ang quality nga lang para sa maliit ang boobs tulad ko wag masyado mataas ang expectations it functions as a bra ayun though kahit 34 ako masikip pa rin yung 34 i guess ito yung nagpupush up ng boobs kumbaga sobrang ginhawa pag tinanggal delivery and packagingwise superb,1,0,0,0,maganda ang quality nga lang para sa maliit ang boobs,masikip pa rin yung 34,delivery and packagingwise superb,,
650,so fine thank u seller  jt for the safe delivery it was good na walang damage and i just started using the product i hope i could get the best results kuddos,0,1,0,1,for the safe delivery it was good na walang damage,,,,
651,dissapointed kase yung nasa pictures may color pag pinahid then when i already get the product and then i tried theres no color or something na lumabas meron lang syang mga glitters,1,0,0,0,theres no color or something na lumabas meron lang syang mga glitters,,,,
652,product is finewarehouse took longer to ship the itemarrived too latei have to get back from customer service and the sellerseller advice me to contact to logisticshow am i gonna contact logistics if the item are still at shopees i am totally pissed dun sa service both seller and shopee,0,1,0,1,warehouse took longer to ship the itemarrived too late,pissed dun sa service both seller and shopee,,,
653,mali ang size na dumating  i ordered 2l blackgray and 850ml blueorange pero ang dumating baliktad  pero okay naman quality  sana yun sunod na order ko tama na ang size,1,0,0,0,mali ang size na dumating,pero okay naman quality,,,
654,ang liit din ng cap niya di rin macover buong dede ko hindi rin masyado stretcheable maliliit din ang sizes kaya masikip pero salamat parin seller at sa nagdeliver,1,0,0,0,ang liit din ng cap niya,maliliit din ang sizes kaya masikip,,,
655,okey naman po yung black pero yung white po parang ma bilis lang mata ngay ng hangin,1,0,0,0,okey naman po yung black,white po parang ma bilis lang mata ngay ng hangin,,,
656,meron pong stain sa white slipper sa design nya po yung black okay lg salamat,1,0,0,0,meron pong stain sa white slipper sa design nya,,,,
657,maganda naman kaso maliit yung 45 nyo pero pwede na ok na yan,1,0,0,0,maliit yung 45 nyo,,,,
658,mabango naman pero nakakadidsapoint ung pagkagawa ng perfume dun nlng kayo sa xoxocosmetic perfumes accurate ung smell,1,0,0,0,mabango naman pero nakakadidsapoint ung pagkagawa ng perfume,,,,
659,nasira agad charging port so hindi na magamit trice lang nagamit,1,0,0,0,nasira agad charging port,,,,
660,its ok medyo faded yung letters not safely packed pero its working well thanks,1,0,0,0,medyo faded yung letters not safely packed pero its working well,,,,
661,2weeks before dumating ang tagal,0,1,0,0,tagal,,,,
662,not that good maganda pero sobrang hina and mejo madali lang sya ma lowbat and okeii naman sana kaso yung volume nya sobrang hina pero okeyy naman sya yung issue ko lang is madali mag lowbat and mahina yung volume nya,1,0,0,0,maganda pero sobrang hina and mejo madali lang sya ma lowbat and yung volume nya sobrang hina,,,,
663,hindi ko masyadong nagustuhan kc iba yung ibinigay na kulay at design yung isa ung talagang nasa pics pero yung dlawa iba ang itsura wala kahit nh isa ang nasunod sa kulay na inorder ko,0,1,0,0,iba yung ibinigay na kulay at design,,,,
664,8510 cut are not even may hinalong other colordarker pag nilagay mo na sa walls hindi naging pantay2 kasi yung cuts hindi same  i think manual cut sya kaya ganun,1,0,0,0,cut are not even may hinalong other color,,,,
665,merong mga punit yung white na payong and the color nya di kasing white like dun sa picture im disappointed but still ok lang din naman,1,0,0,0,merong mga punit yung white na payong and the color nya di kasing white,,,,
666,mali yung kulay okay na sana kaso mali yung kulay na pinadala sa akin fav color ko pa naman ang violet kaya ako umorder sana iaware man lang kung wala nang stock ng ganong kulay para hindi disappointed yung client pag dumating yung order,0,1,0,0,mali yung kulay sana iaware man lang,,,,
667,ok lang naman kaso parang hindi talaga sya push up bra at wrong size yung isang kulay at sana iniform man lang ako para makapili ng ibang kulay but anyways thank you seller,1,0,0,0,parang hindi talaga sya push up bra at wrong size yung isang kulay,,,,
668,good color maayos sila mag ship pero ung sa packaging kasi mejo may lukot lukot sa gilid saka wala silang nilagay na karton papatigas sa may gitna ng wallpaper hindi din sakto ung sukat wala namang sampung metro tong product nila halos nasa 2meters lang higit,1,0,0,0,wala namang sampung metro,,,,
669,black white and animal print yung 2 ok yung black anlaki di sya pambata,1,0,0,0,anlaki di sya pambata,,,,
670,di ko napo pinicturan not my first time umorder to this shop pero this time hindi ko nagustuhan packaging lahat tanggal sa dikit yung pinaka takip anyway thanks,0,0,0,0,packaging lahat tanggal sa dikit,,,,
671,okey nmn po ung phone maganda at madaling gamitin kaso nga lng madali ding malowbat pero okey nmn xa d pwd gamitin sa byahe kasi madaling malowbat,1,0,0,0,maganda at madaling gamitin kaso nga lng madali ding malowbat,,,,
672,maganda quality peru jusmeyo marimar ang cutting nya hindi pantay thankyou padin seller nxt time sana pantay na yung cutting nya,1,0,0,0,hindi pantay thankyou padin seller,,,,
673,mganda sana yung sapatos kaso d nman kau sumusunod s tamang size order q size 36 bingay nyo size 37 ang laki tuloy ng sukat ggmitin p nman ng anak q sa school,1,0,0,0,d nman kau sumusunod s tamang size,,,,
674,35 maganda yung item pero kapag nagtatype na ako namamali na for instance nagtutuloy tuloy yung letters even though isang click lang ginagawa ko sa keyboard hassle syang gamitin kaya mas prefer ko na lang yung may usb na keyboard tbh,1,0,0,0,namamali pag nagtatype na ako,,,,
675,black pink thank you bilis dumating order ko,0,1,0,1,bilis dumating order ko,,,,
676,i received a wrong color and design so disappointed sana nag message muna seller na hindi avail yung order design ko,0,1,0,0,wrong color and design so disappointed sana nag message muna seller,,,,
677,para saan yang sa likud  sakit sa utak pag titingin sa salamen daling ma lowbat 8 minutes lang ok sana kung may lalagyanan ng rechargeable battery ok parin para sa price nya,1,0,1,0,daling ma lowbat 8 minutes ok parin para sa price nya,,,,
678,malakas yung fan ng product yun na ang best feature nito product quality is just fair kasi malakas yung fan kaya lang yung dumating sakin is may crack yung sa saksakan ng charger and di rin nastretch,1,0,0,0,crack yung sa saksakan ng charger,,,,
679,item deliver early this morning well packaged and in good condition upon checking manipis ung tela at ung tahi not that goodung sa bandang laylayan pinutol lng hindi na tinahiitem for the price is ok but the quality,1,1,1,0,manipis ung tela at ung tahi not that good,item for the price is ok,,,
680,dissapointing biggest size yung kinuha which is 4041 angliit parang size 38 lang so nadissapoint talaga ako kaya pinamigay ko nalang sa kasya,1,0,0,0,angliit parang size 38 lang so nadissapoint talaga ako,,,,
681,wrong color ordered beige but arrived in pink wala na kong time mag return or refund dahil kailangan ko na please check color next time size is correct,0,1,0,0,wrong color ordered beige but arrived in pink,,,,
682,hnd nmn sya water proof  tagal pa dumating,1,1,0,0,hnd nmn sya water proof,tagal pa dumating,,,
683,good kaka recieved ko lang tagal dumating tapos sira sira pa ung box na pinaglagyanngaun chinarged ko muna to make sure na gumagana,1,1,0,0,sira sira pa ung box na pinaglagyan,,,,
684,ok naman sabi water proof hindi nmn nahuhulaan,1,0,0,0,sabi water proof hindi nmn,,,,
685,para remake lang sya nung orig na nasa pic nila tignan ko if ol din then saka ko i 5 star ill try to use it muna,1,0,0,0,para remake lang sya nung orig,,,,
686,maganda ang tumbler 5 stars sa product kasi maganda talaga sya although matagal dumating at nakakapangamba na baka mamaya may damage na bago ko matanggap tumbler kasi at may tendency na mabasag 2 stars kasi hindi responsive si seller important din kasi na responsive po kayo sa mga buyers nyo,1,1,0,1,matagal dumating at nakakapangamba na baka mamaya may damage,hindi responsive si seller,,,
687,honest review di po siya nakapit masyado sa eyelash at ang tagal pating matuyo di ko po nagustuhan and didnt also have high expectation since mura lang siya triny ko lang kung effective kayo ko binili,1,0,1,0,di po siya nakapit masyado sa eyelash at ang tagal pating matuyo,mura lang siya,,,
688,incomplete orders pag wala na yung mismo plastic at di mo nakunan ng picture di ka nila refund di proof ang missing item na visual na picture so make sure di nyo tapon kaagad yun to seller make sure complete ang delivery ninyo bago nyo ipadala,0,0,0,1,incomplete orders di ka nila refund to seller make sure complete,,,,
689,i didnt expect that it is really a cute size haha then di siya gaanong pigmented super light ng color and not easy to blend but i think it is enough for its price its cute,1,0,1,0,di siya gaanong pigmented super light ng color and not easy to blend,its enough for its price,,,
690,oilyy mabango sya kaso hindi mo gaano ramdam unless sisinghutin mo from damit iba den amoy nya compared sa cloud na nabili ko dto medyo ramdam na may bawas to pero understanble kasi mura lang thankyou paden,1,0,1,0,mabango sya kaso hindi mo gaano ramdam,medyo ramdam na may bawas to pero understanble kasi mura lang,,,
691,okay lang mura lang din naman,0,0,1,0,mura lang din naman,,,,
692,dapat chinick naman ng maigi tastas na tpz kunting mahila mo masisira na sana next time check nyo ng maigi at manipis lang din pala,1,0,0,0,tastas na manipis,,,,
693,okay lang for its price pero hindi talaga long lasting parang alcohol lang with subtle fragrance once it sets,1,0,1,0,hindi talaga long lasting parang alcohol lang with subtle fragrance,okay lang for its price,,,
694,610 mallit sya sa size nya mismo add up more size pag bibili para hindi sobra maliit ang mabili,1,0,0,0,mallit sya sa size nya mismo,,,,
695,okay magaganda yung items madikit din yung glue overall okay naman ang tagal nga lang iship akala ko di aabot sa event ko nako talaga pag gusto nyo ng mabilisang shipment wag dito,1,1,0,0,madikit din yung glue overall okay naman,tagal nga lang iship,,,
696,ok naman kaso ziplock na plastic lang ang lalagyan di safe at mukhang mumurahin,0,0,0,0,ziplock na plastic lang ang lalagyan di safe at mukhang mumurahin,,,,
697,thank you sa freebies kahit hindi ko alam saan pwedeng gamitin,0,0,0,1,thank you sa freebies,,,,
698,okay na sana kaso ung bra grabe sobrang panget pero the rest goods naman na siya ilang araw lang na deliver na sana d nako kumuha bra sayang,1,1,0,0,okay na sana kaso ung bra grabe sobrang panget,ilang araw lang na deliver na,,,
699,napaka cute nya excellent quality,1,0,0,0,excellent quality,,,,
700,bukas yung orange plastic nya and natapon pero balot na balot ng bubble wrap baka moist lang thankyou long lasting sya wort it,1,0,0,0,balot na balot ng bubble wrap baka moist lang thankyou long lasting sya,,,,
701,so far ok lang yung black medyo ma kapal yung isa hndi sa price dun tlga,1,0,0,0,Product quality is being described.,,,,
702,yung second pic tas black na sandal eh ex ng sandal ni mama na kasya sa kanya same size 39 pero hindi sila magkalaki,1,0,0,0,Product size mismatch,,,,
703,ok lang din tnx nadin seller at sa rader,0,0,0,1,Positive feedback for the seller/rider.,,,,
704,white order ko pinadala gray sana sa susunod kung ano order un papadala pero ok naman yung items,1,1,0,0,Incorrect color delivered but the product itself is ok.,,,,
705,just as expected from the price audio quality is low and volume is too low even on max settings but hey atleast it works as an alternative,1,0,1,0,Compromise in product features to its price,,,,
706,plastia maganda malambot s paa kaso lng 3 days qo p lng nagagamit nabiyak n s tapakan siguro daily s plus size aqo at malambot ung swelas,1,0,0,0,Product quality issue.,,,,
707,mahirap sya buksan talaga dapat sobrang sagad and huwag mo hawakan sa brown handle kase matatanggal sya so sad for its price,1,0,1,0,Difficulty of use.,,,,
708,maganda sya ma tibay at di nag mo moist at matagal mawala ang lamig nya o matunaw ang yellow goods naman nang quality nya sa seller medyo na disappoint lang ako dahil mali color na napili ko so i immediately sent a message to the seller if possible to,1,0,0,1,Product quality and service.,,,,
709,wala ung usb port sa ibabaw just like the picture,1,0,0,0,Missing component.,,,,
710,okay lng naman pero madaling malowbat at parang shakey yong screen,1,0,0,0,Product performance.,,,,
711,dalawang beses nako nagorder sa store na to and dalawang beses ko na rin tinry magorder ng color dark skin but sobrang layo ng nasa picture vs sa actual same color pa rin ang natanggap ko na light pink sana po kung ano ang nasa picture na nakapost na kulay,1,0,0,0,Color inaccuracy.,,,,
712,ung battery nia mdaling malobat ung charger nia ang bilis nsira bkt gnun ndi nman un ang battery nia,1,0,0,0,Product defect.,,,,
713,effective sya tried it immediately sa bed namen wala yung maliit na brush for cleaning so 3 stars,1,0,0,0,Product is effective,but missing accessories,,,
714,pang bata too small,1,0,0,0,Product size issue.,,,,
715,naghahang pero ok naman for its price,1,0,1,0,Product compromise due to price.,,,,
716,ok na sana kaya lang panget ng sound tapos hindi naman pinadala ang frebies haha will not order next time thank you,1,0,0,0,Sound quality concern and freebie.,,,,
717,ok ok na sna kya lng ayoko tlga nung may variation na pagpipilian pero ang ending papadalahan ka pdin nung di mo pinili mas prefer ko tlga sna clear black kya nga yun pinili ko kso ano pang magagawa ko hindi yun ang pinadala nyo mag order pa sna ako,0,1,0,0,Wrong item delivered.,,,,
718,ekis medium lang order extra large pinadala ang laki tuloy di na nag abala mag tanong si seller kung gusto na lng ng ibang color basta medium ang laki tuloy sa bata,0,1,0,0,Wrong size delivered.,,,,
719,1st pic order ko 2 caramel medium bat isa lang to tapos large pa 2nd pic walang skintone kaya ginawang gray na lang tama naman yung size 313 items na order ko mali wag na kayo mag aksaya pumili color hahaha sila mag dedesisyon,0,1,0,0,Wrong orders.,,,,
720,mas maganda ung isa kesa sa inorder ko ngayun d pantay ung sound mahina ung kaliwa malakas ung kanan mabilis malowbat ung kaliwa kesa sa kanan gumana sya for me napaka hina ng sounds nya unlike sa dati wala reng instuctions hahahaha,1,0,0,0,Uneven sound quality and battery drain.,,,,
721,the other buds dosent work di ko alam kung lowbat kac or di siya successful connect kayat ung isang buds walang sound,1,0,0,0,Product defect.,,,,
722,plastic rubber malakas ang amoy napakasakit sa ilong madaling masira,1,0,0,0,Product scent issue.,,,,
723,ok bet na naman hahahaha di ko din gusto yung padding ng bra halata sya masyado pero overall acceptable na naman na thanks,1,0,0,0,Product appearance.,,,,
724,di siya okay sa price niya mas maganda pa sound ng tig 79 ko kung naghahanap ka ng bass sa speaker na to mga 2 lang yata bass nito regarding sa shipping first time ko maka receive ng 3 days nadeliver agad pinakamabilis na shipping dito 7 days leyte ako,1,1,1,0,Poor sound quality and fast delivery.,,,,
725,ok lang sa totoo lang gusto ko itong papalitan kase i ordered black pero coffee yung dumating pero ok na yan para less hassle thankyou,0,1,0,0,Wrong color delivered,,,,
726,malapad hnd bagay s payat ang paa hnd aq satisfied kc ang lapad pala sobra luwag s paa pero sakto ang haba d bagay s paa ko hnd q dn masusuot iba ung nasa picture eh hay,1,0,0,0,Product doesnt fit.,,,,
727,nakakadissapoint grabi ang layo sa kulay na inorder ko anobayan inorder ko pink purple ung dumating sakin pero okay lang naman di naman siya sira ung kulay lang talaga nakakadissapoint paki ayos naman po seller,0,1,0,0,Incorrect product color.,,,,
728,na try ko na siya agad and then mga ilang hours lang 4 ako sa labas kumaen paguwe di ko na maamoy yung pabango so parang mabilis mawala yung amoy and kaamoy lang niya yung sa pinsan ko na pabango pero ayun worth 100 pesos lang kaso mas maganda,1,0,1,0,Scent fading quickly.,,,,
729,okay lang naloka lang ako kasi walang adaptor ayon kang naman pero all goods naman salamat po sa delivery and very accomodating ni seller,1,1,0,1,Missing adaptor.,,,,
730,good gagamitin exchange gift sa christmas party ng anak kosa dami at ng delivery nasira yon kahon nun neckfan,0,1,0,0,Damaged box upon arrival.,,,,
731,product is good i kinda disappointed kung paano noroll up ang package damage ang bawat dulo dahil sa paano ito iroll at lagyan ng madaming tape sana gumamit kayo ng tape na madaling matanggal daming waste,1,0,0,0,Damaged product due to tape.,,,,
732,ang panget ng eyelash curler hindi nakakacurl ng lashes,1,0,0,0,Ineffective eyelash curler.,,,,
733,tama lang thank you shopee,0,0,0,0,Neutral.,,,,
734,ang cute nag socks for baby excited pman sana ako kasi dumating na magamit na ng baby ko kaya lng nawala ang saya ko kasi pinalitan ni seller ang order ko hindi man lng nagsabi na wlang stock para mapalitan hnd nga kayo ang magpalit ang pangit ng disgn na,0,1,0,1,Replacement was made without notice.,,,,
735,magka iba yung unang cloud na binili ko from another store yung scent nito masyadong pang pang lalaki pero considering its price worth it naman,1,0,1,0,Scent not as expected.,,,,
736,ang ganda ng kulay nagustuhan ko talaga kaya lang quality wise medyo hnd sya ganun katibay lalo pag malakas ang hangin pang mainit at tirik na araw lang pwede gamitin nalungkot ako sa isa yung kulay blue kasi nung una hindi ko mabuksan parang nastock buti napilit ko ang,1,0,0,0,Color is great,product quality is lacking.,,,
737,well ok na sana kaso scam yung 210cm paasa lang dumating sken 55cm buti na lang din hindi basag yung light kaya pwede na din magagamit pa nman ganun tlga ako na lang mag aadjust sa height ng tripod unresponsive seller din kaya nganga,1,0,0,1,Incorrect sizing.,,,,
738,good quality karating lang niya medyo maliit saken kala ko size 45 pero kasya naman yun lang malapad kc paa ko goods naman malambot ok naman sa paa kumportable ako salamat,1,0,0,0,Product quality,correct fit despite appearance.,,,
739,okay sana kaso basag gusto ko talagang ipa refund to nong pag bukas ko basak yong ring light kaso abala na masyado sa oras hindi worth para mag absent sa trabaho pag tyagaan ko nalang to kahit papano gumagana pa naman yong lights nya kudos sa mga courier ng jt,1,0,0,0,Broken upon arrival.,,,,
740,good medyo basa lng yung wipes pag open ko nung bubble wrappero the item is good namndto na ulit ako oorder sa susunod kc ok naman yinh itemtnx sa nag deliver at sa seller,1,1,0,1,Good item,wet wipes upon arrival.,,,
741,maganda naman yung items and hindi matagal na dumating plus naka sale siya for 30 pesos each nung binili ko ang concern ko lang is butas yung sa bandang right side ng color black tapos may tastas yung sa left pad ng white yung lavender okay naman though di talaga,1,1,0,0,Damaged items.,,,,
742,maganda sana ang lights kay lang di masyadong madikit natatanggal lang agad ginamita ko pa ng double sided tape,1,0,0,0,Lights are good but not adhesive.,,,,
743,thankyou seller jng order ko po ung changing color ung aend nio po hindi sna po next time masunod po ung order ko salamat po,0,1,0,0,Incorrect item.,,,,
744,okay naman yung item may connector and lace pero mali yung kulay gusto ko pink pink yung inorder ko awit naman dyan boi,0,1,0,0,Incorrect color.,,,,
745,na amaze lang ako sa mystery pouch na nareceive ko buti n lng gumagana ung lamp,1,0,0,0,Mystery pouch working lamp.,,,,
746,its goodpero ang kulay green di gumaganokay lng nman hapit papaanotnx po,1,0,0,0,Product color and condition.,,,,
747,fair ok for its price but idk why it has a mic symbol sa likod nung white thingy,1,0,1,0,Fair for its price but strange microphone symbol.,,,,
748,no good sobra panget talaga hindi sulit pera nyo dito mali pa size binigay,1,0,1,0,Poor quality.,,,,
749,good my mga punit punit kasi tinapalan ng scotch tape,1,0,0,0,Taped tears,,,,
750,okay naman makapal matagal yung deliver at hindi nag rereply yung seller petition to sanction the seller shoppe,1,1,0,1,Delayed delivery and unreponsive seller.,,,,
751,okay lang kaso ung isang product nd ako satisfied maganda ang item order napo kayo,1,0,0,0,Product not fully satisfactory,,,,
752,medj kailangan matigas pag press mo para madiin talaga tas na sira pero pwede pa gamitin hindi rin nacucurl masyado yung pilik mata ko,1,0,0,0,Hard to use,breaks,,,
753,smooth coz its liquid lol video not related ive read some reviews and its says that its no longer the same compared before i guess that was true i could no longer smell the marshmallow scent is it worth to buy i think hindi na po in any case the,1,0,0,0,Weak scent,,,,
754,complete order nman black ang inorder ko pero ibang color bnigay ni seller hindi man lang sinabi na wlang available pang girl pa yung color ayaw tuloy gamitin ng anak ko syang mabilis pa nman dumating,0,1,0,0,Wrong color.,,,,
755,hindi sya fast charger,1,0,0,0,Not a fast charger.,,,,
756,3 stars lang kase walang manual tas yupi yupi pang dumating thankfully di damaged yung ring light please follow our page super affordable po ng mga dress namin,1,1,0,0,Poor packaging,missing manual.,,,
757,na disappoint ako kasi wrong color nareceive ko black order ko gold dumating binigay ko nalang sa kapatid ko ang ganda pa naman sana ng quality niya ayos gamitin sa school ganon naman,1,0,0,0,Wrong product color,,,,
758,langya yan akala ko naman maraming holes like nung pic apat lang yung butas lima yung butas ng stove namin medyo kasalanan ko naman kaso di ko sinabi pero di naman din kayo nag tanong na realized ko lang na iba2 yung butas pag basa ko sa review useless,1,0,0,0,Incorrect product,,,,
759,malungkot naman akoang order ko blackred pero iba dumating so yun na nga ok na din sana kaso bakit parang gamit na may stain paano pa nga magagawa ko nandito na yansana next time paki ayos naman hindi porket mura ganian lang gagawin nyo sa item nyopano lalago ang negosyo,1,0,0,0,Wrong item,seems already used,,,
760,nit sturdy medyo magirap ilock kapag full open na sana magtagal,1,0,0,0,Item sturdiness,,,,
761,okay naman sana mali lang yung kulay na binigay nila dapat pink and blue yung isa tapos wala pang stickers yung isa,0,1,0,0,Wrong color,,,,
762,same texture lang naman sa ibang perfumes maganda naman ang pag ka pack yung mismong scent lang siguro ang hindi approve sakin sayang kasi dalawa pa nabili ko,1,0,0,0,Dissapointed with the scent,,,,
763,watery oilbased di ko bet amoy pero pede na tas may leak din and di sya masyadong long lasting,1,0,0,0,Leak and short lasting,,,,
764,mababaw ang bulsa at nisnisin ang tela but tnx parin selleer,1,0,0,0,Tela quality is questionable,,,,
765,fast charger legit wala pa 5 mins na ka add na agad ng 10 sa cp ko,1,0,0,0,Fast charger confirmed,,,,
766,dont expect too much sa product not the best but its usable naman however it wasnt packaged well literal na ung package from courier lang ang meron sya took 5 days to deliver,1,1,0,0,Long shipping time and poor packaging,,,,
767,ok naman hnd kuna na picture ginamit na ng anak ko thank you,0,0,0,0,Item is good,thank you,,,
768,good sobrang ganda ng product kinakabahan pa ko nung una kasi baka biglang di gumana so binuksan ko muna ng 24 hrs at tingnan kung masisira ba pero until now naka on pa din at sobrang bait ng seller kasi lahat ng chat ko sinasagot agad nila thanks seller,1,0,0,1,Excellent product service.,,,,
769,pangit ang kulay ng mouse pad tapos gusot kasi d secure ang packaging cute naman yung mouse,1,0,0,0,Damaged mouse pad due to poor packaging,,,,
770,gumagana naman po matagal din dumating understood naman kc preorder pero chinese ung remote d nmin maintindihan dont know if totoong version sya or china imitation,1,1,0,0,Long arrival time,remote,,,
771,honest review items inpods na hindi gumagana basura hahaha mini fan band phone stand kinapa ko akala ko mouse na hindi pala hahaha,1,0,0,0,Items received are not working,,,,
772,3 star to seller sending picture before ship gusto ko sya i 5 star kaso na disappoint naman ako sa product napaka haba pala kelangan ko pa paputulan pra magamit ko sya hndi sya advisable sa mga kinulang sa hyt na gaya ko haha 3 star is not bad,1,0,0,0,Product length is too long,,,,
773,ok nman sya kya lng kla q size xl aqdpat pla ay large lng kinuha qpro ganda po nya,1,0,0,0,Wrong product size,,,,
774,3 manipis pala akala ko makapal ok naman yung net nya yung sa foam lang talaga yung problema kasi napaka nipis para sakin not worthy sya for my baby yun lang thank you,1,0,0,0,Too thin foam.,,,,
775,3 lang why sobrang nipis tapos may neon colors pa plus may butas pa ung isa tsk tsk okay na sana e kaso ugaliin icheck muna ung item bago ninyo ipadala sa customer niyo hays,1,0,0,0,Item is too thin,,,,
776,ang ganda super bet ng anak ko un nga lang ang bilis malowbat 3 mins lang ata magagamit ung fan nya at ung lagayan ng battery e props langbilis din masira kasi isa lang pindotan ng mirror light at ng fan,1,0,0,0,Fast drain and breaks easily,,,,
777,yupi yung karton pero maayos naman yung item thank you seller at sa rider na gabi na dumating,1,1,0,0,Good item,damaged box.,,,
778,ok nman ung item peo tamad c seller mag pack d nya man lang inisa isa i plastic or i plastic nya muna bago ilagay sa plastic ng jnt muntik ko na magunting sa pagbukas un lang ang plastic nyapoor packaging,0,0,0,1,Poor packing.,,,,
779,okay sana mabilis nadeliver kaso as u can see poor packaging wala rin manual may defect din yung tripod sana next time hindi na ganto,1,1,0,0,Fast delivery,poor packaging,,,
780,okay lang nmn okay lang siya pero hindi ko pa alam kung gagana ba kasi kailangan pa ng universal adaptor akala ko hindi na hays i hope gagana at sana effective hindi madaling masira kung hindi gagana magpapa refund talaga ako,1,0,0,0,Neutral review,unsure of functionality,,,
781,ok lng prang may naiiwan n mapait ang taste khit naamoy palang,1,0,0,0,Negative smell,,,,
782,next time check the items before packing and shipping them sira ang binigay ninyo from the photo it can be clearly seen that it is damaged did not ask for refund kasi maliit lang naman ang price,1,0,0,0,Damaged,,,,
783,ok sya at may pa free n isa s seller masaya pa nmn ako kaso para syang tinunaw n lipstick then nag chap ung lips ko,1,0,0,0,Free gift,chapped lips,,,
784,maganda siya malambot suotin sana kaso lng ang liliit ng sizesayang dq siya masuot kaya nga 36 na inorder q para mejo maluwag kako ganun parin nmn pala dapat size 40 or 42 pala dapat kapag size 34b ka tatlo pa nmn inorder q,1,0,0,0,Sizes are too small,,,,
785,sira ung packaging pagkabukas ko prang binuksan talaga gumagana naman ung item kaso ang cheap lang ng appearance and fitnfor the price mej matigas rin ung clicks,1,0,1,0,Packaging is bad,,,,
786,meron siyang tapon konti after ko buksan but its fine tumatagal din ang amoy and liked it kasi mahilig ako sa matapang ang amoy na pabango thank you kay kuya na nagdeliver,1,1,0,0,Leak,lasting scent,,,
787,maganda po sya pero bakit wlaa pong freebie seller sa discription kasi na with freebie sya sana pala bumili nlang ako nun akala ko kasi meron,0,0,0,1,Missing freebie,,,,
788,maganda naman pero iba yung nasa ads at actual ang actual talaga is hindi ko makita sa hair ko na malakas ang hangin kahit naka level 3 na pero goods naman naka bubble wrap at naka box maganda,1,0,0,0,Product appearance,,,,
789,ring light shouldve been bubble wrapped separately para iwas cracks and other damages however gumagana naman considering for its price pasok na rin pwede na to sa video conferencing for good lighting,1,0,1,0,Poor packaging,,,,
790,ok nman yung medyas at maganda nadisappoint lng ako ksi wla mn lng chat c seller na wla pa lng stock ng ibang medyas basta2x na lng sya nagbigay ng ibang design sana mn lng sa susunod na magship ka magchat ka muna na wla ka pa lng stocks para,1,0,0,1,Service and Product,,,,
791,what you get is what you pay for ang sad kasi cheaply manufactured and it shows basta masaya ka ti suportahan ta ka does not recommend,1,0,1,0,Poor manifactured,,,,
792,maingay yung fan niya haha tapos hindi naka bubble wrap and medyo tupi tupi yung box niya yung lakas ng hangin niya so far ok naman since pwede siyang iadjust gumagana din naman ang charger,1,1,0,0,No bubble wrap and damage packaging.,,,,
793,not good yung saksakan ng charger sobrang tigas tanggalin and yun ang magiging dahilan pa agad ng pagkasira,1,0,0,0,Charger issue,,,,
794,kulang ng isang part na pang connect sa camera di na rin nag respond sa chat si seller never again so sad and disappointing,1,0,0,1,Product defect and seller never replied.,,,,
795,nice thankyou po hindi ko na yata mabilang ilang order ko na to hehe thankyou,0,0,0,0,Neutral,,,,
796,rubber po talaga siya mag ka iba sa expectation ko na same order ko na ganito noon,1,0,0,0,Product material,,,,
797,dito ako lagi umoorder kaya lang ngayon di ako satisfied kasi lukot lukot yung wipes at parang yung iba matagal ng stock sana next time mas maayos na ulit ipadalang stocks pero thabk you pa din seller,1,0,0,0,Old stock,,,,
798,it has minor damage when it was delivered manipis madali mapunit pag di maingat sa pagtanggal ng sticker pero thankfully maganda naman sya thank you,1,1,0,0,Minor damage,thin material,,,
799,ung usb connector nasira agad isang gamitan palang,1,0,0,0,Damaged,,,,
800,dumating na parang di naman worth it malakas hangin pero yung concept na ilalagy mo sa leeg mo di ka masyado natatamaan nung hangin eh malakas hangin pero prang mas ok pa magpamaypay aesthetic sya,1,0,1,0,Not worth the product design.,,,,
801,bet na bet ang led lights at iba pang item ang sealer may problema ayaw gumana kahit naka battery na akala ko yung nasa picture talaga peru iba ang na tanggap ko sayang nov 11 ko inorder dumaring dec 1 peru okay na salamat parin seller and,1,1,0,0,,,,,
802,honest reviewfor its price ok na sya medj nag expect lang ako na may makapal lang konti sana maliit din yong cup nya nag adjust na ako from 32 to 34 pero maliit padin ok sya para sa mga dalagita,1,0,0,0,,,,,
803,dpa nggamit ng angatan agad next time seller paki check ng maayos ung items pra sulit ibinabyad sayo nkka dismaya,1,0,0,1,,,,,
804,ayos nman medyo manipis nga lang kala ko makapal siya gaya sa ordinary jogger pero ok lang mas mura at mapapakinabangan parin salamat seller,1,0,1,0,,,,,
805,okay po sya at first nalobat after 2hrs then chinarge ko ng 4hours okay na matagal na sha malobat gusto ko dn yung size nya hindi gaanong maliit and d gaano malaki salamat shopee seller rider,1,0,0,0,,,,,
806,good quality pero tagal ma deliver,0,1,0,0,,,,,
807,na received ko na sa wakas ang tagal dumating nang order ko apat binili ko tapos parehas lng na color binigay ni seller nag message ako hindi responsive si seller im disappointed respect man lng sa bumili,0,1,0,1,,,,,
808,710 okay naman yung product maganda pag kaka balot pero hindi siya kaamoy nung vs na pure seduction huhuhu nag llast ng 25 hours yung amoy,1,0,0,0,,,,,
809,all goods naman sya maganda kahit maliit kaso napakatagal ideliver jan 1 ako nagorder pero kakarating lng ngayon jan 12 na dapat kahapon dumating,0,1,0,0,,,,,
810,product was a bit messed up on the left earpiece medjo may shaking bass sound sa side na to pero gumagana naman not bad for its price expected na,1,0,1,0,,,,,
811,3 yung order ko pero dalawa lng dumating l ugi na ako kc nabayaran yung wala kainis d man lng nagchat c seller,0,0,0,1,,,,,
812,okay nman po siya mabango den nmanperu yong maoy hindi long lasting po madali lang mawala yong amoy,1,0,0,0,,,,,
813,butas ang bulsa nong kulay black at un namng isa ay nabaliktad ung tali nasa likod,1,0,0,0,,,,,
814,nice products pero sana po next time maging discreet naman po sa pagpost ng sticker with image lalo na po sa lingerie nakabuyangyang na bra ang laman ng parcel ko napaka awkward po for me,0,0,0,1,,,,,
815,narecieved ko na pho sorry seller ha hnd ko type ang item akala ko maganda cya kc ung nsa picture subrang ganda excited pa sana akung dumating un nkita nadisappointed ako pero thanks pa rin ibagy ko nlng un s mama ko,1,0,0,0,,,,,
816,akala ko light brown yung sa ilalim nya pero dark pala di maganda yung kulay nakakadismaya tuloy hay nako,1,0,0,0,,,,,
817,visible yun pad nung white and also manipis yun foam wala din other plastic only the jt plastic itself,1,0,0,0,,,,,
818,got it fits okay kaya lang mejo awkward yung sa straps nya pagsuot na,1,0,0,0,,,,,
819,disappointed much wala kasing tripod stand na kasama paano naman magagamit ng maayos to seller why naman ganon,1,0,0,0,,,,,
820,ok nman po ung keypad phone kya hndi pla colord ung gray kala same colord 1 lng pla ung block lng,1,0,0,0,,,,,
821,ang tagal ng deliverynauna padumating yung 2nd order ko,0,1,0,0,,,,,
822,the picture was misleading we received the item and we thought na colored yung screen pero hindi pala so sad nag expect pa naman kami hohohoo,1,0,0,0,,,,,
823,sakto nman orders ko kaso 3 pink order ko na hair clip 3 violet pinadala tpos hindi pa katulad dun sa yellow yung ayos,0,1,0,0,,,,,
824,3 stars lang kasi mali yung kulay na pinadala sa blue car white pinadala color blind ata ang seller,0,1,0,0,,,,,
825,very disappointed po ako sa order ko kita naman jan sa video lahat po ng order ko putol lahat ng tali ng zipper,1,0,0,0,,,,,
826,mdj disappointed ako kasi sobrang laki ng mga mdyas ang nakalagay ay pwede pang newborn pero kahit hanggang 4months pa ay maluwag tlga sya tapos parang old stock ang mga to madudumi lalo na yung mga mittenshand gloves,1,0,0,0,,,,,
827,mystery pouch nga dalawang in order ko tapos nung dumating dalawang mouse pad na same pa ng design d man lang nag effort na pag ibahin ung design ano gagawin ko dto sa dalawang to,1,0,0,0,,,,,
828,ok madali ma lowbat pero ok naman thank you,1,0,0,0,,,,,
829,ndi po nailaw ang kulay bluenakaorder na ako nung una okay naman po pero nitong huli ganyan po ang ilaw nya,1,0,0,0,,,,,
830,cotton dw pero para syang rush guard ang tela but okay naman medyo manipis din,1,0,0,0,,,,,
831,anu ba yan seller pink at black order ku piro pink at purple yung dumating,0,1,0,0,,,,,
832,its takes a lot of time before dumating yung parceli dont know if this wipes was the reason why all items are wetkinda disappointed,0,1,0,0,,,,,
833,welp same case sa ibang orders ko pero this is way better ok na for its prize idk why its quite dirty,1,0,1,0,,,,,
834,di mo pa nadidikit lukot na hindi pwede punasan pag nadumihan kasi kakapit yung dumi unlike sa nabili ko dati dumidikit sa kamay yung adhesive kaya ang messy and hassle gamitin,1,0,0,0,,,,,
835,di sya din nagsabi sayang pero flash sale kasi kaya baka nalito na sya,0,0,0,1,,,,,
836,grabe naman kulang kulang naman ung orders ko na dumating wala ung mirror batteries at bathroom rack nakakabwisit aksaya lang sa pera incomplete items unfollow at block ko na to shop na toh hindi na ko bibili ulit dito sa shop na toh grabe,0,0,0,1,,,,,
837,poor very noisy noise is annoying minimal lng ang lakas ng air not worth buying for me sorry,1,0,1,0,,,,,
838,iba po color nawalan ng brown solid orange ang pangit tuloy,1,0,0,0,,,,,
839,mabilis magdeliver sa sobrang bilis basta nalng sinalambak sa courie hayssss,0,1,0,0,,,,,
840,seller was very unresponsive nakakairita talaga ang tagal niyang pina shipp yung items ko buti nlng talaga okay yung parcel ko na dumating,0,1,0,1,,,,,
841,tama ung size at color ng mga inorder ko kaso my stain sa white na tsinelas pero oorder parin ako sa susunod sana nga lang ung maayos naung ideliver sakin thank you seller and rider,1,0,0,0,,,,,
842,maganda at okay naman yung shoes at tsaka magaan gamitin sakto lang din yung size nanapili ko kaya okay siya kaso nga lang wala syang box sa plastic lang nakalagay yung shoes,1,0,0,0,,,,,
843,got the item but there is a dent mejo mahahaba ang gasgas nya hindi ko na napic dahil pinadala ko na sa cavite,1,0,0,0,,,,,
844,i wont buy this item again kahapon ko lang na receive tapos di pa nga na ulanan e sa hangin lang pala masisira hahaha im sorry pero the quality is not good youll be attracted by its appearance lang talaga tsk,1,0,0,0,,,,,
845,ok quality a little heavier than it looks suction is good though doesnt seem to be as strong as advertised uv light sensors and indicator are working though not sure if the uv light itself is working i put my transitionlens glasses under it but they didnt change color,1,0,0,0,,,,,
846,order ko grayblack and pinkblue pero dumating both pinkblue,0,1,0,0,,,,,
847,good but not excellent madali lumamig and hindi ganon kaflat nung sa takip and hindi ok yung takip pero okay lang naman since its useable and good packaging still thanks seller,1,0,0,0,,,,,
848,stress na nga ako mas lalo pang na stress dahil sa pagaassemble walang manual may sira yung box ng pinakaring hindi organize yung mga tools for ring jusme bakit naman kasi walang manual ang tagal ko nag assemble naubos oras ko,1,0,0,0,,,,,
849,pambahay lang to guys video is not mine para lang sa 04 coins yan pasensya na pero honest review sulit siya panloob ng bahay wag ipang labas dahil mura din naman,1,0,1,0,,,,,
850,picture not relatedperu ok nmn yong items gumagana nmn dawsa bayaw ko kc yontnx seller and kuyang delivery boy,1,0,0,0,,,,,
851,normal goods idk if the basag is visible pero meron siya im a bit disappointed lang since maganda feedback thats y i purchased tyeso sa store na ito pero may basag pala mapupunta sa akin medj sadboi aq hehee,1,0,0,0,,,,,
852,kulang ung order and ibang color ung pinadala sa isang headband should gv 5 stars sana kc gud quality ung product good thing nrefund nmn n shopee,0,0,0,1,,,,,
853,maganda siya all works but ang bilis lang mamatay nung mga ilaw,1,0,0,0,,,,,
854,faded looks old stocks and faded na yung kulay ang layo sa kulay na inorder ko,1,0,0,0,,,,,
855,di maayos ang packaging nabutas po sana nakabox na lang po ito with bubble wrap i suggest box nyo po para di mabutas basang basa pagkaopen ko sayang lang,0,0,0,0,,,,,
856,items are good pero hnd masyado satisfied mga kids ko dahil hindi pala adjustablenaka fixed pala,1,0,0,0,,,,,
857,it oddly smells like scented baby oil but has a strong smell nakakahilo talaga but i cannot comprehend whether in a bad way or good depends na talaga if mahilig kayo sa strong scents overall its ok but i would probably not use it everyday,1,0,0,0,,,,,
858,ok nung una pero madaling masira ung on off button,1,0,0,0,,,,,
859,im not satisfied di katulad ng dati ang dumating ngaun tingin ko di sya magttagal mas ok yong naunang na order ko mas matibay yong nauna,1,0,0,0,,,,,
860,btw pangit ng quality wala pa isang araw sira na yung isang ano,1,0,0,0,,,,,
861,walang cable linecord ung isang neck fan dlawang neck fan kc ung order ko nagbigay p nman ako ng tip s shipper tpos kulang pla ung item pero ok nman ung neck fan gumana parehas,1,0,0,0,,,,,
862,received complete items pero may sira yung fan paano ko to magagamit dahil di ma charge malamang this fan will turn into trash sana bago nyo deliver item nyo i check nyo muna if gumagana para naman di masayang mga bayad namin,1,0,0,1,,,,,
863,gray order ko black ang dumating pero ok lang ayos naman siya,0,1,0,0,,,,,
864,gray inorder ko black dumatimg saka para ka lang bumili ng cherry mobile pinalitan lang ng samsung hahajhajahjajajahahha,0,1,0,0,,,,,
865,hindi siya true to size medium inorder ko for my bf pero napakaliit niya parang small lang and super tagal pa iship and di active si seller,0,1,0,0,,,,,
866,hindi niya na flatten tummy kopara lang akong nag panty ng mahaba which is mahirap suotin ngayong taginitsayang hindi ko magagamit,1,0,0,0,,,,,
867,responsive si seller kaso hindi ko alam kung anong problema nya sa kulay gray black pa din dineliver salamt na din no choice,0,1,0,0,,,,,
868,hinde na gana yong mic ng earphone hays hinde gumagana yong mic ng earphone awit,1,0,0,0,,,,,
869,manipis yung tela akma lang sa presyong 69 during flash deal yung khaki sobrang kita o nagbabakat yung bulsa at panty ko dapat xl kinuha ko kasi ang m parang s lang pambahay lang talaga ang dating cheap na masyado kung panlakad iwan ko pero ang ibang rate mukha namang,1,0,1,0,,,,,
870,maganda naman and affordable sya kaso masyadong maiksi ung overall length at sobrang lambot nung foam nya sa loob buti pwedeng maalis,1,0,1,0,,,,,
871,hello okay naman yung phone pero maling color yung dinelver sayang gusto pa naman ng gagamit is red pero no choice na oks naman yung product,0,1,0,0,,,,,
872,maganda nagustuhan ng mga anak komabilis siyang malobat hindi umabot ng halfday saka ang order ko ay 1 each color para madaling tandaan pero ang dumating lahat puti nilagyan ko nlng ng name thankyou,1,0,0,0,,,,,
873,small size dapat mag add kayo ng 2 sa size ninyo to fit,1,0,0,0,,,,,
874,yung 1st picture yan po ang order ko pero ang dumating yung picture na nasa right side then nakalagay sa description ang material is cotton pero 2 lang dun ang cotton yung other 4 pcs ay parang jersey materialsensya na po pero nakakadalang umulit ng pag order ganitong pag deceive,1,0,0,0,,,,,
875,super bango and super secured ang packaging mejo matagal lang yung pag ship out ni seller but all good naman,0,1,0,0,,,,,
876,maliit yung size na inorder namin sorry to say,1,0,0,0,,,,,
877,mga 1 to 2hrs lang magamit ang item mag kaiba yung quality ng items yung pink good sya kasi mga 2hrs bago sya malubat at flexible yung green lang hindi mu alam kung full charge na tapus madali sya malubat at 8 ang quality matigas sya parang hindi mu pwede,1,0,0,0,,,,,
878,nakaka sad namn excited ako na dumating na yung order ko kaso nakakadismaya hindi na gumagana yung on and off niya,1,0,0,0,,,,,
879,810 pwede na handy naman sana may coins pagla rate kasindoon sa isang order ko complete naman patincomments walan akong nakuha dugay ung isang earpiece ayaw gumana check ko ulit kung gagana baka lowbat lang rate ko ulit pag ok na di ko sosoli pero savi may free gift wala,1,0,0,0,,,,,
880,70 madali lang syang dumating sakin nasunod naman ang kulay kaso ang binigay saakin yong may itim na di na matatanggal pag gumala ako ang dumi tignan though affordable naman ang presyo nya at dito ako bumili palagi ng mga sandals ko pang 34 na order ko nangayon lng ako,0,1,1,0,,,,,
881,nag order ako ng 25packs at bayad na thru credit card pero ang dumating 20packs lang antagal na nga dumating kulang pa na deliver ayan nakalagay sa resibo 25packs pero sa luob ng karton 20packs lang,0,1,0,0,,,,,
882,yung remote akala ko 44 keys hindi pala wala ring color white sa lights may free battery yung remote wellpacked din thank you,1,0,0,0,,,,,
883,ok lng but madali ma lowbat at mnsan nawawala sound tsk,1,0,0,0,,,,,
884,i dont know if its just me but this smells like crayons and its super oily tho yes effective siya it makes my lips kinda pinkish but nagbubuobuo siya,1,0,0,0,,,,,
885,tama yung size ganda po siya thank you seller,1,0,0,0,,,,,
886,ok yung tela niya pero hindi maganda pumili ng girl design c seller kung ano lang yata madampot thank u,1,0,0,0,,,,,
887,m adali masira 1 month lang na gamit on and off na xa,1,0,0,0,,,,,
888,pede na order received nagustuhan naman sya ng friend ko lightweight sya ayos lang ang color nya napalaki lang ang size mejo will be ordering again,1,0,0,0,,,,,
889,not what i expected but its good i hope mag tagal sya,1,0,0,0,,,,,
890,d q apm bkt every click lng xa ska my nlabas n usok presponce po s chat q bka my mali s pggamit q haahahah,1,0,0,0,,,,,
891,okay okay lang naman kaso lang nagleak siya yun una kong napansin nung pagopen ko ng parcel pero overall maganda kasi mas bumabango pag tumatagal sa skin mo i think need lang mag improve ng packaging okay na yung amount ng bubble wrap sa mismong bottle siguro ang problema pati,0,0,0,0,,,,,
892,im so disappointed iisang kulay lang at size di man lang binasa ang remarks sa order ko 2 colors and sizes nakalagay sa remarks ang dumi pa,0,1,0,0,,,,,
893,ok naman maganda maganda at mukhang matibay mura lang kesa dito bibiliang ayaw ko labg expect ko white na white like nasa pictyre gray naman ang dunatinghays medjo sad,1,0,1,0,,,,,
894,510 hays may crack potsaka di ko po sure if nagwork siya to reduce yung smell na di maganda,1,0,0,0,,,,,
895,working naman not sure lang ung tagal ng battery bilis dumating kaso lang ibang color ung nabigay batery not reliable bilis malowbat,1,0,0,0,,,,,
896,super thank you sa seller for the consideration ipinaship agad yong item since sabi ko yong 2 months old kong baby ay sinisipon pero i think kailangan talaga siyang irun sa quality check para it can serve its purpose hindi niya kasi sinisipsip yong sipon may naaalis na lang kunti,1,0,0,1,,,,,
897,item okay for its price parang isang soot lang masisira na i didnt check the review kasi medyo nagsisisi pa nga anyways mabilis sya dumating sana magtagal kahit papano,1,0,1,0,,,,,
898,tatlong beses na ko umorder nito same lang ang laman puro mouse pad nag expect ako na sana iba naman since tatlong beses na kaso wala eh same lang dumating hahaha di pa maganda design nung isa and dalawang mystery item binili ko inisa nalang nila sa lagayan,1,0,0,0,,,,,
899,waste of money dlawa pa nman inorder ko tas ung biggest size na kinuha ko kc nine ang paa ko pero masyadong maliit skin pang7 lng na size ang kakasya sa size 41 nila nabudol ako,1,0,1,0,,,,,
900,hindi ko alam kung matutuwa ako o magagalit gumagana naman kasi old stock ata to na may sira hays ewan,1,0,0,0,,,,,
901,thank you seller nagustuhan ng pamangkin ko,0,0,0,1,Positive feedback on the transaction and the seller.,,,,
902,ganda po tested kona rin ok naman po,1,0,0,0,Ganda' and 'ok' indicate positive feedback on the product.,,,,
903,610 its my 2nd time to order this sandals nasira na kasi yung dati kaya umorder ako ulit as you can see in the pictures may guhit sa mismong sandals may sira pero ayos lang magagamit pa naman thank you seller and courier,1,0,0,1,Sira' indicates a product defect. The repeated order despite damage suggests acceptable quality. Also thanking seller.,,,,
904,finally dunating na 5 days bago na deliver good nmn ung item but ang nagdeliver eh may charge syang siningil sakin,0,1,0,0,Dunating na 5 days' indicates slow delivery. 'May charge syang siningil' indicates additional cost.,,,,
905,for the socks malambot may anti slip pro manipis hndi cotton material kya pla mura sa pants manipis comfortable isuot sa bahay ung tali sa unahan display hndi naadjust mahaba tlga sya sa picture mejo kita hng short sa loob pro ok n rin mura eh,1,0,1,0,Malambot' indicates a positive product attribute. 'Manipis' and 'mura' indicate thin quality and low price.,,,,
906,well packaged item shipped immediately will order again malambot naman mukha rin mejo madali masira pero okay lang mura naman pwede na rin pang alis alis,1,1,1,0,Well packaged item shipped immediately' indicates positive delivery. 'Malambot' and 'mura' indicate product quality and price. 'Madali masira' indicates a potential defect.,,,,
907,working nmn parehas nice ung sound matagal lng dumatin,1,1,0,0,Working' and 'nice ung sound' indicate positive product attributes. 'Matagal lng dumatin' indicates slow delivery.,,,,
908,maganda ung quality nya mukhang matibay ung 2 white malakas ang fan ung green mahina 2 lang inorder ko 3 ang dumating bakit naman ganun syempre hindi kana makakatanggi kasi hindi mo makukuha ung order mo buti nalang may extra money ako,1,0,0,0,Maganda ung quality nya mukhang matibay' indicates positive product attributes. 'Malakas ang fan ung green mahina' indicates varying product performance.,,,,
909,idk if fast charger sya kasi tinesting ko kung gumagana gumagana naman kaya all goods i hope mag tatagal sya,1,0,0,0,Gumagana' indicates a functional product. 'I hope mag tatagal sya' indicates hope for durability.,,,,
910,magkaibang size inorder ko pero nung dumating parang same size lang naman anyways ok naman yung quality magandaaaaaaaaaaaaaaaaaaaaaaaaaaaaaaaaaaaaaaaaaaaaaaaaaaaaaaaaaaaaaaaaaaaaaaaaaaaaaaaaaaaaaaaaaaaaaaaaaaaaaaaaaaa,1,0,0,0,Magkaibang size inorder ko pero nung dumating parang same size lang naman' indicates size inconsistency. 'Ok naman yung quality maganda' indicates acceptable quality.,,,,
911,di ko pa sya na try pero i hope this product will work bodol yung seller dito the prducts are not effective sana itong lip balm nila ok lang,1,0,0,1,Products are not effective' indicates a product performance issue. 'Bodol yung seller' indicates a negative service interaction.,,,,
912,maliit and super nipis maliit and super nipis maliit and super nipis maliit and super nipis,1,0,0,0,Maliit and super nipis' indicate size and thin product quality.,,,,
913,akala q maganda un pla hnd maganda sa picture f hawak muna nakakadisaapoint,1,0,0,0,Hindi maganda sa picture f hawak muna nakakadisaapoint' indicates poor product appearance.,,,,
914,3 star lang muna may sira na yung isa butas sya although naka individual plastic syasana chineck din ni seller kung may sira okey lang naman maayos pa naman ehh kaso nakakadisappoint lang well mura lang naman kase kaya ganun talaga siguro thanks pa dingod bless us all and keep,1,0,1,1,May sira na yung isa butas sya' indicates product defect. 'Mura lang naman kase kaya ganun talaga siguro' indicates low price affecting quality. 'Sana chineck din ni seller kung may sira' indicates service expectation.,,,,
915,i bought this 2n1 but its pissed me off ung isa di gumagana,1,0,0,0,Di gumagana' indicates product defect.,,,,
916,leather and the sole part is like sa mga slippers im too excited with this item since ang ganda niya tignan but im a bit disappointed because of its price to its qualitythe tongues of the shoes are both not in the middle nagmomove sya sa side since hindi sya,1,0,1,0,Leather and the sole part is like sa mga slippers and ganda niya tignan' indicates product feature and appearance. 'Disappointed because of its price to its quality' indicates negative price-quality assessment.,,,,
917,not that satisfied will change ratings pag na try ko na maigi,0,0,0,0,No specific aspect mentioned.,,,,
918,mahangin naman sya good quality pero mabilis malowbat parang 45mins lang magagamit tapos oks lang kapag ichacharge i use it gor school,1,0,0,0,Mahangin naman sya good quality' indicates positive product attribute. 'Mabilis malowbat' indicates short battery life.,,,,
919,super cute slippers mura lang din but 3 stars kasi parang butas yung right slipper may air na lumalabas kada apak yung kabila wala naman,1,0,1,0,Super cute slippers' indicates positive product appearance. 'Mura lang din' indicates low price. 'Butas yung right slipper may air na lumalabas kada apak' indicates product defect.,,,,
920,for me maganda siya nakita ko lang siya sa ibang apps na ito ang suot at inorfer ko kasi may voucher at free shipping pa noon dba,1,0,0,0,Maganda siya' indicates positive product attribute. Mention of voucher and free shipping don't directly translate to price or delivery.,,,,
921,received item on time as expectedneed to improve packaging although nakabubble wrap medyo kulang kya akala ko may damage so far wala nmanno manual instruction inside so i will try to build and use itwill rate again once i tried to use it,0,1,0,0,Received item on time' indicates positive delivery. 'Need to improve packaging' indicates delivery concern.,,,,
922,pwede na sulit,0,0,1,0,Sulit' indicates worthwhile purchase.,,,,
923,its okay for the price kaso 2 days lang nagamit nasira agad,1,0,1,0,Okay for the price' indicates acceptable price for quality. '2 days lang nagamit nasira agad' indicates product defect.,,,,
924,same size inorder ko pero magkaiba dumating maliit ata sizing nila add 2 up,1,0,0,0,Magkaiba dumating maliit ata sizing nila' indicates incorrect product sizing.,,,,
925,maganda naman ang quality at makapal kaso nga i ordered medium pero ibang size ang dumating,1,0,0,0,Maganda naman ang quality at makapal' indicates positive product quality. 'Ibang size ang dumating' indicates product size inconsistency.,,,,
926,may gasgas yung case ok naman mejo matagal ma deliver kasi from overseas may dent yung lalagyan kaya order ako ng silicone nya gumagana naman yung charger na kasama matagal din ma lowbat and malayo range via bt,1,1,0,0,May gasgas yung case' and 'may dent yung lalagyan' indicate product and packaging damage. 'Mejo matagal ma deliver' indicates slow delivery. 'Gumagana naman yung charger' indicates a functional component.,,,,
927,maganda nman ang product disappointed lng sa rider na nagdeliver sobra 30 ang siningil sa sis n law ko na nag recieved ng order ko sana wag samantalahin ang tao kpg walang alam kng magkano lng ang price yun lng sanaporket nagtanong na magkano babayaran presyuhan nyo ng sobra dhl,1,0,0,0,Maganda nman ang product' indicates positive product quality. 'Disappointed lng sa rider na nagdeliver sobra 30 ang siningil' indicates negative delivery/service experience due to overcharging by the rider.,,,,
928,idk it leaked tas di siya amoy cloud mejo amoy lalaki,1,0,0,0,It leaked tas di siya amoy cloud mejo amoy lalaki' indicates product defect and undesirable scent.,,,,
929,okay yung wipes na ito kc eto nman gnagamit ko sa mga babies pero ung mga sinend sakin madumi at maalikabok d pa nka packed ng maayos kc ngleak pero the rest ng inorder ko ok nman,1,0,0,0,Madumi at maalikabok' indicates product quality issue. 'D pa nka packed ng maayos kc ngleak' indicates packaging issue during delivery.,,,,
930,expected marshmallow scent pero it smells like sweet vanilla and coconut smells good either ways nung nareceive ko sya basa yung packaging parang nasira sya pero ok lang overall good perfume,1,0,0,0,Smells like sweet vanilla and coconut smells good either ways' indicates desirable scent. 'Basa yung packaging parang nasira sya' indicates delivery issue.,,,,
931,ok naman po ung product kaso sana kung wala stock pa message naman po kmi para alam namin na d un ung dadating tsaka cra po ung remote na binigay ninyo sana mag message kung bago iship out,1,0,0,1,Ok naman po ung product' indicates acceptable product quality. 'Cra po ung remote' indicates product defect. 'Sana kung wala stock pa message naman po kmi' indicates service improvement needed.,,,,
932,not heavy sa skin maayos siya pero hindi siya as in nagllong last sa face ko yung makeup even though i sprayed na nito,1,0,0,0,Not heavy sa skin maayos siya' indicates acceptable product attribute. 'Hindi siya as in nagllong last' indicates product performance issue.,,,,
933,i already received the parcel and di ako natuwa kasi yung kulay itim may butas sa loob tapos di pantay pagkatahe tabi tabi,1,1,0,0,Yung kulay itim may butas sa loob tapos di pantay pagkatahe tabi tabi' indicates product defect and poor quality.,,,,
934,good kulay purple inorder ko pero white dumating pero i dont care ayos naman ang quality,1,0,0,0,Ayos naman ang quality' indicates acceptable product quality. Inconsistent color delivered,,,,
935,packaging was not good may gasgas yung lens and medyo malabo huhu sayang super higpit din nung clip pag kinabit,1,0,0,0,Packaging was not good may gasgas yung lens and medyo malabo' indicates poor packaging and product defect.,,,,
936,sana gumagana sana effective kasi si baby ko may allergic rhinitis may gasgas at may dents wala ng mga plastic yung purifier mismo,1,0,0,0,Sana gumagana sana effective' indicates hope for product performance. 'May gasgas at may dents wala ng mga plastic' indicates product damage.,,,,
937,thank you items complete but a litle bit dessapointed size 37 ang liit pla dapat yong 37 paa u dapat pla 38 or 39 huhuhu tulog hindi xa nabinta kc subrang liit ng 37,1,0,0,0,Size 37 ang liit pla. 'Subrang liit ng 37' indicates size inconsistency.,,,,
938,good panget kabonding hahaha di sinunod gusto kong color,0,0,0,0,Good panget kabonding hahaha,,,,
939,with damage manipis lng ang wrapper kaya siguro napunit pati ang wall paper,0,1,0,0,With damage manipis lng ang wrapper kaya siguro napunit' indicates delivery damage due to poor packaging.,,,,
940,okay na sana kaso ung papataypatay ung ung items kahit full charge naman hayyss,1,0,0,0,Okay na sana kaso ung papataypatay ung ung items kahit full charge naman' indicates product defect.,,,,
941,seriously seller kung mgbebenta mn lng kayo ng mura pro nanlalamang kayo ng taopano kayo oorderan ulit ng customer nyo tulad nyonghahanap buhay din kamidi kami namumulot ng perasana nmn maging patas kayo,0,0,1,1,Nanlalamang kayo ng tao' indicates negative service interaction and perceived unfairness. 'Mura pro nanlalamang' indicates price issue.,,,,
942,nice yung mosquito net for baby malaki medyo d ko lang expected yung memory pillow kuno foam pillow lang sya hindi memory yung milk bottle brush kala ko laruan subrang liit d lang naupload yung video eh,1,0,0,0,Nice yung mosquito net for baby malaki' indicates positive product attribute. 'Foam pillow lang sya hindi memory' indicates misrepresentation. 'Subrang liit' indicates size issue.,,,,
943,para sa gaya kong mataba hindi po talaga bagay itong bra na naorder ko to be honest para po siya sa maliliit ang body build kasi 3885ab yung size na order ko maliit po siya or maybe sobrang taba ko lang haha nasira agad pagkasuot ko,1,0,0,0,Maliit po siya or maybe sobrang taba ko lang haha nasira agad pagkasuot ko,,,,
944,may random letters pala na nakalagay hahah pangit pero sige kasalann ko d ko rin chineck,1,0,0,0,May random letters pala na nakalagay hahah pangit pero sige kasalanan ko d ko rin chineck,,,,
945,chinise ata yung nakasulat sa remote tapos di naman gumagana di rin mapalitan ang battery kasi ayaw mag open nung likodanu ba yan di pa nagreply si seller ng maayuspanu pa oorder ng another unit kung ganto unang transaction sa inyo,1,0,0,1,Di naman gumagana di rin mapalitan ang battery kasi ayaw mag open nung likod... Di pa nagreply si seller ng maayus... Ganto unang transaction sa inyo,,,,
946,worth for its price item shipped ontime ayos naman ang product soft pero medyo maliit lang ang size sana tumagal ang product na ito what i mean is quality talaga 3 pcsang aking inorder just to try it,1,1,1,0,Worth for its price... item shipped ontime ayos naman ang product soft,,,,
947,910 im giving my honest review here yung first bottle inorder ko this january din almost 2 weeks ko pa lang nagagamit yung amoy nya sa una mong spray ang tapang nya pero pag tumagal naman na maamoy mo na yung pagka cloud nya yung second bottle naman ngayon lang,1,0,0,0,Yung amoy nya sa una mong spray ang tapang nya pero pag tumagal naman na maamoy mo na yung pagka cloud nya... Honest review here,,,,
948,pangalawa ko nang order to pero iba talaga dumadating plum order ko pink dumating,0,1,0,0,pangalawa ko nang order to pero iba talaga dumadating plum order ko pink dumating,,,,
949,pink ok naman kaso madumi lang syapero mabilis dumatingthanks seller,1,1,0,1,pink ok naman kaso madumi lang sya... Mabilis dumatingthanks seller,,,,
950,cute ng design but super sa nipis just now i tried isang wiwi palang ata nagcolor yellow na sya then leak im so disappointed since 2packs pa inorder ko,1,0,0,0,cute ng design but super sa nipis...leak im so disappointed since 2packs pa inorder ko,,,,
951,coffee color order ko dmting beige color,0,1,0,0,Coffee color order ko dmting beige color,,,,
952,this is not the original brand imitation lang i bought one for 159 pesos na i compare ko ung difference nila ang lambot ng tela nito it cant tuck ur tummy ung metal sa loob malambot at madili ma bend then wala syang plastic man lang where u can find,1,0,1,0,This is not the original brand imitation lang.. metal sa loob malambot at madili ma bend,,,,
953,maganda ang quality pero mali ang sukat ng item i ordered 38 peru 37 ang pinadala maraming maraming maraming salamat shopee,1,0,0,0,maganda ang quality pero mali ang sukat ng item,,,,
954,received the wrong item i ordered the black and white bralette i receive white and red one the quality of the red is okay while the white one is thin manipis sya to the point na makikita ung foam pad seller please send the correct items sa mgorder sa iyo,1,0,0,1,the quality of the red is okay while the white one is thin manipis sya to the point na makikita ung foam pad seller please send the correct items sa mgorder sa iyo,,,,
955,ok nice ang water bottle nga akong na order parang original,1,0,0,0,ok nice ang water bottle nga akong na order parang original,,,,
956,mganda ang quality ng bra the only prob is hnd accomodating ang seller unlike sa ibg seller na ng aupdatengreply sa msg ko pero ilng days na nklipas  palitan sna ang size ng inorder ko pro its ok mgnda nmn ang bra,1,0,0,1,mganda ang quality ng bra the only prob is hnd accomodating ang seller,,,,
957,excited p nmn ako kasi panregalo ko p nmn sa mga anak ko kaso nakaka disappoint lang parang old stock p yung deniliver sakin hindi nakalock yung sides ng neck fan parang in open tapos d naibalik ng maayos sinubukan ko i message si seller kaso wla man lang response,1,0,0,1,nakaka disappoint lang parang old stock p yung deniliver sakin hindi nakalock yung sides ng neck fan....Sinubukan ko i message si seller kaso wla man lang response,,,,
958,item was malformed hardly fit our stove sayang coz di magagamit idk if its the courier or twas like that when they packed it,1,0,0,0,item was malformed hardly fit our stove sayang coz di magagamit idk if its the courier or twas like that when they packed it,,,,
959,hindi ko sure di matibay medyo madali matanggal e tapos yung glue di naka brush type kaya medyo mahirap ilagay yun glue,1,0,0,0,hindi ko sure di matibay medyo madali matanggal e tapos yung glue di naka brush type kaya medyo mahirap ilagay yun glue,,,,
960,no protection at all no bubblewrap just all the items packed in a black plastic bag,0,1,0,0,no protection at all no bubblewrap just all the items packed in a black plastic bag,,,,
961,mas amoy ko pa yung alcohol hindi rin long lasting di tulad sa ibang shop na nabilhan ko dabest konting spray amoy na amoy agad dito need mo pa singhutin,1,0,0,0,mas amoy ko pa yung alcohol hindi rin long lasting di tulad sa ibang shop na nabilhan ko dabest konting spray amoy na amoy agad dito need mo pa singhutin,,,,
962,ok sana kaso mali pinadala mo skin seller kaya 1 star ka sakin,0,0,0,1,ok sana kaso mali pinadala mo skin seller kaya 1 star ka sakin,,,,
963,ang order ko black and violet ang dumating puro black nakakainis ndi marunong i check order ng customer,0,1,0,1,ang order ko black and violet ang dumating puro black nakakainis ndi marunong i check order ng customer,,,,
964,i ordered dark blue pero white yung dumating sakin hoping for my next purchase will be the right color that i ordered so far the quality is good hope itll last thank you,1,0,0,0,hoping for my next purchase will be the right color that i ordered so far the quality is good hope itll last thank you,,,,
965,hindi gumagana isang umbrella sayang bayad cant tap refund since already confirmed delivery without trying the item if it works,1,0,0,0,hindi gumagana isang umbrella sayang bayad cant tap refund since already confirmed delivery without trying the item if it works,,,,
966,810 for me hindi masyado malakas ang suction or baka nagkamali lng ako konti lng kasi nasuction nya 8 years na ang bed ko,1,0,0,0,hindi masyado malakas ang suction or baka nagkamali lng ako konti lng kasi nasuction nya,,,,
967,okay naman yung packaging secured kaso wag talaga mag expect gaano sa quality kung amo price nya ganun lang din pero helpful naman siguro to thank u,1,1,1,0,okay naman yung packaging secured kaso wag talaga mag expect gaano sa quality kung amo price nya ganun lang din pero helpful naman siguro to thank u,,,,
968,hindi naka bubble wrapyupi yupi ung box parang minadali sa pagbalot sana lang wlang epektonsa itemso far ok nmn ung item sna wlang epekto sa item,0,1,0,0,hindi naka bubble wrapyupi yupi ung box parang minadali sa pagbalot sana lang wlang epektonsa itemso far ok nmn ung item sna wlang epekto sa item,,,,
969,item recieved in a good condition but this is not my order kaloka pumili p ko hndi rin pala msusunod kalungkot nman,0,1,0,0,item recieved in a good condition but this is not my order kaloka pumili p ko hndi rin pala msusunod kalungkot nman,,,,
970,poor i already try this item gumagana kaso madali mag off ang fan at mahina yung white no good quality yung pink medyo okay pa,1,0,0,0,gumagana kaso madali mag off ang fan at mahina yung white no good quality yung pink medyo okay pa,,,,
971,5050 ok na sana ebakit yung isa halos walang nalabas na hangin color pink yung isa goods namancolor white,1,0,0,0,ok na sana ebakit yung isa halos walang nalabas na hangin color pink yung isa goods namancolor white,,,,
972,white inorder ko pero yung dumating black,0,1,0,0,white inorder ko pero yung dumating black,,,,
973,my goshhhh sobrang nipis naman tapos sobrang maluwang din kahit tinali ko na maluwang pa rin iba din ang tela niya madaling madamage hays,1,0,0,0,sobrang nipis naman tapos sobrang maluwang din kahit tinali ko na maluwang pa rin iba din ang tela niya madaling madamage hays,,,,
974,dumating din after 6 days wala cyang brand magkaibang size ung nakalagay for each bra pero nung sinukat ko iisang size lang cya since same sukat ok naman ung items ibang color nga lang ung dumating,1,1,0,0,dumating din after 6 days....magkaibang size ung nakalagay for each bra pero nung sinukat ko iisang size lang cya since same sukat ok naman ung items ibang color nga lang ung dumating,,,,
975,3 stars only since kulang siya ng isanv straw thank you seller,0,0,0,1,3 stars only since kulang siya ng isanv straw thank you seller,,,,
976,okay na sana maganda packaging at safe na safe pag dating kaso wrong items yung naibigay saken ei yung inorder ko kase is yung malaki yung remote niya yung marame yung pindutan kaso ayan yung naibigay saken pero okay naman siya ngalang ayaw umilaw ng color red pag pinindot namamatay,1,1,0,0,okay na sana maganda packaging at safe na safe pag dating... ayaw umilaw ng color red pag pinindot namamatay,,,,
977,maganda po sana peru bakit may damage po,1,0,0,0,maganda po sana peru bakit may damage po,,,,
978,710 hindi legit na merong free gift  apaka tagal ng shipping ewan ko kung dahil overseas  hindi umaandar yung light indicator kapag charging so nang huhula ako kung full or lowbat not totally satisfied but still mura lang naman kaya okay lang,1,1,1,0,apaka tagal ng shipping ewan ko kung dahil overseas hindi umaandar yung light indicator kapag charging.... mura lang naman kaya okay lang,,,,
979,order received maganda sa lips at mabango,1,0,0,0,order received maganda sa lips at mabango,,,,
980,70 gumagana nmn sya prehas  di ko lng sure pa if mabilis malobat  di ren malaman kung lobat na sya or full charge na eh,1,0,0,0,gumagana nmn sya prehas...di ko lng sure pa if mabilis malobat di ren malaman kung lobat na sya or full charge na eh,,,,
981,malas di ako lucky sa nakuha ko diko na pinicturan tsk tsk,0,0,0,0,malas di ako lucky sa nakuha ko,,,,
982,hello i already received the item but unfortunately the item is damage as you can see the given pic na yupi po yung stand nya and aside im so worried for the items kasi nabasa yung cartoon na nilalagyan nya sa loob but good news gumagana na man yung light,1,1,0,0,the item is damage... nabasa yung cartoon na nilalagyan nya sa loob but good news gumagana na man yung light,,,,
983,medyo mahina ang fan but okay na din i didnt expect too much,1,0,0,0,medyo mahina ang fan but okay na din,,,,
984,kulang yung item di pa nagrereply c seller about sa concern ko alam kong san rio lang yun pero binayaran namin yun nung nadeliver na kaya sana magreply yung seller dto,0,0,0,1,kulang yung item di pa nagrereply c seller about sa concern ko,,,,
985,mali yung na deliever instead of loafers tsinelas na alabirkenstock yung dumating,0,1,0,0,mali yung na deliever instead of loafers tsinelas na alabirkenstock yung dumating,,,,
986,ine expect ko sana na may kasama din siyang mouse yung katulad sa ibang reviews na may kasamang mouse sa kanila ayus naman pag kaka deliver at maganda naman item i expect to much lang na may kasama siya na mouse so 3star lang muna ma ibibigay ko sana sa,1,0,0,0,ayus naman pag kaka deliver at maganda naman item i expect to much lang na may kasama siya na mouse,,,,
987,hindi po kumpleto nung dumating kulang ng isang item po 3 ung inorder kong shades ng pambata kaso 2 lang po ung narecieved ko,0,1,0,0,hindi po kumpleto nung dumating kulang ng isang item,,,,
988,medyo dismayado ako kc order ko is black mascara ang dumating s akin is brown first time ko nkarcve ng d okay n order,0,1,0,0,medyo dismayado ako kc order ko is black mascara ang dumating s akin is brown,,,,
989,nice color mabilis ang delivery,0,1,0,0,nice color mabilis ang delivery,,,,
990,i really like the mascara pero kumakalat at matagal siya matuyo but i think its fine kasi maganda naman also yung sa hair tie medg nakakadisappoint huhuhu kala ko malaki siya so ill give it 3 staaaar,1,0,0,0,kumakalat at matagal siya matuyo but i think its fine kasi maganda naman also yung sa hair tie medg nakakadisappoint,,,,
991,akala ko malapad putol2 pala okay nman yung quality nya kaso hindi sya yung iniexpect kong malapad katulad nang nasa picture putol2 sya naka lenght twice,1,0,0,0,akala ko malapad putol2 pala okay nman yung quality nya kaso hindi sya yung iniexpect kong malapad,,,,
992,it took me a while to rate the product kasi nag aantay ako ng response ni seller nag message muna ako stating na mali yung na receive ko na variation ng order hm lahat binili ko kaso yung brief bench yung dumating na brand til now walang reply,0,0,0,1,i rate the product kasi nag aantay ako ng response ni seller... walang reply,,,,
993,medyo di k bet pag nilalakad sya kasi nayuyupi yung top sa harap nagkakaron tuloy ng mga tupi ang pangit na nya katagalan pero k naman gandits din grip nya sa madudulas na surfaces o lakaran kac rubber sya,1,0,0,0,bet pag nilalakad sya kasi nayuyupi yung top sa harap nagkakaron tuloy ng mga tupi ang pangit na nya katagalan,,,,
994,pwede na yubg iba matinta yung iba hindi cheap price kasi pero pwd narin kasi madami cia ok naman,1,0,1,0,pwede na yubg iba matinta yung iba hindi cheap price kasi pero pwd narin kasi madami cia ok naman,,,,
995,ok din ang hindi ok d pareho ang size na pinadala packaging is nsa shoppee plastic lng na shipdeliver agad ang items which is very much ok,0,1,0,0,ok din ang hindi ok d pareho ang size na pinadala...shipdeliver agad ang items which is very much ok,,,,
996,6 out of 10 kase manipis sa baba huhu umm mali ang size na naorder ko pero kasalanan ko over all 710 kasi manipis sa baba e ang tagal ma deliver last year ko pato inorder e,1,1,0,0,kase manipis sa baba huhu... e ang tagal ma deliver,,,,
997,8 sorry but i am kinda disappointed about the box may mga sira sira na parte ng box naka bukas na yung box nung binuksan ko ung parcel gagamitin kopa sana ung box buti yung neck fan is walang damage,0,1,0,0,i am kinda disappointed about the box may mga sira sira na parte ng box naka bukas na yung box,,,,
998,basag po yung sound niya medyo disappointing kase basag yung tunog niya and sa delivery naman october 26 pa siya dimating sa warehouse pero november 3 na denilever,1,1,0,0,basag po yung sound niya medyo disappointing kase basag yung tunog niya and sa delivery naman october 26 pa siya dimating sa warehouse pero november 3 na denilever,,,,
999,so im in my online class when my parcel came so si tita ang kumuha then siya na rin ang nagbayad then nung binigay sakin sabi ni tita is 75 daw siningil sa kanya i check it out as 71 i know its just 4pesos pero singilin niyo sana yung,0,0,0,0,siningil sa kanya i check it out as 71 i know its just 4pesos,,,,
1000,for me mejo may amoy na parang plastic sya di ko masyado nagustuhan yung scent nya pinili ko te kasi one of the best seller na nkikit ko sa reviews but unfortunately di ko sya type,1,0,0,0,mejo may amoy na parang plastic sya di ko masyado nagustuhan yung scent nya,,,,