Review #,Review,product,delivery,price,service,explanation,,,,
1,manipis mali po ang print ng isa nakalagay sa likod yung isa tama hmmmp nakakatamad na mag return next time po paki check ang product bago ibalot to make sure na tama kaya nga nag order online para hindi na ma huslle eh,1,0,0,1,Feedback on product quality and seller service.,,,,
2,defective yata napabigay sakin ipapalit ko sana kaya lang waste of time lang ang ingay nya kailangan pa pukpukin para mawala ung ingay minsan naman nawawala hangin sa kabila pukpukin ulit para magkaron uli ng hangin tsaka mabilis malowbat akala ko 1416hrs parang wala pa 1hr lowbat na,1,0,0,0,Feedback on product defects,noise,and battery life.,,
3,sira yung product kaloka tsk sira yung product kaloka tsk sira yung product kaloka tsk sira yung product kaloka tsk sira yung product kaloka tsk scammer sayo na yang 300 ko,1,0,0,0,Product defect leading to scam accusation.,,,,
4,ndi sulit yun nkuha ko 99pesos at 20pcs anq order ko peo pare pareho naq kroon p nq calculator n 20pesos lnq dinalawa pa at qaminq pad n hlqanq 20 wla manlanq nkuha n lumaqpas sa 100 sa hlqanq 99pesos at 20pcs sna kht isa naqkaroon manlanq nq isanq item,1,0,1,0,Review focusing on product value and cost.,,,,
5,ndi maganda sira pa ang mouse nkaka disappoint,1,0,0,0,Defective product and disappointment.,,,,
6,madaling ma lowbat and hindi naririning boses nang caller will not order again,1,0,0,0,Product issues with battery life and call quality.,,,,
7,kala ko may pang scoop wala pala and nahawa sya sa mask and hindi sya longlasting kunting kain mo namumuo na sa labi pero mabilis yung shipping process,1,1,0,0,Review on product features,lasting,and shipping speed.,,
8,ok naman sya nakakainis lang kasi pangit ang binigay sa akin nakaangat ang paint sana comfortable at magtagal ang sandals kasi mura lang sya tamang tama sa tagulan na panahon ngayon pero sana kahit mura eh maayos ang product,1,0,1,0,Review focusing on appearance,comfort,durability and price.,,
9,wag kayo bibili dito sinasadya nila magpadala ng sirang item tapos ipapareturn sayo para palitan daw nila sobrang laki abala very rude din ung seller,1,0,0,1,Focuses on damaged product,return process,and seller rudeness.,,
10,sad to say pero kailangan ko mag rate 4 items inorder ko isa lang dumating baket naman po ganun nag bayad naman po ako ng tama kung ako naka receive ng items diko siya tatanggapin kaso nasa work ako that time kaya di din alam ng nag receive sa bahay,0,1,0,0,Delivery issue of missing items after payment.,,,,
11,wasting money nakakagigil kauit not s legit seller its fake my god,1,0,0,0,Product authenticity and fraudulent seller.,,,,
12,wag mag base sa sold at good ratingsitem is damagedwaisting of moneyitem is deffective not workingthis seller is not responsiblebefore u ship your item u must check idiot,1,0,0,1,Reviews about damaged product,seller responsibility.,,,
13,akala ko ba 10meters long eh 6 lang naman to tapos d pa nka sealed tape lg dami ko pa sana orderin ulit kaso nakaka disappointed,1,0,0,0,Product size/dimension.,,,,
14,d kopa alam sira na yong isa sa likod very poor packaging sana lagyan man lng karton yong gilid kahit mag kabilaan lng e babalik ko sana tong items kng d ko lng truepa si delivery raider naawa na ako kay raider na ulan pa ng malakas kaya kinuha ko,1,0,0,0,Damaged product during delivery.,,,,
15,terrible so disappointingi charged almost half the day tapos wala pang 5 mins nag stop na hindi na gumana ulit ang isang unit hindi talaga nag on after hours of charging sayang lang ang pera ang mahal pa naman niya tsk tsk tsk,1,0,1,0,Product functionality.,,,,
16,black iba sa first purchase ko nung unang order maganda product 2nd time ko umorder maluwag na girdle parang gamit na,1,0,0,0,Product differences.,,,,
17,manipis masyado grabe kya pala mura may pa excellent quality pang nalalaman wala naman,1,0,1,0,Product quality/price.,,,,
18,ang panget sobrayong item lokot lokot ang layo ng nasa picture sa picture is malaki at parang square sa akin ang ediniliver ay pahaba tas maliit hating pinili q is 70cmx30cm,1,0,0,0,Poor product appearance.,,,,
19,very disappointed sa shop na to wag kayo bili dtoayaw nila palitan ang d gumagana na inorder komay defect yung item n binigay hindi gumagana,1,0,0,1,Poor service.,,,,
20,panget ng ilaw pumutok yung isang ilaw hwag kayo oordeedito ampanget  di worth it sa price delikado kung ayaw niyo masunugan wag kayo oorder dito,1,0,1,0,Poor product performance,price,safety.,,
21,ok sya malakai kaso mali ang kulay pink ang order ko dumating orange hays seller wala namang pasabi bago iship edi sana nakapili man lang ako ng ibang kulay na option,0,1,0,1,Issue with color.,,,,
22,watery na alcohol any way fav q pabango c meow tlaga may original aq pero dahil ang mahal ndi q xa maxado ginagamit kaya nag try aq bumili sa shop nato kaso ayun kaya mura kc bapaka layo ng amoy nia as in wala man lang sa katiting na amoy,1,0,1,0,Product quality and price.,,,,
23,hindi man langnaka bubble wrappag dating d2 damage na may umaalog sa loobamoy wire kapag ginagamitmaingay din sya,1,1,0,0,Poor packaging.,,,,
24,white ang order ko hindi black bakit black yung dumating d ba kayo marunong mag basa ng disription sa susunod sana eh double check muna ninyong mabuti kung anong color ng item bago ninyo ipadala,0,1,0,0,Wrong product.,,,,
25,plastic sabi ko seller black tignan mo pinadala mo light blue black ba yan nxt time magremind kau kung wala available sa mga order namin mga buyer kakadissapoint kau nakakawalang gana mag order go lang ng go makabenta lang naku wag ganon,0,1,0,1,Shipping problem.,,,,
26,not happy and not satisfied with the product not worth the price full charge naman pero sobrang hina ng hangin nasa pinaka malakas na sya pero mahina pa din ang mahal pa naman sayang lang pera,1,0,1,0,Low airflow.,,,,
27,very low and not sealed pa disappointed sa product we receive old stocks at naninilaw na yung iba plus the wallpaper is no longer sealed the end is sealed by scotch tape na lumang luma and very sticky na kapag tinanggal and prang kulang na yung length ng wallpaper,1,0,0,0,Not sealed.,,,,
28,yung dumating n shade iba sa shade sa picture khit number 04red orange shade yung dumating sa akin and dalawang 04 yung order koisa 03 and 04 ang dumatingsayang excited p nman ako at hnd sya matte pra syang may oil,1,0,0,0,Product color.,,,,
29,okay din fake news di naman nag sa stop pag tiniklop parang gaya lang ibang automatic na payong walang pinagkaiba pero maayos naman mukhang matibay,1,0,0,0,Product quality.,,,,
30,nakakalongkotkasi iba ang pinadala ky seller sa akin na tumbler2l pa naman enorder kokaso pgdating 1100ml langbat ganon ka sellersana nga totoo ka sa ibang tao,1,0,0,1,Seller sending wrong.,,,,
31,hndi responsive si seller nakakainis kita sa pic na ang liit ng isa pero same size pinagloloko nyo ata kami eh sayang pera budol ung magandang review ditowwg ng mag attemp umorder pagsisisihan nyo,0,0,1,1,Seller not responsive.,,,,
32,order ko black white dumating all black paayos namn sana hehe,0,1,0,0,Order problems.,,,,
33,low quality saying pera nyo dito mali item ibibigay sa inyo,1,0,1,0,Low quality items.,,,,
34,baliko ung glass nya natatanggal pa tapos di nman nagiiba kulay pag tinapat sa araw so dissappointed,1,0,0,0,Quality problem.,,,,
35,iba naman klase ng wipes to apat pa naman binili ko akala ko kagaya talaga sa picture,1,0,0,0,Product differences.,,,,
36,1 star lang kuno sabi ni mama ang liit daw kase nung shoes sakanya kahit sakto lang yung piniling size tsaka hindi rin sya nakabox,1,0,0,0,Product size issue.,,,,
37,hindi natatouch ung screen nya ts basag basag so disappointed,1,0,0,0,Quality.,,,,
38,not working yung naorder ko po sira yung pinaka tip nung item,1,0,0,0,Damaged item.,,,,
39,legit maganda talafa siya maganda ang sound quality niya,1,0,0,0,Good quality.,,,,
40,missing item70 pesos din to,0,1,1,0,Missing items.,,,,
41,not good worng color nag review ako sa mga nag order maganda nm mag feedback nila pero bakit pag dting sa order mo palpak mali ang kulay at sira ang isa nag chat ako sa seller sabi ko pink at blue kc babae lalaki ank ko pero ang dumating green,1,1,0,1,Mali kulay.,,,,
42,disappointed ako kahit sa tela ang pangit free size pero ang liit parang pang bata,1,0,0,0,Not happy.,,,,
43,wag kayo mag sayang ng pera dito di nyo pinupulot pera nyo para sayo ive waited for a week para i rate ka kasi baka mag response ka dahil lahat ng binili ko mali ive talked to you and give u a calm attitude kasi baka maibalik ko pa,0,0,1,1,Sayang pera.,,,,
44,ang tagal ng shipping then pag dating sayo sira sira at ang dumi ng dadating grabe im so disappointed dont buy here na not kidding sasakit lng ulo mo grabe,0,1,0,0,Shipping issue.,,,,
45,hanggang ngayon di parin nag rerefund dun sa kulang na square pants ipapabalik pa sakin yung items wala o kulang nga yung pinadala,0,1,0,0,Kulang product.,,,,
46,sira ung right earbudsnakakadismaya mura ngamapapamura ka talaga,1,0,1,0,Damaged product.,,,,
47,wala ka wenta wenta ung item pwede xa kung ang laptop mo maliit pero pag malaki nalundo xa parang anytime soon babagsak ung laptop pero nagana ung fan nya and nkapa tagal dumating,1,1,0,0,Item.,,,,
48,not high quality but good not recommended for sensitive skin as long as my allergy ka kase mahapdi yung mascara sa eyelashes then yung ink ng liquid eyeliner walang laman as in wala sa murang halaga wag kang mag expect na good condition yung item good quality naman yung eyebrow,1,0,1,0,Item quality.,,,,
49,kulang ang items na pinadala kala ko okay ang seller na to pero kulang ung 6pcs na order ko tatlo lang pinadalanag bayad naman ako nag ayos tapos ang deliver kulang ng tatlo nakaka disappointed naman ang seller na to at store na to,0,1,0,1,Lack of items.,,,,
50,medj paputol na po yung mlapit sa may white na malaki tas wla pang 3 araw di na agd nailaw nakakadala na umorderpero thnk you pa dennnn,1,0,0,0,Item problem.,,,,
51,not the same ng nasa picture and i ordered 2l 850ml ang pinadala very disappointed,1,0,0,0,The product and image not same.,,,,
52,nagbayad ka in full pero andami plang kulang sa mga items na inorder mo what an irresponsible seller unresponsive pa,0,0,0,1,Irresponsible seller.,,,,
53,subrang bilis magdrain nga battery i requested first returnrefund peru si seller una gusto 200 compensate next 300 next 500 offer peru gusto nya cancel ko yung request first at magbigay ng 5 stars diba kaya siguro mataas rate nila kasi ganun ginagawa nila sad kasi reseller sana ako,1,0,0,1,Seller issues.,,,,
54,usually nagbibigay ako ng 4 or 5 stars actually 2 ang inorder ko 1 is xl and the other one is xxl but when i opened the xxl i was shocked that its all soaked wet yung iba naman hindi basa eto lang talga si xxl ang basa the seller,1,0,0,1,Items product defect.,,,,
55,150 i would not recommend this product if you are looking for a long lasting things for everyday use the quality as expected for its price not really that kind of quality i was looking for kahit man lang maayus pagkalagay ng charger pod i suggest do not buy this,1,0,1,0,Not long lasting item.,,,,
56,mali yung dineliver 2l order ko naging 1l bulok,0,1,0,0,Wrong delivery item.,,,,
57,antagal magstraight ng buhok tbh hindi siya nakakastraight di to pwede pag nagmamadali lalo nat maiksi ang pasensya mo saka plastic yubg cover nung plantsa kaya nakakatakot gamitin,1,0,0,0,Not long straight hair.,,,,
58,cheap wrong size wrong design sayang pera kohow could you send me a wrong item,1,0,1,0,Wrong product item.,,,,
59,di mukhang bago yung ring light may scratches at may slight crack sa side pati yung box ng ring light mismo mukhang luma na yung wire din ng ring light di naka attach mabuti di na kasya sa upload ko kaya di ko malagay tapos super luwag nung sa tripod,1,0,0,0,Scratches and crack in the ring.,,,,
60,very very poor informed seller that i requested for a refund but seller was unresponsive he responded after 3 days only with a sad emoji no explanation whatsoever sayang lang pera nyo pag bumili kayo dito hindi gumagana ang items 2 pcs pa nman binili ko super sayang wlang nagawa,1,0,1,1,Poor responsivene.,,,,
61,aus naman kaya lng bapaliit akala ko kze unisex,1,0,0,0,Small.,,,,
62,zero rating nakakainis sayang lang pera ko dito sa item na to full charge na pero wala pang 30 mins lobat na waste of money hindi talaga napakinabangan,1,0,1,0,Not a long lasting.,,,,
63,different from what displayed sobrang nakakadissapoint kase iba yung dumating sobrang layo kaysa sa photo nakalagaytatlo pa naman yung inorder ko walang problema naman yung delivery kasi wala damage yung product seller was not responsible kasi hindi manlang siya nag respond sa concern ko about sa product,0,1,0,1,Different display.,,,,
64,hndi man tumatagal yung init nya but its ok kc p1 ko lang nman syang nabili excited pa nman akong gamitin sya tpos yung payong nman parang mababali yung mga tadyang ang ninipis minsanang gamitan lang yata kakadismaya,1,0,1,0,Not durable.,,,,
65,maganda at mukhang matibay kaso ang nakalagay s description was 3032 inches ung size pero nun gagamitin ko gang hita lng sakto lng s anak ko 9yrs old salamat,1,0,0,0,Not durable and size is too long.,,,,
66,kulang yung binigay na pen 20 pcs po dapat pero yung dumating 10 pcs lang pero 84 parin yung binayaran ko kasama narin kse yung pen spinning so dapat kung 10 pcs lang yung ballpen at 5 pcs lang yung pen spinning bali 58 lang dapat yung babayaran but thanks,0,1,1,0,Missing pen.,,,,
67,pasensya na sa rate ko sa anim na medium size na binili dalawa lang ang tumama nakakahiya po sa pag reregaluhan ko,1,0,0,0,Does not fit the size.,,,,
68,next time seller kng wala ang items na order saiyo mag sabi ka tulad nitong pinadala mo mali ang tagal mopa mag ship tas wrong item lang pala padala mo imbes matuwa anak ko hindi umayos ka magtinda para wala kang makaaway sakin ok lang ang item kaso pang bata,0,1,0,1,Wrong item.,,,,
69,ano bayan 2weeks kung hinintay wala din palang dadating na item tapos nag notify na din na narecieve ko na daw ano ba yun  1piso lang bili ko sana dahil sa new user ako piro paasa lang pala ganun hahah grabii ka badtrip hhintayin mo ng matagal tapos joke,0,1,0,0,Not receiving.,,,,
70,manipis mali lng caption niyo para makabenta nakalagay 10 meters pero walang 10 meters isang roll di rin sia gnun kalapad tulad ng ibang wall paper,1,0,0,0,Product description is misleading.,,,,
71,the item was shipped late i thought it will arrive after two to three days but i was wrong also grrr yung square pants chuchu bells may sulat na numbers and was written using a permanent marker like hello matatanggal pa ba yun ihh permanent marker yung ginamit panulat jusko,1,1,0,0,The item shipped late.,,,,
72,incomplete order tapos nabuksan pa yung sinend na patch tinatry ko makakuha ng refund pero ayaw aminin na may pagkakamali sila and di nila sinabi bago mag deliver na may mga missing item pa hayst nakaka disappoint 2 stars nalang kasi nakuha ko naman yung iba item,0,1,0,1,Incomplete order.,,,,
73,not satisfied because walang lagayan yung gel pen,1,0,0,0,Does not has the tools for it.,,,,
74,baligtad po yung lens bakit nman ganun di man lang check ng quality control yung isang parte sa salamin baligtad pagkakalagay hinde halata pero pag titingnan ng maigi baligtad paan yung isang mata ko useless lang talaga yung pag bili ko,1,0,0,1,Quality and controlling.,,,,
75,not good 10 m inorder ko dumating sakin 5m lng umay naman tapos yung remot 24keys lng,1,1,0,0,Shipping issue.,,,,
76,pag may 0 na star i will probably choose kasi wala kwenta kausap ang seller huwag kayo mag order dito,0,0,0,1,Seller responsiveness.,,,,
77,failed one day use for 1hour pathen wala na hindi na cxa gumanasawi,1,0,0,0,Failed for one day.,,,,
78,well packaged maganda sana kaso pagka bukas po ang baho kasi basa pala sya tapos may yellow stain na rin yong higaan at yong mosquito net is may itim2 na gilid,1,0,0,0,Smelly item.,,,,
79,no effect at all dissapointed super dissapointed sa amoy vanilla lace should smell sweet pero may halong alcohol ata ung perfume ganun din sa ariana grande na cloud very dissapointed,1,0,0,0,Smells bad.,,,,
80,kulang nman kayo mg deliver kaya minsan mas gusto q yung cod eh kc pg na payment na wala na kaung pakealam kung tama or kulang yung pinadedeliver nyong item mas ok tlga pg cod nlngngbayad ka ng tama tapos idedeliver sayo kulang,0,1,0,1,Not enough.,,,,
81,hndi gumagana ung lipatan ng kulay hndi mastay ung kulay ng ilaw ginawa na lng tuloy christmas lights ng mama ko,1,0,0,0,Defect item.,,,,
82,sorry to say na bkit po kau nagbbinta ng phone na ngamit na,1,0,0,0,Selling used item.,,,,
83,wrong color  i ordered light grey  pero dark pinadala nakaka disappoint,0,1,0,0,Wrong color.,,,,
84,ok ok naman ang power kaso lang lumolubog siya then yong fan umiingay pag ayosin yong para di na ayos na pag close pag ayusin naman nag iingay ang fannot satisfying productna disappoint talaga ako,1,0,0,0,Dissapointed power item.,,,,
85,poor defect di gumagana sayang pera,1,0,1,0,Defect item.,,,,
86,k sobrang nipis at sobrang fragile mdaling mapunit hndi worth sa price tinahi q pa ung napunit hindi p maaus pgkakatahi so poor,1,0,1,0,Poor item.,,,,
87,not good not good nasusunog pag china charge,1,0,0,0,Damaged item.,,,,
88,okay naman yung items at si seller amg concern ko lang ay ang rider seller pakiblock nyo na lang dapat sa list of courier ang shoppee express dlvry dhil wla man lang abiso kung ide2liver na ba sa araw na yun or hindi  di man lang nagtetext or tawag,0,1,0,1,Issue with delivery.,,,,
89,sayang pera not even working,1,0,1,0,Not worth it.,,,,
90,product description is misleadingdi po ito micro usb typekelangan ng 2 aaa batterybumili pa ako,1,0,0,0,Description product.,,,,
91,kaka recieve ko lang ng item ngayon pagbukas ko mali ung isang kulay bakit naging green ung pink hayyy sana po icheck muna ng maigi bago iship ung item pano masatisfied customer nyan kung ganyan tapos kapag mababa rating mag memessage ang seller hayyy nako,0,1,0,1,Wrong color item.,,,,
92,maganda yung quality ng bag kaso yung seller di nagrereply pag may concern ka about sa delivery yung rider 2 attempts na laging nilalagay buyer is unreachable e maghapon akong nag aantay ng update nya ako pa ang kumokontak pero pinapatay ang mga call ko di rin nagrereply,1,1,0,1,Good product but unresponsive seller and rider.,,,,
93,seller unresponsive walang mouse na nadeliver sa mouse and mousepad bundle chaka may depekto ang keyboard pls reply seller sayang din yung 500 na gastos ko,1,0,1,1,Lacking the mouse but good product and not responsive.,,,,
94,medyo malabo sorry seller but na disappoint ako sa product nyo isa lang nag connect nag failed yung isa,1,0,0,0,Bad product.,,,,
95,wag kayong oorder dto kng ayaw nyong ma stress walang paki seller nito makabenta maka kubra lng tlga sila ika unlad sana ng buhay nyo pang iscam sa tao,0,0,0,1,Not ordering it.,,,,
96,not worth it disappointed hindi kumpleto pinadala niyo kulang ng leeg nung phone holder yun pa naman ang need ko ilang arawlinggo ako nag follow up puro please wait wala namang nangyariang hina pa nung ilaw niyo not worth it yung product parang pinabayaan ng seller yung mga problemang ganto,0,0,1,1,Not worth it disappointed.,,,,
97,scam po mali po yung binigay saken hindi po yung led light ano yan ayusin ninyo naman ano gagawin ko sa massage,0,1,0,1,Scam issue.,,,,
98,bagay sa presyo mukhang mumurahin pero wala akong reklamo dahil mura naman talaga ang presyo niya pwede na gamitin pamalengke sa may talipapa pero hindi yung tipong pamporma sa mall dagdag ka one size higher sa size mo kasi maliit ang sizing nila,1,0,1,0,Affordable item.,,,,
99,wala daw defect yung item bago shinip wala kamong check na nangyare sino ba naman tngang customer ang magsasayng ng panahong mag reach out sa seller kung wala naman talagang sira yung product nya napaka inconsiderate ng seller na to will never order again,0,0,0,1,Not consider for checking.,,,,
100,ok di masyadong photochromic pero legit anti rad mejo imbalanced pag sinuot,1,0,0,0,Di anti rad pero okay parin.,,,,
101,manipis at mabilis mapunit mabilis mapunit dahil manipis nka scotch tape para ma iroll pagtinangal ang tape punit mahirap ilapat sa wall,1,0,0,0,Mentions product quality and issues with the tape and application.,,,,
102,wag kayong bumili neto kase wala pang 1w hndi na gumagana yung fan at umiinit amoy sunog tapos tinry kong kontakin si seller hndi naman nag rerespond,1,0,0,1,Product stopped working,smelled burnt,and seller unresponsive.,,
103,infinix cable charger order ko pinadala sa akin oppo ifone cable charger,0,1,0,0,Received wrong item,,,,
104,good kasomali ang item na dumatingsa video di yan ang order qo1st time qo umorder sa shoppe na mali ang item dumatingyang sa order details qoyan dapat ang order qobakit gnito3stars lng sa ngayoni hope ma return ang item,0,1,0,0,Received the wrong item; hoping for a return.,,,,
105,im so disappointed ibang kulay sa inorder ko sa narecieved ko tskkk im so disappointed ibang kulay sa inorder ko sa narecieved ko,0,1,0,0,Received the wrong color.,,,,
106,maliit cup sayang po suggest po kay seller plus 2 sizes imbes na plus 1 size lng for this style,1,0,0,1,Cup size is too small; suggesting the seller increase sizes.,,,,
107,damaged po ang item tanggal yung isang fan sira na wala pong bubble wrap very disappointing,1,0,0,0,The item was damaged and had no bubble wrap.,,,,
108,wag kayo mag order nitosayang lang pera nyomahina na madali pa malowbat at higit sa lahat ang singaw ng hangin nya mainit ang bugasobrang bilis malowbat wala pa 5mins lowbat na,1,0,1,0,The product is weak,has a short battery life,and the air output is hot; wasting money.,,
109,seller paki ayos naman ng pagpapadala binabayaran naman to di ko hinihingidi mo man lang nilagyan ng boxayan pipe at basa na tpos ang dumi pa,0,1,0,1,The seller should improve packaging because it was received wet and dirty.,,,,
110,dawa po ung order ko ung function ng machine ok nman perong ung lock kasi nito is nabali   i contact the seller pero claiming parin cya na hnid sir,1,0,0,1,Machine function is okay,but the lock is broken; contacted the seller but no action taken.,,,
111,5 na wipes order ko dumating apat lang sa susunod bago kayo mag ship ng parcel make sure na tama yung quantity ng pinapadala niyo be fair naman sa mga customer niyo thank you,0,1,0,0,Received the wrong quantity of wipes.,,,,
112,not sturdy thank you dumating na order ko gumagana ung pink and green pero ung white hindi nag charge at hindi rin gumagana,1,0,0,0,Pink and green work,but white one doesn't charge or work.,,,
113,not worth it ang hirap pa buksan sobrang tigas not worth the price parang hindi naman uv yung color black sa likod kulay lang ng mismong payong hindi another layer of cloth kaya pag maaraw tagos parin ang init tagal mag ship ng seller,1,1,1,0,Hard to open,not UV protected,overpriced and slow shipping.,,
114,sayang pera nd nkakashave,1,0,1,0,Waste of money doesn't shave.,,,,
115,ang pangiiiiiitttttttttttttttttttt one day ko pa lang nagamit nasira agaaaaaaaaaaaaaad,1,0,0,0,Very bad product,broke after only one day.,,,
116,bad 1st order namin dito wag na kayo mag order dito scam yung item nila tama ang bayad pero ang product hnde tama,1,0,0,0,First order was bad,the correct amount was paid,but the item was not correct.,,
117,what the heck bakit ganto ang liit so disappointed for this store,1,0,0,0,Disappointed in the store because the item is too small.,,,,
118,remote is not functioning well sinabi ko kay seller sabi niya order daw ako ng facemask at bigyan niya ako ng replacement remote so nag order ako at binigay ko order id no ng facemask pagkatanggap ko ng facemask walang kasamang remote tsk super boooooo scam,1,0,0,1,Remote not working seller said he would include replacement with facemask order but did not send it.,,,,
119,madaya hindi legit ung sinasabi na 10 pcs at 5 pcs tskk unsatisfied,1,0,0,0,Deceptive not the quantity that was advertised,,,,
120,wrong color i ordered dark bluelight blue tas binigay saken navy bluemaroonkapag naman wala kayo nung color na gusto nung customer magreply naman kayo sa chat disappointing seller  not recommendable,0,1,0,1,Ordered dark blue/light blue received navy blue/maroon seller did not reply to chat.,,,,
121,wrong size and i think sinasadya ni seller na magbigay ng wrong size kasi binura nya yung size sa sandals though kita pa rin naman then yung plastic nilagyan lang ng size base sa order ng customer,1,0,0,1,Received wrong size,possibly intentional by seller.,,,
122,sobrang panget nung item nakakainis gamitin may nabilan ako dati same price pero super goods quality kaso di ko ma makita yung shop kaya nag try ako sa iba super nakaka dismaya sayang pera may damage pa bukod sa oanget quality may damage pa,1,0,1,0,Very bad item,frustrating to use,has damage and a waste of money.,,
123,not working when i read the comments na encourage akong umorder kc puro good nman but um so disappointed nung dumating sakin 2 pa man din inorder ko both not working haisst i dnt want to go to the ofis para lng papalitan its s waste of time super busy,1,0,0,0,Not working,disappointed since the previous comments are good.,,,
124,defective yung isang item defective,1,0,0,0,One item is defective.,,,,
125,happy si ate  ganda ng item thank you so much,1,0,0,0,Happy with the item.,,,,
126,not good hindi maganda tong diliver sakin sobrang nipis nanga kulang pa 48 pcs lang to,1,0,0,0,Bad product,very thin and only 48 pcs.,,,
127,ok ung isa sakto sa size design at color vs sa isa mali ung color design at malaki,1,0,0,0,One item is okay,while the other has the wrong color design and size.,,,
128,kahit sira isinend nyo pa rin dapat wala kayong star hassle kc pag ireturn,1,0,0,1,Sent the product even though it was broken; it's a hassle to return.,,,,
129,1 star kol lang par bagal dumating anong petsa na isang buwan sabe ko cancel na to diba wag kayo bumili dito scammer to,0,1,0,0,Slow delivery; claiming seller is a scammer.,,,,
130,okay lang yung quality niya pero dapat po binalot ng mabuti ng seller pagbukas ko kasi ng black ng plastic boom yun panty na hindi man lang nilagay ng plastic the fact na undies siya hay nako hindi naman kayo siguro lugi sa paglagay sa plastic nu mahirap ba yon,1,0,0,1,The seller should package the product properly with plastic.,,,,
131,bra foams ay tiklop na kaya pangit tingnan kapag sinuot i wish the seller is more careful w the packaginghindi maayos yung pagkapackage kaya siguro tupi na might also be the carelessness of the courier but the fact that the items were just stashed to the jt bag bothered me,1,0,0,1,The seller should be more careful in packing the bra,causing it to fold and look bad.,,,
132,not worth it parang gamit na yung pinadala jusko wala manlang quality check before i ship ang dumi pa at puro gasgas buti nalang gumagana pero feeling ko hindi mag tatagal to naka angat agad yung sa may charging port,1,0,1,0,Sent a used item,without a quality check,with dirt and scratches.,,
133,wrong product please check your item before shipping this is not the motivational tumbler i ordered does not serve its purpose kailangan nga mameasure kung nakakainom ba ng water,1,0,0,1,Please check your item before shipping it this is not the motivational tumbler and its main purpose is not functional,,,,
134,narecieved ko na yung order ko and disappointed ako plain black yung order pero white yung dumating tho tama naman yung size yung quality understandable since naaayon lang din sa presyo sana lang next time magmessage muna yung seller ng pic ng order para sa confirmation ng customer kung tama,1,0,0,1,Quality based on price; seller should message the customer with picture of the order for confirmation.,,,,
135,bad order ko black bt ganto pinadala nyoooo,0,1,0,0,Ordered black; got something else.,,,,
136,so very disappointed excited pa naman ako tas mali ung dumating nakakalungkot lang 2 liter inorder ko tas 1 liter lang tong tumbler sana kung ndi available nagsabe kayo gagamitin ko to sa anak ko paglagyan ng tubig nya para ndi ako panay kuha sa wilkins tapos ganito hayst,0,1,0,0,Ordered 2 liter tumbler received only 1,seller should notify if the ordered item is not available.,,,
137,ok ung iba pera lng ung led light sayang lng pera dko nagamit dko agad na refund kasi na order recieve ko agad hindi gumagana hirap pag hindi na tetesting,1,0,1,0,Led light not working a waste of money.,,,,
138,the product came damaged i requested for refund and they were asking for a video then i asked them if san isesend since i cant send it sa chat box but no one answered til maexpire yung request for refund what a waste,1,0,0,1,The product came damaged,refund request was made but no instructions to send the video.,,,
139,yung isa hindi nag chacharge wag kyo oorder dto bibigyan kyo ng sira,1,0,0,0,One of them doesn't charge; they will send you something broken.,,,,
140,walang signal ung phone nyo laging naka no service ung sim kahit may signal namn sa lugar namin tss,1,0,0,0,No signal even when the area has signal.,,,,
141,i felt a bit disappointed kasi hindi ganun kalakas suction nya ilan balik bago makuha hair strands,1,0,0,0,Not enough suction.,,,,
142,mabango sya first time kong bumili try ko muna kong effective,1,0,0,0,Smells nice; will test its effectiveness.,,,,
143,well its fine but hinde gumagana yung volume button,1,0,0,0,Volume button isn't working.,,,,
144,ok man po item di lang maganda pag tag ulanmabigat kc rubber po nag absorb ng water sa side parts ty po seller,1,0,0,0,The item is okay but not good during the rainy season because the rubber absorbs the water.,,,,
145,reject po sira ayaw manlang sumindi,1,0,0,0,Broken product; won't light up.,,,,
146,nag bigay po ako ng d magandang ratting kase ang inorder ko po ay size 34 ang pinadala size 36 size 34 ay malaki na saakin ano p kaya kung size 36 diba pero ok lng pang bahay lng nmn pero na disappointed ako,0,1,0,0,Received the wrong size.,,,,
147,pangit mabilisa low bat mahina ang volume etc,1,0,0,0,Bad,quickly loses battery,low volume.,,
148,hindi xa naaadjust unlike sa iba kong nkitaan kaya nagtry ako bumili,1,0,0,0,It cannot be adjusted like the others I have seen,so I tried to buy it.,,,
149,sobrang layo nung scent and parang may halong tubig dunno if sa item ko lang mismo since other reviews are nice but unfortunately for my case its not the same,1,0,0,0,The scent is very different and it feels like it has water; other reviews are nice but unfortunately,it's not the same for my case.,,,
150,editing my commentmaganda nman yung cpserves it purpose the only problem is hindi po gumagana parehas yung chargermy badd ko kasi chineck agad kaya d na ako nakapag return,1,0,0,0,CP serves its purpose but both chargers are not working.,,,,
151,super ganda ng product pero di ko nagustuhan service ng shoppee express thank you seller ang ganda ng mystery pouch ko one piece,1,0,0,1,Super good product but don't like the service of shopee express.,,,,
152,walang dumating dyosko sa tinagal tagal ko na sa shopee nag oorder dito lang talga ako na dismaya ng grabi nag order ako ng 6pcs na brief tapuz 6 pcs na boxer ang dumating 6 pcs na brief lang wort of 404 imbis na maka tipid ako,0,1,0,0,Order did not arrive with complete items.,,,,
153,ang bilis malowbat kala ko mag tatagal tong phone tapos nag hang nung may tumawag wala na hanggang ngayon di na nagagalaw tapos may linya na siya sa bandang taas nung menu at names hindi matanggal hindi naman siya nahulog o nadaganan,1,0,0,0,Battery drains fast,the phone crashed,and has a line in the menu and names.,,
154,wrong item po tapos di man nalng magreply si seller ng sinabi kong mali nagababayad ng tama pero mali binigay di man lang nag inform hays,0,1,0,1,Received the wrong item,the seller did not reply and inform.,,,
155,hindi gumagana yung remote ok na sana kasi di gumagana yung remoteeee seller baka naman pwedeng ipalit tooowell sainyo naman ang prob baka pwede nyong palitan ok naman sana kaso pano ko to papaganahin ng walang remote basta jusko nasa vid lahat nandun lahat watch nyo na lang,1,0,0,1,The remote is not working.,,,,
156,ibang kulay namn pinadala nd same sa order ko na unasayang lang puro malindnlng nag inform ang seller,0,1,0,1,The wrong color was sent and the seller did not inform the customer.,,,,
157,basag yung ringlight deformed din yung stand pasensya lang natanggap ko sa sellerhnd pa responsivetadtad na ng chat hindi pa nagrereply kahit online naman kung hnd ko lang talaga kailanganhnd ko to pagtyatyagaanseller din ako alam ko ang good item sa hndi so please be responsible tnx,1,0,0,1,The ring light is broken. The stand is deformed and the seller is not responsive.,,,,
158,hindi maingat ung seller at delivery yupi ang carton ewan ko lng ung item sana wlang problema,0,1,0,1,Not careful,carton is crumpled,hopefully,there is no problem with the product.,
159,ordered 0707 with expected delivery date of 0714 but i received it 0727 two weeks late mas mabilis pa nareceive mga orders galing china it came so late that i was no longer interested and excited to open it when i received it,0,1,0,0,Ordered 7/7 with expected delivery date 7/14 but received 7/27 2 weeks late.,,,,
160,bat ganito kulay yellow order ko subra nman light 2 ayusin nyu nman,0,1,0,0,Wrong color too light,,,,
161,medyo worth it mura lang naman,0,0,1,0,Worth it because it is affordable,,,,
162,710 2 order ko parehong di nagana mic amf,1,0,0,0,The mic on both items is not working.,,,,
163,mali ang size na pinadala order ko dalawang xxl ang pinadala isang xxl at isang xl at hindi sumagot ng maayos si seller sa reklamo ko,0,1,0,1,The wrong size was sent. The seller did not answer correctly.,,,,
164,nd sya long lasting sk ang mabigat sa pakiramdam ko nung inaplay ko sya s lips ko nd ko gusto yung cents nya then wl rin syang spatula,1,0,0,0,It is not long-lasting and the reviewer doesn't like the scent and has no spatula.,,,,
165,ordinary maninipis lang as compare sa challis na kinukuhanan ko sayang dami ko pa naman nabili 34 lang ang haba i expect full length,1,0,0,0,Ordinary fabric,too thin,short length.,,
166,hello i ordered this 2days ago and dumating sya ngayon lng iba yung amoy nya sobrang baho anlayo sa totoong ariana grande cloud and nag leak sya ng malala so i rate this 1,1,0,0,0,Smells bad and different and has a bad leak,,,,
167,maganda sana ang tunog what will i do with this earphones hindi pa nag 2weeks sira agad ung isa ayaw nang gumana nag order pa naman ako ulit ng isa sayang lang ganda pa naman sana,1,0,0,0,The sound is great but it broke after 2 weeks,,,,
168,kadiri jusko sana sinabi nyu na ung tela at tahi ay napaka pangit jusko mahhiya ang pagbibigyan nyu neto mpapamura ka tlga eh appearance0 pag arrive at bnuksan ko ano to basahan yung tahi kadiri pang basahan na tahi ung pang lalake na brief okay naman sobrang nkaka frustrate lang,1,0,0,0,the material and stitching are very bad and it's embarrassing to give. The male brief are okay but it's very frustrating.,,,,
169,i just received the order and hindi po sya exact dun sa pinili kung design klaro naman po na red football  sana naman basahin din ni seller naka indicate na nga dun  ni remind ko pa by the way thank you,0,1,0,0,Wrong design,,,,
170,dear seller pakiusap lang ha kung ano ung nasa description un dapat ipadala nyu wag nyu kmi pinagluluko malinaw naka lagay jan cotton ang tela cotton ba yan out of 3 orders ko 2 lang ung cotton wag nyu po kami sinasamantala nakka disappoint kau,1,0,0,1,Should send the correct one. Out of 3 only 2 are cotton.,,,,
171,sa sobrang galing ng nag wrapped nasa labas na ung cp any silbi ng wrappernapakakapal ng ng bubble wrap peo hnd safe ung cp dahil nawrap lang ng tamad  dko na naisuli kasi napaka busy ko nakakairita lang talaga sa delivery naman satisfied at hnd naman sila ang may,0,1,0,0,Item not properly wrapped. The delivery itself is good and that part is not the delivery people fault,,,,
172,not good seller hindi maganda pagka package nagka yupi yupi ang iten nakaka disappoint,0,1,0,1,Seller package not good. Damaged during delivery.,,,,
173,di tama yong binigay mukhang mga retaso walang kwentang seller scammer,1,0,0,1,Seller send scrap items,,,,
174,not packed well bukas na yung box,0,1,0,0,The box is open the item is not packed well,,,,
175,hindi ok 2times ko palang ginagamit  pero parang matatanggal na un nasa upper sidetas may hiwa pahindi na ako oorder ulet nakakadisappoint sayang pera ko,1,0,1,0,Not ok will break in upper side and has slash,,,,
176,paano po ito gagamitin e walang switch  walang lalagyan ng battery i am so disappointed hindi na talaga ako bibili sa shop na ito,1,0,0,0,No switch no battery slot useless,,,,
177,sira at luma yung battery na nakakabit sira yung isang pinadala sira din ung battery n nakakabit at may putol n wire inayos lng ng asawa ko tagal pa reply ng seller para s refund,1,0,0,1,Bad item old battery. Seller is not responsive.,,,,
178,disappointed madumi kahit e brush mo ayaw matanggal dumi nya parang gamit na,1,0,0,0,Dirty even when you try to remove it. It's like the item used,,,,
179,walang bubble wrap huhu yupiyupi buti nalang okay lang yung product medyo nadismaya lang ako sa mystery pouch 1nlang laman mini fan mas mabuti sana if 23 yung laman kasi 100 price nya,0,1,1,0,No bubble wrap items is dented. Mystery pouch only has 1 mini fan not worth the 100,,,,
180,pangit nag le leak hindi nag a absorb ang pangit sobrang nipis literal parang wala manlang laman sa sobrang kanipisan at syempre mag le leak tlga sya ano pa ba ine expect e halos walang laman kaya walang mag aabsorb ng wiwi ni baby sayang pera kakainis ka seller,1,0,1,0,Product leaks,it does not absorb a waste of money.,,,
181,yung problema lang ay yung wallet maling kulay ang binigay may enough time po kayo mag pack sana po nag chat kayo if wala pong stock ng white color sana next time sa future customers niyo hindi na po to maulit thank you,0,1,0,1,Wrong color of wallet please chat if the stock is not available,,,,
182,not really good ayaw po matanggal ng excess na yan sa pinaka glass nya  tapos yung pansabit sa tenga maluwag yung isa maganda sana,1,0,0,0,Not really good it doesn't remove the excess,,,,
183,wag wag na wag na kayong bibili dito madami pang ibang shop dyan hindi pa nag rereply wag kayong umorder dito kung ayaw nyo masira yung araw nyo walang pang refund daming hassle nagbayad naman ng walang ka hassle hassle,0,0,0,1,Don't buy to this shop this is a scam. They are not responding and no refund.,,,,
184,ang pangit nang amoy swear okay naman yung slipper yung ang amoy ang sakit sa ulo at ilong paano bato mawawala kahit ibabad sa detergent powder ayaw,1,0,0,0,The smell of slippers is not good it gave me a headache.,,,,
185,ok maayos naman yung blue and sobrang natuwa lang ako kase ang cute nung size niya pero na disappoint ako pag ka open ko nung pink kase halos ma tanggal na siya sa pagkakabit di na din siya makabit kahit anong pilit pink pa naman yung akin hys,1,0,0,0,Ok is the blue the pink almost is detached.,,,,
186,not good no good kulang ung item na pinadala saken,0,1,0,0,Incomplete item was sent,,,,
187,bilis naman sana ng deliverykaya lng sobrang nakakalungkot kasi nakikita naman na may load naactivate na yung sim pero walang internet kahit connected namantill now tlgang walaanong klase ba naman simcard tosa tagal ko ng lagi nag oorder ng gomo sim ngayon lng nagka ganito,0,1,0,0,Fast delivery but bad internet connection.,,,,
188,di naman effective natanggalan lang ako ng eye lashes sayang pera,1,0,1,0,It's not effective. Lashes removed. A waste of money.,,,,
189,im sorry i need to be honest with my rating maliit yung bra pang teen ung cup size  i compared it with my gray bra see photos ung gray ko is 36b sobrang layo ng size nyo sa 36b  my sinend pa kayong 40 maliit prin kasya nman,1,0,0,0,Bra is smaller than expected. Not for adults.,,,,
190,ok naman mga designs at color kaso ung sa pang newborn na socks subrang laki parang pwd na sa mga 56mos old,1,0,0,0,Good designs and color but too large for a newborn.,,,,
191,not compatible for my phone maling kulay ang dumating white order ko pero blue ang dumating,0,1,0,0,It's not compatible and the sent color is wrong,,,,
192,anlayo sa picture bogus,1,0,0,0,It's far to the actual item advertised,,,,
193,ok lang napaka ganda nang item hindi mo pag sisisihan ang iyong pag order nito kasi good quality na nga nice and cool pa  thnkyou seller,1,0,0,0,This product is okay I dont regret it because its good quality,,,,
194,local mas gusto ko pa bumili ng cologne mas mabango pa ang mga baby cologne itoh parang tubig lang hindi ako satisfy,1,0,0,0,Smell isn't that good. Like a water,,,,
195,maganda sya kaso walang free essential oil,1,0,0,0,The product is good but there are no essential oils.,,,,
196,unsatisfied you have to shake it for the glitter to spread kasi baba ba yung glitters pag di mo ginalaw or shini shake parang tubig lang na nilagyan ng glitters,1,0,0,0,Glitters is separated with the liquid that's why you need to shake it.,,,,
197,hindi dumating order ko nag bayad na ako thru gcash pero hindi dumating,0,1,0,0,The order wasn't arrived and the payment was gcash,,,,
198,not working ano gagawin ko dito laspag na gamit na pinadala nyo saken cable lang npakinabangan,1,0,0,0,It doesn't work the sent item are already used.,,,,
199,low quality hindi naman photochromic yung eye glass  sobrang low quality  di na ako uulit sa store na ito  plastic lang ata yung glass baliktad pa pagka install  not again,1,0,0,0,Low quality,plastic,not photochromic.,,
200,ok i am so disappointed wrong color na nga yung binigsy may pa freebie pero parang ilang taon tinago sa baol napaka dumi ng shoes ibanh color pa sana nag update yung seller na walang available yung color na gusto ng customer hindi yung nagdisisyon lang,0,1,0,1,Sent the wrong color and the shoe's freebies are like stored in a chest for so many years and very dirty. The seller did not update if the wanted color is available.,,,,
201,i dont recommend this di sya pangmatagalan bilis magcharge mabilid malowbat or na chempo siguro sakin nabigay,1,0,0,0,Mentions product performance (charge and low battery).,,,,
202,hindi amoy cloud katulad last time lol hindi rin siya oil based and hindi naglalast,1,0,0,0,Describes product smell and lasting capability.,,,,
203,310 tamagal na nga dumating mabilis pa masira im really disappointed,1,1,0,0,Mentions slow delivery and easily damaged product,,,,
204,ang tagal dumating cacancel kuna sana nag arrive sa hub tapo ang tagal nang move ment lagpas isang buwan kong inantay,0,1,0,0,About length of delivery.,,,,
205,violet yung inorder ko plum tas ibang kulay ang nasa loob ng violet instead of medyo reddark red is color pink yung nasa loob unlike ng nakita ko sa posted pics and review photos dito nakaka disappoint,1,0,0,0,About wrong color of product ordered,,,,
206,ang layo sa variation ng order ko 2l ang order ko 1l lang pinadala hindi sumusunod sa variation memah padala lang ano mali mali pa hayst hassle mag balik noh dapat sa ssunod sumunod kayo sa order ng customer kapag wala magsabi kayo pala desisyon naman kayo,1,1,0,1,Wrong item variation with delayed shipping and unresponsive seller.,,,,
207,maingay po ang item hindi po namin magamit sayang naman po ang inorder ko sana magreply po si seller don sa sinend ko na video thank you,1,0,0,1,Concerns noise of product and seller's responsiveness.,,,,
208,pareparehas ang amoy nasayang ang 800 lahat hindi kaamoy do not buy  i know thatt his is just a replication pero ang baho talaga,1,1,0,0,About similarity in product smells and their quality.,,,,
209,there are items that was not included and the seller wont even reply to my messages sa sobrang mura ng product mapapamura ka na rin sa behavior ng seller dont trust this seller read the reviews,0,0,1,1,Concerns missing items and unresponsive seller. Mentions product price.,,,,
210,so disappointed 2l ang inorder a bakit 1l lang dumating tapus iba sia sa picturehaist bibili panaman sana aq ng madami ng try lang aq ng isa kaso ito binigay sakinnakaka dismaya naman,1,0,0,0,Wrong product size received.,,,,
211,310 ok sana kaso napaka dali masira napaka dali nya mdamage hindi matibay sayang better think twice if gagamitin nyo ito,1,0,0,0,Concerns fragility and quick damage of product.,,,,
212,seller not recommended wala man lang bubble wrap yung mismong box to protect the item buti nlng gumana yung product ipangreregalo sana kaso sira sira yung box seller should be responsible sa maayos na pag wrap ng item may basag din sa bandang taas ng item will never buy again,1,0,0,1,Product packaging issues and potential damage,seller should be responsible,,,
213,very pangit maganda ang packaging kaso ang pangit nang item guyss sana naamn ayusin niyo kasi pinaghihirapan ang perang binabayad sa inyo makonsensya naman kayo to tell the truth po  sira yung item niyo at im very disappointed ang tagal ko nang nag oorder sa shoppee pero now lang,1,0,0,0,Reviews overall appearance/quality and damage of the item received,,,,
214,what you see is what you get very disappointed lang kasi parehas kaliwa yung pinadala sa akinnext time b4 ipapadala yung inorder ng mga customers nyo eh double check nyo naman sayang lang pera eh di rin magagamit kasi puro kaliwa ung pinadala,1,0,1,0,wrong design/side delivered to buyer product cannot be used,,,,
215,sound quality was very poor pero okay lang 89 pesos lang naman,1,1,0,0,reviews the sound quality and price of the item,,,,
216,wag n po kayo mag order dito nag order ko ako cellphone stand 5 psc kasi order saakin yun ng bayers kopero 4 lpsc lng dumating,0,0,0,0,did not send complete items.,,,,
217,tinesting q palang naputol na pero mumurs lng kc dn kaya d n aq expect try lng pero un iba product nabili q ok naman,1,0,1,0,Product broke after testing but it was cheap.,,,,
218,order at your own risk sobrang clear,0,0,0,0,No aspect found.,,,,
219,ung number word puzzle ay di nsali sa nakarating na items pero kasma sa binayaran,0,0,0,0,missing items in delivery,,,,
220,seller paki replayan po ako ang dami kong chat walang response 2 item po binayaran ko 1 item lang laman please paki contact ako seller,0,0,0,1,seller does not respond to messages,,,,
221,good quality naman kaso agad na sira yung ano han ng charger nya,1,0,0,0,short term usage,,,,
222,walang red light yung isa 10m yung binili ko,1,0,0,0,product has missing indicator,,,,
223,hindi po yang color n yan inorder q,0,0,0,0,product color is wrong,,,,
224,pangit not recomended promise haha bumili nlng kayo nung iba wag na to,1,0,0,0,product is not recommended,,,,
225,pangit at manipis ang tela di ko type kung pwede ko nga lngbibalik sa seller ibabalik ko disappointed,1,0,0,0,product is not the type (texture,fabric,etc),,
226,subra nipis ang linaw nman ng order ko large size pero pinadala nyo xl sinu mag susuot nito sana kung ndi avail ung size nag message man lang kau nakakainit ng ulo first tym ku mag rate ng ganito,1,0,0,1,poor customer service,wrong item size,too thin for order,,
227,ang tagal na shippet out siguro dahil dalawamg piraso lang order ko pangit yung tela ng isa ang nipis at yung isa meduim nakalagay pero small sya bitin d gaya ng order ko dati na meduim sakto tlga sya pangit ang binigay nila ngayon salamat,1,1,0,0,poor quality of item and shipping delays,,,,
228,nakakadisappoint anlalaki masyado halos pang grade school na hindi pangbaby nakakainis sana iniindicate ng maayos kung sa anong edad kasya hindi naman pangbaby to e,1,0,0,0,wrong product size and does not fit baby,product misleading,,,
229,i was disappointed w my 2nd order dinami kopa naman tsaka order ko light pink  hindi tuloy pantay ung wall paper ng kwarto ko i would never order here again,1,0,0,0,product color of the ordered item is wrong,,,,
230,bad nakipagcoordinate agad ako sa store re my concern maganda naman yung product kaso mali yung ads nila for the sizes 40cm lang sya and yung haba nya 6m  7m only i bought 10 rolls kasi ayun yung papasok sa sukat ng room ko kaso almost 50 ang lacking,1,0,0,1,wrong advertisement and coordination with the store,,,,
231,shiiiitits not the correct size u send to megardemetpra mk sale lang kyoayusin nyo service nyo,1,0,0,1,not the correct size,seller needs to improve their services,,,
232,i ordered 2 neck fans one was working the other was not nireplyan ako ni seller at first until nag stop sya i sent the video many times kasi she asked to pero useless kahit e refund man lng sana or palitan ang defective product shes not responding anymore,1,0,0,1,faulty item that was delivered seller stop responding,,,,
233,may basag po ung order kong neck cooler,1,0,0,0,broken neck cooler was ordered,,,,
234,medium ba talaga kasi mukhang size yata ng pang bata iisa lang ang malaki for adult,1,0,0,0,product size is not what was ordered,,,,
235,walanq kwenta kunq pwde lanq 0 ibiqay kumita lanq khit makapanloko nq tao binili to pra mqmit nq anak ko tpos sura ipaddala nyokumikita ka sa praan na mali sna mkonsensta kanqsayanq nq pera sa store mo,1,0,1,0,product that was bought was broken and cannot be used,product is a waste of money,,,
236,maliit d q expexted gnito 36 n order q d prin k sya sakin d aq makahinga pwd ba ito papa litan,1,0,0,0,product that was ordered was small and not suitable for the customer,,,,
237,ung pink na inorder ko na airpod iisa ang pod na gumagamana pero na refund naman po agad so goods na,1,0,0,0,only one of the airpods were working,,,,
238,nakainis hindi akin umiilaw exited pa nman ako neto at di iilaw sayang lang pera ko i chech nyo nmn bago i ship at nanginginit ang electric fan na maliit at di siya gumana,1,0,1,0,doesnt work,,,,
239,so wheres the belt  belt not included at the parcel pero binayaran ko so disappointed,0,0,0,0,belt missing from parcel,product not delivered,,,
240,bulok dalawang item order ko tapos isa lang dumating binayaran ko ng buo tangina nyo,0,0,0,0,only sent one item while paying for two,,,,
241,scam scam mali nmn pinadala ni sellerdi mn lang ng inform bgo iship out bsta k lng pinadalhan kung anong gusto nila ipadalapaladesisyon yan gamitin pa nmn nmin sa photoshoot ng gender reveal kya puti order ko tpos pinadala pink kamote ka seller eh boy pa nmn baby namin minadali,0,0,0,1,wrong item was delivered,seller didnt inform the buyer before sending the item,,,
242,wrong item yung order ko is 2l pink iba naman yung dumating,0,0,0,0,wrong item delivered,,,,
243,silicon yung sa mid part pero nakakabadtrip yung hangin hina boss mas malakas yung tunog,1,0,0,0,airflow is weak but the sound is strong,,,,
244,mbilis xang magchargesalamat po d nyo k0 binigo,0,0,0,0,good product,,,,
245,not good mali ang kulay maliit lng ang pagkatubigan order ko 2l pero 1l lng ang idinating skin,1,0,0,0,wrong item received in terms of size,,,,
246,di naman po sya nag sa charge di po magagamit pag brown out,1,0,0,0,product is not charging,,,,
247,ang ganda ng item ang cutethanks seller at kay kuya,1,0,0,0,good product,,,,
248,madaling masira di nakaka ano ng eyelashes waste of money lng,1,0,1,0,easy to break,product is a waste of money,,,
249,2 liter order ko pero iba pinadala nyo napaka hussle pa namn mag return and refund hindi nyo chinecheck bago nyo ipa ship nagmessage ako sa seller pero wala responce,0,0,0,1,wrong product,bad customer service,no resposne from seller,,
250,may eyeliner akong order pero nung dumating walang kasamang eyeliner very poor customer service din hindi sumasagot seller will not order again,0,0,0,1,customer service is non responsive,,,,
251,ang layo ng items picture sa mismong product yes goods na din dahil mura but still nanloloko pa din kayo ng tao and hnd yon tinotolorate,1,0,0,0,lying about product,,,,
252,poor false advertisement not recommended 6 meters lang inang yan 10 meters daw sinukat ko kasi duda ako 6 meters lang di pa responsive ang seller wag kayo bumili dito sinungaling sayang pera nyo hanap kayoniba,1,0,1,1,waste of money,,,,
253,1 pair order lang pero 2 pair dumating,0,0,0,0,recieved extra,,,,
254,incomplete product tapos iniignore ka lang ng seller,0,0,0,1,incomplete product and ignored by seller,,,,
255,talaga kayang ganun ung item parang second hand ang daming scratchtas mabuway pa yung paa,1,0,0,0,used items received,,,,
256,haysss kainis 2l yung inorder ko ang dumating ang liit tsk ang tagal na nga dumating tas ganito pa not recommended,1,1,0,0,small size delivered when 2L was ordered. Delivery took too long.,,,,
257,totally useless basag namahina pahkaya pala mura,1,0,1,0,broke,,,,
258,bumili ako ng tatlong mouse lahat tumagal lang ng one week hindi na agad ganon napipindot yung left click then yung keyboard dalawa binili ko yung isa biak nung dumating saken then yung performance ay napaka poor di sya pang gaming siguro pang office pwede pa not recommended this,1,0,0,0,bought 3 mouse,,,,
259,order ko camel khaki hindi black  medyo disappointed  hindi naman black ang order ko e  pero black ang dumating  kung wala na yung color magmessage para di naman nakakadisappoint  sana magtagal to  yun lang,1,0,0,0,not the color ordered,,,,
260,green ang order ko black ang dumating pero green ang boxdisappointed first time may nagkamaling order sakin from shopee,1,0,0,0,wrong color,,,,
261,ang layo sa amoy ng cloud as in ang layo wala manlang resemblance ang sakit pa sa ulo ng amoy i mean inspray ko sya and amoy sweet sya tapos iniintay ko na mag build up yung prang coconut vanilla butter na amoy nya pero waley,1,0,0,0,not the scent advertised,,,,
262,dalawa lang naibang kulay tapos sobrang tagal sa warehouse took 14 days bago ma deliver grabe yung jnt dapat palitan na sila ibalik yung ninjavan,0,1,0,0,shipping took long,,,,
263,sakto lang both grounded,0,0,0,0,grounded product,,,,
264,pangit mag ipon kayo para worth it yung mabili niyo na version sira agad tsaka mahina hangin price for its quality talaga,1,0,1,0,bad quality,,,,
265,hello seller sana bago niyo ipadala chinecheck niyo muna ang item para di nman po sayang perang ipinambibili namin sa product kayo na po humusga sa product na ipinadala niyo sakin excited pa naman anak ko sa pagdating nitokinulit ko pa kayo sa chathaysst,1,0,1,0,did not check product,waste of money,,,
266,no good dumating ng sira dami pang process sa refund,1,0,0,0,not good product,,,,
267,im dissapointed maganda naman sana yung quality pero bakit may gasgas yung sakin merong line sa glasses nya at yung handler hindi pantay seller beke nemen po,1,0,0,0,damaged and has scratches,,,,
268,medyo di lang satisfied kase di sya ganon kaliwanag tulad ng ineexpect ko yung color temperature di rin gumagana kapag pinipindot ko yung button para maswitch yung color temperature namamatay yung ilaw,1,0,0,0,not satisfied in the product,,,,
269,sira ang power adapterbibili pa ako,1,0,0,0,power adapter not working,,,,
270,mali yung colors hope ininform muna ko,0,0,0,0,colors sent incorrectly,,,,
271,not good panget dumating saken  12pcs walang tape yung kabila  nadayang lang tapos iba madumi pa  panget di na ko oorder dito sayang lang  di ko napicture itinapon ko na kase agad sa sobrang asar ko sa diaper na pinadala nyo dapt check nyo din items,1,0,1,0,waste of money,diaper w/o tape,,,
272,sira na agad ung item after 3x ng pag gamitnakaka dissapoint namanpano to ma rerefund or replace,1,0,0,0,brok immediately,,,,
273,basag yung isang item yung isa naman may dent im so disappointed,1,0,0,0,broken item,,,,
274,very poor akala ko pouch pero hindi fake yan wag kayo oorder dito halagang 99 sticker lng binigay grabe,1,0,1,0,sticker given in a bad price,,,,
275,d nagmamarka yung eye liner nyo,1,0,0,0,eyeliner not working,,,,
276,panget ng mga product dto mali mali binibigay nakakadisappoint sa iba naalng kayo bumili kesa magsayang ng pera dito,1,0,1,0,waste of money,poor quality,,,
277,pink order ko blue dumating tapos sira pa nailaw lang pero hindi nagana hindi nausok wla nalabas na usok at wla amoy tinry ko sa downy at water wla tlga nailaw lang sira hindi nagana inopen ko na wla pa din usok,1,0,0,0,didnt work,,,,
278,i ordered a bigger size yes its useable but still its the wrong size sellers should be held accountable for things like this also the fact that i have to take my time to do this for their incompetence and i dont care if cheap lang yung items kasalanan nila,1,0,0,0,wrong size,,,,
279,wrong sizetapos mag drop off pa ako sa j and t para ma returnang mahal ng pamasahejuskobinenta ko na lang sa iba para di na ako maabala,0,1,1,0,wrong size,,,,
280,order receive maganda sana kaya lang mali ung color black lahat order ko need ko kc sa work pero assorted color dumating,1,0,0,0,wrong color,,,,
281,ang panget ng item na ibigay sa akin sira sna po qng my sira item ninyo wag na po ninyo ibigay sa costumer ninyo thank you god bless,1,0,0,0,bad item received,,,,
282,2 days palang siya sakin and its not working na why thooo i send you a message but hindi nag rereply si seller how can i fix this one wala naman akong ginagawa biglang ayaw na mag on ng lights and umiinit lang yung pag pindutan ng onoff button etc,1,0,0,1,doesnt work and seller doesnt respond,,,,
283,di nakakatuwa apat na lahat ng mouse pad ko galing sa seller di man lang ngconsider si seller sa binili kong mouse pad yung laman ng pouch mouse pad din tapos yung 2 order ko pang mystery bos mouse pad din tapos 2 designs lang ayun apat lahat,1,0,0,0,many of the same kind,,,,
284,ang pangit ng cutting may mga butas patapos hingi ako ng refund ako pa mgbabayad ng sf ang mahal kaya ng sf ng lbc dito wlang ibabakit gnun tayo pa mga buyer yung mahahassle upon returning eh hindi n mn natin ksalanan na damaged yung pinadala,1,0,0,0,poor cutting,,,,
285,hello rose red yung inorder ko bakit pink pinadala,0,0,0,0,wrong color,,,,
286,my dent at deform at sira ung box kahit nk bubble wrap my mga gasgas din hnd lng kita sa pictures,1,0,0,0,damaged box,,,,
287,bumili ako ng 2 from the same store yung nauna maganda kumpleto etong huling dumating grabe mukhang peke kasi malimali ung typo anlalaki pa ng font anlayo sa picture kulang pa ng part yung straw kaya maikli sya,1,0,0,0,2nd item is fake,,,,
288,not satisfied hindi nmn gumagana nag turn on yung lights pero paggagamitin d mn lng mkakuha ng hair tsk,1,0,0,0,didnt work,,,,
289,defective ung nabigay sakin kasi d na ooff kht ilang pindot natapos amoy sunog pag chinargesayang lang kc d nmn magagamitkkdeliver lng 2 hrs ago,1,0,0,0,defective item,,,,
290,damaged its making a noise pag naka on hassle pa kung irereturn,1,0,0,0,damaged item,,,,
291,sorry seller pero poor rate ang mabibigay ko may defect ang fan na received ko at poor ang packaging,1,0,0,0,fan and packaging has defects,,,,
292,ang baho bat ganon kasabwat niyo ba tong mga nagrereview bat ang baho parang alcohol nakakainis parang alcohol ang baho sobra ang sakit sa ulo parang tubig at alcohol ano ba naman to kasabwat niyoba yang mga nagrereview jusko dapat talaga cancel order ko na to para kayong nakakaloko,1,0,0,0,smells bad,,,,
293,not beautiful nahihinayang ako sa binili kong item sa shop nyoyung inorder ko hindi tugma sa item na dumating sa akin grabi naka disappoint kayotapos ang wala pang guide kung paano ayosin ang straw sa thumbler tapos yung kulay hindi tugma sa inorder ko hindi ito ang hindi ko ito,1,0,0,0,mismatch product,,,,
294,nakakainis mali naman yung binigay nyo sana kung anu yung order sa inyo bigay nyo ng tama 2l green purple ang order ko ang dumating 1l nakakadala kayo nagbabayad naman ng tama,1,0,0,0,wrong product,,,,
295,poor packaging nagasgas tuloy ung bandang gilid next time seller pakiayos naman ang packaging nyo ang dami ko pa namang binili at umabot ng 1k mahigit pero ung pagkakapackage masisira pa ung product definitely will not order again kasi sa packaging,1,0,0,0,product packaging very poor,,,,
296,bench yung inorder ko tapos hm ang dumating wrong item po wag na lang kayo bumili aasa ka sa wrong product,0,0,0,0,product incorrect,,,,
297,very bad okay naman sana kausap yung seller kaso ang unreasonable lang ng ibibigay sayo refund  binili mo almost 300 tapos ibibigay lang sayo 80 mas malaki pa ata shipping fee sa 80 pesos wag na kayo bumili dito ekis mga badi mababadtrip ka lang triny ko na din,0,0,0,1,seller is unreasonable,,,,
298,panget sira yung dumating sakin at ang ingay pa  madali din masira yung button at tyka hindi udjustuble,1,0,0,0,item is defective and easy to break,,,,
299,honestly di ko alam if effective ba talaga after a few days of using kasi chineck ko filter kokonti ung dumi given na madami akong cats samantala yung bagong biling electric fan na 18 3days pa lang ang dumi na dahil sa balahibo manipis din sya lighthweight,1,0,0,0,hard to tell product effectivness,,,,
300,items are lacking and i was not refunded kahit na kinontak ko na both seller and and shopee may status na refunded na pero hindi nag reflect sa aking spaylater,0,0,0,1,no refund on items,,,,
301,seller bakit same color lahat nakakdismaya  available pa lahat nilagay ni tapos ang e dinilever mali tsssk,0,1,0,1,Wrong delivery and bad service,,,,
302,4 na xxl order deniliver 1pc l 2 xl hindi lahat kasya kahit pala xxl maliit din pang mapayat lang kasya hindi ko na binalik kasi abala nag message pa ako na wag na deliver kung di xxl kasi nga matataba kami wala kasi ako nung deniliver mali yung mga,1,1,0,0,Wrong sizes delivered.,,,,
303,dalawa inorder ko pero isa lng ung dumating responsive naman po si seller renifund nlng nya ung item,0,0,0,1,Missing item but responsive seller,,,,
304,before i finalized my order i asked the seller kung available lahat ng sizes of the shoes then she responded immediately na meron daw please please do not trust this seller she sends me 2 shoes na hindi kapareho nang nasa picture na inorder ko ang pangit ng mga ipinalit,1,0,0,1,Wrong item sent and not trustworthy seller.,,,,
305,di maayos yung pagka package nila kaya masisira talaga yung product and wala man lang nakalagay na fragile sayang lang pera dito mag invest na lang kayo sa mas okay na ring light,1,0,1,0,Bad packaging.,,,,
306,tagal dumating ng item and pagdating saken defective sya na detach yung mismong led strip sa connector so i have to cut and soldered pa para gumana i dont know kung sino ang may fault yung courier ba o si seller maayos naman yung package nung dumating so baka faulty,1,1,0,0,Defective item and late delivery.,,,,
307,madlaing malobat mahinang fan fully cahrge bago ginamit sa school,1,0,0,0,Product issue,short battery life.,,,
308,not so good packaging hindi maganda ang pagkapackage ngusot gusot ung wall paper pls pack it carefully kc sensitive ung wallpaper thanks,0,0,0,0,Bad packaging,,,,
309,would not recommend mabango naman sha pero d masyadong naaamoy unless issniff mo talaga sa sprinayan mo mura na din sha for this big na bottle kaya 610,1,0,1,0,Product is not as good as advertised and cheap,,,,
310,newborn daming reject d rin responsive ang seller halos wlang magamit meron p prang lumakulot lukot ung iba ung iba wlng tape ung iba wlng garter  d ko na napicturan ung iba dahil busy ako sa baby ko,1,0,0,1,Many rejects in product received and seller not responsive,,,,
311,sobrang higpit ng pagkaka pack kaya na pipi na ung wipes ending nabasa un perfume bag san binikod sa bubble wrap na di ksama un wipes chinat ko si seller regarding this bago ako mag rate kaso walang reply tlaga,0,0,0,1,Packaging caused damage and no response from seller.,,,,
312,same lang sa price di ako nag expect ng marami wala din sya built in mic wala kang control sa volume at di mo sya pwd e next gamit ang bt,1,0,1,0,Not good and just okay for the price,,,,
313,so far diko nagustuhan daming luma na ipinadala yung white dirty white na  kulang kulang pa yung green 20pcs 8 lang dumating kaya bitin yong door ko di naayos nang mabuti yung cutting diko maintindihan,1,0,0,0,Old items delivered and other issues.,,,,
314,hindi naman color na dumating ee burgande ang aking order ang dumating orange,0,1,0,0,Wrong color delivered,,,,
315,im disappointed because the perfume is not what i have ordered i ordered ariana grande cloud perfume oil based tas 51  pero iba dumating oo cloud sya pero 22 at 42 ang number sa ibaba iba ang amoy nagkamali ang dinikitan nyo ng sticker ng cloud i waited for,1,0,0,0,Wrong item delivered.,,,,
316,mali yung color na dumating ordered gold pero silver hinayaan ko nlng pro di na magamit ng niece ko yung tablet nag hahang yung apps at naglalag pa nagfactory reset ako pero wala prin nakipagcoordinate ako sa seller para dun sa warranty na 12mos pro di nmn ata totoo yun,1,1,0,1,Wrong color,product defect and seller warranty is not true.,,,
317,late kona nlaman yung amoy nya diko kasi binuksan agad yung cucumber lemon kasi inuna ko at na satisfy nman ako sa amoy humahalimuyak kaya feel ko eto din same pero ito walang amoy  parang alchohol lang na walang amoy,1,0,0,0,Late to find out the scent is not good,,,,
318,actually iba ineexpect ko na laman kaso lukot ung box the seller is careless for the item sana d ganito mangyari sa ibang umorder,0,0,0,1,Careless seller and product's box has creases,,,,
319,sub standard dumating sakin na basag yung case ring light wala sa loob ng box yung basag na part meaning hindi sa shipping nabasag pinack nila basag na sinabe ko agad problem nag offer sila mag refund via gcash ng 25 until now wala pa din narefund puro ifollow up,1,0,0,1,Broken case delivered and seller offered refund but until now haven't received,,,,
320,d chineck ng maayos ung item ang daming flaws lalo sa straps d matibay,1,0,0,0,Damaged item,,,,
321,wag kayong bibili dito sa shop na toscammers sobrang bulok ng tablet na binbenta nila ayaw pa ipareturn di pa mabait ang seller kausap 2023 na nanloloko pa rin ng tao di na nahiyawaggl kayong bibili kung may rating lang na zero yan bagay sa shop na to sa tagal,1,0,0,1,Scammer seller and bad service,,,,
322,ok baguhin ko rate ko nkadidismya nmn dito sa shop n to tama number ng order ko nka lgay sa itaas now ko lng napansin nung my ng palgay sakin n customer ung iba mgkakamukha ng kulay dinikit nyo lng ata mga number nto sayang binayad ko,0,0,0,0,Color issue for ordered products.,,,,
323,poor poor quality maninipis mga items mukang madali masira i also received the items with wrong colors pa sana nagiinform muna si seller bago ipadala wala man lang bubble wrap or anything mga items sinalpak lang sa pouch kaya deform lahat for the sake na makabenta lang sayang lang pera,1,0,1,0,Poor quality and wrong color.,,,,
324,brown ang dumating sakin hnd pinkpink lng yung lagayan,0,1,0,0,Wrong color delivery,,,,
325,lcd issue one day palang ginagamit may issue na sa lcd we would like to request for a replacement unit thank you one month later we still dont have our replacement unit we already returned the defective tablet they are also asking us to change our rating to 5 stars,1,0,0,1,Product issue and requested for a replacement unit but no action.,,,,
326,expectation vs reality ibalik nyo ung excess pera namin pitong 2liters order ko tapos pitong 1100ml lang assorted color order tapos dumating dlwang color lang na iba pa ang design ayusin nyo sana ung pagpapack nyo icheck nyo naman po sana bago ipadala sayang lang pera e,0,0,1,0,Wrong items delivered and said its worth it to return the excess amount.,,,,
327,im not satisfied s dumating n bra s akin nd yon order ko at iba yong kulay,0,0,0,0,Wrong item and color,,,,
328,madaling masira ang dami na ng msg ko sa inyo hindi kayu nagrereply kulang ang item na ipinadala ninyo i do not recommend this shop hindi marunong mag reply sa customer nila ang pangit ng service nyo kulang mga items na pinapadala nyo pag marami ang order,0,0,0,1,Item damaged,seller not responsive and some items are missing,,,
329,not good wala tape paano magagamit matagal na nga ideliver di pa magagamit,1,1,0,0,Late delivery and not good product,,,,
330,iba ang dumating taslan yung dumating ndi cotton nubayan very disappointed,1,0,0,0,Wrong item delivered and disappointed,,,,
331,panget di nagchacharge at di sumisignal,1,0,0,0,Product not working,,,,
332,luginglugi nag order ako ng dalawang mystery items tas dalawang lumang mouse pad lang laman wag na kayo rito gahaman,1,0,0,0,Bad item received for mystery items.,,,,
333,not working hindi nag chachargesamantalang chinarge ko na po ng 3 hours di pa rin po gumaganasa una akala ko charger lng po may problema so nag try akong ng ibang charger tas nag wait ako ng 3 hours ayaw padin gumanapero nung tinesting ko yung dalawang charger gumagana namanyung,1,0,0,0,Item not charging.,,,,
334,sobrang tagal bago dumating yung item april pa inorder may 16 na dumating isang buwan din mahigit hindi ko pa sya natry kung water proof nga haissst,0,1,0,0,Late delivery.,,,,
335,ung nkalagay n sulat s switch botton eh di maintindihan sna di cya madaling masira pro nkakasira s image hehe,1,0,0,0,Issue on product description,,,,
336,punit punit naman di maayos ang pag package tas manipis,1,0,0,0,Packaging and product damaged,,,,
337,510 tatlo yung binili since affordable naman gumagana naman sa music pero yung sa mouthpiece hindi un pa naman sana ang main reason ko why i order this earphones tapos palpak,1,0,1,0,Bad earphones but worth the price,,,,
338,nakakadismaya poang kabilang headset hindi po gumaganapwedi ba e return at papapalitan,1,0,0,0,One headset is not functioning.,,,,
339,waste of money sayang pera wag kayo bumili dito di ka pa papansinin ng seller pag may issue isang araw lang gumana pagkatapos wala na waste of money never again sa shop na to,1,0,1,1,Defective item and not responsive seller.,,,,
340,triny ko hehe dumidikit sa balat ko yung kulay kahit napunasan kona uminom ako sa baso dumidikit din tapos hindi pa long lasting wala pa yung parang kutsara niya hays super disappointed excited pa naman ako kasi maputla ako,1,0,0,0,Not good product,,,,
341,anu na ho balita reply naman dyanuso mag reply may kamay nman po kau cguro hindi ko po pinulot ung perathanks po,0,0,0,1,Seller not responding.,,,,
342,ang order ko black na f94 angnnilagy ng seller white and d nag inforn sa akin,0,1,0,1,Seller sent wrong color and did not inform customer,,,,
343,010 panget ang sounds and wala mic pg may kausap dika naririnig,1,0,0,0,Poor sounds and no microphone,,,,
344,nag leak ung perfume  sana binalot ng ayos tsk tsk,1,0,0,0,Leaked perfume because of bad packaging,,,,
345,bat naka order received na e wala pa sakin yung order ko,0,1,0,0,Order received but item is not with the buyer,,,,
346,wala yung usb  wala din bubble wrap yupi ang kahon ayaw mag charge nag bili pa naman ako kasi walang usb line na kasama kaso ayaw din gumana paki check nmn product nyo bago iship,1,0,0,0,Item missing,bad packaging and item not working,,,
347,not good kulang naman ung binigay walang ballpen nag send pa ng pic ng ballpen d naman isasama sa packaging hyst chinachat ko seller ayaw mag reply order sana ako ulit para mapadala ung ballpen ayaw mag reply na scam ako don ah sayang pera pls ausin nyo ung services,0,0,1,1,Missing item and seller not responding to the issue.,,,,
348,ang dumi grabe nabwibwisit ako okay naman yung hangin pero ang dumi dumi ng fan na dumating sakin parang antagal na naka stock or naka display yung pinadala sakin nakakainis lang nagbayad ako ng buo at tama pero ganito item na marereceive ko,1,0,0,0,Dirty item received,,,,
349,seriously nasa description niyo 2l  tas dumating 1l ayaw pa ma chat ang seller kahit 1 star di mo deserve,0,0,0,1,Misleading description and seller not replying,,,,
350,panget di gumagana mouth piece pagkalapag ko nasira agad isang earphone,1,0,0,0,Defective item,,,,
351,magkaiba ang connection nung nabili ko hindi siya sabay tumunog one at time lang maganda na sana kaso di sya sabay tumunog,1,0,0,0,Defective item.,,,,
352,iba yung na deliver na nasa picture nakaka  first time ko na disappoint sa order ko ol,1,0,0,0,Wrong item delivered.,,,,
353,sabe standard daw size smaller size naman pala sabihin mo mag add ng 1 size and for me hnd maganda quality para sa presyo,1,0,1,0,Small size and bad quality for its price,,,,
354,ok na din khit di kaya nng nasa actual photo na nkapost haha,1,0,0,0,Item issue but just ok,,,,
355,kulang na ng isa tapos same same pa mga design na binigay ayusin niyo trabaho niyo nasan yung white strawberry order ko,0,0,0,0,Missing items and incorrect designs,,,,
356,huwag na kayong mag settle sa mababang price ang chaka ng quality pls,1,0,1,0,Bad quality and affordable.,,,,
357,received all items naman kaso maninipis siya,1,0,0,0,Quality concern,,,,
358,wrong color variations i ordered 1 dark blue dark grey grey and black but i received 2 dark blue and 2 maroon which is not included in my order variation magbibigay pa kayo ng variation tapos hindi niyo rin pala susundin,0,0,0,0,Wrong color,,,,
359,na tatanggal agad wag kang sinungaling seller di po maganda sa business yan instead of 10m as advertised 56m lang sya di pa maganda packaging di tulad sa mga nauno kong order sa ibang shop tunay ngang dont settle for less,1,0,0,1,Incorrect length received and poor service from seller.,,,,
360,basag po un item inedit ko un rating kc hindi akin un item pnkakisuyo lng skin  ngyon lng nya na open and sadly basag cyasna marefund pa nmin sayang ang pera,1,0,0,0,Broken item.,,,,
361,panget nung payong nato mahal pa pink ang inorder ko  dalawang black ang dumating wag po kaung mgpost ng mga color kung wala pala kau dapat cnbi nio na lang black lahat ng payong nio hay naku scam n nman ako wag po kaung bumili dito sa seller,1,0,1,1,Wrong color and scammer seller,,,,
362,masyadong matubig and need pa ng curly para mas mahalata ang maganda sa knya is hindi nangingitim yong under eye pagka nag ttransfer,1,0,0,0,Bad quality,,,,
363,maling items ang pinadala mas mahal un binayaran ko hassle mag refund so ginamit ko nalang sa ibang place,0,0,1,0,Wrong product but more expensive,,,,
364,510 hindi sya ganun ka effective once na pinahid s lips mabilis mawala ung colortas mainit ung ramdam s lips,1,0,0,0,Ineffective product,,,,
365,yung boxer lang ang katulad sa mga picture pero the rest ibang iba hindi na ko oorder kung pwede lang walang star ang ibigay sa inyo hahaha,1,0,0,0,Wrong products delivered.,,,,
366,mali nmn po yong dumating sira pa maka disappointed po,1,0,0,0,Wrong item and defective.,,,,
367,white yung inorder ko black yung dumating hindi ata alam ng seller kung ano ang black at white na kulay,0,0,0,0,Wrong color delivered.,,,,
368,ang ganda po sana kaso 39 yung dumating eh size 40 po inorder ko at 40 pa yung nakalagay sa plastic,1,0,0,0,Wrong size delivered.,,,,
369,ang ganda nya at ang phone kaso mgaan lng sya fit nmn sa price sana sa susunod e bubble wrap nyo nman ung charger at earphone,1,0,1,0,Good product but need to improve packaging.,,,,
370,wag na wag kayo umorder dito ang seller walang kunsidreasyonpina cancel ko ang order gawa nga ng mali ang size pero dnedma nya at ipina ship parin regarding sa quality d maganda ang nipis,1,0,0,1,Bad quality,seller with no consideration,,,
371,kaloka ka seller  hirap mo kausap hahahah sabi ko black n white pero puro black to ekiss na kayo,0,0,0,1,Seller is difficult to talk to.,,,,
372,not the same with the description be honest po mga seller kace hindi pinupulot ang pera even it is small amount hindi naka bubble wrap kaya medyo baliko its not legit photochromic as you can see in my photos and videos there are no changes when its exposed to sunlight,1,0,0,0,Misleading description,bad packaging,,,
373,sabi nyo rechargable i expect na machacharge ko sya tas magagamit ko ng di nakasaksak ok lang sana kung walang battery kaso maglagay man ako ng battery wala padin talab since wala sya power supply sa battery di pa maayos packaging hay naku,1,0,0,0,Defective item and bad packaging,,,,
374,not stainless steel as indicated in their description manipis madaling mayupi kaya pagdating hindi na pantay not universal recommended for burners with same trivets as portable burners,1,0,0,0,Misleading description and product defect.,,,,
375,ang layo ng amoy sa binibili kong strawberry champagne not satisfied kaamoy ng bambini na pink,1,0,0,0,Not satisfied,,,,
376,pang kids po naklgay pero pang adult pinadala sakin  para sa kids ko pa nmn to pero sobrang sayang lang,1,0,0,0,Wrong item delivered.,,,,
377,0 am pangit walang sticker ndi pa responsive ung seller green bnli q pero ung takip blue ee di wow pag may nega comments talaga dpt ndi na tinatangkilik ehh kaka disspoint,1,0,0,1,Not responsive seller and item issue,,,,
378,isa lang nagana please pa refund po iisa lang gumagana umiilaw lang sya pero ndi mag play sound iisa lang gumaganaparefund naman masasayang lang kase pag ndi ko ginamit,1,0,0,0,One item is not working.,,,,
379,first time ko mag order sa shop nato nabasa ko ang mga feedback ok nmn kaya na paorder ako kaso super disappointed ako dahil nang dumating ang item same na kaliwa nakakainis tlaga pano ko to gamitin hayzz sana nmn pakicheck ng maayos if tama na ang item,1,0,0,0,Wrong item delivered,,,,
380,ok naman yung jogger napakatagal maship at ang tagal bago dumatingnkakadissappoint umorder dtokung alin nauna q inorder un pa pinakamatagal dumating di man lang nagreresponce si seller,0,1,0,1,Late shipping and seller does not respond,,,,
381,oks naman sna yung items kso kulang 4 pcs ang binayaran k 3pcs lng ang dumating sa akin,0,0,0,0,Missing item,,,,
382,im so disappointed to the product and specially to the seller why because i ordered 6 items pero nung dumating sakin 5 lang atska mali rin yung mga shades na nakalagay yung tan na orange ang shades pero pink pala hayssst,1,0,0,0,Wrong item and item missing.,,,,
383,hindi matched yung color na binigay ibang iba dun sa color chart,0,0,0,0,Wrong color,,,,
384,thank you po supppeerrrr ganda po nya maraming salamat at dahil maganda 5star kayo sa aki,1,0,0,0,Good product.,,,,
385,since mura sya you cannot expect na okay ang keyboard hindi swak ang pagtatype minsan nadodouble ang letters and have to click harder maingay din ang pagtatype pero if you want that way okay na rin overall okay sya na panandaliang gamit,1,0,1,0,Okay product for its price,,,,
386,bcoz i order color greybut black ang dumating pero okay ayus lang makapal,1,0,0,0,Wrong item delivered.,,,,
387,sayang pera ko sira ang phone hindi maka receive ng calls and text tapos kapag tanggal pag charge automatic lowbat,1,0,1,0,Defective item and waste of money,,,,
388,so disappointed seller kanina lng dineliver to tuwang tuwa pa namn ako ksi sobra lakas ng ilaw at fan dko ineexpect n sayang lng ung pera ko d2 ksi di nagcharge at wala bakal ung battery ang masaklap p d2 nilagy ko n knina ng order received,1,0,1,0,Defective item and waste of money,,,,
389,masakit sa ulo ung amoy iba sa ariana grande cloud ang amoy na nabili ko dati,1,0,0,0,bad smell,,,,
390,super disappointed i ordered bluepink but blueorange arrived huhu hassle na ireturn orange is never my color i dont like orange not my fave kahit man lng violet ang maling pinadala okay pa my faves are blue pink and purple and never orange,0,0,0,0,Wrong product and not favorite color,,,,
391,ano ba naman yan next time seller pakiayos naman ng mga items nyo tss,0,0,0,0,Item concern,,,,
392,not worth it mali ung item na dumating 2liter order q ang dumating 1100 liter lng dalawa pa nmn din bili,0,0,1,0,Waste of money and wrong item delivered.,,,,
393,di ito yung original creation spa kasi yung original meron syang strong scent na talagang nakakatulong sakin makatulog sorry pero dissapointed ako akala ko kc ito na yung original,1,0,0,0,Item issue not satisfied,,,,
394,okay sana kso ung order ku nung una ayaw nila irefund ang hirap nila mgrefund  di nmn aku mggalit kung ntanggap ku item ei kahit ibalik ku item nyu dina pwede ksi order din lng skin un  ung akala mu na tumubo ka nalugi kpa feeling ku sadya,0,0,0,1,Not satisfied on sellers service,,,,
395,cheap magkaibang size ang dumating kahit na mura lang ito sana naman they send the right order how am i suppose to wear this di pareho ng sukat tsk isang 38 and other one is 39,1,0,1,0,Size problem cheap item,,,,
396,ngayon lang ako magbibigay ng ganitong review for me yes mura siya pero yung quality ang layo ng nasa pic may nabilhan ako ng ganito mura din pero quality kaso walang size pra sa asawa ko dun kaya naghanap ako ibang shopayun epic fail pinambahay na lang namin,1,0,1,0,Cheap price product doesnt reach to the quality as compared to the actual,,,,
397,antagal nanga nadeliever my sira pa pati mga charger local hard touch pa,1,1,0,0,late delivered and product has damage,,,,
398,mabilis napaship pero hindi ko nagustuhan yung sa pajama nagsend si seller ng pic bago niya ship napansin ko parang pare pareho design message ko siya pero sabi iba iba daw pagdating 4pcs 2designs lng 2pcs per designnakakadisappoint kase sakin lahat,0,1,0,0,Fast shipping but incorrect designs delivered.,,,,
399,pagkarating dito samin i was excited then pagbukas ko may oily texture agad na sumalubong im not satisfied to my order may pagka amoy alcohol yung scent kasi hindi ko bet for me ha,1,0,0,0,Not satisfied with the order,,,,
400,di nasunod ang gusto ko sorry seller but i gave you 1star for making me so much disappointed  ngaun lang ako nakapag bigay ng 1star ever so much favorite ko ang purple thats why i choose purple blue color but you gave me grey the worst color of me,0,0,0,0,Did not follow order requests,,,,
401,not good hindi sya samsung hindi rin original kaya mura pero sana palitan yung nakalagay na 2022 samsung new arrival tablet adroid pangit nang graphics,1,0,1,0,Mentions the product is not original (product),mura - cheap (price),pangit ng graphics (product).,,
402,deffective siyaone side lang ng fan ang gumagana tapos d naman nagflicker kapag inacharge sayang ang ibinayad ko ang hirap p naman kitain ng perasana bago nyoishipout chk nyo muna kung ok yong parcel,1,0,1,1,deffective,d gumagana (product) sayang ang ibinayad ko (price),before ishipout chk nyo muna kung ok yong parcel (service),,
403,super nipis at hindi naka individually packed naka scoth tape lang compare sa na purchase ko sa ibang shop makapal at naka individually wrap at meron pa siya cartoon ang wallpaper at me mga part na punit2x na at mukhang hindi siya 10meters ang haba compare sa naka plastic wrap,1,0,0,0,mentions quality of material and packing (product),super nipis,naka scoth tape lang,punit2x,
404,seller doesnt response on chat will not order again and kulang yung mga accesories wala syang supporter,0,0,0,1,mentions seller does not respond (service),kulang yung mga accesories (service),,,
405,ibang color at design ang pinadala,0,1,0,0,mentions wrong color and design delivered (delivery),,,,
406,defective product arrived hindi magamit at all,1,0,0,0,mentions the product is defective (product),hindi magamit,,,
407,hindi ganun ka tibay the worst is nasira siya habang ginagamit langnawalan ng sounds yung sa right,1,0,0,0,mentions not durable and broke while being used (product),hindi ganun ka tibay,nasira siya,nawalan ng sounds.,
408,manipis ang tela nung january 20 ko pa inorder ngayong february 3 lang dumating d agad shinip ng seller d pa nagrereply i will not order again,1,1,0,1,mentions the thin material (product),delivery delay (delivery),and no reply from seller (service).,,
409,ang liit nang sizes po kahit 4041 ang liit size ko talaga 40 pero di kasya,1,0,0,0,mentions the small sizes (product),ang liit nang sizes po,di kasya.,,
410,ok nman xa kaso lng ung isang box walang chargerisa lng po ang free charger,1,0,0,0,mentions item received ok but one box missing charger (product),,,,
411,pinadalhan ako ng defective na unit ilang araw kami nagtry mag troubleshoot bumili pa ako ng bagong sim card wala din since nakailang araw di na marefund tapon pera to not recommended,1,0,1,0,mentions the defective unit (product),tapon pera to (price),not recommended (product).,,
412,pangit ang quality madaming gasgas at kunwari naka sealed at may note na nacheck na ang items at working good  yun pala sira,1,0,0,0,mentions the bad quality (product),sira (product),madaming gasgas (product),,
413,will not order again will not order again will not order again panget yung paa niamabilis mabaliat kulng pa ng piyesas na screw,1,0,0,0,mentions product not good at easily broken(product),kulng pa ng piyesas,,,
414,ok ndi marunong sumunod sa kulay ung seller first order ko pink dumating black umordrr ako ulet ng pink dumating parang red yung last pic ung order ko s ibang shop buti p un binabasa tlga kung anong kulay ung order ng customer,0,1,0,1,Mentions,wrong color delivered,and failure to follow order.,,
415,panget yung product maliit sa ordinaryong sticker wallpaper not recommended,1,0,0,0,mentions small product,not recommended,,,
416,not worth napakabagal ung number 1 2 at 3 pare parehas lang naman ng lakas at napakahina jusko sayang pera sa inyo if meron lng negative 1,1,0,1,mentions product is not worth it (price),sayang pera (price),mahina and mabagal (product).,,,
417,ayos ah isang araw lang ang naorder ko sa inyo na keypad phone hapon ko ginamit tapos pagka gising ng umaga kala ko lobat kasi naka off kya chinarge ko tpos after ilang minutes sinubukan ko iopen ayaw na sino ba naman matutuwa sayang lang pera ko kainis 1st time,1,0,1,0,mentions product broke after limited use (product),and waste of money (price),ayaw na,sayang lang pera ko.,
418,ok nmn ang quality disappointed lg dahil d pare pareho ang pag cut hirap mag pantay pantay,1,0,0,0,mentions ok quality but not the same cutting(product),,,,
419,galawang scam we guarantee that the minimum value of the product you obtain is not less than 799 randomly selected prizes smartphone tv laptop etc earphones p79900,0,0,0,1,mentions,galawang scam.,,,
420,size 38 ako ha pero binili ko size 40 na jusko napakaliit talaga ng sizes nila second time ko na to tamang size binili ko nung una napaka liit sakin dis time nilakihan ko na maliit parin jusko anu bang measurement meron kayo ha,1,0,0,0,mentions the extremely small sizes (product),maliit talaga ng sizes.,,,
421,picture not related d kasya sakin masyadong maliit sa size ko binigay ko nalang sa kapatid ko pero maganda naman yong item pati yong kulay yon ngalang d kasya slamat parin seller,1,0,0,0,product not same as picture (product),masyadong maliit sa size,maganda naman yong item,,
422,item is not sticky poor quality will not order again ang dami ko pa naman inorder sayang pera,1,0,1,0,Mentions poor product quality,not sticky,sayang pera,,
423,okay nagorder ako nito kasi sira na ung earphones ko matagal syang dumating and i needed a new one immediately pagdating di nagana ung right pair i dont know why i was expecting a good sound as well pero hindi sya ganon ka high quality,1,1,0,0,Mentions,product defective and late delivered,di nagana ung right pair,matagal syang dumating,
424,ok sana yong cellphone kaso yung screen na daming scratchesparang 2nd hand na i do hope matagal po itong masisira,1,0,0,0,mentions phone received with scratches on screen (product),,,,
425,wag kayo bibili sa shop na to obviously naman na sira ung item pero pinadala parin nila bogus seller pano pa magagamit ung item kung sira sana icheck muna mabuti before ipadala,1,0,0,1,mentions broken product sent from seller and requesting for checking before shipping (product) service,sira ung item,bogus seller,icheck muna mabuti before ipadala.,
426,dalawa inorder ko for my twins and im very dissapointed mahina ang hangin ung isa ayaw umandar kpg hindi cia naka charge nakakaloka sayang pera ko,1,0,1,0,mentions poor quality fan (product),sayang pera ko (price),,,
427,nung una kong umorder ang ganda ng packagingnaka bubble wrap pa next order qnapaka poor ng pagkakapack clips po yung inorder ko kya napaka fragile din po nonakala ko jackpot na ko sa shop na tokasi tuwa nung mga una q napa order ng clipngayon pano q pa to mabebentalugi,1,0,0,0,mentions that the product received has broken clips and that the packaging had gotten progressively poor with each order (product),napaka poor ng pagkakapack,clips po yung inorder ko kya napaka fragile din po non.,,
428,not satisfied dalwang wire ni order ko yung isang wire di gumagana  and di sya fast charger  but thankyou sa rider,1,0,0,0,mentions not satisfied with quality because defective (product),,,,
429,nakaka tanggal nman nang balahibo nang pusa at ibang dumi bsta d lang mabigat maliit kasi xa 2 star kasi walang indicator kapag nka charge xa hay nku,1,0,0,0,Mentions the size of the product,,,,
430,not good 2weeks lng nagamit wala nah bumigay na syasayang lng pera,1,0,1,0,mentions product defect short lifespan (product),and waste of money (price),wala nah bumigay na sya,sayang lng pera,
431,ayaw po gumana tas may problem sa paglagyan ng battery why naman ganun,1,0,0,0,mentions not working and problems in placing battery (product),,,,
432,tbh pangit po di po photochromic hehehe di pa nga nabilad sa araw nag dadark na matagal dumating,1,1,0,0,mentions,product is not photochromic and delivered late,,,
433,yung picture ng product neck fan ay hindi po katulad ng pinadala same color po pero maliit hindi nag charge meron discolor at walang air sa nape area puro side lang ive ask seller to change item sagot nya charge ko daw 5 hours ayaw nga po eh hwag,1,0,0,1,mentions product is not as advertised and not charging (product),seller service is bad (service),,,
434,havent tried for long hours i choose white color but the seller sent me army green sana next time seller if papadala kayo ng item send pic 1st then if not available ung item mark it as sold out,0,1,0,1,mentions product is not same as advertised (delivery) army green,,,,
435,gray order ko maroon pinadala niyo,0,1,0,0,mentions product is not same as advertised (delivery) maroon,,,,
436,not working sira yung payong sayang pera ayaw bumukas,1,0,1,0,mentions product is not working broke (product),and waste of money (price),sira yung payong,sayang pera.,
437,yung ineexpect ko kung merong free gift pero wala naman,0,0,0,0,No aspect,,,,
438,did not receive item hndi nagrereply ang seller hinihingi ko n ibalio pera ko o ideliver p dn dahil wala ako nareceive pero mukang pera ata ang seller wag kayong umorder sa seller na ito bogus baka magsisi kayo sana matakot kayo sa ginagawa niyong panloloko,0,0,0,1,Did not received and seller hindi nagrereply,,,,
439,okay sana kaso im very disappointed dahil yung ibang sinulid tas tas na d manlang chineck ni seller if okay ba yung mga sinulid grabi naman po,1,0,0,1,Product tas tas na hindi chineck,,,,
440,mali ung binigay ni seller 2liter ung order ko eh mali nmn ung size na pinadala kung di na po available yung product dapat di nyo pinilit yung gusto nyo kelangan ko po yung 2l kahit anong color n lng po sana   return i think di na aabot sa saturday hay naku tsk,0,1,0,1,wrong item and will return sana,,,,
441,kulang kulang binibigay pakiaayos naman sa susunod seller nakakainis ka 2beses nako nag oorder sayo na kulang parin ang item paulet ulet na una okey na nabalik nyona ang peyment galing vouncher tpos gunamitko ulet sa shop nyo kulang nanaman ang dumating kahit kompleto ang bayad konakakadismaya 50plus lang yan,0,0,0,1,lacking item seller doesnt double check.,,,,
442,good thanks seller ganda po ng nbili ko s inyo bili uli ako pra s mga anak kothank u din shoppe at kay kua rider,0,0,0,1,Positive comment service is good.,,,,
443,iba ang natanggap ko sa inorder ko suitable kasi yung inorder ko as a gift to my friends and babae sila tas nagbigay ng dark color eh ayaw nila nun dapat sinabi nalang nila na di available yung kulay para makapili ng iba pa,0,1,0,1,wrong item received seller doesnt advice.,,,,
444,fabric is not goodmadali mag run and maghimulmolthought it was cottonwell mura ksi kaya expected na rin na d tlga ok parang disposable,1,0,1,0,fabric not good mura,,,,
445,basag ang mirror ung sealer d gumagana,1,0,0,0,defective product mirror basag and sealer is not working.,,,,
446,nakakainis mali parehas binigay na order ko yung 2l naging 1100ml nalang anyari budol is real seller sana nag chat ka manlang or nag send ng photo ng items magbabayad ka ng tama pero ibibigay sayo maling items,0,1,0,1,budol real wrong item received,,,,
447,isang araw lang nagamit hnd na agad gumagana hnd nabagsak or naubusan ng battery hnd na masoli kc natapon na yung barcode and packaging seller is not responding,1,0,0,1,product defective short lifespan and seller not responding,,,,
448,light weight how does this help if wala naman suction such a waste of hard earned moneywould there be any replacement for this,1,0,1,0,not useful and what to replace with,,,,
449,dark colors large pero dalawa doon parang medium size samantalang ung apat maluwag sira agad isang araw palang not worth it,1,0,1,0,sira agad not worth,,,,
450,mabango kaso nawawala den agad yung bango nya pero okay na sya mura kasi photo are not related,1,0,1,0,mura is price but not lasting bango,,,,
451,not worth it parang tubig na nilagyan lang ng alcohol ansakit pa sa ulo ng amoy,1,0,1,0,not worth the smell bad.,,,,
452,im so dissapointed to this productplum yung order ko so akala ko dark color pero yung dumating pink na ewan di bumagay tapus akala ko din matagal mawala or matanggal pero ibabad mo n 30 mins sa lips mo but still nabura parinexpectation vs reality,1,0,0,0,not worth it dissapointed in product.,,,,
453,looks like luma and mukhang pasira na pero sa 4 na inorder ko ito lang naman yung may defects tho almost perfect na sana lahat maluwag din yung strips pero ok na sa price,1,0,1,0,Mukhang pasira na may defects ok na sa price.,,,,
454,not worth it sira yung pag bukas ko marami pa magandang small umbrellas at this price na automatic,1,0,1,0,Not worth ang mahal sayang pera,,,,
455,wala man lng kathrill thrill pareprehong items sinend ng seller d man lng iniba iba tpos magkkasama pa sa iisang pouch ok lng sana kng magkkaiba size kaso sya at sya prin wasting money,1,0,1,0,wasting money parepreho,,,,
456,masyadong n disappoint ang bunso q at di gumgana ang knyaplease po pki ausin po ang product nyo at nkkaawa ang mga bata n xcited mkuha ang parcel nila tpos ganun ang dadating,1,0,0,1,disappoint and not working,,,,
457,sira po yung item cinancel pa yung refund wag na kayo oorder ditopareport na lanf po nung shop,1,0,0,1,sira and cancelled,,,,
458,disappointed palpak ang delivered item sabi may white light pagpinindot mo sa remote control ang white colored light ang umiilaw be honest seller inform your buyer,1,0,0,1,Deceiving product not same,,,,
459,well this item is well function but is fake made in china the screen is so small not recommend for old people maganda pag ka package matagal lang dumating i order it nov 21 they ship 22 and i receive it dec 3,1,1,0,0,fake and not recommended late delivery,,,,
460,wag na wag nakau bibili dito dami ko panaman order nakaka dismaya iba kulay binigayscam is realmas okay bumili nalang sa mall para sure kesa masayang lang pera,0,1,1,0,scam real sayang lang pera,,,,
461,kala ko oil base nag tatagal ang amoy di pala di tulad sa nabili ko sa hubby ko as in kahit 24hrs kapit padin ang amoy eto wala pang 1hr wala na,1,0,0,0,,,,,
462,i never expect na ganito lang to kaliit hindi ako nasayahan sa parcel ko,1,0,0,0,kaliit hindi nasayahan,,,,
463,received ko na pokala ko po 2 in 1 bakit wala ang isa hindi ko pa nasubukan sna maganda po  thank you po sainyo,1,0,0,0,bakit wala ang isa hindi nasubukan,,,,
464,sobrang pangit baliktad pa ung kabit ng isang salamin tsk waste of money wag kayonh bibili hindi rin sya nag change color pag nsa araw na just an ordinary glass,1,0,1,0,So pangit waste of money,,,,
465,not so good baliktad un lens tapos kahit nasisinagan ng araw hindi naman nagbabago un color,1,0,0,0,not so good baliktad color hindi nagbago,,,,
466,ung xcited po akong dumating ung order ko tas ganito po na receive ko,0,0,0,0,ung xcited,,,,
467,maganda sana tela irereturn ko sana kaso nagbabagyuhannapaka hassle sana bago iship icheck munanakakadissapointmali kulay nung dalawa light grey at skintone sanatapos mali din size na binigay tatlong xl inorder ko pero isa lang tumama mali pa kulay yung dalawa medium sobrang sikip saken,1,0,0,1,Quality check and refund due size,,,,
468,mali mali pinadala ni seller nakaka disappoint ung baby bimb na order ko naging gloves big girl na po baby ko hndi na nya kailangan nang gloves sa sunod pakiayos pakicheck mabuti mga order namin ha,0,1,0,1,wrong item nakakadisapoint,,,,
469,maganda nmn kaso sala ang order n dumating malaki order ko pero ang dniliver sakin ay maliit very dis appointed ung tama sana edeliver nyo nextym,1,1,0,0,mali ang order maliit,,,,
470,d worth it yung almost 300  mukang binili sa palengke,1,0,1,0,mura but not worthy of price,,,,
471,tanggaln ang power bottons pati ang charging port wala aa align n,1,0,0,0,tanggalin button,,,,
472,super bad napaka pangit bumaon yung botton at napansin ko rin na yung pic ibang iba sa original yung original na iestrech sya pero yan hindi dapat nga 0 star eh kaso di pede,1,0,0,0,super bad napaka pangit bumaon,,,,
473,sayang lang pera nyo dito pag di gumana yung kaliwa di gagana yung kanan pag gumana naman yung kaliwa di naman gagana yung kanan sa madaling salita defective item mas ok pa yung jbl ko na nabili ko lang sa halagang 200 pesos,1,0,1,0,defective sayang pera,,,,
474,pink order ko tapos itim dumating hays,0,1,0,0,wrong color,,,,
475,okay for me yung paglalagay ng bubble wrap nila but the way they package their products needs improvement this is my second time na bumili and both of them has leaked pagka bukas mo mejo di ganon ka bango maaamoy mo kasi nag mix na yung nag leak na,0,0,0,0,packing needs to be improve,,,,
476,the model picture and the actual item is different i dont think na mayroon syang negative ion cuz puro wirings lang nakita namin purifier lang talaga sya pero hindi nag bubuga ng negative ion expectation vs reality mabuti pa yung necklace air purifier klarong may negative ion,1,0,0,0,product not the same advertise,,,,
477,grabe seller wall paper hindi pang balot ng notebook aa nipis,1,0,0,0,Product very flimsy,,,,
478,inorder to ng kapatid ko sa acc ko so ako yung nag receive para sakin hindi sya maganda kase pag nilagay mo parang wala lang,1,0,0,0,not good not the effect,,,,
479,wala lagi lnh naghahang nakakainis naman sayang 1700 ko di cya ok gamitin hard touch saka ma log tas di pa maka fb mabagal sobrrraaa ok naman si seller walng poblema on pagkapack so far good condition cya yung mismong product ang not good china kasi,1,0,1,0,product sayang 1700 not ok.,,,,
480,pero kung oorder kau ng ibang kulay  hndi din matutupad ni wala man lang pasabi ang seller order ko white  pink ung binigay no choice basta makabenta hndi man lang nag iinform ung customer nila,0,1,0,1,Order not true to color.,,,,
481,bad seller attitude gusto pabago ang review kahit honest review binigyan ako nang 1 star tapos yung rotating silicone nila di talaga nakakalinis,0,0,0,1,attitude of seller is bad not honest,,,,
482,mali po ang ibinigay na brand ni seller hm ang pinili ko bench ang ibinigay,0,1,0,0,wrong brand,,,,
483,im very disappointed i ordered 3 sets of boxer brief pero yung dumating is 2 sets only then i already sent a lot of messages but no reply from the seller irresponsible dapat kung hindi naman kayo magrereply e double check niyo before e ship sayang yung pera na binayad,0,0,1,1,Items not complete,,,,
484,mabilis nga po yung shipment mali2 naman dinelivermedium order ko small pinadala,0,1,0,0,Wrong size,,,,
485,defective yung pinadala cannot return or refund the item because i accidentally hit the received button thinking it was just drained but when i charged it for at least one hour to test its not working you have to put the charger para gumana,1,0,0,0,Defective hindi gumagana,,,,
486,yung parehong kaliwa ang pinadaladi manlang chineckkasalanan nyo namnpabaya kya nga umorder sa online para convinient tpos need ko pa pmunta sa courier office para lang masoli ang maling item na pinadala nyowla akong time for thatwill report this shop,0,1,0,1,Need to returned kasalanan,,,,
487,its fine it came all good pero hindi sya nag chacharge kaya medyo dissapointed ako,1,0,0,0,Not charging,,,,
488,poor qualitynakalubog ang charging pointat mas maliit cya kesa sa chargersayang peradi man lamang chineck ni sellerpati packaging mukhang inapura ang pagkakabalot,1,0,1,1,nakalubog and poor quality,,,,
489,okay naman sya kaso sa order ko 5meters ung nkalagay pero pag dating 3meters langfirst time ako mag order kc bagong gawa ako acc ng shoppeesalamat parinpati kay rider,1,0,0,0,Wrong length,,,,
490,fake thank you pa rin seller maayos mo nmn binalot un order q maayos din ito na tanngap kaso nun na try q true na man natunaw at naging jelly nun inilagay q kana naku eh para lang po cxa glue stick na tumigas hindi rin sumapit natatanggal or need,1,0,0,0,Product is fake.,,,,
491,35 i ordered grayblack pero ito yong dumating it was so very disappointed sender sana nag out of stock na lang kayo kaysa nagshishipped ng order na di naman sakto sa inorder namin huwag kayo mag compromised ng ibang tao good luck to your store,0,1,0,0,Not same color,,,,
492,kulang ung items na natanggap q pero ung bayad q is sakto nmn di pa nagrereply seller,0,0,0,1,kulang ang item and no response,,,,
493,di kumukulay maroon kinuha ko pink bnigay pero hindi sya kagaya ng asa pic tsk never na oorder dito tssskkk,0,1,0,0,color not same,,,,
494,true to color maganda ung item muka nman matibay mabilis dumating,1,1,0,0,Matibay mabilis,,,,
495,hindi ko po alam kung ng tritrip po kayo basang basa dumating ang aking parcel parang pinliguan ng pabango and punit punit i tried once more na umorder sainyo pero look what you sent me parang tinusok tusok pa sayang lng po ang pera,0,1,1,0,Damaged basag sayang pera,,,,
496,di matibay di po ako satisfied sa product ang akala ko kung ano ang nasa picture yun din ang ipapadala sakin ang layo ng itsura sa picture kesa sa actual item at ang size na inorder ko is 36b ang dumating 3680 na maliit,1,0,0,0,di matibay not satisfied,,,,
497,same scent with cloud 3rd time to order sa shop 1st time sa scent na ito im not impressed with the price compared sa ibang binebenta nila meh same vibe lng ng cloud close to 50 2 to 3 hours sa skin lakas ng coconut,1,0,1,0,not same impressed with price.,,,,
498,manipis yung matress at unan panget ang quality manipis,1,0,0,0,Product manipis panget,,,,
499,grabe kahit sinabon sabon kona amoy na amoy ko padin yung pagkabaho napakagaling kuhang kuha yung inis ko ng shop na to ang alam ko kase 2 bottle order ko tas isa lang dumating gusto ko magalit kay kuya pero i know wala syang alam bout sa order ko,1,0,0,0,Product baho and 1 missing,,,,
500,goood thank u din kay kuya na nag deliver gang sa uulitin,0,0,0,1,goood kuya nag deliver,,,,
501,sera yung adaptor nya nde ko alam sino may kasalanan jt ba,1,0,0,0,Adaptor issue - Product problem,,,,
502,bad bad experience mali na yung na receive ko puro pa factory defect plus di pa responsive si seller pangit yung class ng diaper not recommended waste of money,1,0,1,1,Product defect,seller unresponsive,not worth the price,,
503,ang pangit ng product ang layo sa thumbnail picture,1,0,0,0,Product looks different from advertised - Product problem,,,,
504,may ibang may damage at may mga hindi pantay pantay ung gupit,1,0,0,0,Damaged and uneven cut - Product problem,,,,
505,so thin nalungkot ako kasi magkaiba yung kulay  i ordered 8pcs ng beige pero yung 5 na dumating parang malapit sya sa light green tapos manipis pero yung 3 makapal at beige  nung nilapag na medyo malapit yung kulay sa isatisa pero makikita mo talaga ang difference sayang,1,0,0,0,Color difference,product thin - Product,,,
506,malayo yung color niya sa picture sa actual shade niya in person,1,0,0,0,Color difference in actual - Product,,,,
507,alam nyo ung johnson powder na color green ganun na ganun ung amoyyyyyy,1,0,0,0,The product smell is similar to Johnson Powder - Product,,,,
508,grabe i ordered it dec 26 dumating january 07 excited ako gamitin pag dating hindi nag cconnect left side faded pa so dissapointed,1,1,0,0,Ordered Dec 26 arrived Jan 07,does not connect and left side faded - Product and Delivery,,,
509,sorry kung aapload ko po ito nka order received na sya saakin pero wala po aqong natanggap ung pic po nayan yang ung prove na na received na ng buyer ing parcel which is ung rider ata ang bumili na meron nmn po akong contact number pero dnya aq tinawagan,0,1,0,0,Parcel not received - Delivery,,,,
510,disappointed any hhawkan nalng to hidni namn pordable fan bilog lang,1,0,0,0,Product not portable,round only - Product,,,
511,worst buy ever not worth the price this is the sellers negligence you should have checked the product before shipping mahiya naman kayo sa binebenta niyo,1,0,1,1,Poor quality,product check not done - Product,Service,Price,
512,worst yung pinadalang unit iba box nalang hindi pa naka sealed tapos wala pang laman karton lang ang laman pabigat hindi na ko oorder ulit dito sayang pera mahirap mag refund sa shopee ingat kayo sa mga scammer tulad neto mga reviews fake grabe kayo sa mga tao,1,0,1,1,Product issue: Wrong product,box unsealed. Negative experience. Price issue: Waste of money. Service issue: Difficult to refund and fake reviews.,,,
513,may gasgas sa salamin tas tabingi nakakadisappoint antagal pa ng delivery time,1,1,0,0,Item has scratch and slant with long delivery time - Product and Delivery,,,,
514,iba yung color na pindala not unlike same sa mga reviews ng beigewhite pa brown na ata not dto ung expext kong color,1,0,0,0,Product issue: Color is different from order (beige-white to brown).,,,,
515,hindi ko alam kung sa driver ba o sa mismong seller ang may problema sira ung saksakan adapter kumakalog ung loob nung saksakan parang may natangal na pyesa sa loob buti may extra aq sa dati naming led light,1,0,0,0,Product issue: Adapter is broken. Unclear if seller or driver fault.,,,,
516,ate bkt po ibang kulay yung maskara kulay brown po hindi po black tapos po yung eyeliner walang tinta,1,0,0,0,Product issue: Wrong color of mascara (brown instead of black). Eyeliner has no ink.,,,,
517,good ang pag kaka cover nka bubble wrap nman safe nman nga quality medyo malabo ang screen late s pag ttyped gumagana ang slot ng sim,1,1,0,0,Good bubble wrap Product slightly blurr screen typing delays but sim slot is working,,,,
518,hindi same texture ng nasa pic pero okay nman kasi white parin,1,0,0,0,Different texture - Product,,,,
519,wala ewan buluk talga sya di worth it nasira agadkung gusto mo mag sayang ng pera dito kana,1,0,1,0,Product not worth it - Product and Price,,,,
520,quality is very badisang try putol agadi tried another one isang pindot putol din agad waste ofo binili 20pcs one use putol agad,1,0,1,0,Product quality is very bad and waste of money - Product and Price,,,,
521,madaling nasira your product is easy to damage,1,0,0,0,Product easy to damage,not durable - Product,,,
522,nagpa mystery pouch pa same price lng naman sa original price ang mouse pad edi sana wala na lang mystery pouch para maka pil pai ng design,1,0,1,0,Same price as original - Product and Price,,,,
523,as i expect ok naman sya gumagana naman yung fan pero hnd matibay yung materials and may mga dumi,1,0,0,0,Working but materials not sturdy and with dirt - Product,,,,
524,okay hindi sya long lasting kaya if gusto nyo mag order ng long lasting not recommended to,1,0,0,0,Not long lasting,not recommended - Product,,,
525,uhmm i ordered a black fisheye lens and received a blue one kung magshiship naman po kayo please double check maganda yung lens pero they shipped it in the wrong color color blind yaaarnnn,1,0,0,1,Wrong color shipped need to double check before shipping - Product and Service,,,,
526,yung order na dumating hindi ganto yung actual picture korean sandals inorder ko at ilan beses nako umorder ng korean sandals sa ibang seller bat ganto dumating seller nakakadisappoint sobra wag na kayo magpapaorder kung sala sala lang din naman nagbabayad naman kami ng ayos kaurat,1,0,0,0,Not as advertised - Product,,,,
527,nag sayang lang ako ng pera binigay sayo ung d order mosira2x pakaya wag na kau umorder pa sa shop na to,1,0,1,0,Waste of money and product broken- Product and Price,,,,
528,gusto ng seller palitan ko muna yung ratings ko bago nila palitan yung damaged filter ano to naglolokohan ba tayo dito you address my concern first before i rate your service nakakatawa kayo very disappointing sira yung filter tapos yung wire ng plug madumi mukhang gamit na is this brand,1,0,0,1,Product damaged. Seller wants rating change before addressing concern. Dissapointing and Service.,,,,
529,kulang ng 5 pairs of socks,0,0,0,0,Missing quantity,,,,
530,sira agadknbukasanung isang fan nya s my rihgt sudebgla nlng humintotas sindipro wla na hangin lalabasandar sindikakadismayaung digital p nmnbnili qkc kala qms matibaysayanglng s perawla pa reply ung sellernung sinabi kng sira,1,0,1,1,Product broken next day no response- Product Price Service,,,,
531,walang tamang kulay na dumating da lahat ng inorder ko hahahahahahs mejo desisyon pero kebs hahahahahs thank you parin  black  dark blue pfft,1,0,0,0,Wrong colors delivered - Product,,,,
532,30mins ng nakacharge pero di pa rin nag oopen very disappointed,1,0,0,0,Product doesnt open after charging - Product,,,,
533,hindi man lang inayos ang packaging tsk tsk tsk iba pa itsura sa picture,1,0,0,0,bad packaging,Item different from picture - Product,,,
534,ang daming dents nakakadissapoint po na shop natu  mali po mga designs binigay nio 2 colors po dapat sana nag message muna bagonpadala para po maibigay tama sa customer  ang pangit pa nang pagka balot may dents po yung iba  wag kayo mag order dito,1,0,0,1,Too many dents and wrong color- Product Service,,,,
535,sira kagad ung charging port buti nlng technician aq aq na gumawa,1,0,0,0,Charging port is broken - Product,,,,
536,grabeee super liit mg size 21 naman tlga anak ko pero ung sukat nyo pang infant pala buti nalang maganda ung shoes hnd mahirap ibenta ng paluge sa iba tapos ung box nung shoes gulagulanit na nung dumating pano pala kung gagawing pang gift yun haaay paayos next time,1,1,0,0,Shoes are too small and Box is damaged,product size issue,delivery issue - Product Delivery,,
537,i ordered 3 black pero dumating 3 purple na disappoint po yung mga nag order sakin sana naman mag inform kung hindi available yung color maghahanap pako kung sino may gusto ng kulay na pinili niyo,1,0,0,1,Wrong Color and Not informing the customer before ship Product Service,,,,
538,sobrang baho ng brief nung dumating tagal na atang naistock to tapos binenta pa rin ni seller may mga tagiptip pa makabenta lang seller no perang pera hahahaha mali pa pinadala bench yung order ko hm dumating bobo lang,1,0,0,0,Very smelly product and not same brand - Product,,,,
539,kahit sana plastic labo ipinlasatic manlang,0,0,0,0,Missing plastic product,,,,
540,paka bulok alam nyo naman yung 1l sa 2l diba okay lang naman yung price nya hindi ako nag expect ng maganda pero syempre nakalagay is 2l mag eexpect ka ng malaki pang 1l lang to wala pang sticker tsaka maling kulay pa sayang lang psh,1,0,1,0,Product size is smaller - Product and Price,,,,
541,maling kulay yung tumbler na dumating saken dami ko ng message sa shop nila wala man lang reply o update,1,0,0,1,Tumbler wrong color,seller unresponsive,,,
542,210 bilis masira not recommended ang ingay din,1,0,0,0,Easily damaged,not recommended and too noisy - Product,,,
543,3rd time na bumili ako dito at first ok naman pangalawang beses hindi sinunod ang color na inorder kopinalagpas ko pangatlo hindi nya prin sinunod ang colour na inorder kowala pang straw at pang design yung ibang bottles unresponsive si seller,1,0,0,1,Wrong color and Seller Unresponsive,Product Service,,,
544,3 times na akong nag order here sa shop nila and i noticed na paiba po ng paiba yung amoy but nung 1st time ko nag order mabango naman sadyang nag iba lang yung amoy ng pabango nila ngayon but its okay sana sa susunod kasing amoy na nung dati,1,0,0,0,Product smell changes,,,,
545,air purifier po order hindi po filter hindi po filter order ko air purifier powrong item 477 naba ito,0,0,0,0,Wrong item,,,,
546,walang kwenta porket bayad na sa shopee pay damaged item ang ipapadala tingin ko hindi kasalanan ng courier to dahil luma din ang karton na pinambalot ni seller bka isinauli na yo tpos pinadala nya ulit ngyn makakarma ka din,1,0,0,0,Damaged Product Issue Seller fault not currier,,,,
547,nakakainis shop nato nagfile ako ng refund or return item ayaw nya gsto niya 1peso nalang ibalik jiya saken hndi naman pwede yung kase yung oil na binili ko nadaganan ata taapus nayupi at nagleak tas ang medya ls hndi pareho size okay naman yung strap and yung sa vacum,1,0,0,1,Hard to refund,product damage,and shop doesn't want refund - Product Service,,
548,wrong color ordered black received pink pang gift po ito pero wrong color now i have to order again is this why it is cheap,1,0,1,0,Wrong color received,cheap price,need to order again - Product and Price,,
549,ito yun first time ko na ma kakuha ng ganitong item may damage sayang sa pera excited pa naman ako gamitin kaso may butas sa ilalim di man lang na check ni seller bago i deliver yun item sobrang nakakadisappoint,1,0,1,1,Item damaged,seller did not check-Product,Price,Service,
550,damage nman po ung product nung dumating sakind maggamit sayang lng pera at effort sa pa g order at pag antay,1,0,1,0,Product is damaged - Product and Price,,,,
551,mali po itoindi po to ang order kupoung 2 liter po ang inorder kupo pero ganian po ung pinada,0,0,0,0,wrong order,,,,
552,iba sa personal tsaka white order ko green dumating sana pala tag 145 na lang inoder ko same lang nman pala sila,1,0,0,0,Different from actual white order but Green arrive,,,,
553,case upon arrive with den over all di magagamit waste of money,1,0,1,0,damaged Product is not usable,,,,
554,di ko naman po narecieve pero nag kusang order receive sya panget,0,1,0,0,I dont recieved order but auto order receive,,,,
555,wala ako mag rarate eh wala nga dumating sakin na parcel hahaha lakas ng tama ng mga to pla desisyon sa buhay parcel has been delivered daw kahit wala dumating tapos mag paparate pa kayo aba matindi yun hahahahaha,0,1,0,0,Parcel not delivered - Delivery,,,,
556,wrong color ang order ko is plum not violet mygad kung walang available na color na inorder sabihin naman sa buyer para hindi nag eexpect masyado tsk pati rider palpak din tsk,1,1,0,1,Wrong item and rider Service issues,,,,
557,mahirap pindutin pag pabukas kelangan pa alalayan parang sa manual for me not recommended,1,0,0,0,Hard to press,Product not recomended,,,
558,i ordered 2 sets ung isa basag ung isa naman chinese ang remote seems like returned lang rn un bnigay na isang unit 1 customer service  0 stars wla manlang nag assist samen when we reported this 2 quality control  0 stars 3 return  goodluck kausap,1,0,0,1,Product is broken no assistant given,Product defective,Service is poor.,,
559,defective item defective item defective item received defective item it doesnt connect to any device either on my laptop or tablet seller is not responsive as well will not order again sayang lang pera niyo,1,0,1,1,defective product and not responsive Seller and price.,,,,
560,kadiri okay quality pero shuta pag bukas na pag bukas ko nung payong para tignan gano kalaki yung maco cover pag binuksan shuta napaka baho inamoy ko pa hanggang ngayon masakit tyan ko dahil sa amoy sobrang nakaka suka shutangina amoy patay na daga yung payong,1,0,0,0,Smell bad in Item and makes customer sick due the smell,,,,
561,wlang extra rubber buds tapos nwawla sounds kabila tenga,1,0,0,0,no extra Rubber and low quality sounds,,,,
562,dlwa yung order ko yung isa sira nagnote naman ako pakicheck before shipping kse panggift sayang lang pagbukas mo plang amoy sunog agad sya syang lang,1,0,1,0,Broken item and smells burned- Product Price,,,,
563,yupi na ng dumating wala man lang box or bubble wrap di ko napakinabangan,1,1,0,0,product is yupi No box or Bubble Wrap- product Delivery,,,,
564,hindi photochromic haysss hindi naga black kahit naarawan kaya pala mura kase hindi naman legit,1,0,1,0,Not legit price- product Price,,,,
565,nkaka disappointed kc dlwa order ko peo isa lng dmtng tama aman un bayad ko  tpx wla mnlng response un seller wlang siyang mkabenta lng sia,0,0,0,1,Not responsive Seller and not came two order - Service,,,,
566,white inorder ko dumating sakin blue edi wow,1,0,0,0,Wrong color arrive - Product,,,,
567,nakaka badtrip gusto ko nang refund seller d gumagana sayang yung pera ko,1,0,1,1,Not working and Seller no refund - Product Price and Service,,,,
568,hindi nag inform ang seller na ibang color ang ipapadala kaysa sa order ko i ordered white but i received green sana next time please inform the customer,1,0,0,1,Not inform the customer and wrong item Product Service,,,,
569,tagal dumatin umabot ng 8 days sorry not satisfied,0,1,0,0,So slow to came and not satisfied - Delivery,,,,
570,hindi maganda yong experience ko sa parcel nato yong courier hindi na ship ka agad at tagged pa nag parcel na hindi ako available at halos tatlong beses pa hindi approachable yong seller ng ask ako nang help ni refer lang ako sa support e 2nd chat ko na rin,0,1,0,1,Courier is delay and seller is not approachable- Delivery and Service,,,,
571,items not completely completepaki refund yung 2items ko sayang yung byad ko ditutapos oorder ako ulit sa inyu sasabihin nyu sa akin maleles kayu kung oorder ako ulet  mahal yung shipping fee nhindi pa completong items ko,0,0,1,0,Not complete,and high shipping,Price,,
572,hindi pang children yung nadeliver excited pa naman ako para sa anak ko,1,0,0,0,The deliver is not children,,,,
573,sorry okie nmn ung pgdiliver n kuya pero indi un ung order q iba sa pickc plat xa indi ung kgaya nung inorder qsana nmn kung ano inorder xang ibigayin short po pangit ung dumating indi un ung nsa pic,0,0,0,0,Wrong item in pick and not the item is from pictures,,,,
574,ang layo ng amoy niya sa cloud kakaiba yung amoy nya ang tapang kung icocompare mo siya sa orig na cloud magkaiba na magkaiba nagbabayad po kami ng tama dapat ganun din po kayo,1,0,0,0,The smell is different from cloud and not nice,,,,
575,mentioned above for a 200 pesos inpods quality wise this is so bad hindi gumagana yung led light and i believe hindi nagchacharge yung inpods sa charging bin im only basing sa percentage na nasa phone ko since hindi gumagana yung led light masakit din sa ulo yung sound quality,1,0,1,0,Inpods with bad quality not charging,,,,
576,dalawa yung inorder ko isa lang yung laman ng parcel and di responsive yung seller,0,0,0,1,only one parcel delivered no responsive Seller,,,,
577,sabi mo tv or laptop or cp bakit charging cord lang to scam,1,0,0,0,wrong product,,,,
578,awit talaga sa inyo di nyo padin pinadala yung item na kulang wow grabe scammer bullshit,0,0,0,1,Item missing scammer,,,,
579,wrong item ibang iba mula sa picture hindi worth it sayang ang pera,1,0,1,0,Wrong item and Price,,,,
580,810 okay naman a little bit dissapointed mas manipis sya sa inaasahan ko i have 1 pink color malayo itsura nila sa isat isa mas bet ko yung color pink ko,1,0,0,0,Item thinner than expected product,,,,
581,parang old stock na daming gasgas pang reregalo pa naman nakkhyang ibigay kc baka akalain nagamit na haaayys,1,0,0,0,Looks old stock and have lot of scratches product,,,,
582,sira ang item hindi nagchacharge walang hangin alam nyo nmang sira binebenta nyo pa nagrequest ako refund until now wala pa update,1,0,0,1,The item is sira dont give hangin Product refund,,,,
583,not good hindi gumagana ung 1 earbuds sana na check muna ung parcel bago i ship sayang1 earbuds na ngalang ang hina pakalungkot,1,0,0,1,one of eardbuds not function product check before ship product service,,,,
584,deform items basta nalng binalot,1,0,0,0,Deform items,,,,
585,mabilis malowbat mabilis malowbat thank you kay kuya rider,1,1,0,0,Fast to Malobat rider Thankful Product Delivery,,,,
586,napakalayo ng itsura sa item 2nd order ko na to pero dun pa nadisappoint kung kelan madami kang inorder saka pa pumanget yung service basta lang may kitain sila grabe,1,0,0,1,Seller service is bad,Product is poor,,,
587,first time po itong mangyari sakin so im kind of upset next time po kapag may problema sa product wag na po isell im so excited for this product so im very disappointed,1,0,0,0,product is damage not to sell product,,,,
588,as seen on pictures ng gling ni seller alam niyang walang kasya na bottom para sa order na 1000 ml nag send pa rin siya para lang makabenta very good ka seller ikw ng tinatawag na suwapang na seller tapos nung kinontak ko siya para ware siya kung nagkamali man,1,0,0,1,seller wrong product but sell product service,,,,
589,okay naman ang kaso hindi naman nalock tapos iba pa yung kulay sana ininform ako nung seller order ko pink dumating blue di naman mahirap mag pakatotoo ang ganda sa picture ang pangit sa personal parang tao lang filter lang minsan magugulat ka nalang sa personal,1,0,0,1,The Color is diferent but not inform,,,,
590,cute super but i received it with a lot of dents and the description silent clicks false marketing its not making a lot of noise but its okay cute naman and fast delivery plus mabait ung customer service,1,1,0,1,fast delivery,cute and mabait the cutomer service product issue not silent and have lot of dents product delivery service,,,
591,not worth it not worth it sayang ang pera sobrang hina halos 3hrs na nkchrge pero lobat padin hindi gumagana pag hindi nkasaksak balewala dn tapon lang edit almost 7hrs of charge lobat padin defect pinadala hindi muna chineck bago paship,1,0,1,0,So bad product price,,,,
592,nadeliver naman on time but the problem with this seller is their product description wala syang kasamang rechargeable battery and walang usb port to charge it as what they claim theyre also not responsive for someone na may mali sobrang hassle i pareturn,1,1,0,1,Product Wrong information,,,,
593,wag kayo bumili sa shop na ito kulang yung item na order ko di nila pinadala yung 10pcs na tissue wallpaper lng ang dumating kaso kulang nman 30pcs order ko tas pinadala nila 23pcs lng scammer po sila,0,0,0,0,Items missing scamer.,,,,
594,ang cute kung ano nasa picture yun ang dumating skn thanks seller,1,0,0,1,Same on picture seller,,,,
595,not recommendable not recommendable  not recommendable  hindi man lang nagsabi na di pala available some of my orders tapos ishinip lang kaagad kahit man lang chat sguro tapos pagdating ng refund process andaming kuskos balungos di tinanggap refund request ko,0,0,0,1,Seller not notify,no refund,,,
596,wrong item square pants order ko face mask ang dumating tapos wala manlang reply si seller,0,0,0,1,seller not answer,,,,
597,sana po mapalitan sya agad dalawa po binili namin yong color white ok po yong green full charge naman pero ayaw magon sana po natesting sya bago ipashipped pls contact me for the return items nadisappoint yong anak ko gagamitin na sana nya bukas,1,0,0,1,wrong items,,,,
598,jusko pumutok ung charger mga 10 minutes ko palang na chinarge torch nia ayaw din mamatay pag insert palang ng baterry automatic on ung torch kahit d pa naoopen ung cp,1,0,0,0,Damage product charge.,,,,
599,ok naman kaso may lagpas na color black nakakaasar lang akala ko matibay siya kaso biglang na durog ung sole ok sana kapit ng tela sa paa kaso ung sole ilang araw ko lang nagamit wala na sayang lang pera,1,0,1,0,the color black is over the product not last so bad. price product,,,,
600,very low quality may damage ang napadala kaya ako bumili ng cord kasi sira na yung cord ko yun pala mas may sira itong bago kong bili kaya ginamit ko nalang ang dati ko pang cord disappointed talaga ako,1,0,0,0,the product has damege,product is very low.,,,
601,not satisfied wrong brand ang binigay at mali ang sizes na diniliver,1,0,0,0,Feedback on product being wrong brand and wrong sizes.,,,,
602,nakaka dissapoint poakala ko magagamit ko na po yung item na to pagdating pero hindi pala kasi ung binigay ninyo hindi man lang mag charge,1,0,0,0,Item arrived not working. It won't charge,,,,
603,hindi gumagana ang earpods hindj manlang ni check tsk sayang bayad pati phone stand hindi manlang tumatayo bumabagsak agad ano na seller i check nyo muna products nyo bago kayo mag pack sayang bayad sa inyo,1,0,1,1,Earphones not working; phone stand doesn't stand; seller should check before packing.,,,,
604,ni hndi man lang inaayus sira ang marecieve q,1,0,0,0,Item received damaged.,,,,
605,di worth it sa 300 dalawa lang order ko pero mag kaiba yung balot sa loob sira pa yung box na pinag lagyan isa pa di manlang ing bubble wrap yung item hindi nasecure lubog yung button nung isa buti gunagana pa di na ako mag eexpect kung tatagal to,1,0,1,0,Box damaged; no bubble wrap; button sunken.,,,,
606,i ordered beige color pero black ang pinadala ng irresponsible seller sobrang hassle kse nagkaroon pa ng variation d naman pala masusunod i wont recommend this seller,0,0,0,1,Wrong color sent. Irresponsible seller.,,,,
607,poor quality doon sa picture na stretch siya pero ang pinadala nila ay hindi sira pa ang switch,1,0,0,0,Poor quality; not stretchy; switch damaged.,,,,
608,1010 kala namin nung una ok sya but nung chinarge na not working this item hindi nag cacharge at never umilaw while i charge sana mapalitan kasi ang tagal kong inantay tapos cra naman pala yong darating,1,0,0,0,Not working when charged; didn't light up.,,,,
609,twice na ako nagorder pero twice na din ako binigyan ng maling sizes di nagrereply c seller pero quality ni girdle maganda,1,0,0,1,Wrong sizes twice. Seller unresponsive. Quality good,,,,
610,awit tubig na my alcohol lang,1,0,0,0,Product smells like alcohol only.,,,,
611,mabilis sya na deliver kaso nga lang may mga defect yung item sovrang sensitive din parang madaling masira idk lng sana tumagal at yung light sa kaliwang parang na dim sya i dont like it pero wala na tayong magagawa nandto na eh atsaka murang kaya yan pag tyagaan nlng,1,1,1,0,Fast delivery,but defective item (sensitive,easily damaged,light is dim). Because it was cheap,they'll try to make it work
612,sira ang item bumili pako uli sa shop nila ng earphones para mapaship bago battery kasi baka daw yun ang sira pero di padin gumana yung phone ibig sabuhin defective yung phone di marefund or mareturn yung item super nakakasama ng loob sayang pera ko,1,0,1,0,Item is defective,bought replacement parts,but still doesn't work. Waste of money.,,
613,sobrang madaling masira di stable yung feet and body ng table and as of now 2 days pa lang sa akin natatanggal na mga turnilyo worst,1,0,0,0,Very easy to break; unstable feet and body; screws coming loose.,,,,
614,poor quality sobrang nipis nagsscratch agad ang nagmamark ng fold 5 meters lang yung pinapadala ninyong roll nakaka disappoint nagbayad customers nyo for 10m pero 5m lang pinapadala nyo ipadala nuo sana yung kung anong nakalagay sa description clearly na false advertising ginagawa nyo nanloloko kayo ng tao,1,0,0,0,Poor quality; very thin; easily scratched; only 5 meters sent instead of 10.,,,,
615,ganun din ito nung chinarge na namin lumobo siya sayang din pera poor quality dpa nagagamit dna agad napakinabangan sana may refund kapag ganito,1,0,1,0,It ballooned when charged. Poor quality. Waste of money.,,,,
616,not 2l mali po yung napadala wrong size and wrong colors hindi na ako mag rerequest ng refund kasi aksaya lang ng time if return naman sayang lang effort baka gumastos pa ako sa sf sana icheck muna before shipment kung ano order hindi ung ship lang kayo ng ship,0,1,0,0,Wrong size and wrong colors shipped.,,,,
617,i understand na marami po kayong order to take care but pakiusap po pakicheck naman po ng mabuti yung details ng mga order ng buyer nyo i will never ever make an order from this shop again,0,0,0,1,Asks the seller to check orders before shipping.,,,,
618,napakapangit nagsayang lang ako ng pera dito chinarge ko nat lahat ayaw mag on hindi pa nagfflash na nage indicate na nagccharge ayusin nyo naman,1,0,1,0,Very bad item; waste of money; won't turn on when charged.,,,,
619,my sira pa ang charging tapos sira pa ang isa ano ba naman seller laki ng tiwala q sau sobrang bad wag na kau oorder napaka hina ng hangin tapos my sira pa ang papadala ang pangit pa ng pagkakabalot lalo sa kahon pag bukas ng plastic kita mona agad,1,0,0,0,Charging is broken,another item is broken,very bad,,
620,wlang hook yung isa pano kaya isusuot yun di man lang chineck hayst maliit pa,1,0,0,0,Missing a hook,,,,
621,iba ang sinend ng seller rechargeable daw yung fan then naglalast ng 3 hours if nafully charged pero yung dumating sakin walang battery line so dko sya machacharge at dko madadala kahit saan kasi kailangan ko pa ng outlet para umandar sya,1,0,0,0,Wrong item sent,seller advertised a rechargeable fan that lasts for 3 hours,,,
622,manipis ang fabric and hindi masyadong nakaka tucked ng body fat,1,0,0,0,Fabric is too thin.,,,,
623,not yet tried pero sana okay siya gamitin sa baby yung order ko na wipes na piso lang hindi dumating ito lang ang dumating incomplete ang padala mo seller,0,0,0,1,Hoping for the best,baby wipes order was incomplete.,,,
624,camelkhaki ang order ko camel color ung dumating but the size is good dissapointed lang sa kulay kasi di nasunod nagsesend pa nang automatic message na we follow the order details di naman pala totoo,1,0,0,0,Wrong color.,,,,
625,mga teh ang hirap niya e blend hinde siya blendable maganda yung shade and yung lalagyan pero teh pahirapan sa blend di siya maganda for me 2 paman din binili ko di naman pretty hayst,1,0,0,0,Difficult to blend,shade and packaging are good,but difficult to blend.,,
626,nakaka inis pohhindi pantay ang pag kakagupit ng bawatmedyo matagal rin ang shipping,1,1,0,0,Uneven cut and the shipping was slow.,,,,
627,mali ang binigay 2liters ang inorder q pero 1100ml lng ang pinadala pati itsura at kulay malikakainis,1,0,0,0,Wrong item sent.,,,,
628,poor quality ung white slippers may stainthe other one di matched ang color and ung sneakers see the appearance ng telamukhang luma p kc madumi na ung sintasneed pagtyagaan n lng,1,0,0,0,Poor quality.,,,,
629,nkakadisappoint isa lng nreceive q dlwa ung inorder q tas wla prn aksyon s seller ung product mdaling malowbatwla clang pkialam bxta kumita lng ng pera nd man lng mgreply kng anu ggwin isa lng pndla n seller,1,0,0,1,Disappointing; only one received; product easily drained; seller unresponsive.,,,,
630,nice d masyadong fit ml ganda nang cloth,1,0,0,0,Nice cloth,but not too fit.,,,
631,ok ang quality maganda kaso yung dumating na order same designsize lang magka ibadouble check nyo next time pra ma happy naman ang costumer nyothank you,1,0,0,0,Good quality but same design came; double check for customer happiness.,,,,
632,kaya pala mura minsan lang ginamit sira nah m very very disappointed bruh pero cute talaga ung salamin at design niyaung electric fan lng hindeeeeee ang ineeeeet pa naman ng panahon mi beri honest opinion atm ung picture ah hinde xa kasali sayang din ung coins,1,0,1,0,Cheap,but broken after one use. Very disappointed,,,
633,nakakaloko dumating ng may punit sa gitna tapos ang dumi pa tapos yung laman ayaw ko nalang mag talk yung belt lang yung maayos eh tas parang gamit pa yung isa tapos may isa pang tabingi ung pagkakatahi ng strap btw thank you still seller,1,0,0,0,Deceiving; torn in the middle; dirty; belt is only good one; appears used.,,,,
634,ang pangit na sim na ito rank down ml ko bwesit na gomo,1,0,0,0,Sim card is bad,causes rank down.,,,
635,not recommendable to order here damaged  defective item paasa na seller,1,0,0,1,Not recommendable here damaged defective item paasa na seller,,,,
636,ung color blue sira  ayaw na mamatay ng fan,1,0,0,0,Fan broken,blue color and it wont turn off,,,
637,never again hnd gumagana ang isa sayang pera nyo kahit mura lang sya sayang lang ang pera kasi nga sira naman,1,0,1,0,Never again,one doesn't work,waste of money.,,
638,mas okay sana kung naka bubble wrap yung product saka make sure na naka seal ng maayos yung box nya,0,0,0,0,,,,,
639,poor daming basag ng ring lightpunit din ng boxkaya im not sure if during delivery xa nag kabasag kc nka bubble wrap nman ung parcelsana next time make sure ok ung itemsnag babayad kmi ng maayosdko nlang xa ireturn kc working nman ung light kahit daming basag,1,1,0,0,ring light and the box are broken,,,,
640,poor defective yung right siide ng fan walang hangin na lumalabs puro ugong i demand product replacement,1,0,0,0,Defective; no air from right side; replacement is demanded.,,,,
641,right color with charger and naka bubble wrap din pero sa right side nga lang yung umaandar antagal ko tong hinintay peroo napaka tagaaal pa bago dumating tama naman yung color kasoo di nga lang umaandar yung isa nakakadismaya talaga di naman siguro cya masisira kahit matagal nadeliver ano i,1,1,0,0,right color and packed,but one is not working and arrived late.,,,
642,maingay yung fan use a headset to avoid the noise not well packed open yung both ends ng bubble wrap di man lang tinape box medyo dent buti buo pa yung gadget,1,1,0,0,noisy and the item is not packed well,,,,
643,manipis po sya psensya na sa rating po yung black lang yung makapal i will not recommend this boxer shorts hindi to magugustuhan ng asawa ko,1,0,0,0,Thin boxer shorts; not recommended,,,,
644,hello po good afternoon bakit po color maroon ang dumating na order ko  eh tan po yung inorder ko bakit ganito huhuhu,0,0,0,0,,,,,
645,not recommended sa may malaking dibdid pwd ito sa mga tomboy mababaw ang curve ng bra,1,0,0,0,not recommended for big women,,,,
646,sayang kasi gumagana pg dating pro pgkatpos kng e charge d na gumagana na maayos 2 mins lng tapos titirik na dissapointed ako,1,0,0,0,Product stopped working after being charged. Dissapointed,,,,
647,napaka pangit ng service dito sa shop na to and yes eto talaga ibubungad ko first order ko nacancel agad kahit isang beses pa lang nag attempt yung rider na ideliver ang order ko second mali ang color nung isa kaya natural irerefund ko,0,0,0,1,the service here in this shop is ugly.,,,,
648,makapal din po makapal po sya maganda naamna parasa mga baby kaso lang malaki po sya sa 2 months old baby kahit na mataba sya,1,0,0,0,Thick and good product but big for baby,,,,
649,have to be honest po di pa nagagamit sira agad,1,0,0,0,to be honest the product is already broken,,,,
650,hm yung pinili ko pero bench yung dumating ayoko sana ng bench dahil may printing sa mismong boxer pero overall maganda naman ang tela at fit pero sana chine check nyo product nyo bago magdeliver,1,0,0,1,the product is fine but it had print on it,,,,
651,ok n sana lahat eh kaso ung damit bat gnyan ibang iba s nkapost n tinda ung post mo me botones s harapan iyan sarado hays dapat d n ko nag order nto,1,0,0,0,product is very different in post,,,,
652,amoy guma at alcohol nagkatapon2 sayang pera sobrang dissapointed hindi ko alam kung expired ba to hindi mo sya matatawag na pabango pabaho sya sayang pero nakakahiya na sa pagbibigyan drtso na sya sa basurahan excited pa naman ako sa ariana grande na cloud kasi sabi mabango actually amoy alvohol,1,0,1,0,product is expired and bad smell.,,,,
653,ok juskoooo di pala to pwedeng banlian ng tubig natutunaw to unlike sa binili ko sa tiktok yung color blackgray na kahit lagyan ng mainit di natutunaw buset low quality at its finest,1,0,0,0,low quality and it melts with hot water,,,,
654,first time ko mag order ng ganto good feedbacks lahat kaya napaorder ako pero pag dating ganto naman pinipindot ko yung returns and refund ayaw ma click hayst sayang pera sana mapalitan nalang excited pa naman akong iopen to nung dumating na pero nung sinubukan ganto naman kinalabasan sorry seller,1,0,1,0,Product isn't good even with good feedbacks. Want refund,,,,
655,ayaw gumana hindi umuusok hindi naglalabas ng mist dont buy malfunction itemswarnig dont buy malfunction item i repeat malfunction item,1,0,0,0,Product isn't functioning and doesn't work,,,,
656,wrong variation blue order ko yun pinili ko sa variation nila pero red ang naideliver sa akin gusto kong refund nalang kase sobrang hassle kapag return and refund kase ako ang magdadrop off nun sa courier lalo na its not my fault pero di pumayag si seller sa request ko,0,0,0,1,product is the wrong variation. seller didn't allow refund.,,,,
657,not good tagal ko hinintay kasi gagamitin ko sa intrams pag dating may basag yung isa can i get a refund sa isang item na basag sana pansinin ni seller,1,0,0,0,product has defect and want refund. Arrived after a long time,,,,
658,poor sobrang ikli hindi to 10m mali binigay sakin dapat pure white lang okay na sana kahit may design sobrang ikli naman mag rereturn and refund sana ako kaso nagamit kona isa ayaw ng isa lang ireturn hay sayang pera ko sobrang nipis pa,1,0,1,0,Product has design even if its pure white. But has small amount and thin,,,,
659,hindi maganda yung productimitation lang,1,0,0,0,,,,,
660,wag napo kayo umorder dito napaka scam ng seller expecting vs reality nasayang lang 640 pesos ko dito parang yung isang buo hinati hati lang nila sa apat yung isang pahaba nayan 32 pesos na hays binabalaan kuna mga bibili dito,0,0,1,1,The product is a scam.,,,,
661,nakakadissapoint naman po umasa ako na maibalik yung kulang na binigay nyo nung last na nag order ako pero wala po nag note din po ako pero wala sorry pero last order ko na po to thank you,0,0,0,1,the product isn't complete in product list,,,,
662,hay basag ang takip nag chat ako may remarks pa na pki balot ang unit ng bubble wrap bago ilagay sa box hay naku wla pa rin nasa kabas ng box anf bubble wrap tpos kung di ba nman hilo ang wire pinasok sa loob ng purifier,1,0,0,0,bubble wrap in the box and not around the product so the product has defect,,,,
663,nakakainis minsan yung ganto malinaw na nakalagay sa order mo yung pinili mo pero parang hindi man lang tiningnan nung seller nakaplace na order basta makaship ng items bench na double xl yung order ko pero binigay sakin hm na triple xl di na ko bibili ulit sa shop na,0,0,0,1,Wrong product order,,,,
664,poor quality paano mag refund sira yun product kqka bukas ko lang ngayon sayang ung pera,1,0,1,0,the product has defect and what to refund,,,,
665,walang laman yung products na dumating pangalawang beses na nangyari to nung unang purchase ko kulang kulang yung mga items nag reach out ako sa seller binigyan ako ng refund through vouchers binigyan ko ng chance bumili ako ulit tapos ang dumating walang mga laman this is the worst shop,1,0,0,1,not complete and worst shop,,,,
666,not good walang ka lakas lakas  mas gusto ko nlng mag pay pay  haissst,1,0,0,0,Not strong and not satisfied.,,,,
667,bkit ganyan dumating hndi po ito ung order q,0,0,0,0,,,,,
668,di gumagana both sayang ang pera di gumagana ung isa paresat di wlang maintndhan ung kausap mopng music lng sya tlga,1,0,1,1,The items are not working and the seller wasn't understandable,,,,
669,walang katibay tibay pacenxa napo mahirap talagang magexpect dealing mabali nagamit lang isang bess tas sunod bali na,1,0,0,0,The item is easy to broke,,,,
670,kailangan ko ng tubigan very wrong ng item na nasend its not even 2 liter 1 liter lang siya pero hindi ko na ipaparefund kasi kailangan ko ng tubigan 1 star pa rin kasi ang bilis maship sana next time icheck ang item ng mabuti bago iship hmp,1,1,0,0,wrong item the iteam 1 liter ang the item should be 2,,,,
671,scammer kaayo dalawa order isa lang dumating  i hate this shop,0,0,0,1,There are two orders and only 1 product received.,,,,
672,ok pag open ko hinanap ko pa yung light wala pala den nung tinatry ko na magconnect s bluetooth ayw talaga magconnect disappointed talaga ako magta timer nlng ako pag gamit ko to yun pa nmn habol ko na may pangclik sya pag magpipicture,1,0,0,0,Product cannot be connected,,,,
673,ok sana kaso pangit yung design sa garter 1 star lang naka dismaya  ok lang naman sana mag mahal kayu nag presto basta maganda lang yung quality,1,0,0,0,Good if the design is great,,,,
674,antagal n nga dumating ng item tpos ung marereceive mo p childrens size sana umasenso kau s panloloko nyo ng tao hirap n nga kumita s panahon ngaun nkukuha nyo pa manloko,0,1,0,1,The size is for children not for adults,,,,
675,packaging is not good at yung item parang luma na para bang gamit na white kasi inorder ko sina yung box naka labas na yung item dating gas2 pati madumi  buti nagka 1 star pa deserved,1,1,0,0,The packaging is not good and the product is old,,,,
676,feel ko na scam ako 2 packs inorder ko 2 mouse pad natanggap ko sayang pera wag na kayong mag try,1,0,1,0,product received is scam and its wasted,,,,
677,ang nipis nang tela tapos parhas lang ang kulay except for that green and gray ang layo din doon sa photo na naka lagay tan yong pinili ko kasi akala ko what you see is what you get,1,0,0,0,the fabric is the thin and the color has different,,,,
678,haysss too disappointing mystery pouch but i can see through the packaging the essence of mystery was gone too sad,1,0,0,0,Disappointing too see the packaging transparent,,,,
679,malas ko nman defective p npunta s kn,1,0,0,0,defective,,,,
680,average package arrived safely i used it immediately when i prepared my bed i have a shihtzu and chowchow so maraming balahibo talagang nakakalat the suction power is not as strong as i thought kahit ilang ulit ko daanan hindi pa din naalis sa bedsheet,1,1,0,0,average is the average but arrived safely,,,,
681,isang pouch lng dumating samantalang dalawa order q,0,0,0,0,,,,,
682,okay naman di pa nagagamit n di pa nakita ni mama wala namang sira and nag reresponse si seller thankyouuu yung parang wire niya parang madali masira pero lets see sira na yung umbrella cheap price nga naman,1,0,1,1,product is cheap,,,,
683,mabilis masira ung item pang curl and ung filter sa faucet peke as in fake nd nakakafilter ng dumi,1,0,0,0,Easy to broke and the item is fake,,,,
684,kaka sad very disappointed hayyy,0,0,0,0,disappointed,,,,
685,masabi ko lang sad ako dahil my gasgas yung item tps pareho kulay ang dumating ng mssge pa ako sa kanila,1,0,0,0,scratches the item and the seller sent same color,,,,
686,sobrang nakakadismaya naman etong shop na eto mang dadaya makabenta langsize 40 ang order ko pero ang dumating size 38kitang kita naman sa likod na kinaskas ung size para walang size na makita my god bakit naman ganyan kayo masaya ba kayo na nakakaloko nang kapwa tao godbless nalang,0,0,0,1,Deceptive seller ships wrong sizes,scratching out size to hide it,,,
687,anlayo ng kulay sa order ko hapngbata kc kya mkulay ang order ko pngxchangegifttpos kulang pa ang stickerhndi nko oorder sa shop nyosa iba nlng,0,0,0,0,Wrong product,,,,
688,i bought a deerma dx300 and we loved it sobrang useful malakas ang suction madaling gamitin kaya ako bumili nito but this one turned out to be disappointing the suction is practically nonexistent ni hindi makahigop ng mga hair strands sa kama it will only work for 5 to 10,1,0,0,0,Poor power,,,,
689,ok naman sana kaso my damage yung items tsaka sobrang sumakit yung paa ko sobrang lambot niya grabe no for this but thanks pa din po,1,0,0,0,Product has defect and its not comfortable,,,,
690,nahuhulog sa tenga habang ginagamit needs improvement waste of money,1,0,1,0,the product design needs improvement and wasted money,,,,
691,literal na yan lang po ang nareceive ko walang plastic yung mismong tumber wala din sticker i recommend everyone not to order from this shop 0 out of 10,1,0,0,0,the product order not complete with plastic and sticker,,,,
692,not good manipis ang mga diapers,1,0,0,0,product is not good,,,,
693,buti na lang mura lang ano paba aasahanedi poor quality kita naman sa picture,1,0,1,0,the product cheap,,,,
694,610 not satisfied nakaangat na pagdting skn then lumulubog un power button nya ngayon tanggal na d na makabit hnd n sya masara will not order again,1,0,0,0,Product power button is broken and will not order again,,,,
695,walang kwenta sira battery tas di libr yung replacement battery kailangan pa mag order ng ibang item para mapadala,1,0,0,0,The battery has problem and doesn't deliver,,,,
696,hindi maayos ung pagkaka packna tupi tupi at kusot kusot ang na deliver sa akinpero nagawan nman ng paraan paki ayos nman po ung pag packpara di na kukusotbuti na lang nagawan ng paraanpero order pa din ako next tym para ma completo ko ung sa kwarto namin,0,1,0,0,Product has problem but still good delivery,,,,
697,medj manipis lang siya pero maganda naman apakasungit ng rider boss ata e,1,0,0,1,Rider is not good,,,,
698,hopefully it is good too not true to its size 10mx45cm according to its descriptionit is only measures 6mx41cm so far wala na akong magagawa dito kung nagpurchase din kayo sa store nato sukatin nyo nlng din,1,0,0,0,product size does not good,,,,
699,i received wrong items hello to you seller next time be responsible po 2liters po order ko na black and gray pero yan yung dumating napakalayo ng diperensiya,0,0,0,1,wrong items is being send,,,,
700,i ordwred blueorange ang dumating light blue seller should not do this just to complete the delivery be honest kung wala ka na stock,0,0,0,1,Order blue and orange the send light blue,,,,
701,oily lang pero wala talaga fragrance nasira ako sa customer ko hindi daw ganto ang vanilla lace this is the 3rd time na umorder ako pangbenta ko unang order ko is 10ml tester para may reference ako kung ano ang scent nya sa tester ang bango matamis as in amoy,1,0,0,0,The review focuses on the scent (or lack thereof) of the product and comparing it to a previous purchase,indicating a problem with the product's quality or consistency.,,,
702,ordinary lipstick hnd xa lip balm natatanggal agad hnd long lasting,1,0,0,0,Review focuses on the product performance.,,,,
703,not good sorry seller hindi ko po nagustuhan yong item ninyomalaki msyado saakin at manipis lang dintama lang yong color salmat din kay kua rider sa pg delever,1,0,0,0,The review focuses on the product's size,thickness and color.,,,
704,i dont know bakit nah crack sa loob pero sa labas okay naman sana nag lagay ng something sa loob since naka open na yung item nakatanggal yung pang takip nya kaya siguro seller not responsive rider not responsive,1,0,0,1,The review mentions a crack in the product and the seller's lack of responsiveness.,,,,
705,not worth it sira sya alam naman ni seller na fragile ang ipapadala di man lang nilagay sa bubble wrapnakakadisappoint,1,0,0,1,The product is broken,and the seller is blamed for not providing enough packaging.,,,
706,manipis expectation vs reality tlga pricey para price not recomended,1,0,1,0,The review comments on the product being thin and not worth the price.,,,,
707,as you can see in the video nauga talaga yung parang leeg ng ringlight marunong po ako mag assemble neto btw at ang nasabi lang ng seller ay pasensya na po sa nangyari thanks nalang naayos nun ang problema sarcasm so nakatayo lang sya at bawal aalisin dahil baka malaglag,1,0,0,1,The ring light is wobbly. The seller's response is sarcastic.,,,,
708,seller madaming gasgas halatang nagamit na and also akala ko earbuds yung gift yun pala sticker lng mahina yung left ear na sound,1,0,0,0,The product is scratched. The left earbud sound is weak. The gift is a sticker.,,,,
709,510 maganda yung quality pangit ngalang yung pag kaka lagay sa box and yung fan sira siya ayaw bumukas then hindi nag chcharge for me 310 rate ko sa fan nato kasi maganda naman yung quality sira ngalang paayos nalang po next time hindi ko siya i rerefund,1,0,0,0,The fan is broken and does not charge. The packaging is poor. The quality is good.,,,,
710,im so sorry pero nung dumating siya sakin is sira yung pinaka dulo ng wire niya na muntik na maging dahilan ng sunog sa bahay,1,0,0,0,The wire is broken and almost caused a fire.,,,,
711,1 bwisit black order pinadala nyo puti minsan nalang ako mag order sa shoppee sablay pa,0,1,0,0,The color is wrong.,,,,
712,wrong item delivered yeezy slippers ang inorder ko pero ang dumating ay sandals tho tama ung isa pero ang clear na inorder ko is yeezy hays umayos kayo kung ayaw niyo masiraan,0,1,0,0,The item delivered is wrong.,,,,
713,ang hirap paganahin ng dual sim yung battery kakacharge lang hindi ginagamit for 6 hours tapos drain na battery,1,0,0,0,Dual sim is hard to use. The battery drains fast.,,,,
714,isang gamitan lng haha kung kung gusto nyo panregalo or kahit pang sarili nyo eh wag na sira na agad hindi na magamitnamanatay na palagi naka isang charge lngsayang pera want refund,1,0,1,0,The product broke after one use. The buyer wants a refund.,,,,
715,mali yung binigay ni seller madumi pa hindi na ako oorder ulit wrong item recieved damaged item item different from picture will not order again,1,0,0,1,The item received is wrong,damaged,and dirty.,,
716,sira yung rechargeable fan at isang headset,1,0,0,0,The rechargeable fan and headset are broken.,,,,
717,this is my first time na dumating yung order ko na kulang yung items n binigay nila wala yung bala ng glue gunsa maliit na halaga sinisira nyo yung pangalan nyosayang balak ko p nman omorder ulixcited kcng buksan kya dko nrin nvideohantama pla yung nbabasa ko d2,0,0,0,0,The review states that the order is incomplete and missing some items.,,,,
718,soft didnt expect to this soft the first time a bought one black yung color its hard please seller next time wag kayong magsend ng ganyang may defect nakakainis,1,0,0,1,The product has defects.,,,,
719,wala wala pang 1 hr lowbat na agad kapag bubuksan mo mamatay matay siya hindi pa nagrereply sa customer service nila nakalagay din sa box sa bilog may lalabas na hangin kahit wala naman hindi man lang nakabubblewrap nung nareceive ko tsaka yun nga maingay,1,0,0,1,The battery drains quickly. The customer service is unresponsive. The product is noisy. Packaging insufficient.,,,,
720,good subrang ganda at malaki siya love it order ulit ako yan para sa mga pamangkin ko,1,0,0,0,The product is beautiful and large.,,,,
721,ang tagal iship ng order ang tagal din ideliver try ko muna ilang araw kung mag tatagal to,0,1,0,0,The order is shipped and delivered late.,,,,
722,hindi po pantay ang pag pag gupit nyo sa wallpaper brickskailangan ko pang gupitin ng maayos para magpantay,1,0,0,0,The wallpaper is not cut evenly.,,,,
723,not good may bukol2 bakit ganun isang suot lng nito punit agad,1,0,0,0,The product broke after one use.,,,,
724,grabe light grey pinadala pano yan sasakto sa kwarto ko e umorder ako ng 3 white para sa kinulang na wallpaper tapos light grey ipapadala,0,1,0,0,The color is wrong.,,,,
725,order recieved ok naman sya kaso yung lagayan ng toothbrush nasira sya kaya na dissapoint ako,1,0,0,0,The toothbrush holder is broken.,,,,
726,sira agad 1week lang okay na sana eh fast charger kaya lang nasira na agad,1,0,0,0,The product broke after one week.,,,,
727,defective defective pano ka maliligo mag isa nag seset ng temperature mababanlian ka sa init hahahaha sobrang hassle para mag return para sa tulad namin na busy kaya nga bumili heater para sa comfortability namin tapos uutusan pa ako ng seller na ipatingin ko sa mga technician jusko naman ako,1,0,0,1,The product is defective.,,,,
728,okay nmn material made of rubber however even we sized up one size higher than our normal size still it didnt fit so frustrating the one i bought for my daughter was forcedly tried to fit,1,0,0,0,The product does not fit even after sizing up.,,,,
729,low quality kulang yung item na delivered mabagal magresponse si seller mahirap magrefund no no for the store,1,0,0,1,The product is low quality. The item delivered is incomplete. The seller is slow to respond. Refunding is difficult.,,,,
730,very dissapointed 10pcs order ko 8pcs lang dumating di ba kayo marunong mag bilang di pa nasunod yung design na gusto ko sana nag chat kayo kung di available kung item na order ko pati di kayo marunong mag reply godbless nlng,0,0,0,1,The order is incomplete,the design is wrong. The seller does not respond.,,,
731,damaged ang dumating hassle na ung return refund kaya irarate ko nalang ng 1 star sana icheck muna ng seller ung item bago ipack para di sayang pera sa sizing add 1 size talaga pag ganito,1,0,0,1,The item arrived damaged. The seller should check items before packing.,,,,
732,sana pala d ko muna pinindot yung order received,0,0,0,0,The review just mentions that the customer should not have tapped order recieved.,,,,
733,ok n ok cya kla ko scam hndi pla slmt dn sa seller,0,0,0,1,The seller is not a scam.,,,,
734,4 set order ko bale 40 pcs sana ang dumating isang set lang 10 pcs lang narecieved ko hassel kapag return pa dahil need na gimitin,0,0,0,0,The order is incomplete. The customer needs to use the product.,,,,
735,waste of money hindi naman nag cha charge,1,0,1,0,The product does not charge and is a waste of money.,,,,
736,i received with a little crack as shown on the photo netflix not working but can be downloaded from a website but will crashed apps are outdated and only chosen apps can really work mostly will crashed since outdated nga like it will automatically close its fhd maganda ung video,1,0,0,0,The product has a crack. Netflix is not working. The apps are outdated.,,,,
737,hindi sya true to sizeorder ko size 38 dumating size 32hindi ko kasya kaya 1 star lang nilagay ko,1,0,0,0,The size is wrong.,,,,
738,very disappointed nag order ako ng 3 items tapos ang na receive ko dalawang items lang pero ang nakalagay sa binayaran 3 items sana po wag nyo gawin sa iba,0,0,0,0,The order is incomplete.,,,,
739,akala ko pa namn may free gift na hqai 2 items daw kaso wala pala,0,0,0,0,There is no free gift.,,,,
740,kainis iba pinadala ni sellerexited pa naman ako kasi gagamitin na ng anak ku,0,1,0,0,The item sent is different.,,,,
741,nothing sira na agadmay natanggal sa loob nya mas malakas pa ang wistle sgro,1,0,0,0,The product broke easily.,,,,
742,jusko malinaw na nga black nakalagay gray paden pinadala,0,1,0,0,The color is wrong.,,,,
743,i will just give 2 stars in this shop because my parcel arrived in poor condition may basag yung ringlight amd its kinda disappointing,1,0,0,0,The ringlight is broken.,,,,
744,sira yung tripod ayaw magbuka i will edit my review pag nagpadala na kayo ng ayos na tripod grabe nakakadismaya,1,0,0,0,The tripod is broken.,,,,
745,wtf i order bench and hm but they give me 2 hm sheeet guys please dont buy on this shop your wasting money here mga kupaaaal na seller,0,0,1,1,Wrong item received. Negative comments about the seller.,,,,
746,mali yong kulay na pinadala sa akin tong order ko is white pero black yong dumating,0,1,0,0,The color is wrong.,,,,
747,after 1week sira na,1,0,0,0,The product broke after one week.,,,,
748,nakadismaya lang kasi dalawa ung order kook naman ang isa pro ung isa nasa likod ang printmanipis din ang telai will not order to this shop again,1,0,0,0,One item has printing at the back.,,,,
749,disappointed iba kulay dumatingyung black lang nasunodyung dalawa instead of grey and dark grey naging blue and dark blue,0,1,0,0,The colors are wrong.,,,,
750,arghh di nagana micc and pindutan nakakainisss ok naman sound kaso mic talaga habol ko sa earphone na ito  hays how na bebe time ko nito pag narinig nila mama ka na may ka call ako,1,0,0,0,The mic and button are not working.,,,,
751,poor di pulido pagka2tahi slightly disappointed,1,0,0,0,The sewing is not neat.,,,,
752,if ill rate it 110 fr diko inexpect ganito yong quality nya pls seller were paying u ng tama tas ganyan gagawin nyo grabe ha sobrang nakaka disappoint promise,1,0,0,0,The product is low quality.,,,,
753,ok na din sira yung isa di nagana sana pamake sure na nagana bago ideliver sayang yung pera kahit magkano lang yan binayaran pa din,1,0,1,0,One item is broken and not working.,,,,
754,bakit sira agad hindi na nakaka vaccuum please refund or change item customer service not reaponding dedma mode,1,0,0,1,The product is broken. The customer service is unresponsive.,,,,
755,ndi bumubukas  lobo battery ndi nagchacharge meaning useless  mas ok pa yung isa lang orderin mo para sure na walang kasamang basura,1,0,0,0,The product does not turn on and does not charge.,,,,
756,ang panget ng sound quality niya wala siyang mic hindi nagana,1,0,0,0,The sound quality is bad. The microphone does not work.,,,,
757,connects easy madali mgconnect sa device and maganda ang sound quality delivered on time and packed safely edit after using the earpods for few days i am a bit disappointed ang bilis malowbat i charged and used it with 100 then after just 3hrs na gamit down to 10 na,1,1,0,0,Connects easily and good sound quality,delivered on time. But battery drains fast.,,,
758,hi sorry to rate this low but really not a good buy po ang bilis mapunit ng product kunting dampi mo lng sa wall magkaka scratch agad not okay kasi i have toddler so if your planning to buy this product dont buy po,1,0,0,0,The product scratches easily.,,,,
759,halos same lang ng size yung 3839 at 4041 kakaloka pangmaliit na paa lang tong slippers na to masaklap yung seller hindi nagrereply very upset and disappointed,1,0,0,1,The sizes are almost the same. The seller is unresponsive.,,,,
760,1010 good quality sana mali lang yung size na pinadala ni seller i ordered size 36 pinadala size 37 nexttime pakicheck po muna ng inipapack nyo para wala kayong bad review buti sana kung agad agad mabebenta ko to sa ibang tao,1,0,0,1,The quality is good. The size is wrong. The seller should check before packing.,,,,
761,wag kayong magtitiwala sa seller na to kulang kulang binigay nya sakin kulang ng dalawang product bwiset,0,0,0,1,The order is incomplete. Do not trust the seller.,,,,
762,not good umusok agad sya pagka gamit ko natakot ako kala ko puputok makikita nyo sa likod natunay yung plaastic nya kasi umusok talaga sya isang araw palang ganon na nangyare di ko manlang nagakit same na araw nung natabggap ko pag open ko umusok na sayang pera ko huhu,1,0,1,0,The product started smoking. The plastic melted. Wasted money.,,,,
763,nagrequest ako ng refund dito kaso disapproved return and refund nangyari hussle lang talaga nagpunta pa ako jt para magsauli ng items na to sana naman pag ganyan may sira na wag na ninyo ipadala pa salamat sa refund,0,0,0,0,The refund request was disapproved.,,,,
764,im so disappointed kulang iyong products the concealer is missing sana next time naman seller you tell the buyer kung wala iyong order nila were paying here this will be my first and last time ordering from this shop hindi kayo reliable even a simple notice sana kung hindi available,0,0,0,1,The order is incomplete,the seller did not notify of missing items.,,,
765,okay hindi po nagana yung isa ayaw din po magcharge sayang pero maganda naman po yung tunog hehe,1,0,0,0,One earphone is not working or charging.,,,,
766,mali ung item bench pinadala hm order ko,0,1,0,0,The item delivered is wrong.,,,,
767,sobrang nakaka disappoint po mali po yong dumating anlayo don sa mismong picture ng inorder ko tama namn yong pagsend ng order tas tama rin ang bayad tapos ganyan dumating wag naman po ganon pinaghirapan ko pera ko d ko po pinupulot yan,0,1,0,0,The delivered item does not match the picture.,,,,
768,nakakainis wrong item inorder ko 2liter pero dineliver sakin 1liter pati color mali imbes purple red napunta sakin nakakadisappoint lang sana sa sunod make sure nyo na tama yung item nyo kase nagbabayad din naman kami ng tama,0,1,0,0,The item delivered is wrong in size and color.,,,,
769,not so good naka pack naman ng maayos kaso paramg tubig na may glitters lang tapos spray mo wala naman epek for me di sya maganda irecommemdsayang pera,1,0,1,0,The product is not effective and a waste of money.,,,,
770,wala man lang lalagyanan yung pinadalang eyeglass hayss kaya naipit ipit,1,0,0,0,The eyeglasses did not include a case.,,,,
771,tumutulo sa bote di maayos packaging paki ayos po tong problem na to seller im only saying this so that next time wala nang mag complain about sa order okay overall the smell of the perfume is amazing yung packaging lang po paki ayos nalang thanks,1,0,0,1,The packaging is bad and the bottle is leaking.,,,,
772,okie naman po yung items mali lang yung binigay ng items 3 order ko pero dumating sa akin 1 nakaka dismaya naman po mag order kung wla po sana yung order di nalang sana ninyo pinadala,0,1,0,0,Wrong number of items given.,,,,
773,nice kasi madikit sya peru na dismaya ako subrang liit pala every piece,1,0,0,0,The item sticks well but is very small.,,,,
774,actually working naman pero noong una hindi ko alam kung paano paganahin kasi first time ko bumili neto wala kasi nakalagay na manual kaya nahirapan akong paganahin,1,0,0,0,The item is working but there is no manual.,,,,
775,ok po yung ringlight pero yung stand po niya meron sira,1,0,0,0,The ringlight is ok,but the stand is broken.,,,
776,magulo kausap seller kinansel ko na to pero di inaapproved kasi di dw niya mkita ung order ko pinakanasel ko bcos sabe oct 4 pa dw dedeliver as per eta delivery date i need it badly kaya pinapakansel ko at kelangan kong bumili sa iba na may on hand due,0,0,0,1,Difficult to communicate with seller; cancellation not approved.,,,,
777,mouse quality isnt that good performance is bad and the packaging is the worst no bubble wrap and when i opened the parcel the mouse is already outside the box box is tattered as well in short no effort sa packaging not worth it bili nalang kayo sa iba,1,0,1,0,The mouse is bad and the performance is bad.,,,,
778,kkarecieve ko lng nito  pero pgbukas n pgbukas ko nkita ko na agad ung defect  bkit gnun  cra po ung lagayan ng bakal sana poichineck muna ni seller ung item bago ipack   ngbabayad po ako ng maayos tposcra po ang item kitang kita ang oras,1,0,0,1,The seller should have checked the item. It's broken.,,,,
779,kakarecieved ko lng nung item and wala namang elise panu ko kaya magagamit check the item before sending it,0,0,0,0,An item is missing,check the item before sending.,,,
780,kulang yung order ko isang sunglass 2order ko isa lnh dumating ipit ang nilagay,0,0,0,0,The order is incomplete.,,,,
781,bad saan ko on and off sira walang pindutan ng 1 2 3 ano ba naman nag bigay ako ng message sabi ko paki check useless sayang ung pera ng pinangbili ko sana sa pag kain na lang nabusog pa ako thank you shopee and kuya rider deliver,1,0,1,0,The item is broken and the button is not working.,,,,
782,did not arrivey ur like thatyou did not give me the right orderi must have a mist spray but nothing arrive yun pa nman ang importantpaasai am not that happy kahit may pa free pa kayomalimali nman ang dumating also ang tigas nah and dry nang glue for eyelash sana,0,1,0,0,The item is wrong and dry.,,,,
783,low quality beige may crack si black may crack na sa kbila tuklap pa yung isa i requested a refund pagka deliver ng ng item jan 72022 and then nag reply sila jan 10 nanghihingi ng vid at ng stickernirefund pero nanghingi pa ng vid na sinisira item,1,0,0,0,There are cracks on the item.,,,,
784,medjo may mapuputol na part yung headset tapos basag basag yung lalagyan tt,1,0,0,0,The headset is damaged. The case is broken.,,,,
785,cover nice appearance salamat at may magagamit na rin ako para makinig music jam habang naglilinis xd kaso ngayong natry edit ko rating kasi isa lang gumagana kaliwa,1,0,0,0,Only the left earbud is working.,,,,
786,no scam po di deliver sa akin yunq parcel ko tapos sasabhin na deliver recieve tsskkk,0,0,0,0,parcel not delivered,,,,
787,may fade pa yung pinadala nyowala kayo sa ayoshwag kayong mag order d2,1,0,0,0,Product has fade,,,,
788,dumating na order sna next time honest naman 2xl binili dumating skin small size lang pero nakalagay sa plastic 2xl khit man lang sana large or xl binigay nyo kesa sa napakaliit nmn hindi nko uulit sa shop na ito,1,0,0,0,Received a small size,not as ordered (2XL) - Significant size discrepancy.,,,
789,dont buy to this shop i paid for 2l bottle pero yung binigay sakin 1l bottle lang hindi rin nag rerespond si seller walang pakialam,0,0,1,1,Received smaller bottle size than ordered (1L instead of 2L); seller is unresponsive and unhelpful.,,,,
790,good nakaka excite na mag order pero ayun lang ang tagal dumating ng order good service and contact si seller maganda ang color and all pero yung hawakan parang manipis and maluwang mukhang di siya heavy duty,1,1,0,1,Exciting,good color but handle is thin and loose.,,,
791,5 panget ng store na to tatlo order ko pero dalawa lng pina dala tapos wrong color pa  sana naman na check nyo mona bago ipa deliver or baka alam nyo na dalawa lng talaga pinadala nyo nag message ako sa inyo pero d naman pina pansin,0,0,0,1,Incomplete order. Wrong color. Seller unresponsive.,,,,
792,maganda naman quality kaso sayang sampung orders ko sobrang hina po sound saka basag din po lalagyan ibebenta ko po sana kaso mahina sounds,1,0,0,0,Sound is low. The case is broken.,,,,
793,sobrang nkkdisspoint un wallpaper nyo napakanipis tapos un binuksan un parcel ang dami n nyang ukab ukab dahil sa kanipisan nun item tapos un ginamit na tape pandikit un portion na un ndi na nagamit hindi naman ako 1stym na umorder ng wallpaper pro un ngaun ang pangit tlga,1,0,0,0,Wallpaper too thin with damaged tape,,,,
794,sira ung isang items na inorder ko hindi man lang check c seller sa item bago ipaship,1,0,0,1,One broken item,seller did not check the item before shipping,,,
795,nag msg ako kay seller pero deadma niya corncern ko sa items na pinadala sakin sana yun parehas na size ok lang maisusuot eh pero ang naibigay sakin different size ni ala manlang reaksyon c sellerreally not good well sana lang po double check nyo mga orders sa inyo kc,1,0,0,1,Deadma of seller sa wrong size na nakuha ko and different size pa talaga so sana po ay pa double check nyo muna,,,,
796,maayos naman ang black naoopen sya pero yung talaga hindi sya mapindot pina ayos ko pa sa papa ko naayos naman pero need mo pa sya ipush down para mag open parang hindi paren automatic im so dissapointed para samen kasi yan ng kapatid ko tapos ang akin sira pa,1,0,0,0,Hindi automatic,sira pa,,,
797,not good wala man lang bubble wrap yung product kaya nascratched nakakahiya sa nagpabili im verry disappointed,1,0,0,0,Bad - The product arrived scratched due to the lack of bubble wrap.,,,,
798,ibang color iba na receive kong item layo sa order q,0,1,0,0,Wrong item received,far from order,,,
799,sira na agad di na gumagana,1,0,0,0,Broken and not working,,,,
800,ibang iba yung dumating not recommended,0,1,0,0,Very different item than what was ordered,,,,
801,akala ko nakamystery box ang order ko akala ko nakabalot pa sya tinipid ako ng seller sa packaging hindi din sya worth it sa product,1,0,1,0,Seller 'tinipid' on the packaging (negative product). 'Worth it' related to price.,,,,
802,hndi nasunod ung size size 4243 ung nka indicate sa product pero prang size 40 ung dumating unsatisfied here,1,0,0,0,Product issue: incorrect size.,,,,
803,the seller didnt refund the missing items pinakita ko na mga un papel dpat ndi nya muna i ship out un product kung kulang din lang nman,0,1,0,1,"Service: Seller did not refund missing items. Delivery: ""ship out"" implies delivery issue.",,,,
804,damage nakaka dismaya sira ung binigay tapos papalitan ko hindi mag rereply thankyou ng thankyou see attached file na inupload ko  kahitb100 plus lang yan sana inayos niyo naman paanu kayo kikita kung ganyan kayo,1,0,1,1,Product is damaged. Price: kahit 100 plus lang yan. Service: hindi mag rereply.,,,,
805,black i cancel this but seller not responding and sira pa sya banda sa a kinakapitan sa ilong kaya i give 1 star,1,0,0,1,Product is 'sira'. Service: 'seller not responding' related to customer service.,,,,
806,bago nyo i packed ang items idouble check nyo muna kung maayos badi yung ipapadala nyo siradi gumagana sayang lang ang pera tas pag nag refund ang available courier nyo jt ey wala namang drop off ng shopee ang jt ang ending wala ng refund nakakadismaya kayo,1,1,1,0,Product not working (sira di gumagana). Delivery courier issue with refund option. Price.,,,,
807,hindi maganda ang items 2 inorder ko hindi gumagana yung isa,1,0,0,0,Product issue di gumagana yung isa.,,,,
808,bulok hinde gumagana 4hours ng naka charge wala parin nangyari hayyysssnaka kabwesit pag ganito ang pinapadala sayo dapat sinusuri ng mabuti kung gumagana o hinde sayang lang yung pera na pinang bayad ko hinde na pakinabangan,1,0,1,0,Product defect: hindi gumagana. Price: sayang lang yung pera na pinang bayad ko,,,,
809,poor quality faded ung pagkablack nya nakabili na rin ako nito b4 and i can really tell the difference,1,0,0,0,Negative quality of product.,,,,
810,hindi mo po siya gumagana ket anong try kooi just wasted my moneyand i thought it was okay kaya matagal ko bago buksan pero ng buksan ko kagabi hindi siya umiilaw,1,0,1,0,Product does not work. Money wasted.,,,,
811,510 this is not even a brand new one scratches on the case are visible and this has been used obviously see the images here ang mahal pa naman this is just a waste of money,1,0,1,0,Product is not brand new and mahal pa naman waste of money,,,,
812,okay na sana tanggap ko na sa tatlong inorder ko tatlong parehas na items din nakuha kaso palpak lahat yung mga items missing ng charger yung isang item di pa nagana yung isa kahit chinarge ko na sa iba mabilis pa lahat malowbat waste of money,1,0,1,0,Quality issue item palpak,waste of money (price).,,,
813,hello seller hayan yung video 3pcs lang yung nakarating sakin 6pcs yung order ko tama naman yung binayad ko pano ngayon nyan kaya hinde kita mabigyan ng 5 star,0,1,0,1,Delivery missing items. Service cannot be rated 5 stars.,,,,
814,wag na wag kayong oorder sa shop na to panget ng diaper walang tape yung kabila sayang pera ko,1,0,1,0,Product issue walang tape yung kabila.  Sayang pera ko related to price.,,,,
815,okay naman yung isa na nabili ko pero yung isa hindi gumagana kahit na charge na for 3hrs hindi talaga gumana kaya sana pwede pa mapalitan to seller pero okay naman sa packaging and all yung purple lang talaga yung hindi gumagana,1,0,0,1,Product issue: hindi gumagana. Service:mapalitan to seller.,,,,
816,so disappointed dinaman sya gumagana umiilaw lang pero walang lumalabas na usok akala ko pag tumagal may lalabas na sya na usok pero wala talaga excited pa man din ako,1,0,0,0,Product: di gumagana.,,,,
817,good thank you seller tinupad mo yong gusto kong kulay and sakto lang saakin i love it order ako ulit dito and kay kuya rider thank you picture is not related to the items,0,0,0,1,Service tinupad mo yong gusto kong kulay,,,,
818,wrong same design ng slippers ang sinend ni seller different color naman,0,1,0,0,wrong item - delivery,,,,
819,nice another overhyped tiktok product its doesnt last long and hindi naaamoy ng katabi ang amoy,1,0,0,0,product doesnt last long and wala amoy,,,,
820,napakawlang kwenta  sira pa binigay nyo skin tpos ngayon dina nagrreply seller anong klase yan,1,0,0,1,defective product and seller doesn't reply to the customer,,,,
821,nkkadisappoint lng ksi pagnkcharge lng siya nagana pagtinanggal mo di na naganaexcited pa nmn anak q,1,0,0,0,Product not functioning when disconnected.,,,,
822,pumutok po agad yung charger na binili ko sa shop to hindi ko na po narefu d kasi nasira ko yung lagayan ng charger which is yung kahon,1,0,0,0,Charger exploded.,,,,
823,hindi nagana yung isa hindi pa nagchacharge bulok pinagantay nyoko ng matagal tapos ganito yung marerecieve ko,1,1,0,0,Product not working and delay of delivery,,,,
824,kaamoy niya cloud kaso 1minute walana amoy ang bilis mawala yung amoy parang tubig yung laman awit nayan apat panaman binili ko kaka spray ko after 1minute walana amoy hays sayang pera,1,0,1,0,Product: bilis mawala ang amoy. Price: sayang pera,,,,
825,not recomendable ok yung kulay kaso ndi halatang matibay tsaka ndi katulad nung nasa pic yung actual nakakadisappoint,1,0,0,0,not matibay. not the same as photo.,,,,
826,hindi siya waterproof hayst,1,0,0,0,Product not waterproof.,,,,
827,mali yung size and color na binigay nakaka disappoint naman,0,1,0,0,Incorrect size delivery.,,,,
828,ok tama thank u sa halagang 14 pesos ok yung items thank you seller very nice,0,0,1,1,Price '14 pesos' positive. Service: positive due to 'thank you seller very nice',,,,
829,wag kau mag order dto sira yung phone use less sayang pera kht mura dapat me sense naman sana husko sagot pa namin ship to return,1,0,1,0,Product is 'sira' (broken) Price is cheap but 'sayang pera' Service ship to return,,,,
830,im sorry i will give it 1 star may basag kase eh and di tlga sya secured pagka balot nilagyan ko nalang ng scotch tape yung basag hussle na kase mag refund and change item magamit naman sya kahit papano excited pa naman ako buksan to,1,0,0,0,Product basag/damaged.,,,,
831,damaged product  seller did not even answer to any messages and pag nag return ka ng product wala naman free shipping  wala din kwenta ang customer service ng shopee  ending scam eto as there was no option to return the product na convenient and free sa mga,0,0,0,1,Scam due to return issue. Service due to seller not replying,,,,
832,unang budol ko sa home buddies kala ko maganda pero im so disappointed kasi sabi malakas ung suction thats why im expecting na kahit balahibo or anything magaan mahihigop pero nakakatawa kasi wala man lang epek ung sinulid kahit ilang beses padaanan ung seller isang taon bago magresponse,1,0,0,1,Product doesnt have a strong suction,negative feedback from seller,,,
833,poor hindi nasunod yung order 1st try mali agad wag na kayo umorder dito nakaka dis appoint je018 order mo tapos matte top coat dumating mag hire kayo ng marunong bumasa at malinaw ang mata di na mauulit umorder dito,0,1,0,0,delivery wrong item,,,,
834,850ml yung inorder ko para sa pamangkin nyu tas yung pinadala pariho 2ltr nag chat pa ang aku na double check nyo kuna di man lang cguro binasa,0,1,0,0,wrong size order delivery,,,,
835,not good the item i receive is good ok naman sya gumagana po pareho ung earphone nyai thought my free na kasama sticker lang pala syamabilis syang malobat wala pang isang oras or 30mns lobat na agad,1,0,0,0,item malobat and ok nman ung item,,,,
836,same as the picture yung isang kulay lang ang tumama sa order ko  okay lang sana kahit iba yung kulay pero sana iba  iba po may magka pareho pa talaga anyways  salamat pa rin,0,1,0,0,same as the picture yung isang kulay lang tumama.,,,,
837,not worth it especially for the price tumutulo kapag umuulan kahit mahina lang pangit kasi yung tahi kaya may mga maliliit na butas nababasa yung tao sa loob edi wala kwenta di ko na siya marereturn kasi na order received ko na,1,0,1,0,Product: tumutulo/damaged/hindi return. Price: not worth it,,,,
838,wrong item di naman to korean diaper bat ganito plastic cya pero ung order ko nung una ok namanhyysss ang nipis pa di ko malaman rin kung medium to kase parang small paano ba yn seller bakit kase di kau nag rereply ee para naman bago nio ma ship ma,1,0,0,1,Product wrong item,nipis (thin). Service no response,,,
839,ayos naman yung item kaso nung dineliver na saamin instead na 1969 yung babayaran ko ay naging 1999 wala naman nakalagay na amount dun sa package tinanong ko yung nagdeliver ang sabi ay sa system lang dw nila nakikita ang amountmay hidden charges sana maaksyonan ito ng seller,0,1,1,0,delivery and price,,,,
840,none hindi po gumagana used all kinds of aa batteries the expensive and the cheaper but to no avail in short sira po yung pinadala nyo i dont want to give any advice po alam nyo na po ano gagawin nyo sa susunod,1,0,0,0,Product does not work,,,,
841,sabi naman po ng mama ko mabango po sya siguro di lang po ako sanay sa ganung amoy and ibang amoy ng choco vanilla po kasi hanap kostill kudos parin po kasi longlasting,1,0,0,0,Product mabango,,,,
842,akala ko malaki maliit lang pero maganda namnn cya cute worth it parin,1,0,1,0,product maganda worth it,,,,
843,goodafternoon this is my second purchase nabut im still dissappointed yung unang purchase ko kulang yung item and ngayon naman mali yung scent since same item lang naman inorder ko iniisip ko magparefund kaso ishoshoulder ko pa ata ang shipping fee idagdag pa na puro unsuccesful yung attempt ng pagdeliver,1,1,0,0,product scent problem,delivery problem,,,
844,white super bet namin ni hubby for my babygirl super ganda all perfect thankyou seller merry christmas  happy new year,1,0,0,1,product super ganda,service thankyou seller,,,
845,mahina ang suction yung mga hair fall sa bed at sofa hindi makuha then minsan hindi pa gagana ugong nalang need mo pa i rest yung rest time ko one day para gumana ulit,1,0,0,0,product issue ang product di maka kuha ng hair,,,,
846,huhuhu ang tagal kong hinintay nd xa worth it nd xa fixed sa stove nmin useless panu na yan sayang,1,0,1,0,product nd xa fixed,price sayang,,,
847,hindi pa naka bubble wrap so disappointed,0,1,0,0,hindi pa naka bubble wrap delivery,,,,
848,when i opened it parang gamit na i checked others rate hnd naman ganyan nung binuksan nila sakin ganyan,1,0,0,0,product looks like used,,,,
849,poor quality tulad ng sabi sa mga comments dito used the product for 15 mins then nagstop na siya need ipahinga for how many hrs mas matagal pang ipahinga kaysa sa pag gamit what do you expect made in china,1,0,0,0,Poor quality made in china and nagstop ang machine,,,,
850,different from what is posted madumi parang lumang stocks ung binigay aksaya lang sa pera,1,0,1,0,Different from what is posted madumi aksaya lang sa pera,,,,
851,mali ang kulaysimple lng nman dalawang 2l black ndi pa napadala ng maayoswala pang takip un isa at un straw nya ano ba yan napaka nman ni sellerpanu magagamit walang takip un isakompleto nman ang bayad sana nman inayos nyo padala kahit mali ang kulay basta maayos ang item,0,1,0,1,Color wrong items simplelng delivery not maayos walang takip,,,,
852,pls azie bayaran mo na utang mong 30 pesos tagal tagal na nun last year pa nahihilo akez sa amoy huhu sorry,1,0,1,0,Tagal na amoy nahihilo and utang utang means price factor,,,,
853,maganda ang pagkakabalot presentable nmn yung phone kaso di gumagana yung 123 keypad nakakatamad lang ibalik thank u pa rin seller pcnxa na d ko mlalagyan ng higher rating d kc mgamit ng maayos,1,0,0,1,Phone maganda and thanks you. service product di magamit ng maayos,,,,
854,hnd nagchacharge  okay na sana e hnd sabog ang tunog kaso paano gagamitin hnd nagchacharge yung binigay na inpod 12 sa mystery pouch  mystery pouch pero walamg pouch at bukas nadinyung item,1,0,0,0,Product nagchacharge ung inpod bukas din,,,,
855,may password ung phone d mareset ayaw nila bigay password,1,0,0,0,Product di mare set ayaw ng password,,,,
856,i recieved different from my order can i return this tingnan po ang picture,0,1,0,0,Delivery wrong items,,,,
857,mabilis malowbat kahit full charge xia maya lowbat na ilang araw lang nagamit ng anak ko ayaw na umandar,1,0,0,0,Product mabilis malowbat,,,,
858,courrier nyo kada delivery naniningil ng para sa gate pass daw ang dami dala parcel ano lahat sinisingilan dami ko delivery na darating puro shopee lahat yun na niningil ng para sa gate give them the right compensation para di sila mag mukhang gutom sa pera item delivered pa yupi,0,1,0,0,Courier naningil delivery item yupi,,,,
859,hindi gumagana yung buttons para sa volume hindi gumagana yung voice audio talagang yung headset lang not satisfied hindi na ako o order sa totoo lang grabe ba,1,0,0,0,Product hindi gumagana yung buttons and voice audio,,,,
860,order ko vivo tapos dumating oppo hnd pa type c,0,1,0,0,Delivery wrong item,,,,
861,i cant take a photo because my cameras broken pero super thin and super small lang pala nung item kaya nadismaya ako tagal din dumating sakin lagpas sa expected delivery time,1,1,0,0,Product thin and small delivery super tagal,,,,
862,diko sure alcohol ata to na may kunting pabango hahahahahahaahahahaha diko inexpect na ganto ibibigay sana alcohol nalang hehe,1,0,0,0,Product di sure kung alcohol na may kunting pabango,,,,
863,nakaka irita sa totoo langplain blue ang inorder ko pero ito yung dumating tapos defective pa talaga ang item sana naman ayusin niyo seller,1,1,0,1,Plain blue inorder tapos defective item and shipping.,,,,
864,hanggang 80 lng yung kaya nya the reason why ang bilis nyang ma lowbat for about 20 minutes lng siguro,1,0,0,0,Product hangang 80 then mabilis lowbat,,,,
865,may crackling sounds siya change review nung una crackling sounds pinagbigyan ko and after 2 days pag may call biglang robot and di talaga nagkakaintindihan,1,0,0,0,Product biglang robot and di magkakaintindihan,,,,
866,ma alcohol yung amoy expect ko amoy vanilla sya kase warm vanilla yung scent pero nakakadissappoint lang kase napa ka tapang ng alcohol scent nya sayang pera,1,0,1,0,Product ma alcohol amoy and tapang sayang pera,,,,
867,quite good maganda sana yung product kaso defective yung napadala sakin hindi man lang chineck ni seller bago ipadala hassle pa ireturnrefund sayang pera hindi pa nagrerespond seller sa chats,1,0,1,1,Product good and defective. Service walang response seller,,,,
868,bad experience ok nman sana mga items nila kaso sa sobrang tiwalanat excited ko pag tanggap ko ng parcel kay kuya delivery rider eh binuksan ko agad ang app para pindutin ang order received at ng makapag rate agad ako dahil malolobat nko kso nung binuksan kuna kulang,0,1,0,0,item Kulang after marecieved delivery,,,,
869,bought two items one product is good the other one is soo soooo damaged i tried messaging the seller but hisher response was papalitan na lang po kapag umorder kayo ulit but what if the same thing happened again order ulit lols thanks anyways,1,0,0,1,product damanged after messaged seller papalitan after umorder uli and services,,,,
870,wala akong natanggap i was so disappointed sa courier kahit maliit lang ang halaga nang binili dapat hinatid parin,0,1,0,0,Delivery wala natanggap,,,,
871,kung ayaw mong mag pintura okay na rin okay naman sana maayos naman ung mismong wallpaper only problem was ito na ung pangatlong wallpaper kong binili sa kanila kase hindi naman 10m talaga ang isang roll nasa 67 meters lang nung sinukat ko lahat ng roll na natanggap ko,1,0,0,0,Product Kulang sa maters,,,,
872,mahina sumagap ng signalcute sna ang phone pero hnd mgamit ng maayos,1,0,0,0,Product mahina sumagap ng signal,,,,
873,useless ang pag pili ko ng brand kung yung gusto rin ng seller ang masusunod i ordered 1 set ng bench and 1 set ng hm pero dumating puro bench seller didnt even bother to contact me,0,1,0,1,brand d nasunod,service di nag response,,,
874,ang pag cut naman ng wallpaper brick ay hindi pantay,1,0,0,0,ang pag cut naman ng wallpaper brick ay hindi pantay,,,,
875,please seller i need refund i payed 1249 pesos pero ung items na dumating is just worth of 495 pesos please refund the 754 kasi naghahanap buhay lng din po ako malaking bagay na sakin ang amount na yan kasi hindi naman ako mayaman,0,0,1,1,Please seller refund dahil maliit na price worth,,,,
876,too small size kahit nag sizeup na hindi accommodating na seller kahit anong chat at inquire mo deadma ka kahit isang reply wala napakatagal pa bago iship 7 days na after ko inorder nasa kanila pa rin ang item hindi pa naship wag na kayo oorder dito,1,1,0,1,Size too small,service hindi accoomadating seller and shipment matagal,,,
877,walang hiyang supplier nato scammer manlulu malaki order ko hinayi hati yo para dumami ang isa dapat hinati sa tatlo scammer scammer scammer scammer scammer scammer scammer scammer,0,0,0,1,Supplier scammer manlulu. Service.,,,,
878,hindi po honest ang seller na ito twice na akong bumili sakanya dahil yung una maling kulay ang binigay niya sakin i ordered camel pero nude dumating kahit disappointed ako nakipag usap ako ng maayos,0,1,0,1,Hindi honest ang seller at maling kulay ang pinadala. Service.,,,,
879,i was hoping na sana d aq matulad sa iba na nka experience ng mga damage sa order nila dto sa store but sad to say may tatlong butas yung dumating sakin haistmalaki yung net pero maraming butas nagchat pa aq na sana e check muna at e inform aq,1,0,0,0,Product tatlong butas and malaki,,,,
880,maganda nmn sya tatlo kinuha ko assorted color pero yung size assorted din isa lang yung nagkasya sakin yung isa sobrang laki yung isa nmn nasobrahan sa liithaha pero ok nmn,1,0,0,0,Product assorted sizes maliit sobra and malaki,,,,
881,maganda ang packaging pero ang pangit na kapag ipinahid sa kuko im disappointed sayang lang pera ko hindi po nmin pinupulot ang bayad nmin sa mga benta nyo kaya sana nman kung ayaw nyong masira ayusin nyo nakakadismaya 1oras na sa kuko ko pero d parin tuyo my gosh,1,0,1,0,maganda packaging kapag pinahid pangit and sayang lang ang pera hindi parin tuyo,,,,
882,palagi ako na order sa shoppee but this is the first time na dismaya ako size xl ang order ko sa deketa xl pero sa sukat i think its just small paano ko naman magagamit ang bagay na di ko naman size then sira pa ang zipper,1,0,0,0,size order xl but small,sira zipper,,,
883,mygod anong packaging to parang nasa palengke lang ganon terrible packaging knowing na undergarments to dapat ok ang packaging jusko,0,1,0,0,My God ano packaging,terrible packagin undergarments,,,
884,hindi kopo ma intindihan kung bra ba talaga xa eh wla man lang curve pra lagayan ng bobs flat masyado at hindi strechy,1,0,0,0,hindi ma intindihan kung bra,,,,
885,im so disappointed sad lahat ng gas stove cover my damage,1,0,0,0,damage lahat ang gas stove cover,,,,
886,maganda sana kaso kulang pinadala ni sellerorder ulit ako sana lang wag naman kulangin,0,1,0,1,kulang ang pinadala seller,delivery sana d kulangin and service,,,
887,ang laki nya mashado yung hangin tuloy di masyado maramdaman pero nagustuhan naman ng anak ko tagal din dumating at yupi na yung kahon di man lang iningatan fyi late ko napansin na sira yung charger at may bungi din yung gilid ng charging pin disappointed  nagbayad ng maayos,1,1,0,0,Malaki masyado,tagal dumating at yupi and charger sira nabayad ng maayos.,,,
888,not good received item sealed and well packed but not good item very thin and the material is maybe due to cheapipay anyway thanks,1,0,0,0,received item sealed and well packed and the item very thin and the material maybe because is cheap,,,,
889,sira po yung isang earphones at wala pong earbuds na kasama so disappointed to u po seller iba yung sinend niyo sakong picture nakakadismaya lang 274 yung binayad ko at inipon ko pa yun how can i fix the other one po,1,0,0,0,Sira ang isang earphone,iba ang pictures,274 ang binayad,,
890,410 patatlong try bago nadeliver hindi daw aq mareach upon opening may kawang na part at may mga scratches ang unit nahangin naman cya kaya it serve its purpose,1,1,0,0,patanatlong bago nadeliver product may mga part at may scraches,,,,
891,salamat cottony po siya nagustuhan ng anak ko ang lambot suotin salamat kay seller mabilis din dumating thank you din kay rider,0,1,0,1,salamat seller mabilis dumating and thanks kuya rider,,,,
892,wag na kau bumili dito kulang talaga sla nag papadala kampante pa naman akong completo kasi minessage ko pa na paki double check nag reply naman na okay daw kaso pag dating kulang ng dalawang items wag na kayo bumili magsisisi lang kayo,0,1,0,1,wag na kau bumili dito kulang sla nag padala,double check nag reply kaso kulang ng items.,,,
893,di sya nagchacharge madaling ma low battery pero cute ung style,1,0,0,0,Di nag chacharge and madaling malowbatt,,,,
894,black ang inorder ang dumating maroonwhite tsaka dalawang gray dissapointed di na bibili sa shop na to,0,1,0,0,Black ang inorder na dumating ay maroon white,delivery,,,
895,kung pwede lang lagyan ng walang star wag kayo mag order dito sa mga influencer lang sila maayos wrong item ang binigay tapos hindi responsive pag hindi ka nag update hindi lang din sila mag cchat sayo i ordered the vacuum dust mite pero iba ang deliver sakin mag 1month,0,1,0,1,wag umorder dito,wrong item deliver and di responsive,,,
896,maganda nman ang item kaso akla q 2l ung order qoh pero ang dumating ay png 1l lngnghinyang tuloy anak q kc kulang p s knya lmn ng 1l n tubigan,1,0,0,0,maganda items kaso akla 2l and dumating 1l,,,,
897,watery sobrang disappointed ko with my order akala ko medyo maayos yung amoy since magaganda reviews yung amoy parang goma at gatas na ewan,1,0,0,0,watery amoy goma at gatas na ewan,,,,
898,dalawa order ko white at green kaso ndi gumagana ung white palpak,1,0,0,0,dalawa orders white and green,white ndi gumagana,,,
899,ayoko sa ganitong store dalawang besis ako mag order yung una mdyo ok2x sana pngalawa kung orderkulang ang parcel at ang hirap pa ma contact ng seller talagang inaanu nila ang mag rply clasayokung ilang araw naang order sayo bago magrply1star for menakaka disapointed ganitong storehndi na ako uulit,0,1,0,1,ayoko sa ganito store kulang ang parcel and nahirapan macontact seller and very late response,,,,
900,not good di po sya nagana sana bago pinag deliver pinag try muna ganda sana at mabilis shipping,1,1,0,0,Di po gumagana and ganda sana kaso mabilis ang shipping,,,,
901,1 not effective nakakatakot gamitin nag allergy po di po ako sensitive pero namaga mata ko paglagay sa lashes,1,0,0,0,product allergic,,,,
902,mystery box pero hindi naman box dumating alam na ang nasa loob kabadtrip naka pouch lang,1,0,0,0,Product packaging,,,,
903,too small nag yupi yupi yung crocs 37 size ng paa ko pero sobrang liit sizing dito ano ba yan sayang pera,1,0,1,0,The product is too small and damaged.,,,,
904,0 pangit eh pcnxa n kung pede isauli ei pucho pucho quality nakabuka n pahdating d2 hindi n nha tahi nakaangat p s dikit pang tag 50pesos lng halaga ng binebenta nyo po,1,0,0,0,Product quality,,,,
905,mahina yung hangin madali din masira very disappointing,1,0,0,0,Product wind is too weak,,,,
906,madaling masira yung holder im just putting my iphone xsmax its not that big but this happen luckily i catched my phone,1,0,0,0,The product holder easily breaks.,,,,
907,deffective item namamatay matay mag oon after 5seconds namamatay tapos on mo ulit ganun ulit sayang pera,1,0,1,0,Defective item,,,,
908,maganda sana kaso yong pag wrap nadidi form yong item bit diappointted yong mga bow nadis form kasi maliit yong pinaglagyan  nasira din yong ibang pin,1,0,0,0,Product is deform,,,,
909,good condition sana long lasting secure n secure pero my nka angat sa power button buti naayos at gumagana sya hnd lng gaano maka hangin d tapat sa face yung hangin saka d compatible yung wire ng charger nya buti pwd sa ibang charger sulit n sulit n din,1,0,0,0,Good condition and secure product.,,,,
910,mali ang dumating sa akin pala desisyon kayo 2 liters inorder ko and plain transparent gray inorder ko husaaay,0,1,0,0,Wrong product was delivered.,,,,
911,2 weeks na ung complain ko until now wala man lang maayos na response 2 weeks na ung sagot niong we will update until now walang nangyayare,0,0,0,1,Poor Seller service,,,,
912,okay naman ang item pero prior sa order ko nag chat ako kay seller na wag ako sendan ng defective at nag okay naman kaso ang dumating saken hindi umiilaw yung blue kaya hindi ko tuloy ma achieve yung purple color na combination purple pa naman dapat gagamitin ko,1,0,0,1,Seller not checking defective,,,,
913,wlang pang one month di n gumagana yun kabilang side2 pa naman binili ko parehong di n gumagana yun kabilang side neck fan,1,0,0,0,Non functional product,,,,
914,you will pay properly thru shopee pay not cod but they will not send properly the products hindi sinend ang tamang items at kulang sa iba nalang kayo bumilo tuloy yung tinda naman nila meron din sa iba worth it pa wala kwenta store at walang customer service sa iba,0,1,0,1,Incorrect Products,,,,
915,mali mali ang binigayxxl order pang grade six lang kasyaang liit lahat mali ang kulayang sama tlgasana cancel mo nlang seller wag kayu mag order sa shop na hindi nag update at sinungaling,1,1,0,0,Wrong product size,,,,
916,for the second time  mali na naman ang item  tama ang size 2liters  pero ang color mali i ordered grayblack pero dumating blueorange  take note nag message pa ko sa inyo nyan,0,1,0,0,Wrong Item again,,,,
917,ang tagal ng delivery tapos not good pa ang packaging,0,1,0,0,long delivery,,,,
918,yung order ko ay dalawang 2l which is 2000ml pero ang na recieve ko ay 1100ml lang at isa pa yung design is transparent blue and purple pero eto ang dumating nakakasad lang kase naglalagay pa kayo ng pagpipilian pero kayo dn pala masusunod sana nag message muna saken,1,1,0,0,Wrong items was delivered,,,,
919,ang pangit ng item sayang pera may basag pa nde ko lang navideohan dhil inopen agad ng anak sa susunod sna nde na maulit at nde na ko uulit bumili dto,1,0,1,0,Product damage,,,,
920,ok ok naman kaso light grey order ko dark pinadala tapos kahirap tanggalin ng packaging tape na pinandikit humawa sa wallpaper ang lagkit mas gusto ko sana light grey para mas maliwanag parang kadilim tuloy ng wall,1,0,0,0,Product Color Issue,,,,
921,34 label sa plastic and item pero feels like 32a not usable for me sa sobrang liit both band and cup size up siguro ito pinaka maliit at hindi talaga maisuot sa 4 bras ng binili ko sa shop na to oh well,1,0,0,0,Product is to small,,,,
922,order ko is grayblack 2l pero dumating orange tas 1l lang,0,1,0,0,Product size and color issue,,,,
923,next time seller use bubble wrap sa itemmabuti di nasira un item,0,1,0,0,Packaging Concern,,,,
924,d ako satisfied kc iba yung unitdi sya parehas ng nasa add nyoibangiba sya khit yung menu nya nd colored parang recon yung unit,1,0,0,0,Different Product,,,,
925,purple sy pero hindi eto bet ko sana seller paki check po order before shipping so dissappointed wrong order po,0,1,0,0,Wrong Product,,,,
926,oily medyo na disappoint ako kasi amoy rubber band siya super tapang din ng amoy,1,0,0,0,Bad smell,,,,
927,wrong item received damaged  defective item item different from picture rude seller damaged packaging item shipped very late will not order again nahiya naman ako sa binigay nyo lol,0,1,0,1,Poor Items Delivered,,,,
928,pink order ko pero rose red dumating,1,0,0,0,Wrong Color,,,,
929,nakapag order received n ko kaya hindi q na nairequest yung returnrefund nung item sayang naman sa susunod nalang siguro,0,0,0,0,No tags found,,,,
930,maganda kulay iba nga pinadala ng seller okay na sana kaso yung khaki naging black ay naku sana naman next time ayusin nyo pagpapadala nyo kase nagbabayad ng maayos yung tao expect ng tao yung order niya na gusto nya kaya siya nagpurchase di yung kung ano lang yung gusto,1,0,0,0,Product color is wrong,,,,
931,i bought two kasi expected na na at least isa sa kanila is sira well both are gumagana yung mismong speaker but the mic parehas namang sira at hindi gumagana yun pa naman pinaka habol ko pero expected ko na yan sa price pa lang so i think okay na,1,0,1,0,Defective item.,,,,
932,2 liter tumbler ang order ko  but dumating is 1100ml lang  i ordered blue and green but ang dumating is pink  napaka layo ng order ko sa binigay ninyo ang bagal na nga dumating  mali mali pa  never na ko oorder dto,1,1,0,0,product quantity and item is wrong.,,,,
933,nkaka disapointsobrang nipis parcel recievedi ordered this kc ok nmn ratings ng mga buyer sna pag nag rate tayo ung totoo nmn para mkatulong s iba p costumer ndi para mkakuha lng ng points mganda sna kulaytama nmn ang dumatingkso i was really disappointedsobrang nipis ng materials,1,1,0,0,Product is nipis or parcel recieves - small parcel received,,,,
934,maganda naman sana yung sunglass kaya lang defective yung leopard print as you can see sa pics wala naman gasgas yung lens doon sa leopard paint lang talaga pumangit,1,0,0,0,Leapord damage and defective item.,,,,
935,nagorder ako ng isa kasabay ng inorder kong ceramic glossy pvc wallpaper para sana magamit namin pero wala dumating na ganitong item hassle ang pagrereklamo kaya sa ratings na lang idaan,1,0,0,0,Missing item,,,,
936,walang cignal ayaw gumana mabuksan pero no network kahit may simcard na,1,0,0,0,item wont turn on,,,,
937,410 only left side lang ang may hangin sa packaging it was secure naman pero bakit isang area lang ang humahangin,1,0,0,0,item working left fan,,,,
938,used once agad nasira like ayaw na nya gumana may weird sound na sya ill edit once nagreply si seller saken,1,0,0,1,Seller Service,product ayaw gumana- product not working,,,
939,mali po ang items na binigay nyofirst time ko pa nmn itomalaki order ko pothen ang straw nito kulang sa part para mabuo,1,0,0,0,Missing item or small,,,,
940,makalat sya at hindi naman water proof,1,0,0,0,Product Makalat or hindi water proof - not water proof product.,,,,
941,nakakapanlumo ka seller  kakaorder kolang sayo ng mga medyas nagchat muna ko sayo na sana may red dun nabasa mo yun second order ko nato sayo  grabe yung dissapointed ko grabii ngayon lang ako na rate dto sa shopee ng hindi maganda  napaka irresponsible mong seller,0,0,0,1,Irresponsible Seller,,,,
942,510 sobrang tamis ng amoy nakakasuka hindi na ako bibili ditowag na din kayong bumili,1,0,0,0,Smell to sweet for perfume.,,,,
943,f f nag request ako ng return refund di nio nmaan pala ibabalik wag na kayo omorder sa shop n ato walang kwenta papadalhna kayu ng sira tapos di naman i aaccept ang refund bwesit,0,0,0,1,Bad service will not return refund,,,,
944,no scent walang amoy,1,0,0,0,Product - no scent,,,,
945,bakit po ganun delivered na yung item tapps wlang naka rating saken,0,1,0,0,Items hasnt arrived or delivered.,,,,
946,not satisfied  please seller next time paki ayos naman po yung mga items at pakicheck kung kulang yung ibang parts at kung maayos yung item sana ho kung pag sasamahin nyo sa isang lagayan yung inorder ko na 11 items gumamit sana kayo ng bubble wrap  nag leaked,1,0,0,1,Seller Service,parts or item is missing,parts broken,,
947,sna nman po mapalitanpo xa kz hndi pokasya s anak q expecting q po my allowance pa xakso hndi po eh,1,0,0,0,Item to small,,,,
948,good good po lahat yung size lang po parang pang babae yung 4041 di kasya sakin wala din sa variety yung 4243,1,0,0,0,Item to small parang babae item,,,,
949,scammmer  order ko led dumating massage theraphy awit kyooo,0,0,0,1,scamer,,,,
950,ang tigas ng texture nya parang ayaw ipa apply sa lips mo,1,0,0,0,ang tigas ng texture,,,,
951,actually lima sana orderin ko neto pambenta kaya lang upon reading reviews maraming magkaiba ang kulay so yun nga epic nakaka uta lang kahit ichat mo useless naman,1,0,0,0,maraming magkaiba ang kulay,,,,
952,kahit full charge na syaa mahina paden,1,0,0,0,Mahina full charge,,,,
953,na touch ko lang ang order recieved peto refunf dapat kadi kulang yong gas saver 3 order ko 2 lang laman ng dumating sa skin sana paki checkmuna bago nyo i pack lugi na ako nakakainis,1,0,0,0,kulang yong gas saver 3 order ko 2 lang laman,,,,
954,grabe naman to nagsisimula mag business yung tao tas yung product na iapapdala niyo sira sira abusadu kayo ako na nag adjust tape nalang katapat,1,0,0,0,nasira abusadu,,,,
955,i thought it was more of an oily consistency since lip therapy pero hindi dry siya parang lipstick na,1,0,0,0,hindi dry siya parang lipstick na,,,,
956,baket ganon mali yung item na binigay saken oo mura sya pero baket ganon iba yung dumating,1,0,1,0,mali yung item na binigay,,,,
957,ohhh my god ang ganda ng kulay bwhahha sobraa pee kasoo ang nakakabadtrip lang disya madikit,1,0,0,0,di siya madikit,,,,
958,good quality but super tagal ng delivery halos 3 weeks bago ma deliver and worst thing unresponsive ang seller kahit na ichat no reaction at all i will not recommend this kind of seller as a seller you should know your responsibility and should be responsive sa mga concerns,0,1,0,1,Super Tagal,Unresponsive Seller,,,
959,super disappointed po 2l transparent ung inorder ko 3pcs pa naman pero 11l ung dumating sakin ok lng sana kunh transparent ung nadeliver kaso hnd din eh ang layo nung product sa inorder ko and kahapon pa ako nagmessage kay seller pero until now wala pa reply,1,1,0,0,SUPER DISAPPOINTED,,,,
960,problim ko lng di nsunod ang kulay blue order ko ang dumating ay white so ano pa silbi ng choose the color kng di nman pla masunod gusto ng costumerseller nxt time dn hwag kyo pla dsetion sa color pg wla pm nio muna kmi na costumer,0,1,0,0,Wala nsundo ng kulay,,,,
961,not worth it yung pinadala sakin luma at sobramg dami dents and hindi namn lumalamig kahit konti,1,0,1,0,luma at sobramg dami dents,,,,
962,d q recommended dto ang quality kc manipis lang at ng llake wla pa isang oras puno agadmaliit kc prang pang infant babyeh med nman order q,1,0,0,0,Hindi recommended ang quality kc manipis lang at ng llake wla pa isang oras puno agad,,,,
963,its not good its for big size people it doesnt fit and the person who made it doesnt even know where the center is di pantay jusko i will never be able to use this waste of money ampanget lang ng napunta sakin sa iba fit naman,1,0,1,0,di pantay,,,,
964,grabe hdi ko nakuha yung color na gusto ko violet order ko blue binigay hdi pa gumagana dalawa pa nman grabe nakakainis,1,0,0,0,ayaw gumana dalawa pa nman,,,,
965,kita naman blue order ko white ang pinack,0,1,0,0,ibang binigay,,,,
966,item was defective i had to repair myself for it to work instead of shipping seller gave a 50 pesos voucher though as to performance not really usabale mas mabilis pa magwalis ka,1,0,1,1,Damaged Item,,,,
967,unsatisfied customer here baliktad ung lens sana pakichek mabuti bago ipadala ang parcel mgnda pa nmn kaso baliktad,1,0,0,0,baliktad ung lens,,,,
968,bro i was waiting for this because its my gift for my bf pero kaiyak kasi mali dalawang lip balm yung ni bigay,0,0,0,0,mali dalawang lip balm yung ni bigay,,,,
969,mag complain lng po sana ako sa product kasi sira po pag dating dito ang other side ng fan hindi gumagana wlang lumalapas na hangin,1,0,0,0,Hindi po gumagana,,,,
970,ang gaaaaaaannnndaaaaa ng mgaa clip for kids magugustuhan nila ito cute thank you shopee we will order again,1,0,0,0,Ganda ng clip,,,,
971,sira po ang binigay niyo na unit tapos sasabhin niyo bbigyan niyo ako ng 300 as compensation scammer ba kayo,0,0,0,1,SCAMMER,,,,
972,how the fuck this happen nag order ako sa same shop pero bkt nag iba na ung quality mas darker ung una den the next order medyo kupas ng onti and 5m lng siya instead a 10m haha palitang nyo po yung description nyo po tang ayusin nyo naman,1,0,0,0,PALITANG YO DESCRIPTION NYO,,,,
973,dont expect too much kc did xa ganun kabago di katulad ng ibang shop,1,0,0,0,Dont expect too much,,,,
974,pgka dating damage ung left fan d umiikotkaya pala mura kc d quality ung binebenta,1,0,1,0,Damage and mura,,,,
975,ibang iba itsura sa picture pati sa actual item maliit rin,1,0,0,0,iba itsura,,,,
976,ang tagal na dumating mali pa ang kulay  mukha bang green toh blue po ito eh di pa responsive ang seller kala mo sa north luzon pinadeliver e same lang naman ncr haayst sept 12 inorder dumating sept 20,0,1,0,1,tagal na dumating mali pa kulay,,,,
977,i cant expect na ganito hitsura ng marereceived ko compared sa pics na napili ko npka layo ng difference anyway thank you seller and ky kuya na nag hatid ng parcel ko godbless po sainyo,1,0,0,0,Npk layo ng difference,,,,
978,palpak kung my zero na score bibigyan ku to ng zero kahit isang beses hindi ku mn lg nagamit hindi ngcha charge ung earpods no light indicator pa sana tinitest nyo muna bago nyo iship kawawa nmn ung iba pang susunod na mabibiktema nyo suer mega palpk talaga  wag,1,0,0,0,hINDI NGCHA CHARGE UNG EARPODS,,,,
979,white order ko black pinadala nyo,0,1,0,0,Mali ung pinadala,,,,
980,walang spring d ko magamit sayang lang pera,1,0,0,0,Walang Spiring,,,,
981,mali ung ibang item ts my kulang na isa ung binilugan q dapat dalawa yan kc dalawa ung bayad pro isa lang nsa loob sana nman maipadala pa ung isang tshirt,0,1,0,0,Ts kulang na isa,,,,
982,wag kayong bumili fake po at hindi maganda sa picture lang naman maganda pero kapag nareceive na at makita ampangit,1,0,0,0,Fake,,,,
983,panget sira naman to tanggal yung clip tapon ko sainyo to eh wag kayo bibili dito swerte na lang kung ayos darating sainyo,1,0,0,0,Panget Sira,,,,
984,yung charger port po ay hindi masyadong gumagana kailangan mo pa pong patungan ng mabugat na bagay para gumana sya,1,0,0,0,Charger port,,,,
985,updated comment ko maganda sya sa maganda unang dating palang gumagana na and pangit lang is mabilis malobat may level 1 level 2 and 3 pero to save the battery level 1 lang which is hindi medyo nakaka mahangin need mo ng level 2 or 3 kaso maingay na sya,1,0,0,0,Mahina malowbat,,,,
986,damaged item unresponsive seller hindi ko na maibibigay ito as regalo super disappointed i even msg the seller to check the item  make sure na no damages still they sent me a damage one,1,0,0,1,Unresponsive Seller and Damage Item,,,,
987,low quality yung item worst product  not recommended na bilhin ang daming damaged nung nakarating sa amin sobrang mura nga ng price  ang mahal naman ng shipping fee  may damaged pa nung dumating 0 rate tlaga wala pang label na fragile napaka irresponsible ng seller not responsible,1,0,0,1,low quality irresponsibly,,,,
988,ang order ko is size 22 ang binigay size 25 panget nyoorderan ng items mali mali pinapadala nyo,1,0,0,0,Mali mali pinapadala,,,,
989,panget omorder sa shop nato 2l inorder ko ang dumating 1000ml lang tapos iba pa kulay  dalawa pa naman inorder ko,1,0,0,0,ang dumating 1000ml,,,,
990,sira ang celphone stand,1,0,0,0,Sira ang celphone stand,,,,
991,matagal dumating tapos wrong color pa black order ko,0,1,0,0,wrong color,,,,
992,ok nmn bakit nmn kelangan niyo manloko ng costumers nyo akala ko pa nmn long lasting 4 pa inorder kosana maybelline nlng ulet inorder ko sayang perawag kayo agad agad naniniwala sa mga gsnito,1,0,1,0,sayang pera,,,,
993,maganda sana yung shoes kaso my damage sya sayang,1,0,0,0,my damage sya,,,,
994,not worth it guys  sabihin na nating mura pero di padin talaga sulit maganda pa yung baby flo na brand na nasal aspirator  dont reccomend this  ill give 2 star kasi na ship naman agad,1,0,1,0,not worth it,,,,
995,pangalawang order q na to yung unang order okay nman kaso sa pangalawa basag na,1,0,0,0,basag na,,,,
996,sbrang nkka dissapoint matagal n ngang dmating prepareho png kulay dmating smantalang iba2 kulay ang inorder qoh tpos malutong pla tong water botlle n tobka mbgsak ng anak q bsag agad,1,0,0,0,sbrang nkka dissapoint matagal n ngang dmating,,,,
997,low quality sayang lng pera excited panamn po anak ko kadarating lng niya then trinay ko ok namn pero ilang seconds namatay na expect n lwbat lng pagcharge ko nag red light nman na tapos ilng seconds lng din umusok na pagopen ko sunod na siyanawla tuwa ng anak ko,1,0,1,0,Low quality sayang lng pera,,,,
998,kung may zero star eh zero ang bibigay ko scammanlolokoirresponsible seller wag maniwala sa feedbacks dahil isang malaking kalokohan dahil 5 pictures lang ang kaya iupload dito pakibasehan nalang dahil isang ako sa mga naloko ng shop na to sayang pera naniniwala ako sa karma kayo na ang humusga,0,0,0,1,SCAM,,,,
999,no uy anu to basura haha umiinit sya pero parang umiinit lang  parang laruan lang haha waste of money haha,1,0,1,0,basura waste of money,,,,
1000,oily lol cloud and inorder ko pero ang pinadala saakin sweet like candy nagkamali na nga kayo na pinack for me ang baho pa nung perfume isa pa itong seller ayaw mag respond saakin i do not recommend this shop huwag na kayong bibili rito,1,0,0,1,huwag na kayong bibili rito,,,,